well_id,depth_to_m,lithology,colour,texture
SIND001-OW,0.6,Clay,black,fine
SIND001-OW,2.4,Clay hard,yellowish brown,medium to coarse
SIND001-OW,4.4,Basalt weathered,grey,medium
SIND001-OW,5.5,Basalt weathered/fractured,greyish black,medium
SIND001-OW,7,Basalt,black,hard
SIND007-OW,0.5,Clay,black,fine
SIND007-OW,2.3,Clay hard,yellowish brown,medium to coarse
SIND007-OW,4.1,Basalt weathered,dull brown,medium
SIND007-OW,5.5,Basalt fractured,greyish black,hard
SIND007-OW,15.63,Basalt,black,hard
SIND014-OW,2,Clay,black,fine
SIND014-OW,4.5,Clay hard,yellowish brown,coarse
SIND014-OW,7,Basalt weathered,greyish black,medium
SIND014-OW,11.55,Basalt,black,hard
SIND017-OW,2.8,Clay,black,fine
SIND017-OW,5.2,Clay hard,yellowish brown,coarse
SIND017-OW,7.5,Basalt weathered,greyish black,medium
SIND017-OW,16.65,Basalt,black,hard
SIND021-OW,2.1,Clay,black,fine
SIND021-OW,3.6,Clay hard,yellowish brown,medium to coarse
SIND021-OW,8.6,Basalt weathered,greyish black,medium
SIND021-OW,12.5,Basalt,black,hard
SIND024-OW,3,Clay hard,yellowish brown,medium to coarse
SIND024-OW,7.5,Basalt weathered,greyish black,medium
SIND024-OW,10,Basalt,black,hard
SIND025-OW,2.8,Clay,black,fine
SIND025-OW,6.4,Clay hard,yellowish brown,medium to coarse
SIND025-OW,10,Basalt weathered,greyish black,medium
SIND025-OW,16.5,Basalt,black,gravel
SIND026-OW,1.8,Clay,black,fine
SIND026-OW,4,Clay hard,yellowish brown,medium to coarse
SIND026-OW,11,Basalt weathered,greyish black,medium
SIND026-OW,13,Basalt,black,hard
SIND027-OW,1,Clay,yellowish brown,fine
SIND027-OW,4.2,Clay hard,yellowish brown,medium
SIND027-OW,7.3,Basalt weathered,greyish black,medium
SIND027-OW,10,Basalt,black,hard
SIND030-OW,2.1,Clay,black,fine
SIND030-OW,5.2,Clay hard,yellowish brown,medium to coarse
SIND030-OW,7.5,Basalt weathered,greyish black,medium
SIND030-OW,9,Basalt,black,hard
SIND041-OW,1,Clay,black,fine
SIND041-OW,3,Basalt weathered,grey,medium
SIND041-OW,6.5,Basalt fractured,grey,hard
SIND041-OW,15,Basalt,black,hard
SIND050-OW,1,Clay hard,yellowish brown,coarse
SIND050-OW,3,Basalt weathered,grey,medium
SIND050-OW,5,Basalt fractured,greyish black,hard
SIND050-OW,7.25,Basalt,black,hard
SIND060-OW,1,Basalt,black,fine to medium
SIND060-OW,1.5,Clay,black,coarse to very coarse
SIND060-OW,9,Clay hard,yellow,fine to medium
SIND060-OW,11,Basalt weathered,grey,fine to medium
SIND064-OW,1.5,Clay,black,fine
SIND064-OW,6,Clay with interbeds of sand,yellow,fine to medium
SIND064-OW,8.1,Basalt highly weathered,greyish black,hard
SIND067-OW,0.5,Clay,black,fine
SIND067-OW,1.5,Clay hard,yellowish brown,coarse
SIND067-OW,2.25,Basalt fractured,grey,medium
SIND067-OW,11,Basalt,black,hard
SIND070-OW,0.6,Clay,black,fine
SIND070-OW,3.5,Clay hard,yellowish brown,medium to coarse
SIND070-OW,6,Basalt weathered,dull brown,medium
SIND070-OW,6.6,Basalt fractured,greyish black,medium
SIND070-OW,8.699999999999999,Basalt,black,hard
SIND071-OW,0.9,Clay,black,fine
SIND071-OW,2.5,Clay hard,yellowish brown,medium to coarse
SIND071-OW,4.6,Basalt weathered,dull brown,medium
SIND071-OW,5.8,Basalt fractured,greyish black,medium
SIND071-OW,11.15,Basalt,black,hard
SIND072-OW,0.6,Clay,black,fine
SIND072-OW,2.3,Clay hard,yellowish brown,medium to coarse
SIND072-OW,4.2,Basalt weathered,grey,medium
SIND072-OW,5.2,Basalt fractured,greyish black,medium
SIND072-OW,14.45,Basalt,black,hard
SIND074-OW,0.7,Clay,black,fine
SIND074-OW,2.8,Clay hard,yellowish brown,medium to coarse
SIND074-OW,4.6,Basalt weathered,greyish black,medium
SIND074-OW,6.1,Basalt fractured,greyish black,medium
SIND074-OW,14.05,Basalt,black,hard
SIND075-OW,0.5,Clay,black,fine
SIND075-OW,1.5,Clay hard,dull brown,coarse
SIND075-OW,3.2,Basalt weathered,greyish black,medium
SIND075-OW,3.6,Basalt fractured,greyish black,medium
SIND075-OW,5.9,Basalt,black,hard
SIND076-OW,0.9,Clay,black,fine
SIND076-OW,3.8,Clay hard,yellowish brown,medium to coarse
SIND076-OW,6.1,Basalt weathered,grey,hard
SIND076-OW,7.2,Basalt fractured,greyish black,medium
SIND076-OW,15.75,Basalt,black,hard
SIND101-OW,2,Clay,black,fine
SIND101-OW,11,Clay with interbeds of sand,light brown,coarse
SIND101-OW,12,Basalt weathered,grey,medium to coarse
SIND101-OW,24,Basalt,black,hard
SIND102-OW,1.8,Clay,black,fine
SIND102-OW,12.8,Clay with interbeds of sand,reddish brown,coarse
SIND102-OW,18,Basalt fractured,grey,medium to coarse
SIND102-OW,24.7,Basalt,black,hard
SIND104-OW,0.6,Clay,black,fine
SIND104-OW,3,Basalt fractured,grey,medium
SIND104-OW,8.4,Basalt,black,hard
SIND105-OW,0.8,Clay,black,fine
SIND105-OW,2,Clay with interbeds of sand,light brown,fine to medium
SIND105-OW,5,Basalt weathered,grey,medium
SIND105-OW,8,Basalt fractured,greyish black,medium
SIND105-OW,14.2,Basalt,black,hard
SIND107-OW,0.9,Clay,black,fine
SIND107-OW,2,Clay with interbeds of sand,light brown,fine to medium
SIND107-OW,5.5,Basalt weathered,grey,medium
SIND107-OW,8.5,Basalt fractured,greyish black,medium
SIND107-OW,12.2,Basalt,black,hard
SIND108-OW,3.5,Gneiss hard,yellowish brown,medium to coarse
SIND108-OW,4,Basalt,black,hard
SIND108-OW,8,Basalt weathered,greyish black,medium
SIND109-OW,2,Clay,black,fine
SIND109-OW,6.5,Clay with thin gravel layer,light brown,medium to coarse
SIND109-OW,8,Clay with interbeds of sand,light brown,medium to coarse
SIND109-OW,13,Basalt fractured,grey,medium
SIND109-OW,18,Basalt,black,hard
SIND112-OW,3,Clay,black,fine
SIND112-OW,7.5,Clay hard,yellowish brown,medium to coarse
SIND112-OW,11.6,Basalt weathered,greyish black,medium
SIND112-OW,16.7,Basalt,black,hard
SIND114-OW,2.5,Clay,black,fine
SIND114-OW,7.2,Clay hard,yellowish brown,medium to coarse
SIND114-OW,10.7,Basalt weathered,greyish black,medium to coarse
SIND114-OW,14,Basalt,black,hard
SIND117-OW,2.1,Clay,black,fine
SIND117-OW,6.2,Clay hard,yellowish brown,coarse
SIND117-OW,10,Basalt weathered,greyish black,medium to coarse
SIND117-OW,11.2,Basalt,black,medium
SIND117-OW,11.3,Basalt,,hard
SIND118-OW,0.8,Clay,black,fine
SIND118-OW,6,Clay with interbeds of sand,yellow,fine to medium
SIND118-OW,12,Gneiss fractured,dull brown,coarse to very coarse
SIND118-OW,15,Gneiss weathered,,coarse to very coarse
SIND118-OW,22,Basalt fractured,grey,medium
SIND118-OW,24.55,Basalt,black,hard
SIND119-OW,1.6,Clay,black,fine to medium
SIND119-OW,8.300000000000001,Clay,yellow,fine to medium
SIND119-OW,12.8,Basalt weathered,grey,fine to medium
SIND119-OW,15,Basalt hard,black,hard
SIND121-OW,1.5,Clay,black,fine to medium
SIND121-OW,2.5,Clay with interbeds of sand,yellow,fine to medium
SIND121-OW,7,Basalt weathered/fractured,greyish black,medium
SIND121-OW,8,Basalt,black,hard
SIND123-OW,1.6,Clay,black,medium to coarse
SIND123-OW,3.5,Clay,yellow,medium
SIND123-OW,12,Clay with thin gravel layer,grey,gravel
SIND123-OW,15,Basalt,black,hard
SIND124-OW,1.8,Clay,black,fine to medium
SIND124-OW,7.9,Clay with thin gravel layer,yellow,fine to medium
SIND124-OW,11,Clay with interbeds of sand,yellow,fine to medium
SIND124-OW,14.5,Basalt highly weathered,brown,fine to medium
SIND125-OW,1.8,Clay,black,medium to coarse
SIND125-OW,3.6,Clay,yellow,medium
SIND125-OW,13,Basalt weathered,grey,medium
SIND125-OW,24.5,Basalt,black,hard
SIND126-OW,2.1,Clay,black,fine to medium
SIND126-OW,9.800000000000001,Clay,yellow,hard
SIND126-OW,13.2,Clay with thin gravel layer,grey,medium to coarse
SIND126-OW,22.5,Basalt weathered,grey,fine to medium
SIND126-OW,24,Basalt,black,hard
SIND128-OW,2,Clay,black,medium to coarse
SIND128-OW,7.3,Clay,yellow,medium to coarse
SIND128-OW,18,Basalt weathered,grey,medium to coarse
SIND128-OW,19,Basalt,black,hard
SIND129-OW,1.9,Clay,black,fine to medium
SIND129-OW,9.5,Clay with interbeds of sand,yellow,fine to medium
SIND129-OW,20,Basalt weathered/fractured,greyish black,medium to coarse
SIND129-OW,21.5,Basalt,black,hard
SIND130-OW,1.5,Clay,black,coarse to very coarse
SIND130-OW,9.1,Clay hard,yellow,fine to medium
SIND130-OW,12.5,Basalt weathered,grey,fine to medium
SIND130-OW,14.1,Basalt hard,black,hard
SIND131-OW,1.7,Clay,black,fine to medium
SIND131-OW,10,Clay with interbeds of sand,yellow,fine to medium
SIND131-OW,14,Basalt weathered,greyish black,fine to medium
SIND131-OW,15,Basalt,black,hard
SIND132-OW,1.4,Clay,black,fine
SIND132-OW,6,Clay with interbeds of sand,yellow,fine to medium
SIND132-OW,8.5,Basalt weathered,greyish black,fine to medium
SIND132-OW,9.199999999999999,Basalt,black,hard
SIND135-OW,1.5,Clay,black,fine
SIND135-OW,7.5,Clay with interbeds of sand,yellow,fine
SIND135-OW,9,Basalt highly weathered,greyish black,medium to coarse
SIND136-OW,1.2,Clay,black,fine
SIND136-OW,14.5,Clay with interbeds of sand,yellow,fine to medium
SIND136-OW,21,Basalt weathered/fractured,greyish black,coarse to very coarse
SIND136-OW,27,Basalt,black,hard
SIND138-OW,1.5,Clay,black,fine
SIND138-OW,11,Clay with interbeds of sand,yellow,fine to medium
SIND138-OW,13.5,Basalt highly weathered,brown,hard
SIND139-OW,0.5,Basalt weathered,grey,medium
SIND139-OW,0.6,Clay,black,fine
SIND139-OW,2.4,Clay,yellowish brown,fine to medium
SIND139-OW,4.5,Basalt fractured,grey,medium
SIND139-OW,12.5,Basalt,black,hard
SIND140-OW,0.5,Basalt weathered,grey,medium
SIND140-OW,0.6,Clay,black,fine
SIND140-OW,2.4,Clay,yellowish brown,fine to medium
SIND140-OW,8,Basalt fractured,grey,medium
SIND140-OW,30,Basalt,black,hard
SIND141-OW,0.5,Clay,black,fine
SIND141-OW,1.9,Clay hard,grey,coarse
SIND141-OW,3,Basalt fractured,grey,medium
SIND141-OW,9.199999999999999,Basalt,black,coarse
SIND142-OW,0.75,Clay,black,fine
SIND142-OW,4.25,Clay hard,yellowish brown,coarse
SIND142-OW,6,Basalt fractured,greyish black,medium
SIND142-OW,7,Basalt weathered,grey,hard
SIND142-OW,27,Basalt,black,hard
SIND143-OW,0.4,Clay,black,fine
SIND143-OW,1.3,Clay hard,yellowish brown,coarse
SIND143-OW,2.5,Basalt fractured,grey,medium
SIND143-OW,2.7,Basalt weathered,grey,hard
SIND143-OW,6.9,Basalt,black,hard
SIND144-OW,0.8,Clay,black,fine
SIND144-OW,3,Clay hard,yellowish brown,coarse
SIND144-OW,3.6,Basalt fractured,grey,medium
SIND144-OW,4,Basalt weathered,dull brown,hard
SIND144-OW,12,Basalt,black,hard
SIND145-OW,0.9,Clay,black,fine
SIND145-OW,4,Clay hard,yellowish brown,coarse
SIND145-OW,5.6,Basalt fractured,grey,medium
SIND145-OW,6.1,Basalt weathered,greyish black,hard
SIND145-OW,13.7,Basalt,black,gravel
SIND146-OW,3.9,Clay,black,fine
SIND146-OW,8.800000000000001,Clay hard,yellowish brown,coarse
SIND146-OW,11,Basalt fractured,grey,medium
SIND146-OW,12,Basalt weathered/fractured,grey,hard
SIND146-OW,13.5,Basalt,black,hard
SIND147-OW,0.5,Clay,black,fine
SIND147-OW,2.4,Clay hard,yellowish brown,coarse
SIND147-OW,4,Basalt fractured,grey,medium
SIND147-OW,13.9,Basalt,black,hard
SIND148-OW,0.9,Clay,black,fine
SIND148-OW,7,Clay hard,yellowish brown,coarse
SIND148-OW,9.5,Basalt fractured,grey,medium
SIND148-OW,12,Basalt weathered,dull brown,hard
SIND148-OW,15,Basalt,black,hard
SIND149-OW,0.6,Clay,black,fine
SIND149-OW,4,Basalt weathered,grey,medium
SIND149-OW,10.5,Basalt fractured,greyish black,hard
SIND150-OW,2.1,Clay,black,fine
SIND150-OW,4.8,Clay hard,yellowish brown,coarse
SIND150-OW,5,Basalt fractured,grey,medium
SIND150-OW,12.75,Basalt,black,hard
SIND151-OW,0.5,Clay,black,fine
SIND151-OW,3.6,Clay hard,yellowish brown,coarse
SIND151-OW,4.7,Basalt fractured,grey,medium
SIND151-OW,10,Basalt,black,hard
SIND152-OW,0.75,Clay,black,fine
SIND152-OW,3.75,Clay hard,grey,coarse
SIND152-OW,5,Basalt fractured,greyish black,medium
SIND152-OW,10,Basalt,black,hard
SIND153-OW,0.45,Clay,black,fine
SIND153-OW,1.45,Clay hard,yellowish brown,coarse
SIND153-OW,2,Basalt fractured,dull brown,medium
SIND153-OW,13.5,Basalt,black,hard
SIND154-OW,0.9,Clay,black,fine
SIND154-OW,6,Clay hard,yellowish brown,coarse
SIND154-OW,9,Basalt fractured,grey,medium
SIND154-OW,10,Basalt weathered,greyish black,hard
SIND154-OW,12,Basalt,black,hard
SIND155-OW,0.8,Clay,black,fine
SIND155-OW,1.8,Clay hard,yellowish brown,coarse
SIND155-OW,2.8,Basalt fractured,grey,medium
SIND155-OW,3,Basalt weathered,greyish black,hard
SIND155-OW,9.65,Basalt,black,hard
SIND156-OW,1,Clay,black,fine
SIND156-OW,1.5,Basalt,black,hard
SIND156-OW,5,Basalt weathered,grey,medium
SIND156-OW,13,Basalt fractured,greyish black,medium
SIND157-OW,0.9,Clay,black,fine
SIND157-OW,5.5,Clay with interbeds of sand,yellow,fine to medium
SIND157-OW,10.5,Basalt weathered/fractured,greyish black,medium to coarse
SIND157-OW,15,Basalt,black,coarse
SIND158-OW,0.6,Clay,black,fine
SIND158-OW,6,Basalt weathered,grey,medium
SIND158-OW,12,Basalt,black,hard
SIND160OW,0.6,Clay,black,fine
SIND160OW,5.25,Basalt weathered,grey,medium
SIND160OW,8,Basalt fractured,grey,hard
SIND160OW,8.65,Basalt,black,hard
SIND162-OW,1.8,Clay,black,fine
SIND162-OW,4.85,Basalt weathered,grey,medium
SIND162-OW,8,Basalt fractured,greyish black,hard
SIND162-OW,25,Basalt,black,hard
SIND163-OW,1.9,Clay,black,fine
SIND163-OW,4,Clay,yellow,fine
SIND163-OW,12,Clay with interbeds of sand,yellow,fine to medium
SIND163-OW,15,Basalt weathered/fractured,greyish black,coarse
SIND165-OW,1.8,Clay,black,fine
SIND165-OW,2.8,Clay hard,yellowish brown,coarse
SIND165-OW,9,Basalt weathered/fractured,grey,medium
SIND165-OW,14,Basalt fractured,greyish black,hard
SIND165-OW,14.5,Basalt,black,hard
SIND166-OW,1.8,Clay,black,fine
SIND166-OW,4,Clay,yellow,fine
SIND166-OW,15.8,Clay with interbeds of sand,yellow,fine to medium
SIND166-OW,18,Basalt weathered/fractured,greyish black,coarse
SIND167-OW,1.4,Clay,black,fine
SIND167-OW,6.5,Clay with interbeds of sand,yellow,fine
SIND167-OW,8,Basalt weathered/fractured,greyish black,coarse
SIND168-OW,2,Clay,black,fine
SIND168-OW,3,Clay,yellow,fine
SIND168-OW,12.5,Clay with interbeds of sand,yellow,fine to medium
SIND168-OW,15.1,Basalt weathered/fractured,greyish black,hard
SIND168-OW,16,Basalt,black,hard
SIND171-OW,0.6,Clay,black,fine
SIND171-OW,5.2,Basalt weathered,grey,medium
SIND171-OW,11.6,Basalt fractured,greyish black,hard
SIND171-OW,18.6,Basalt,black,hard
SIND172-OW,1.3,Clay,black,fine
SIND172-OW,7,Gravel with thin clay,reddish brown,fine to medium
SIND172-OW,14.5,Basalt weathered/fractured,greyish black,coarse
SIND172-OW,16.5,Basalt,black,coarse
SIND174-OW,1.2,Clay,black,fine
SIND174-OW,4.5,Clay,yellow,fine
SIND174-OW,16,Clay with interbeds of sand,yellow,fine to medium
SIND174-OW,18,Basalt weathered/fractured,greyish black,medium to coarse
SIND176-OW,1.8,Clay,black,fine
SIND176-OW,16,Clay hard,yellowish brown,coarse
SIND176-OW,18,Basalt,black,hard
SIND177-OW,2.5,Clay,black,fine
SIND177-OW,9.5,Clay hard,yellowish brown,coarse
SIND177-OW,16,Basalt weathered,greyish black,hard
SIND178-OW,1,Clay,black,fine
SIND178-OW,3,Clay hard,yellowish brown,medium to coarse
SIND178-OW,7,Basalt weathered,greyish black,medium
SIND178-OW,13,Basalt,black,hard
SIND179-OW,0.6,Clay,black,fine
SIND179-OW,5,Clay hard,yellowish brown,medium to coarse
SIND179-OW,10.1,Basalt weathered,greyish black,medium
SIND179-OW,14.9,Basalt,black,hard
SIND180-OW,0.8,Clay,black,fine
SIND180-OW,3,Clay hard,yellowish brown,medium to coarse
SIND180-OW,9.5,Basalt weathered,grey,medium
SIND180-OW,11.6,Basalt fractured,greyish black,medium
SIND180-OW,16.2,Basalt,black,hard
sind181-ow,1,Clay,black,fine
sind181-ow,4,Clay hard,yellowish brown,medium to coarse
sind181-ow,11,Basalt weathered,grey,medium
sind181-ow,12,Basalt fractured,greyish black,medium
sind181-ow,20,Basalt,black,hard
sind182-ow,1.2,Clay,black,fine
sind182-ow,3.1,Clay hard,yellowish brown,medium to coarse
sind182-ow,14.1,Basalt weathered,grey,medium
sind182-ow,16,Basalt fractured,greyish black,medium
sind182-ow,17,Basalt,black,hard
sind183-ow,0.7,Clay,black,fine
sind183-ow,3,Clay hard,yellowish brown,medium to coarse
sind183-ow,6.1,Basalt weathered,grey,hard
sind183-ow,7,Basalt fractured,greyish black,medium
sind184--ow,0.7,Clay,black,fine
sind184--ow,4,Clay hard,yellowish brown,medium
sind184--ow,7,Basalt weathered,grey,medium
sind184--ow,8,Basalt fractured,greyish black,medium
sind184--ow,18,Basalt,black,hard
sind185-ow,1,Clay,black,fine
sind185-ow,3,Clay hard,yellowish brown,medium to coarse
sind185-ow,6.8,Basalt weathered,grey,medium
sind185-ow,9.5,Basalt fractured,greyish black,medium
sind185-ow,18,Basalt,black,hard
sind186-ow,0.6,Clay,black,fine
sind186-ow,1.5,Clay hard,yellowish brown,medium to coarse
sind186-ow,2.5,Basalt weathered,grey,medium
sind186-ow,6,Basalt fractured,greyish black,medium
sind186-ow,7,Basalt,black,hard
SIND187-OW,0.65,Clay,black,fine
SIND187-OW,3,Clay hard,yellowish brown,medium to coarse
SIND187-OW,6,Basalt weathered,grey,medium
SIND187-OW,7,Basalt fractured,greyish black,medium
SIND187-OW,18,Basalt,black,hard
SIND188-OW,0.7,Clay,black,fine
SIND188-OW,2.6,Clay hard,yellowish brown,medium
SIND188-OW,4.5,Basalt weathered,grey,medium
SIND188-OW,5.7,Basalt fractured,greyish black,medium
SIND188-OW,7,Basalt,black,hard
SIND189-OW,0.5,Clay,black,fine
SIND189-OW,4.1,Clay hard,yellowish brown,medium to coarse
SIND189-OW,7.3,Basalt weathered,grey,medium
SIND189-OW,9.5,Basalt fractured,greyish black,hard
SIND190-OW,0.4,Clay,black,fine
SIND190-OW,2,Clay hard,yellowish brown,medium to coarse
SIND190-OW,3.5,Basalt weathered,grey,medium
SIND190-OW,9,Basalt fractured,greyish black,hard
SIND190-OW,16,Basalt,black,hard
SIND191_OW,6.4,Clay hard,yellowish brown,medium to coarse
SIND191_OW,12.4,Basalt weathered,greyish black,medium
SIND191_OW,15,Basalt,black,hard
SIND192-OW,1.6,Clay,black,fine
SIND192-OW,3,Clay hard,yellowish brown,coarse
SIND192-OW,9,Basalt weathered,grey,medium
SIND192-OW,12,Basalt fractured,dull brown,hard
SIND192-OW,18,Basalt,black,hard
SIND193 OW New 2016,1.2,Clay,black,fine
SIND193 OW New 2016,2.4,Clay hard,yellowish brown,medium to coarse
SIND193 OW New 2016,5,Basalt weathered,grey,medium
SIND193 OW New 2016,6.5,Basalt fractured,greyish black,hard
SIND194- OW New 2016,1.5,Clay,black,fine
SIND194- OW New 2016,2.4,Clay hard,yellowish brown,medium to coarse
SIND194- OW New 2016,6,Basalt weathered,grey,medium
SIND194- OW New 2016,9,Basalt fractured,greyish black,medium
SIND194- OW New 2016,10,Basalt,black,hard
SIND195-OW NEW 2016,1,Clay,black,fine
SIND195-OW NEW 2016,3.5,Basalt fractured,greyish black,medium
SIND196 -OW New 2016,1.5,Clay,black,fine
SIND196 -OW New 2016,3.5,Clay hard,yellowish brown,medium to coarse
SIND196 -OW New 2016,7,Basalt weathered,grey,medium
SIND196 -OW New 2016,12,Basalt fractured,greyish black,medium
SIND196 -OW New 2016,16.5,Basalt,black,hard
SIND197-OW New 2016,1,Clay,black,fine
SIND197-OW New 2016,3,Clay hard,yellowish brown,medium to coarse
SIND197-OW New 2016,7,Basalt fractured,grey,medium
SIND197-OW New 2016,10,Basalt,black,hard
SIND198 -OW New 2016,2,Clay,black,fine
SIND198 -OW New 2016,4.5,Clay hard,yellowish brown,medium to coarse
SIND198 -OW New 2016,9,Basalt weathered,grey,medium
SIND198 -OW New 2016,15,Basalt fractured,greyish black,medium
SIND198 -OW New 2016,18,Basalt,black,hard
SIND199-OW New 2016,1.5,Clay,black,fine
SIND199-OW New 2016,4,Clay hard,yellowish brown,medium to coarse
SIND199-OW New 2016,9,Basalt vesicular,grey,medium
SIND199-OW New 2016,12,Basalt fractured,greyish black,medium
SIND199-OW New 2016,16.5,Basalt,black,hard
Sag-PZ-03,5,Clay with interbeds of sand,yellowish brown,fine to medium
Sag-PZ-03,10.5,Sandstone weathered,light brown,fine
Sag-PZ-03,13.5,Sandstone fractured,light brown,fine
Sag-PZ-03,18,Sandstone hard,light brown,fine
Sag-PZ-03,30,Sandstone hard,reddish brown,fine
Sag-PZ-04,1,Sandstone highly weathered,reddish brown,fine
Sag-PZ-04,18,Sandstone hard,reddish brown,fine
Sag-PZ-04,23,Sandstone fractured,dull brown,fine
Sag-PZ-04,34.5,Sandstone hard,reddish brown,fine
Sag-PZ-07,23,Clay,yellow,fine
Sag-PZ-07,25,Shale,red,fine
Sag-PZ-07,30,Limestone,grey,fine
Sag-PZ-07,33,Shale,reddish brown,fine
SAGAR-PDS-016-PZ,6,Sandstone weathered,yellow,coarse
SAGAR-PDS-016-PZ,11,Sandstone,yellowish brown,fine
SAGAR-PDS-016-PZ,20,Sandstone hard,reddish brown,fine
SAGAR-PDS-016-PZ,27,Shale,grey,fine
SAGAR-PDS-016-PZ,60,Shale,grey,fine
SAGAR-PDS-016-PZ,65,Shale,greyish black,coarse to very coarse
SAGAR-PDS-016-PZ,68,Shale,greyish black,fine
SAGAR-PDS-017-PZ,2,Topsoil,yellowish brown,coarse
SAGAR-PDS-017-PZ,5,Sand,yellowish brown,coarse
SAGAR-PDS-017-PZ,10,Clay,light brown,fine
SAGAR-PDS-017-PZ,25,Sandstone weathered,light brown,fine
SAGAR-PDS-017-PZ,40,Shale,grey,fine
SAGAR-PDS-017-PZ,48,Sandstone weathered,grey,fine
SAGAR-PDS-018-PZ,5,Sandstone highly weathered,reddish brown,coarse
SAGAR-PDS-018-PZ,11,Sandstone weathered,reddish brown,coarse
SAGAR-PDS-018-PZ,15,Sandstone hard,reddish brown,fine to medium
SAGAR-PDS-018-PZ,30,Sandstone hard,red,fine
SAGAR-PDS-019-PZ,7,Topsoil,greyish black,coarse
SAGAR-PDS-019-PZ,15,Topsoil,black,fine
SAGAR-PDS-019-PZ,17,Basalt weathered,grey,fine
SAGAR-PDS-019-PZ,22,Basalt vesicular,grey,fine
SAGAR-PDS-019-PZ,30,Basalt hard,black,fine
SAGAR-PDS-020-PZ,10,Sandstone weathered,reddish brown,coarse
SAGAR-PDS-020-PZ,44,Shale,grey,fine
SAGAR-PDS-020-PZ,47,Shale,grey,fine
SAGAR-PDS-020-PZ,48,Shale,grey,fine
SAGAR001-PZ,2,Basalt weathered,yellow,fine
SAGAR001-PZ,8,Basalt fractured,greyish black,fine
SAGAR001-PZ,13.5,Basalt hard,black,fine
SAGAR001-PZ,16.5,Basalt hard,black,fine
SAGAR001-PZ,17,Basalt highly weathered,greyish black,fine
SAGAR001-PZ,22.5,Basalt weathered,greyish black,fine
SAGAR001-PZ,27,Basalt fractured,greyish black,fine
SAGAR001-PZ,30,Basalt hard,black,fine
SAGAR0010-PZ,3,Clay,black,fine
SAGAR0010-PZ,9,Basalt,greyish black,fine to medium
SAGAR0010-PZ,12,Clay with interbeds of sand,yellowish brown,coarse
SAGAR0010-PZ,20,Basalt weathered/fractured,yellowish brown,coarse
SAGAR0010-PZ,25,Sand,yellow,fine to medium
SAGAR002-PZ,3,B.C. Soil and highly weathered,black,fine graines
SAGAR002-PZ,9,Basalt weathered,greyish black,fine graine
SAGAR002-PZ,12,Hard and compact Basalt,black,fine  graines
SAGAR002-PZ,16,Basalt weathered,greyish black,fine graines
SAGAR002-PZ,22.5,Hard and compact Basalt,greyish black,fine graines
SAGAR002-PZ,24.5,highly weathered Basalt,greyish black,fine graines
SAGAR002-PZ,27,weathered Basalt,greyish black,fine graines
SAGAR002-PZ,33,Basalt weathered,black,fine graines
SAGAR002-PZ,45,Hard basalt,black,fine graines
SAGAR005-PZ,0.5,B.C.Soil,black,fine grained
SAGAR005-PZ,6,Basalt weathered,greyish black,Fine grained
SAGAR005-PZ,10,Basalt weathered,Yellowish grey,Fine grained
SAGAR005-PZ,15,Hard Basalt,Yellowish Grey,Fine grained
SAGAR005-PZ,18,Inter trappeon and Weathered B,White Pebbles black,medium to coarse
SAGAR005-PZ,21.6,Highly Weathred Boulders of,White Pebbles Black,coarse
SAGAR006-PZ,0.5,B.C.Soil,black,Fine Grained
SAGAR006-PZ,2,Wea Thered Basalt,greyish black,fine Grained
SAGAR006-PZ,6,Hard Basalt,greyish black,Fine Grained
SAGAR006-PZ,6.5,Clay,black,Fine Grained
SAGAR006-PZ,9,Basalt weathered,greyish black,Fine Grained
SAGAR006-PZ,10,Hard Basalt,Yellowish Black,FineGrained
SAGAR006-PZ,11,Highly Weathered Basalt,greyish black,Fine Grained
SAGAR006-PZ,15,Basalt weathered/fractured,greyish black,Fine Grained
SAGAR006-PZ,28,Hard and Compact Basalt,Yellowish Grey,Fine grained
SAGAR006-PZ,28.3,Clay,black,Fine Grained
SAGAR006-PZ,38,Basalt weathered,Yellowish Black,Fine Grained
SAGAR006-PZ,44.7,Basalt fractured,Yellowish Black,Fine Grained
SAGAR008,12,Clay,yellow,coarse
SAGAR008,15,Clay,black,fine
SAGAR008,17.46,Basalt,black,fine
SAGAR008,20.46,Basalt highly weathered,yellow,coarse
SAGAR008,30,Basalt highly weathered,yellow,coarse
SAGAR009-PZ,3,Clay,black,fine
SAGAR009-PZ,5,Basalt weathered,greyish black,fine
SAGAR009-PZ,7.7,Basalt hard,greyish black,fine
SAGAR009-PZ,13.7,Basalt hard,greyish black,fine
SAGAR009-PZ,19.7,Basalt highly weathered,greyish black,fine
SAGAR009-PZ,26.25,Basalt hard,greyish black,fine
SAGAR011-PZ,4.5,Clay,yellowish brown,fine
SAGAR011-PZ,10.8,Shale,grey,fine
SAGAR011-PZ,30,Limestone,grey,fine
SAGAR012-PZ,4.5,Clay,black,fine
SAGAR012-PZ,12,Clay,yellow,fine
SAGAR012-PZ,18,Gravel with thin clay,black,fine to medium
SAGAR012-PZ,24,Clay,black,fine
SAGAR012-PZ,26,Basalt weathered,grey,coarse
SAGAR012-PZ,30,Basalt weathered,grey,fine
SAGAR013-PZ,4.5,Clay,black,fine
SAGAR013-PZ,10.5,Clay,greyish black,fine
SAGAR013-PZ,14.5,Basalt weathered,greyish black,coarse
SAGAR013-PZ,21,Basalt highly weathered,greyish black,fine
SAGAR013-PZ,24,Basalt weathered,greyish black,coarse
SAGAR013-PZ,30,Basalt highly weathered,black,fine
SAGAR014-PZ,5.5,Clay,yellow,fine to medium
SAGAR014-PZ,11,Basalt weathered,greyish black,fine
SAGAR014-PZ,16,Basalt hard,grey,fine
SAGAR014-PZ,22,Basalt weathered,greyish black,fine
SAGAR014-PZ,27,Basalt hard,grey,fine
SAGAR014-PZ,33,Basalt hard,grey,fine
SAGAR014-PZ,38.5,Basalt weathered,greyish black,fine
SAGAR014-PZ,43,Basalt hard,grey,fine to medium
SAGAR014-PZ,45,Clay,black,fine
SAGAR015-PZ,6,Clay,yellow,coarse
SAGAR015-PZ,18,Basalt weathered,grey,fine to medium
SAGAR015-PZ,24,Basalt weathered,grey,coarse
SAGAR015-PZ,52,Basalt hard,greyish black,fine
SAGAR015-PZ,54.8,Basalt weathered,grey,coarse
SAGAR015-PZ,65.8,Basalt hard,grey,fine
SAGAR015-PZ,77,Basalt hard,grey,fine
SAGAR015-PZ,82,Sandstone weathered,reddish brown,fine to medium
SAGAR015-PZ,90,Sandstone hard,reddish brown,fine
CHHAT001-OW,11,Topsoil,black,fine
CHHAT001-OW,12.15,Granite fractured,grey,hard
CHHAT002-OW,10,Topsoil,black,fine
CHHAT002-OW,15.05,Granite fractured,grey,hard
CHHAT003-OW,8.800000000000001,Topsoil,black,fine
CHHAT003-OW,13.78,Granite fractured,greyish black,hard
CHHAT004-OW,18,sandy soil,yellowish brown,fine
CHHAT004-OW,19.1,Granite fractured,greyish black,hard
CHHAT005-OW,10.55,Topsoil,brown,fine
CHHAT006-OW,11.35,Topsoil,black,fine
CHHAT006-OW,13.35,Granite weathered,greyish black,hard
CHHAT007-OW,10.5,Topsoil,dull brown,fine
CHHAT007-OW,11,Granite weathered,greyish black,hard
CHHAT008-OW,5,Granite weathered,greyish black,hard
CHHAT008-OW,11.95,Topsoil,brown,fine
CHHAT010-OW,4,Topsoil,dull brown,fine
CHHAT010-OW,10.65,Granite fractured,greyish black,hard
CHHAT011-OW,10.45,Topsoil,reddish brown,fine
CHHAT011-OW,12.55,Granite weathered/fractured,reddish brown,hard
CHHAT012-OW,5,Topsoil,black,fine
CHHAT012-OW,9.15,Granite fractured,greyish black,hard
CHHAT013-OW,8,Topsoil,black,fine
CHHAT013-OW,10.5,Granite fractured,reddish brown,hard
CHHAT014-OW,3,Topsoil,black,fine
CHHAT014-OW,7,Granite highly weathered,greyish black,coarse to very coarse
CHHAT014-OW,11.25,Granite fractured,grey,hard
CHHAT015-OW,4,Topsoil,red,fine
CHHAT015-OW,13.85,Granite highly weathered,greyish black,fine to medium
CHHAT016-OW,10,Topsoil,black,fine
CHHAT016-OW,15.3,Granite fractured,greyish black,hard
CHHAT017-OW,5.77,Topsoil,black,fine
CHHAT017-OW,9.48,Granite fractured,greyish black,hard
CHHAT018-OW,9.52,Topsoil,black,fine
CHHAT018-OW,12.05,Granite fractured,greyish black,hard
CHHAT019-OW,7.3,Topsoil,black,fine
CHHAT019-OW,9,Granite weathered,light brown,coarse to very coarse
CHHAT019-OW,14.95,Granite fractured,greyish black,hard
CHHAT020-OW,6.75,Topsoil,black,fine
CHHAT020-OW,9.25,Granite fractured,greyish black,hard
CHHAT021-OW,4.72,Topsoil,yellowish brown,fine
CHHAT021-OW,7,Granite highly weathered,light brown,coarse to very coarse
CHHAT021-OW,8.199999999999999,Granite,reddish brown,hard
CHHAT022-OW,10.8,Topsoil,black,fine
CHHAT022-OW,16.2,Granite fractured,greyish black,hard
CHHAT023-OW,7.95,Topsoil,black,fine
CHHAT023-OW,9.73,Granite fractured,greyish black,hard
CHHAT024-OW,8.58,Topsoil,black,fine
CHHAT024-OW,11.6,Granite fractured,reddish brown,hard
CHHAT025-OW,5.1,Topsoil,black,fine
CHHAT025-OW,11.85,Granite fractured,greyish black,hard
CHHAT026-OW,8,Topsoil,reddish brown,fine
CHHAT026-OW,12.75,Granite fractured,reddish brown,gravel
CHHAT027-OW,4.1,Topsoil,black,fine
CHHAT027-OW,8.1,Granite weathered/fractured,light brown,hard
CHHAT028-OW,6.5,Topsoil,black,fine
CHHAT028-OW,10.6,Granite fractured,greyish black,hard
CHHAT029-OW,7,Topsoil,black,fine
CHHAT029-OW,11.55,Granite,greyish black,hard
CHHAT030-OW,7.4,Topsoil,black,fine
CHHAT030-OW,9.9,Granite fractured,greyish black,hard
CHHAT032-OW,3.37,Topsoil,black,fine
CHHAT032-OW,9.5,Granite fractured,greyish black,hard
CHHAT033A-OW,4.75,Topsoil,black,fine
CHHAT033A-OW,9.75,Granite fractured,greyish black,coarse to very coarse
CHHAT034-OW,2.95,Topsoil,black,fine
CHHAT034-OW,5.95,Granite highly weathered,greyish black,
CHHAT034-OW,11.66,Granite fractured,grey,hard
CHHAT035-OW,5,Topsoil,black,fine
CHHAT035-OW,7.75,Granite fractured,greyish black,hard
CHHAT036-OW,4,Topsoil,black,fine
CHHAT036-OW,6.5,Granite fractured,greyish black,gravel
CHHAT037-OW,4.67,Topsoil,reddish brown,fine to medium
CHHAT037-OW,10.85,Granite fractured,reddish brown,hard
CHHAT038-OW,12.4,Sand,dull brown,fine
CHHAT038-OW,13.25,Sandstone weathered,light brown,coarse to very coarse
CHHAT039-OW,7.25,Topsoil,black,fine
CHHAT039-OW,10.81,Granite fractured,greyish black,hard
CHHAT040-OW,4.9,Topsoil,black,fine
CHHAT040-OW,7.5,Granite highly weathered,dull brown,coarse to very coarse
CHHAT040-OW,13.55,Granite fractured,reddish brown,hard
CHHAT041-OW,10.86,Topsoil,black,fine
CHHAT041-OW,13,Granite fractured,reddish brown,hard
CHHAT041-OW,13.85,Granite,light brown,hard
CHHAT042-OW,11.15,Sand,reddish brown,fine to medium
CHHAT042-OW,13.64,Sandstone fractured,red,medium to coarse
CHHAT043-OW,4.91,Sand,yellowish brown,fine to medium
CHHAT043-OW,8.98,Sandstone hard,reddish brown,hard
CHHAT044-OW,3.1,Topsoil,black,fine
CHHAT044-OW,6.7,Gneiss weathered/fractured,black,hard
CHHAT045-OW,3,Sand,reddish brown,fine to medium
CHHAT045-OW,9.15,Sandstone hard,light brown,medium to coarse
CHHAT046-OW,3.1,Sand,reddish brown,fine to medium
CHHAT046-OW,6.7,Sandstone fractured,reddish brown,medium
CHHAT047-OW,1.5,Sand,light brown,fine
CHHAT047-OW,7.1,Sandstone hard,reddish brown,fine to medium
CHHAT048-OW,1.82,Topsoil,greyish black,fine
CHHAT048-OW,6.1,Limestone hard,grey,fine to medium
CHHAT049-OW,5.05,Topsoil,reddish brown,fine
CHHAT049-OW,6.5,Sandstone highly weathered,light brown,coarse to very coarse
CHHAT049-OW,15.69,Limestone hard,greyish black,fine to medium
CHHAT050-OW,4.27,Topsoil,reddish brown,fine
CHHAT050-OW,7.6,Sandstone fractured,reddish brown,medium to coarse
CHHAT051-OW,8.199999999999999,Topsoil,light brown,fine
CHHAT051-OW,13.4,Granite fractured,greyish black,gravel
CHHAT052-OW,8.4,Topsoil,black,fine
CHHAT052-OW,10.6,Granite fractured,greyish black,hard
CHHAT053-OW,5.05,Topsoil,black,fine
CHHAT053-OW,9,Granite fractured,greyish black,medium
CHHAT053-OW,10.1,Granite hard,grey,hard
CHHAT054-OW,4.5,Topsoil,black,fine
CHHAT054-OW,7.72,Granite fractured,greyish black,hard
CHHAT054-OW,8.52,Granite hard,grey,hard
CHHAT055-OW,8,Topsoil,black,fine
CHHAT055-OW,13.2,Granite fractured,greyish black,hard
CHHAT056-OW,7,Topsoil,reddish brown,fine
CHHAT056-OW,14.05,Granite fractured,reddish brown,hard
CHHAT057-OW,8.35,Topsoil,black,fine
CHHAT057-OW,11.75,Granite fractured,greyish black,coarse to very coarse
CHHAT057-OW,14.8,Granite,grey,gravel
CHHAT058-OW,7.2,Topsoil,black,fine
CHHAT058-OW,10.55,Granite fractured,greyish black,hard
CHHAT058-OW,13.95,Granite,grey,hard
CHHAT059-OW,6,Topsoil,black,fine
CHHAT059-OW,9,Granite weathered,greyish black,coarse
CHHAT059-OW,13.85,Granite fractured,grey,hard
CHHAT060-OW,6,Topsoil,black,fine
CHHAT060-OW,10.1,Granite weathered,greyish black,coarse to very coarse
CHHAT060-OW,11.6,Granite hard,grey,hard
CHHAT061-OW,6,Topsoil,black,fine
CHHAT061-OW,9.199999999999999,Granite weathered,greyish black,coarse to very coarse
CHHAT061-OW,11.9,Granite hard,grey,hard
CHHAT062-OW,4,Topsoil,black,fine
CHHAT062-OW,6.05,Gneiss highly weathered,greyish black,coarse to very coarse
CHHAT062-OW,8.1,Granite,grey,gravel
CHHAT063-OW,7,Topsoil,black,fine
CHHAT063-OW,9.75,Granite weathered,greyish black,coarse to very coarse
CHHAT063-OW,11.6,Granite,grey,hard
CHHAT064-OW,5,Topsoil,black,fine
CHHAT064-OW,7.9,Granite fractured,greyish black,coarse to very coarse
CHHAT065-OW,5.2,Topsoil,black,fine
CHHAT065-OW,7.45,Granite highly weathered,greyish black,coarse to very coarse
CHHAT065-OW,12.05,Granite,grey,gravel
CHHAT066-OW,7,Topsoil,black,fine
CHHAT066-OW,10.4,Granite weathered,greyish black,coarse
CHHAT067-OW,8.1,Topsoil,black,fine
CHHAT067-OW,10.65,Granite weathered,greyish black,coarse to very coarse
CHHAT067-OW,12.2,Granite hard,grey,hard
CHHAT068-OW,9,Topsoil,black,fine
CHHAT068-OW,12.25,Granite weathered,greyish black,coarse to very coarse
CHHAT068-OW,14.4,Granite hard,grey,hard
CHHAT069-OW,5.5,Topsoil,black,fine
CHHAT069-OW,6.8,Granite highly weathered,greyish black,coarse to very coarse
CHHAT069-OW,8.9,Granite,grey,hard
CHHAT070-OW,6.25,Topsoil,black,fine
CHHAT070-OW,8.35,Granite fractured,greyish black,coarse to very coarse
CHHAT070-OW,9.9,Granite hard,grey,gravel
CHHAT071-OW,6.1,Topsoil,red,fine
CHHAT071-OW,8.6,Granite weathered,reddish brown,coarse to very coarse
CHHAT071-OW,11.7,Granite hard,light brown,hard
CHHAT072-OW,5.9,Topsoil,black,fine
CHHAT072-OW,7.85,Granite highly weathered,greyish black,coarse to very coarse
CHHAT072-OW,8.699999999999999,Granite fractured,grey,hard
CHHAT073-OW,11.45,Topsoil,reddish brown,fine
CHHAT073-OW,14.65,Granite weathered,light brown,hard
CHHAT073-OW,15.7,Granite,light brown,hard
CHHAT074-OW,8.35,Topsoil,black,fine
CHHAT074-OW,11.4,Granite weathered,greyish black,coarse to very coarse
CHHAT074-OW,13.7,Granite,grey,hard
CHHAT075-OW,9.109999999999999,Topsoil,black,fine
CHHAT075-OW,12.21,Granite weathered,greyish black,coarse to very coarse
CHHAT075-OW,13.51,Granite,grey,hard
CHHAT076-OW,6.35,Topsoil,black,fine
CHHAT076-OW,8.5,Granite highly weathered,greyish black,coarse to very coarse
CHHAT076-OW,14.7,Granite,grey,hard
CHHAT077-OW,5.6,Topsoil,black,fine
CHHAT077-OW,8.449999999999999,Granite highly weathered,greyish black,coarse to very coarse
CHHAT077-OW,10.5,Granite,grey,fine to medium
CHHAT078-OW,7.15,Topsoil,black,fine
CHHAT078-OW,8.199999999999999,Granite hard,greyish black,
CHHAT078-OW,9.300000000000001,Granite,grey,hard
CHHAT079-OW,8.050000000000001,Topsoil,black,fine
CHHAT079-OW,10.05,Granite fractured,greyish black,coarse
CHHAT079-OW,11.5,Sandstone hard,red,fine to medium
CHHAT080-OW,8.800000000000001,Topsoil,black,fine
CHHAT080-OW,11.9,Granite weathered,grey,coarse to very coarse
CHHAT081-OW,7.12,Topsoil,black,fine
CHHAT081-OW,8.869999999999999,Granite highly weathered,dull brown,coarse to very coarse
CHHAT081-OW,9.4,Granite,reddish brown,hard
CHHAT082-OW,6.3,Topsoil,black,fine
CHHAT082-OW,8.75,Granite weathered,greyish black,coarse to very coarse
CHHAT082-OW,9.9,Granite hard,grey,hard
CHHAT083A-OW,4.1,Topsoil,black,fine
CHHAT083A-OW,8.5,Granite highly weathered,greyish black,coarse to very coarse
CHHAT083A-OW,11,Granite,grey,hard
CHHAT084-OW,7.05,Topsoil,black,fine
CHHAT084-OW,8.800000000000001,Granite weathered,greyish black,coarse to very coarse
CHHAT084-OW,11.3,Granite hard,grey,hard
CHHAT085-OW,5,Topsoil,black,fine
CHHAT085-OW,6.55,Granite weathered,greyish black,coarse to very coarse
CHHAT085-OW,12.6,Granite hard,grey,hard
CHHAT086-OW,8,Topsoil,black,fine
CHHAT086-OW,13.4,Granite weathered,greyish black,coarse to very coarse
CHHAT086-OW,14.7,Granite hard,grey,hard
CHHAT087-OW,7.2,Topsoil,black,fine
CHHAT087-OW,9.949999999999999,Granite weathered,greyish black,coarse to very coarse
CHHAT087-OW,10.8,Granite hard,grey,hard
CHHAT089-OW,4.5,Topsoil,black,fine
CHHAT089-OW,6.55,Granite highly weathered,greyish black,coarse to very coarse
CHHAT089-OW,8.1,Granite,grey,hard
CHHAT09-OW,12.45,Topsoil,black,fine
CHHAT09-OW,13.9,Granite hard,reddish brown,hard
CHHAT090-OW,7.35,Topsoil,black,fine
CHHAT090-OW,9.5,Granite weathered,greyish black,coarse to very coarse
CHHAT090-OW,12,Granite fractured,grey,hard
CHHAT091-OW,6.05,Topsoil,black,fine
CHHAT091-OW,7.53,Granite highly weathered,greyish black,coarse
CHHAT091-OW,9.4,Granite fractured,grey,hard
CHHAT092-OW,7,Topsoil,black,fine
CHHAT092-OW,9.4,Granite fractured,grey,hard
CHHAT093-OW,7,Topsoil,black,fine
CHHAT093-OW,9.300000000000001,Granite fractured,grey,gravel
CHHAT094-OW,7,Topsoil,black,fine
CHHAT094-OW,15.25,Granite weathered,grey,gravel
CHHAT095-OW,6.5,Topsoil,black,fine
CHHAT095-OW,11.05,Granite fractured,greyish black,hard
CHHAT096-OW,7,Topsoil,black,fine
CHHAT096-OW,9.6,Granite fractured,greyish black,hard
CHHAT097-OW,8,Topsoil,black,fine
CHHAT097-OW,15,Granite fractured,greyish black,hard
CHHAT098-OW,8,Topsoil,black,fine
CHHAT098-OW,11.55,Granite fractured,greyish black,hard
CHHAT099-OW,8,Topsoil,black,fine
CHHAT099-OW,12.4,Granite fractured,greyish black,hard
CHHAT100-OW,6,Topsoil,black,fine
CHHAT100-OW,8.800000000000001,Granite,greyish black,hard
CHHAT101-OW,2,Clay,greyish black,coarse
CHHAT101-OW,11.4,Gneiss highly weathered,dull brown,fine
CHHATO31-OW,4,Topsoil,black,fine
CHHATO31-OW,7,Granite highly weathered,greyish black,coarse to very coarse
CHHATO31-OW,9.4,Granite fractured,grey,hard
BPL-PZ-01,2,Topsoil,black,coarse
BPL-PZ-01,21.9,Clay,greyish black,fine
BPL-PZ-01,22.9,Sandstone,reddish brown,medium to coarse
BPL-PZ-01,32,Sandstone,reddish brown,hard
BPL-PZ-01,38,Sandstone,brown,hard
BPL-PZ-02,2,Topsoil,black,coarse
BPL-PZ-02,7,Clay,yellow,fine
BPL-PZ-02,11,Basalt weathered,black,fine to medium
BPL-PZ-02,15,Basalt vesicular,black,medium
BPL-PZ-02,30,Basalt hard,black,hard
BPL-PZ-03,3,Topsoil,black,coarse
BPL-PZ-03,14,Clay,yellowish brown,fine
BPL-PZ-03,15,Basalt highly weathered,greyish black,fine to medium
BPL-PZ-03,21,Basalt,black,hard
BPL-PZ-03,30,Basalt weathered,black,hard
BPL-PZ-04,3,Topsoil,black,coarse
BPL-PZ-04,16,Clay,yellowish brown,fine
BPL-PZ-04,17,Basalt weathered,greyish black,medium to coarse
BPL-PZ-04,23,Basalt vesicular,greyish black,hard
BPL-PZ-04,30,Basalt hard,black,hard
BPL-PZ-05,2,Topsoil,black,coarse
BPL-PZ-05,11.2,Clay,yellowish brown,fine
BPL-PZ-05,12.2,Basalt weathered,black,medium to coarse
BPL-PZ-05,17.2,Basalt weathered,black,medium to coarse
BPL-PZ-05,23.2,Basalt vesicular,black,medium to coarse
BPL-PZ-05,30,Basalt hard,black,hard
BPL-PZ-06,2,Topsoil,black,coarse
BPL-PZ-06,10.6,Clay,grey,fine
BPL-PZ-06,13.6,Basalt weathered,greyish black,fine to medium
BPL-PZ-06,30,Basalt hard,black,medium to coarse
BPL-PZ-07,3,Topsoil,black,coarse
BPL-PZ-07,6,Basalt weathered,greyish black,fine
BPL-PZ-07,7,Clay,dull brown,fine to medium
BPL-PZ-07,10,Basalt highly weathered,greyish black,coarse
BPL-PZ-07,20,Basalt vesicular,black,medium to coarse
BPL-PZ-07,23,Basalt weathered,black,coarse
BPL-PZ-07,30,Basalt hard,black,coarse
BPL-PZ-08,3,Topsoil,black,coarse
BPL-PZ-08,10.5,Clay,greyish black,fine to medium
BPL-PZ-08,15.5,Basalt weathered,black,fine to medium
BPL-PZ-08,18.5,Basalt vesicular,black,coarse
BPL-PZ-08,30,Basalt hard,black,hard
BPL-PZ-09,3,Topsoil,black,coarse
BPL-PZ-09,13.7,Clay,yellowish brown,fine
BPL-PZ-09,14.7,Basalt highly weathered,greyish black,fine to medium
BPL-PZ-09,25,Basalt weathered/fractured,greyish black,medium to coarse
BPL-PZ-09,30,Basalt hard,black,hard
BPL-PZ-10,2,Topsoil,black,coarse
BPL-PZ-10,7,Clay,yellowish brown,fine to medium
BPL-PZ-10,27,Clay with interbeds of sand,reddish brown,fine to medium
BPL-PZ-10,28,Sandstone weathered,reddish brown,medium to coarse
BPL-PZ-10,30,Sandstone,red,hard
BPL-PZ-11,3.5,Topsoil,black,coarse
BPL-PZ-11,9,Clay,yellowish brown,fine
BPL-PZ-11,21,Clay hard,reddish brown,fine to medium
BPL-PZ-11,22,Basalt weathered,greyish black,medium to coarse
BPL-PZ-11,30,Basalt hard,black,hard
BPL-PZ-12,2,Topsoil,black,coarse
BPL-PZ-12,22,Sandstone,reddish brown,medium to coarse
BPL-PZ-12,23,Sandstone weathered,dull brown,medium to coarse
BPL-PZ-12,30,Sandstone,grey,hard
TKM001-OW,2.5,Topsoil,brown,fine to medium
TKM001-OW,10.1,Granite highly weathered,dull brown,coarse to very coarse
TKM001-OW,13.6,Granite fractured,greyish black,coarse to very coarse
TKM002-OW,3,Topsoil,dull brown,fine to medium
TKM002-OW,9.6,Granite highly weathered,greyish black,fine to medium
TKM003-OW,3,Topsoil,brown,fine
TKM003-OW,15.3,Granite highly weathered,greyish black,coarse to very coarse
TKM003-OW,17.35,Granite fractured,reddish brown,hard
TKM004-OW,3,Topsoil,brown,fine
TKM004-OW,8.5,Granite highly weathered,dull brown,gravel
TKM004-OW,11.9,Granite fractured,greyish black,hard
TKM005-OW,2,Topsoil,dull brown,fine
TKM005-OW,7.3,Granite highly weathered,reddish brown,coarse to very coarse
TKM005-OW,10.55,Granite fractured,greyish black,hard
TKM006-OW,2,Topsoil,brown,fine to medium
TKM006-OW,6.5,Granite highly weathered,greyish black,medium to coarse
TKM006-OW,8.5,Granite fractured,greyish black,hard
TKM007-OW,4,Topsoil,brown,fine
TKM007-OW,10.65,Granite highly weathered,greyish black,coarse to very coarse
TKM007-OW,12.9,Granite fractured,grey,hard
TKM008-OW,3,Topsoil,dull brown,fine
TKM008-OW,9.75,Granite weathered,greyish black,coarse to very coarse
TKM008-OW,11.15,Granite,greyish black,hard
TKM009-OW,2,Topsoil,dull brown,fine
TKM009-OW,11.65,Granite highly weathered,greyish black,medium
TKM009-OW,15.5,Granite fractured,grey,hard
TKM010-OW,7.7,Granite highly weathered,greyish black,fine to medium
TKM010-OW,8.15,Granite fractured,grey,hard
TKM011-OW,2.5,Topsoil,dull brown,fine
TKM011-OW,6.6,Granite highly weathered,greyish black,fine to medium
TKM012-OW,2.5,Topsoil,dull brown,fine
TKM012-OW,7.85,Granite highly weathered,greyish black,fine to medium
TKM012-OW,9.35,Granite fractured,grey,hard
TKM013-OW,2.5,Topsoil,dull brown,fine
TKM013-OW,10.85,Granite highly weathered,greyish black,medium
TKM013-OW,13.1,Granite fractured,grey,hard
TKM014A-OW,6.9,Topsoil,dull brown,fine
TKM014A-OW,13.3,Granite highly weathered,greyish black,hard
TKM015-OW,3,Topsoil,dull brown,fine
TKM015-OW,8,Granite highly weathered,greyish black,fine to medium
TKM015-OW,11.3,Granite fractured,greyish black,hard
TKM016A-OW,9.800000000000001,Topsoil,dull brown,fine
TKM016A-OW,16.7,Granite highly weathered,greyish black,coarse to very coarse
TKM017-OW,2,Topsoil,dull brown,fine
TKM017-OW,8.300000000000001,Granite highly weathered,greyish black,gravel
TKM017-OW,10.4,Granite fractured,grey,hard
TKM018-OW,3,Topsoil,black,fine
TKM018-OW,6,Granite highly weathered,greyish black,fine to medium
TKM018-OW,9.300000000000001,Granite fractured,grey,hard
TKM019-OW,3.2,Topsoil,black,fine
TKM019-OW,10.9,Granite highly weathered,greyish black,fine to medium
TKM019-OW,13.75,Granite fractured,greyish black,hard
TKM020-OW,1.5,Topsoil,black,fine
TKM020-OW,8.1,Granite highly weathered,greyish black,coarse to very coarse
TKM021-OW,4,Topsoil,black,fine
TKM021-OW,7,Granite highly weathered,greyish black,fine to medium
TKM021-OW,9,Granite fractured,grey,gravel
TKM022A-OW,3.3,Topsoil,black,fine
TKM022A-OW,8,Gneiss highly weathered,greyish black,fine to medium
TKM023-OW,3,Topsoil,black,fine
TKM023-OW,7.1,Granite highly weathered,greyish black,fine to medium
TKM023-OW,8.6,Granite fractured,grey,hard
TKM024-OW,2,Topsoil,black,fine
TKM024-OW,7.9,Granite highly weathered,greyish black,fine to medium
TKM024-OW,9.449999999999999,Granite fractured,grey,hard
TKM025-OW,3,Topsoil,black,fine
TKM025-OW,9,Granite highly weathered,greyish black,fine to medium
TKM025-OW,12.45,Granite fractured,grey,hard
TKM026A-OW,4.5,Topsoil,black,fine
TKM026A-OW,7.15,Granite highly weathered,greyish black,fine to medium
TKM027A-OW,2.5,Topsoil,black,fine
TKM027A-OW,8.199999999999999,Granite highly weathered,greyish black,fine to medium
TKM027A-OW,9.9,Granite fractured,grey,hard
TKM028-OW,2,Topsoil,black,fine
TKM028-OW,4.8,Granite highly weathered,greyish black,coarse to very coarse
TKM028-OW,5.5,Granite fractured,grey,hard
TKM029-OW,2.2,Topsoil,black,fine
TKM029-OW,7.2,Granite highly weathered,greyish black,coarse to very coarse
TKM030-OW,3,Topsoil,black,fine
TKM030-OW,9,Granite highly weathered,greyish black,coarse to very coarse
TKM030-OW,10.8,Granite fractured,grey,hard
TKM031-OW,2.45,Topsoil,black,fine
TKM031-OW,6,Granite highly weathered,greyish black,coarse to very coarse
TKM031-OW,7.4,Granite fractured,grey,hard
TKM032-0W,2,Topsoil,black,fine
TKM032-0W,6.8,Granite highly weathered,greyish black,fine to medium
TKM032-0W,7.4,Granite fractured,grey,hard
TKM033A-OW,2.2,Topsoil,black,fine
TKM033A-OW,6.5,Granite highly weathered,greyish black,coarse to very coarse
TKM033A-OW,9,Granite fractured,grey,hard
TKM034-OW,1,Topsoil,black,fine
TKM034-OW,7,Granite highly weathered,greyish black,coarse to very coarse
TKM034-OW,8.300000000000001,Granite fractured,grey,hard
TKM035-OW,3,Topsoil,black,fine
TKM035-OW,4.1,Granite highly weathered,greyish black,coarse to very coarse
TKM035-OW,6,Granite fractured,grey,hard
TKM036-OW,5.1,Topsoil,black,fine
TKM036-OW,8.9,Granite highly weathered,greyish black,coarse
TKM036-OW,11.7,Granite fractured,grey,hard
TKM037-OW,2,Topsoil,black,fine
TKM037-OW,8.1,Granite highly weathered,greyish black,coarse to very coarse
TKM037-OW,11.7,Granite fractured,grey,hard
TKM038-OW,1.5,Topsoil,black,fine
TKM038-OW,5,Granite highly weathered,greyish black,coarse to very coarse
TKM038-OW,13.8,Granite fractured,grey,hard
TKM039-OW,1.5,Topsoil,black,coarse to very coarse
TKM039-OW,10.45,Granite highly weathered,greyish black,coarse to very coarse
TKM039-OW,12.15,Granite fractured,grey,hard
TKM040-OW,1.5,Topsoil,black,fine
TKM040-OW,8.199999999999999,Granite highly weathered,greyish black,coarse to very coarse
TKM040-OW,11.5,Granite fractured,grey,hard
TKM041-OW,2.5,Topsoil,black,fine
TKM041-OW,7,Granite highly weathered,greyish black,fine to medium
TKM041-OW,10.65,Granite,grey,coarse to very coarse
TKM042-OW,2.5,Topsoil,black,fine
TKM042-OW,9.5,Granite highly weathered,greyish black,coarse to very coarse
TKM042-OW,11.5,Granite fractured,grey,hard
TKM043-OW,2,Topsoil,black,fine
TKM043-OW,6,Granite highly weathered,greyish black,coarse to very coarse
TKM043-OW,8.5,Granite fractured,grey,hard
TKM044-OW,2.5,Topsoil,black,fine
TKM044-OW,5.25,Granite highly weathered,greyish black,coarse to very coarse
TKM044-OW,7.1,Granite fractured,grey,hard
TKM045-OW,5.1,Topsoil,greyish black,coarse to very coarse
TKM045-OW,8.5,Granite hard,grey,hard
TKM046-OW,2,Topsoil,black,fine
TKM046-OW,4.45,Granite highly weathered,greyish black,coarse to very coarse
TKM046-OW,8.949999999999999,Granite hard,grey,hard
TKM047-OW,2.5,Topsoil,black,fine
TKM047-OW,7.6,Granite fractured,grey,hard
TKM047-OW,8.75,Granite,greyish black,hard
TKM048-OW,2,Topsoil,black,fine
TKM048-OW,7.25,Granite highly weathered,greyish black,coarse to very coarse
TKM048-OW,8.75,Granite,grey,hard
TKM049-OW,3,Topsoil,black,fine
TKM049-OW,8,Granite highly weathered,greyish black,coarse to very coarse
TKM049-OW,10.6,Granite,grey,hard
TKM050-OW,3,Topsoil,black,fine
TKM050-OW,12.45,Granite highly weathered,greyish black,gravel
TKM051-OW,2,Topsoil,black,fine
TKM051-OW,7,Granite highly weathered,greyish black,coarse to very coarse
TKM051-OW,8,Granite,grey,hard
TKM052-OW,2,Topsoil,black,fine
TKM052-OW,7,Granite highly weathered,greyish black,coarse to very coarse
TKM052-OW,8.6,Granite fractured,grey,hard
TKM053-OW,2.5,Topsoil,black,fine
TKM053-OW,8,Granite highly weathered,greyish black,coarse to very coarse
TKM053-OW,9.4,Granite fractured,grey,hard
TKM054-OW,3,Topsoil,black,fine
TKM054-OW,9.5,Granite highly weathered,greyish black,coarse to very coarse
TKM054-OW,11.75,Granite fractured,grey,hard
TKM055-OW,2,Topsoil,black,fine
TKM055-OW,9.5,Granite highly weathered,greyish black,coarse to very coarse
TKM055-OW,11.5,Granite fractured,grey,hard
TKM056-OW,2.5,Topsoil,black,fine
TKM056-OW,4.5,Granite highly weathered,greyish black,fine to medium
TKM056-OW,6.5,Granite,grey,hard
TKM057-OW,3,Topsoil,black,fine
TKM057-OW,4,Granite highly weathered,greyish black,coarse to very coarse
TKM057-OW,8.949999999999999,Granite fractured,grey,hard
TKM058-OW,2.5,Topsoil,black,fine
TKM058-OW,6.6,Granite highly weathered,greyish black,coarse to very coarse
TKM058-OW,8.1,Granite,reddish brown,hard
TKM059-OW,2,Topsoil,black,fine
TKM059-OW,6,Granite highly weathered,greyish black,coarse to very coarse
TKM059-OW,9.699999999999999,Granite fractured,grey,hard
TKM060-OW,2.5,Topsoil,black,fine
TKM060-OW,10,Granite highly weathered,greyish black,coarse to very coarse
TKM060-OW,11.7,Granite,grey,hard
TKM061-OW,2.5,Topsoil,black,fine
TKM061-OW,8,Granite highly weathered,greyish black,coarse to very coarse
TKM061-OW,9.6,Granite fractured,grey,hard
TKM062-OW,2.5,Topsoil,black,fine
TKM062-OW,11,Granite highly weathered,greyish black,coarse to very coarse
TKM062-OW,16.15,Granite,grey,hard
TKM063A-OW,3.2,Topsoil,black,fine
TKM063A-OW,8.5,Gneiss highly weathered,greyish black,coarse to very coarse
TKM063A-OW,11.4,Granite fractured,grey,hard
TKM064-OW,2.5,Topsoil,black,fine
TKM064-OW,7,Granite highly weathered,greyish black,coarse to very coarse
TKM064-OW,8.300000000000001,Granite fractured,grey,hard
TKM065-OW,2.5,Topsoil,black,fine
TKM065-OW,8.800000000000001,Granite highly weathered,greyish black,coarse to very coarse
TKM065-OW,10.1,Granite fractured,grey,hard
TKM066A-OW,3.5,Topsoil,black,fine
TKM066A-OW,6.9,Granite highly weathered,greyish black,coarse to very coarse
TKM066A-OW,11.8,Granite fractured,grey,hard
TKM067-OW,3,Topsoil,black,fine
TKM067-OW,8,Granite highly weathered,greyish black,coarse to very coarse
TKM067-OW,9.1,Granite fractured,grey,hard
TKM068-OW,3,Topsoil,black,fine
TKM068-OW,7,Granite highly weathered,greyish black,coarse to very coarse
TKM068-OW,8.9,Granite fractured,grey,hard
TKM069A-OW,3.6,Topsoil,black,fine
TKM069A-OW,6.8,Granite highly weathered,greyish black,coarse to very coarse
TKM069A-OW,10,Granite fractured,grey,hard
TKM070A-OW,3.4,Topsoil,black,fine
TKM070A-OW,6.1,Granite highly weathered,greyish black,coarse to very coarse
TKM070A-OW,9.800000000000001,Granite fractured,grey,hard
TKM071A-OW,5.7,Topsoil,black,fine
TKM071A-OW,8.199999999999999,Granite highly weathered,greyish black,coarse to very coarse
TKM071A-OW,16.2,Granite weathered/fractured,grey,hard
TKM072A-OW,4.5,Topsoil,black,fine
TKM072A-OW,6.15,Granite highly weathered,greyish black,coarse to very coarse
TKM072A-OW,12.85,Granite fractured,grey,hard
TKM073-OW,2.1,Topsoil,black,fine
TKM073-OW,10.3,Granite highly weathered,greyish black,coarse to very coarse
TKM073-OW,12.4,Granite fractured,grey,hard
TKM074-OW,2.5,Topsoil,black,fine
TKM074-OW,11,Granite highly weathered,greyish black,coarse to very coarse
TKM074-OW,14.9,Granite highly weathered,grey,hard
TKM075-OW,2.5,Topsoil,black,fine
TKM075-OW,10.75,Granite highly weathered,greyish black,coarse to very coarse
TKM075-OW,12.5,Granite fractured,grey,gravel
TKM076-OW,1.5,Topsoil,black,fine
TKM076-OW,7,Granite highly weathered,greyish black,coarse to very coarse
TKM076-OW,8.4,Granite fractured,grey,hard
TKM077-OW,2,Topsoil,black,fine
TKM077-OW,8,Granite highly weathered,greyish black,coarse to very coarse
TKM077-OW,9.5,Gneiss highly weathered,grey,hard
TKM078-OW,2.1,Topsoil,black,fine
TKM078-OW,4.65,Granite highly weathered,greyish black,coarse to very coarse
TKM078-OW,5.45,Granite fractured,grey,hard
TKM079A-OW,3.4,Topsoil,black,fine
TKM079A-OW,5.2,Granite highly weathered,greyish black,coarse to very coarse
TKM079A-OW,9.5,Granite weathered/fractured,grey,hard
TKM080-OW,3,Topsoil,black,fine
TKM080-OW,9,Granite highly weathered,greyish black,coarse to very coarse
TKM080-OW,11,Granite fractured,grey,hard
TKM081-OW,2,Topsoil,black,fine
TKM081-OW,10,Granite highly weathered,greyish black,coarse to very coarse
TKM081-OW,12.8,Granite fractured,grey,hard
TKM082-OW,2.5,Topsoil,black,fine
TKM082-OW,9,Granite highly weathered,greyish black,coarse to very coarse
TKM082-OW,11.2,Granite fractured,grey,gravel
TKM083-OW,2.5,Topsoil,black,fine
TKM083-OW,8.5,Granite highly weathered,greyish black,coarse to very coarse
TKM083-OW,11.2,Granite fractured,grey,hard
TKM084A-OW,2.6,Topsoil,black,coarse
TKM084A-OW,6.8,Granite,grey,fine
TKM084A-OW,10.5,Granite fractured,grey,fine to medium
TKM085A-OW,2.8,Topsoil,black,fine
TKM085A-OW,4.3,Granite highly weathered,greyish black,coarse to very coarse
TKM085A-OW,7.9,Granite weathered/fractured,grey,hard
TKM086-OW,2.5,Topsoil,black,fine
TKM086-OW,9,Granite highly weathered,greyish black,coarse to very coarse
TKM086-OW,10.65,Granite fractured,grey,hard
TKM087-OW,3,Topsoil,black,fine
TKM087-OW,5,Granite highly weathered,greyish black,coarse to very coarse
TKM087-OW,7.5,Granite fractured,grey,hard
TKM088-OW,1.8,Topsoil,black,fine
TKM088-OW,7.5,Granite highly weathered,grey,coarse to very coarse
TKM088-OW,11.15,Granite fractured,greyish black,hard
TKM089-OW,1.5,Topsoil,black,fine
TKM089-OW,9.6,Granite highly weathered,greyish black,coarse to very coarse
TKM089-OW,11.2,Granite fractured,grey,gravel
TKM090-OW,3,Topsoil,black,fine
TKM090-OW,9.5,Granite highly weathered,greyish black,coarse to very coarse
TKM090-OW,11.2,Granite fractured,dull brown,hard
TKM091-OW,2.5,Topsoil,black,fine
TKM091-OW,6.3,Granite highly weathered,greyish black,coarse
TKM091-OW,7.9,Granite fractured,grey,hard
TKM092-OW,2.5,Topsoil,black,fine
TKM092-OW,9.6,Granite highly weathered,greyish black,coarse to very coarse
TKM092-OW,11.4,Granite fractured,grey,hard
TKM093A-OW,5.3,Topsoil,black,fine
TKM093A-OW,7.8,Granite highly weathered,greyish black,coarse to very coarse
TKM093A-OW,14.9,Granite weathered/fractured,grey,hard
TKM094-OW,2.5,Topsoil,black,fine
TKM094-OW,9.300000000000001,Granite highly weathered,greyish black,coarse to very coarse
TKM094-OW,11.2,Granite fractured,grey,hard
TKM095-OW,2.5,Topsoil,black,fine
TKM095-OW,10,Granite highly weathered,greyish black,coarse to very coarse
TKM095-OW,12.1,Granite fractured,grey,hard
TKM096-OW,2.3,Topsoil,black,fine
TKM096-OW,9.75,Granite highly weathered,greyish black,coarse to very coarse
TKM096-OW,12.3,Granite fractured,grey,gravel
TKM097A-OW,3.25,Topsoil,black,fine
TKM097A-OW,4.5,Granite highly weathered,greyish black,coarse to very coarse
TKM097A-OW,9,Granite weathered/fractured,grey,hard
TKM098-OW,1,Topsoil,black,fine
TKM098-OW,9.5,Granite highly weathered,greyish black,coarse to very coarse
TKM098-OW,12.2,Granite fractured,grey,hard
TKM099-OW,2.5,Topsoil,black,fine
TKM099-OW,10,Granite highly weathered,greyish black,coarse to very coarse
TKM099-OW,13.3,Granite fractured,grey,hard
TKM100-OW,2.5,Topsoil,black,fine
TKM100-OW,7.8,Granite highly weathered,greyish black,coarse
TKM100-OW,9.449999999999999,Granite fractured,grey,hard
Panna-PZ-01,3.04,Clay,yellow,fine to medium
Panna-PZ-01,6.08,Clay with interbeds of sand,yellow,fine to medium
Panna-PZ-01,13.8,Sandstone,red,fine
Panna-PZ-01,30,Shale,red,fine
Panna-PZ-02,6,Clay,yellow,fine
Panna-PZ-02,9,Clay with interbeds of sand,yellow,medium
Panna-PZ-02,18,Clay,yellow,fine
Panna-PZ-02,23.5,Clay with interbeds of sand,yellow,medium
Panna-PZ-02,26.5,Sand,yellow,fine to medium
Panna-PZ-02,29,Sand,yellow,medium
Panna-PZ-03,1.5,Clay,yellow,fine
Panna-PZ-03,3,Shale,red,fine
Panna-PZ-03,4.5,Shale,grey,fine to medium
Panna-PZ-03,7.5,Sandstone,brown,fine to medium
Panna-PZ-03,9,Gravel,dull brown,medium to coarse
Panna-PZ-03,10.5,Shale,greyish black,fine to medium
Panna-PZ-03,15,Shale,brown,fine
Panna-PZ-03,16.5,Shale,light brown,fine
Panna-PZ-03,22.5,Shale,grey,fine
Panna-PZ-03,25.5,Shale,reddish brown,fine
Panna-PZ-03,30,Quartzite,dull brown,fine to medium
SIND-001-PZ,2.664,B.C.soil,black,coarse to very coarse
SIND-001-PZ,4.9,Clay with interbeds of sand,yellow,fine
SIND-001-PZ,8.25,Basalt weathered,greyish black,hard
SIND-001-PZ,12,Basalt weathered/fractured,greyish black,medium
SIND-001-PZ,16.5,Basalt hard,greyish black,fine to medium
SIND-001-PZ,25,Basalt hard,greyish black,hard
SIND-001-PZ,26.5,Red bole,red,fine
SIND-001-PZ,28.35,Basalt weathered,greyish black,medium
SIND-001-PZ,30,Basalt fractured,greyish black,
SIND-002-PZ,1.2,B.C.soil,black,very fine
SIND-002-PZ,1.5,Clay with interbeds of sand,yellow,fine to medium
SIND-002-PZ,18,Gravel with thin clay,grey,gravel
SIND-002-PZ,25.3,Basalt hard,black,medium to coarse
SIND-002-PZ,28.05,ash bed,greyish black,fine
SIND-002-PZ,28.65,Red bole,red,fine to medium
SIND-002-PZ,30,Basalt weathered,greyish black,fine to medium
SIND-003-PZ,0.9,B.C.soil,black,very fine
SIND-003-PZ,14.65,Clay with interbeds of sand,yellow,fine
SIND-003-PZ,16.15,Basalt weathered,greyish black,fine to medium
SIND-003-PZ,17.4,Basalt hard,black,medium
SIND-003-PZ,18.6,Basalt weathered,greyish black,fine to medium
SIND-003-PZ,23.5,Basalt fractured,brown,coarse
SIND-003-PZ,29,Basalt hard,greyish black,fine to medium
SIND-003-PZ,33.25,ash bed,dull brown,fine
SIND-003-PZ,38.11,Basalt weathered,greyish black,fine to medium
SIND-004-A-PZ,1.5,B.C.soil,black,very fine
SIND-004-A-PZ,7,Clay with thin gravel layer,yellowish brown,fine to medium
SIND-004-A-PZ,10.05,Basalt weathered,greyish black,fine to medium
SIND-004-A-PZ,19.8,Basalt fractured,greyish black,coarse
SIND-004-A-PZ,21,Basalt hard,black,fine to medium
SIND-004-A-PZ,26.25,Basalt vesicular,greyish black,fine to medium
SIND-004-A-PZ,30,Basalt fractured,greyish black,coarse
SIND-004-B-PZ,2.15,B.C.soil,black,very fine
SIND-004-B-PZ,6,Clay with thin gravel layer,greyish black,fine to medium
SIND-004-B-PZ,9.15,Basalt highly weathered,brown,fine to medium
SIND-004-B-PZ,14.35,Basalt weathered,brown,fine to medium
SIND-004-B-PZ,18.6,Basalt weathered/fractured,brown,medium to coarse
SIND-004-B-PZ,22.85,Basalt hard,black,hard
SIND-004-B-PZ,27.45,Basalt weathered,greyish black,fine to medium
SIND-004-B-PZ,35,Basalt weathered/fractured,grey,medium to coarse
SIND-004-B-PZ,59.45,Basalt hard,black,hard
SIND-004-B-PZ,61.9,Basalt weathered+red bole,reddish brown,fine to medium
SIND-004-B-PZ,64,Basalt vesicular,brown,fine to medium
SIND-004-B-PZ,69.84999999999999,Basalt weathered/fractured,brown,medium to coarse
SIND-004-B-PZ,79.59999999999999,Massive Basalts,brown,hard
SIND-004-B-PZ,93,Basalt vesicular,greyish black,medium
SIND-004-B-PZ,105.5,Basalt fractured,greyish black,coarse
SIND-004-C-PZ,2.15,B.C.soil,black,
SIND-004-C-PZ,5.8,Clay with interbeds of sand,yellowish brown,
SIND-004-C-PZ,10.7,Basalt weathered,greyish black,
SIND-004-C-PZ,19.85,Basalt fractured,brown,
SIND-004-C-PZ,22.75,Basalt hard,black,
SIND-004-C-PZ,26.2,Basalt vesicular+red bole,reddish brown,
SIND-004-C-PZ,31.4,Basalt fractured,brown,
SIND-004-C-PZ,60.35,Massive Basalts,greyish black,
SIND-004-C-PZ,65.55,Basalt vesicular+red bole,reddish brown,
SIND-004-C-PZ,70.09999999999999,Basalt weathered/fractured,greyish black,
SIND-004-C-PZ,73.78,Massive Basalts,black,
SIND-005-PZ,1.5,B.C.soil,black,very fine
SIND-005-PZ,3.05,Clay with thin gravel layer,yellowish brown,fine to medium
SIND-005-PZ,9.15,Clay soft,yellow,very fine
SIND-005-PZ,10.35,Basalt weathered+sand,greyish black,fine to medium
SIND-005-PZ,13.1,Basalt weathered/fractured,brown,medium to coarse
SIND-005-PZ,23.8,Basalt hard,greyish black,hard
SIND-005-PZ,32,Massive Basalts,black,hard
SIND-005-PZ,33.25,Red bole,red,fine to medium
SIND-005-PZ,38.11,Basalt weathered,brown,fine to medium
SIND-006-PZ,2.45,B.C.soil,black,very fine
SIND-006-PZ,9.15,Clay with interbeds of sand,yellow,fine to medium
SIND-006-PZ,11.6,Basalt weathered,brown,fine to medium
SIND-006-PZ,14,Basalt fractured,brown,coarse
SIND-006-PZ,17.4,Basalt fractured,brown,coarse
SIND-006-PZ,23.8,Basalt hard,black,hard
SIND-006-PZ,27.45,Basalt weathered,brown,fine to medium
SIND-006-PZ,31.4,Basalt weathered,brown,fine to medium
SIND-007-PZ,0.9,Clay,yellow,fine
SIND-007-PZ,13.4,Clay with interbeds of sand,yellow,very fine
SIND-007-PZ,15.85,Basalt hard,greyish black,fine
SIND-007-PZ,21.35,Massive Basalts,black,fine
SIND-007-PZ,25,Basalt fractured,brown,coarse
SIND-007-PZ,29.9,Basalt hard,black,hard
SIND-007-PZ,36.3,Massive Basalts,black,hard
SIND-007-PZ,39.63,Basalt vesicular,greyish black,fine to medium
SIND-008-PZ,1.8,B.C. Soil,black,very fine
SIND-008-PZ,2.75,Clay with interbeds of sand,yellow,fine
SIND-008-PZ,9.15,Basalt weathered,brown,fine to medium
SIND-008-PZ,14,Basalt fractured,brown,coarse
SIND-008-PZ,18.6,Basalt hard,black,hard
SIND-008-PZ,26.2,Basalt hard,black,hard
SIND-008-PZ,32.3,Basalt weathered,brown,fine to medium
SIND-008-PZ,34.45,Basalt fractured,brown,coarse
SIND-008-PZ,37.2,Massive Basalts,black,hard
SIND-009-PZ,1.8,B.C.soil,black,very fine
SIND-009-PZ,8.550000000000001,Clay with interbeds of sand,yellowish brown,fine
SIND-009-PZ,13.1,Clay with interbeds of sand,yellowish brown,fine
SIND-009-PZ,15.55,Clay with interbeds of sand,yellow,fine to medium
SIND-009-PZ,16.45,Clay with thin gravel layer,greyish black,coarse
SIND-009-PZ,22.85,Basalt fractured,brown,hard
SIND-009-PZ,25.6,Massive Basalts,black,fine to medium
SIND-009-PZ,26.2,Red bole,red,fine to medium
SIND-009-PZ,28.65,Basalt weathered,brown,fine to medium
SIND-009-PZ,31.7,Basalt fractured,greyish black,coarse
SIND-009-PZ,39.3,Basalt hard,black,hard
SIND-009-PZ,43,Basalt vesicular,brown,fine to medium
SIND-009-PZ,48.2,Basalt vesicular,black,fine to medium
SIND-010-PZ,0.6,B.C.soil,black,very fine
SIND-010-PZ,5.2,Basalt weathered,greyish black,fine to medium
SIND-010-PZ,11.6,Basalt fractured,greyish black,coarse
SIND-010-PZ,14.65,Basalt hard,greyish black,hard
SIND-010-PZ,16.15,Basalt weathered,greyish black,fine to medium
SIND-010-PZ,18.9,Basalt weathered,greyish black,fine to medium
SIND-010-PZ,25.9,Basalt fractured,dull brown,coarse
SIND-010-PZ,28.95,Massive Basalts,dull brown,hard
SIND-010-PZ,33.85,Massive Basalts,dull brown,hard
SIND-011-PZ,0.6,B.C.soil,black,very fine
SIND-011-PZ,1.8,Basalt highly weathered,dull brown,fine
SIND-011-PZ,5.2,Basalt weathered,dull brown,fine to medium
SIND-011-PZ,8.85,Basalt fractured,greyish black,coarse
SIND-011-PZ,13.4,Basalt hard,greyish black,hard
SIND-011-PZ,14.65,Basalt weathered +red bole,reddish brown,fine to medium
SIND-011-PZ,22.55,Basalt vesicular,brown,fine to medium
SIND-011-PZ,25.9,Basalt fractured,brown,coarse
SIND-011-PZ,33.85,Massive Basalts,black,hard
SIND-012-PZ,1.8,B.C. Soil,black,very fine
SIND-012-PZ,3.65,Clay,yellow,very fine
SIND-012-PZ,15.85,Clay with interbeds of sand,yellow,fine
SIND-012-PZ,16.8,Basalt weathered +sand+gravel,greyish black,fine to medium
SIND-012-PZ,19.2,Basalt fractured,brown,coarse
SIND-012-PZ,21.35,ash bed,greyish black,fine to medium
SIND-012-PZ,28.65,Basalt vesicular,brown,fine to medium
SIND-012-PZ,33.85,Basalt fractured,brown,coarse
SIND-012-PZ,38.4,Massive Basalts,brown,hard
SIND-013-PZ,1.2,B.C. Soil,black,fine
SIND-013-PZ,8.85,Clay with interbeds of sand,yellow,fine
SIND-013-PZ,13.4,Clay with interbeds of sand,yellow,fine
SIND-013-PZ,14,Basalt weathered +sand+gravel,greyish black,fine to medium
SIND-013-PZ,16.75,Basalt fractured,greyish black,coarse
SIND-013-PZ,18.3,Basalt hard,black,hard
SIND-013-PZ,20.1,Red bole,red,fine to medium
SIND-013-PZ,25.9,Basalt vesicular,brown,fine to medium
SIND-013-PZ,32,Basalt fractured,brown,coarse
SIND-013-PZ,38.4,Massive Basalts,black,hard
SIND-014-PZ,0.9,B.C.soil,black,very fine
SIND-014-PZ,7.3,Clay with thin gravel layer,yellowish brown,fine to medium
SIND-014-PZ,8.25,Basalt weathered,greyish black,fine to medium
SIND-014-PZ,12.2,Basalt fractured,greyish black,coarse
SIND-014-PZ,18.3,Basalt hard,black,hard
SIND-014-PZ,19.8,Red bole,red,fine to medium
SIND-014-PZ,24.4,Basalt weathered,brown,fine to medium
SIND-014-PZ,28.55,Basalt fractured,greyish black,coarse
SIND-014-PZ,37.5,Basalt hard,black,hard
SIND-014-PZ,38.4,Red bole,red,fine to medium
SIND-014-PZ,41.15,Basalt vesicular,greyish black,fine to medium
SIND-014-PZ,43.3,Basalt fractured,brown,coarse
SIND-014-PZ,48.2,Massive Basalts,black,hard
SIND-015-PZ,0.9,B.C. Soil,black,very fine
SIND-015-PZ,4,Clay with interbeds of sand,yellowish brown,fine
SIND-015-PZ,6.4,Basalt weathered,greyish black,fine to medium
SIND-015-PZ,7.95,Basalt fractured,greyish black,coarse
SIND-015-PZ,12.2,Basalt hard,black,hard
SIND-015-PZ,13.1,Red bole,red,fine to medium
SIND-015-PZ,18.3,Basalt weathered,greyish black,fine to medium
SIND-015-PZ,22.55,Basalt fractured,brown,coarse
SIND-015-PZ,37.5,Basalt hard,black,hard
SIND-015-PZ,38.4,Red bole,red,fine to medium
SIND-016-PZ,1.85,B.C. Soil,black,very fine
SIND-016-PZ,14.65,Clay with interbeds of sand,yellow,fine
SIND-016-PZ,19.2,Clay with interbeds of sand,yellow,fine
SIND-016-PZ,20.75,Clay with interbeds of sand,yellowish brown,fine
SIND-016-PZ,23.2,Basalt hard,black,hard
SIND-016-PZ,25,Red bole,red,fine to medium
SIND-016-PZ,28,Basalt weathered,brown,fine to medium
SIND-016-PZ,33.85,Basalt weathered/fractured,brown,medium to coarse
SIND-016-PZ,38.4,Basalt hard,black,hard
SIND-017-PZ,2.45,B.C.soil,black,very fine
SIND-017-PZ,9.75,Clay with interbeds of sand,yellowish brown,fine
SIND-017-PZ,11.75,Gravel with sand,light brown,fine to medium
SIND-017-PZ,13.4,Basalt weathered,brown,medium to coarse
SIND-017-PZ,17.7,Basalt weathered/fractured,brown,medium to coarse
SIND-017-PZ,25,Basalt hard,black,hard
SIND-017-PZ,29,Basalt weathered,brown,fine to medium
SIND-017-PZ,33.85,Basalt vesicular,brown,fine to medium
SIND-017-PZ,38.4,Massive Basalts,black,hard
SIND-018-PZ,1.85,B.C.soil,black,very fine
SIND-018-PZ,4.85,Basalt weathered,brown,fine to medium
SIND-018-PZ,8,jointed,greyish black,coarse
SIND-018-PZ,12.8,Basalt hard,black,hard
SIND-018-PZ,19.2,Basalt weathered,greyish black,fine to medium
SIND-018-PZ,24,Basalt weathered/fractured,brown,medium to coarse
SIND-018-PZ,38.4,Basalt hard,black,hard
SIND-018-PZ,43.3,Basalt weathered,greyish black,fine to medium
SIND-019-A-PZ,1.85,Topsoil,black,fine
SIND-019-A-PZ,6,Clay with thin gravel layer,yellow,fine to medium
SIND-019-A-PZ,7.65,Clay with interbeds of sand,yellow,fine to medium
SIND-019-A-PZ,10,Basalt weathered/fractured,brown,medium to coarse
SIND-019-A-PZ,12.7,Basalt weathered,greyish black,fine to medium
SIND-019-A-PZ,14.65,Basalt vesicular,greyish black,fine to medium
SIND-019-A-PZ,21.95,Basalt weathered/fractured,greyish black,medium to coarse
SIND-019-A-PZ,26.5,Basalt fractured,brown,coarse
SIND-019-A-PZ,33.85,Basalt hard,black,hard
SIND-019-B-PZ,3.35,Topsoil,black,fine
SIND-019-B-PZ,7.62,Clay with interbeds of sand,yellowish brown,fine
SIND-019-B-PZ,9.75,Basalt highly weathered,dull brown,fine to medium
SIND-019-B-PZ,14.65,Basalt weathered,brown,fine to medium
SIND-019-B-PZ,27.45,Basalt weathered/fractured,greyish black,fine to medium
SIND-019-B-PZ,36.6,Massive Basalts,black,hard
SIND-019-B-PZ,48.6,Basalt vesicular,greyish black,fine to medium
SIND-019-B-PZ,55.75,Basalt fractured,dull brown,coarse
SIND-019-B-PZ,58.73,Basalt hard,black,hard
SIND-019-B-PZ,86.3,Basalt hard,black,hard
SIND-019-B-PZ,91.45,Basalt weathered,brown,fine to medium
SIND-019-B-PZ,94.2,Basalt fractured,greyish black,coarse
SIND-019-B-PZ,94.81999999999999,Massive Basalts,black,hard
SIND-019-C-PZ,2.45,Topsoil,black,very fine
SIND-019-C-PZ,6.7,Clay with interbeds of sand,yellowish brown,fine
SIND-019-C-PZ,9.6,Basalt highly weathered,greyish black,fine to medium
SIND-019-C-PZ,15.25,Basalt weathered,brown,fine to medium
SIND-019-C-PZ,30,Basalt weathered/fractured,brown,fine to medium
SIND-019-C-PZ,36.9,Basalt hard,black,hard
SIND-019-C-PZ,46.05,Basalt vesicular,greyish black,fine to medium
SIND-019-C-PZ,50.6,Basalt vesicular,greyish black,fine to medium
SIND-019-C-PZ,59.75,Basalt weathered/fractured,brown,fine to medium
SIND-019-C-PZ,62.5,Massive Basalts,black,hard
SIND-020-PZ,1.5,Topsoil,black,very fine
SIND-020-PZ,7.65,Clay soft,yellow,very fine
SIND-020-PZ,9.75,Clay with interbeds of sand,yellow,fine
SIND-020-PZ,11.5,Basalt weathered,greyish black,fine to medium
SIND-020-PZ,15.25,Basalt fractured,greyish black,coarse
SIND-020-PZ,20.5,Basalt weathered/fractured,greyish black,fine to medium
SIND-020-PZ,33.85,Massive Basalts,black,hard
SIND-021-PZ,0.9,Topsoil,black,very fine
SIND-021-PZ,1.85,Clay with thin gravel layer,yellow,fine to medium
SIND-021-PZ,4.9,Basalt weathered,brown,fine to medium
SIND-021-PZ,8,Basalt weathered/fractured,brown,fine to medium
SIND-021-PZ,11.6,Basalt hard,greyish black,hard
SIND-021-PZ,12.5,Red bole,red,fine to medium
SIND-021-PZ,19.2,Basalt weathered,brown,fine to medium
SIND-021-PZ,24.1,Basalt weathered/fractured,brown,fine to medium
SIND-021-PZ,41.15,Basalt hard,black,hard
SIND-021-PZ,48.15,Basalt weathered,brown,fine to medium
SIND-021-PZ,52.75,Basalt fractured,brown,coarse
SIND-022-PZ,0.9,Basalt highly weathered,brown,fine to medium
SIND-022-PZ,14.65,Basalt fractured,brown,coarse
SIND-022-PZ,18.3,Basalt hard,black,hard
SIND-022-PZ,24,Basalt vesicular,greyish black,fine to medium
SIND-022-PZ,29,Basalt weathered,brown,fine to medium
SIND-022-PZ,33.85,Basalt hard,black,hard
SIND-023-PZ,0.9,Topsoil,black,very fine
SIND-023-PZ,4,Basalt weathered,brown,fine to medium
SIND-023-PZ,15,Basalt fractured,brown,coarse
SIND-023-PZ,25,Basalt hard,black,hard
SIND-023-PZ,26.5,Red bole,red,fine to medium
SIND-023-PZ,32,Basalt weathered,greyish black,fine to medium
SIND-023-PZ,36.5,Basalt weathered,brown,fine to medium
SIND-023-PZ,38.4,Basalt hard,black,hard
SIND-024-PZ,2.5,Basalt weathered,brown,fine to medium
SIND-024-PZ,4.6,Basalt vesicular,brown,fine to medium
SIND-024-PZ,6.1,Basalt weathered,greyish black,fine to medium
SIND-024-PZ,9.75,Basalt vesicular,brown,fine to medium
SIND-024-PZ,13.4,Basalt weathered/fractured,brown,fine to medium
SIND-024-PZ,22,Basalt hard,black,hard
SIND-024-PZ,27.45,Basalt vesicular,brown,fine to medium
SIND-024-PZ,32,Basalt fractured,brown,coarse
SIND-024-PZ,37.8,Basalt hard,black,hard
SIND-024-PZ,38.4,Red bole,red,fine to medium
SIND-025-PZ,2.45,B.C.soil,black,very fine
SIND-025-PZ,5.5,Clay with interbeds of sand,yellow,fine
SIND-025-PZ,8,jointed basalt,greyish black,fine to medium
SIND-025-PZ,14.65,Basalt hard,black,hard
SIND-025-PZ,19.2,Massive Basalts,greyish black,hard
SIND-025-PZ,22.85,red bole +vecicular basalt,reddish brown,fine to medium
SIND-025-PZ,26,Basalt weathered/fractured,greyish black,fine to medium
SIND-025-PZ,32,Basalt weathered,brown,fine to medium
SIND-025-PZ,38.4,Massive Basalts,black,hard
SIND-026-PZ,2.15,B.C.soil,black,very fine
SIND-026-PZ,6.15,Clay,yellow,very fine
SIND-026-PZ,9.75,Gravel,greyish black,gravel
SIND-026-PZ,11.9,Basalt weathered/fractured,greyish black,fine to medium
SIND-026-PZ,12.8,Basalt highly weathered,brown,fine to medium
SIND-026-PZ,17,Basalt weathered,brown,fine to medium
SIND-026-PZ,27,Basalt weathered/fractured,dull brown,fine to medium
SIND-026-PZ,43.3,Basalt hard,black,hard
SIND-026-PZ,48.15,Basalt weathered,greyish black,fine to medium
SIND-027-PZ,2,Topsoil,black,very fine
SIND-027-PZ,10.65,Clay with interbeds of sand,yellow,fine
SIND-027-PZ,11.85,Gravel with sand,yellowish brown,gravel
SIND-027-PZ,14.65,Basalt hard,black,hard
SIND-027-PZ,16.65,Basalt weathered,brown,fine to medium
SIND-027-PZ,24,Basalt weathered/fractured,brown,medium
SIND-027-PZ,33.85,Massive Basalts,black,hard
SIND-027-PZ,38.4,Massive Basalts,black,hard
SIND-027-PZ,43.3,Basalt weathered,brown,fine to medium
SIND-028-PZ,1.8,B.C.soil,black,very fine
SIND-028-PZ,5.15,Clay with thin gravel layer,yellow,fine to medium
SIND-028-PZ,10.65,Clay with interbeds of sand,yellow,fine to medium
SIND-028-PZ,15,Basalt weathered,brown,fine to medium
SIND-028-PZ,19.8,Basalt fractured,brown,coarse
SIND-028-PZ,24,Basalt hard,black,hard
SIND-028-PZ,33.85,Massive Basalts,greyish black,hard
SIND-028-PZ,38.4,Basalt weathered,brown,fine to medium
SIND-029-PZ,1.8,B.C.soil,black,sorted
SIND-029-PZ,10,Clay with thin gravel layer,yellow,fine to medium
SIND-029-PZ,12.8,Gravel with sand,yellowish brown,gravel
SIND-029-PZ,16.75,Basalt weathered,brown,fine to medium
SIND-029-PZ,23,Basalt fractured,brown,coarse
SIND-029-PZ,33.85,Basalt hard,black,hard
SIND-030-PZ,1.2,B.C.soil,black,very fine
SIND-030-PZ,9,Clay with thin gravel layer,yellow,fine to medium
SIND-030-PZ,10.35,Gravel with sand,yellowish brown,gravel
SIND-030-PZ,12.8,Basalt weathered,brown,fine to medium
SIND-030-PZ,14.65,Basalt fractured,greyish black,coarse
SIND-030-PZ,18,Basalt hard,black,hard
SIND-030-PZ,20.75,Basalt weathered +red bole,reddish brown,fine to medium
SIND-030-PZ,24,Basalt fractured,greyish black,coarse
SIND-030-PZ,33.85,Basalt hard,black,hard
SIND-031-PZ,0.6,Topsoil,black,very fine
SIND-031-PZ,1.8,Basalt weathered,greyish black,fine to medium
SIND-031-PZ,5.8,Basalt weathered/fractured,brown,fine to medium
SIND-031-PZ,20.75,Basalt hard,black,hard
SIND-031-PZ,32,Basalt fractured,brown,coarse
SIND-031-PZ,37.8,Massive Basalts,black,gravel
SIND-031-PZ,38.4,Red bole,red,fine to medium
SIND-031-PZ,22222,Basalt vesicular,dull brown,fine to medium
SIND-032-PZ,8.25,Clay with interbeds of sand,yellow,fine
SIND-032-PZ,10,Sandstone hard,brown,medium to coarse
SIND-032-PZ,11.3,Clay with interbeds of sand,dull brown,fine to medium
SIND-032-PZ,11.5,Clay,black,very fine
SIND-032-PZ,17.7,Basalt highly weathered,greyish black,fine to medium
SIND-032-PZ,24,Basalt vesicular,dull brown,coarse to very coarse
SIND-032-PZ,29,Basalt weathered,dull brown,medium
SIND-032-PZ,33.85,Basalt fractured,light brown,gravel
SIND-032-PZ,38.4,Basalt,greyish black,medium to coarse
SIND-033-PZ,1.8,B.C.soil,black,very fine
SIND-033-PZ,7.6,Clay with thin gravel layer,yellow,fine to medium
SIND-033-PZ,11.3,Clay with interbeds of sand,yellow,fine
SIND-033-PZ,13.4,Gravel with sand,yellow,gravel
SIND-033-PZ,14.65,Gravel with thin clay,yellow,gravel
SIND-033-PZ,17.4,Basalt highly weathered,brown,fine to medium
SIND-033-PZ,19.2,Basalt fractured,brown,coarse
SIND-033-PZ,22.5,Basalt hard,black,hard
SIND-033-PZ,26.5,Basalt vesicular,dull brown,fine to medium
SIND-033-PZ,29,Basalt fractured,brown,coarse
SIND-033-PZ,33.85,Massive Basalts,black,hard
SIND-034-PZ,2.15,B.C.soil,black,very fine
SIND-034-PZ,6.4,Clay,yellow,very fine
SIND-034-PZ,8.550000000000001,Gravel with sand,yellow,gravel
SIND-034-PZ,10.65,Clay with thin gravel layer,yellow,fine to medium
SIND-034-PZ,13.75,Basalt highly weathered,greyish black,fine to medium
SIND-034-PZ,17.05,Basalt weathered +red bole,reddish brown,fine to medium
SIND-034-PZ,18.3,Basalt fractured,greyish black,coarse
SIND-034-PZ,19.2,Red bole +weathered basalt,reddish brown,fine to medium
SIND-034-PZ,25.3,Basalt weathered,greyish black,fine to medium
SIND-034-PZ,31.1,Basalt fractured,greyish black,coarse
SIND-034-PZ,38.4,Basalt hard,black,hard
SIND-035-NEW,13.72,yellow sandy soil,yellow,regular
SIND-035-NEW,18.3,Gneiss fractured,yellow,regular
SIND-035-NEW,19.82,bolder,black,uneven
SIND-035-NEW,20.75,Red bole,red,regular
SIND-035-NEW,22,Basalt weathered,greyish black,subheadrd
SIND-035-NEW,35,Massive Basalts,black,subheadrd
SIND-035-NEW,45.15,Massive Basalts,black,sucheadrd
SIND-035-NEW,48.8,Massive Basalts,black,subheadrd
SIND-035-NEW,53.4,Basalt weathered,green,subheadrd
SIND-035-PZ,0.9,Topsoil,black,very fine
SIND-035-PZ,6,Clay with interbeds of sand,yellow,fine to medium
SIND-035-PZ,8.85,Clay with interbeds of sand,yellow,fine to medium
SIND-035-PZ,11.6,Basalt hard,black,hard
SIND-035-PZ,12.8,Red bole,red,fine to medium
SIND-035-PZ,17.1,Basalt weathered,brown,fine to medium
SIND-035-PZ,26.5,Basalt weathered/fractured,brown,medium to coarse
SIND-035-PZ,38.4,Basalt hard,black,hard
SIND-036-PZ,1.5,Vesicular Basalts,brown,medium to coarse
SIND-036-PZ,5,Basalt fractured,brown,medium to coarse
SIND-036-PZ,6,Basalt hard,black,fine to medium
SIND-036-PZ,15,Basalt weathered,dull brown,coarse
SIND-036-PZ,20.75,Basalt fractured,greyish black,coarse to very coarse
SIND-036-PZ,54.6,Basalt hard,greyish black,fine
SIND-036-PZ,55.2,Red bole,red,fine
SIND-036-PZ,59.45,Basalt weathered,dull brown,fine to medium
SIND-036-PZ,63.41,Basalt weathered,brown,medium to coarse
SIND-037-PZ,0.6,Topsoil,black,very fine
SIND-037-PZ,3,Basalt weathered,brown,fine to medium
SIND-037-PZ,9.75,jointed basald,greyish black,coarse
SIND-037-PZ,23.8,Massive Basalts,black,hard
SIND-037-PZ,29,Basalt weathered,brown,fine
SIND-037-PZ,35,Basalt weathered/fractured,brown,medium to coarse
SIND-037-PZ,38.4,Massive Basalts,black,hard
SIND-038-PZ,1.5,Topsoil,black,very fine
SIND-038-PZ,3.65,Basalt highly weathered,greyish black,fine to medium
SIND-038-PZ,4.6,Basalt weathered,greyish black,fine
SIND-038-PZ,6.1,Basalt weathered/fractured,greyish black,medium
SIND-038-PZ,16.8,Basalt hard,brown,hard
SIND-038-PZ,18,Red bole,red,fine to medium
SIND-038-PZ,24,Basalt weathered,greyish black,fine to medium
SIND-038-PZ,33.55,Basalt fractured,greyish black,coarse
SIND-038-PZ,38.7,Basalt hard,black,hard
SIND-039-A-PZ,0.61,B.C.soil,black,very fine
SIND-039-A-PZ,2.15,Basalt weathered,greyish black,fine to medium
SIND-039-A-PZ,6.1,Basalt weathered/fractured,greyish black,medium
SIND-039-A-PZ,9.15,Basalt hard,black,hard
SIND-039-A-PZ,14,Basalt weathered,brown,fine to medium
SIND-039-A-PZ,28.65,Basalt vesicular,brown,fine to medium
SIND-039-A-PZ,33.15,Basalt weathered/fractured,brown,medium
SIND-039-A-PZ,45.15,Basalt hard,black,hard
SIND-039-A-PZ,50.6,Basalt vesicular,brown,fine to medium
SIND-039-A-PZ,55.2,Basalt weathered/fractured,greyish black,medium
SIND-039-A-PZ,64.65000000000001,Massive Basalts,black,hard
SIND-039-B-PZ,0.6,B.C.soil,black,very fine
SIND-039-B-PZ,1.85,Basalt weathered,brown,fine to medium
SIND-039-B-PZ,4.9,Basalt weathered/fractured,greyish black,medium
SIND-039-B-PZ,7.95,Basalt hard,black,hard
SIND-039-B-PZ,11.6,Basalt weathered,brown,fine to medium
SIND-039-B-PZ,27.75,Basalt vesicular,brown,fine to medium
SIND-039-B-PZ,35.05,Basalt fractured,brown,coarse
SIND-039-B-PZ,46.05,Basalt hard,black,hard
SIND-039-B-PZ,50.6,Basalt vesicular,brown,fine to medium
SIND-039-B-PZ,53.35,Basalt fractured,brown,coarse
SIND-039-B-PZ,78.05,Massive Basalts,black,hard
SIND-039-B-PZ,106.4,Massive Basalts,black,hard
SIND-039-B-PZ,108.55,Basalt highly weathered,brown,fine to medium
SIND-039-B-PZ,110.35,Basalt weathered,greyish black,fine to medium
SIND-039-B-PZ,114.65,Basalt fractured,greyish black,coarse
SIND-039-B-PZ,117.38,Massive Basalts,black,hard
SIND-040-PZ,0.9,B.C. Soil,black,very fine
SIND-040-PZ,1.85,Basalt weathered,greyish black,fine to medium
SIND-040-PZ,6.7,Basalt weathered/fractured,brown,medium
SIND-040-PZ,8.85,Basalt hard,black,hard
SIND-040-PZ,9.75,Basalt weathered,greyish black,fine to medium
SIND-040-PZ,17.4,Basalt vesicular,brown,fine to medium
SIND-040-PZ,22.85,Basalt weathered/fractured,brown,medium
SIND-040-PZ,32.6,Basalt fractured,brown,coarse
SIND-040-PZ,35,Basalt hard,black,hard
SIND-040-PZ,45.75,Massive Basalts,black,hard
SIND-040-PZ,49.1,Basalt fractured,brown,coarse
SIND-040-PZ,51.85,Basalt fractured,brown,coarse
SIND-040-PZ,60.06,Massive Basalts,black,hard
SIND-34-PTW-NEW,5,Black cotton soil,black,fine
SIND-34-PTW-NEW,7.6,yellow sandy soil,yellow,fine
SIND-34-PTW-NEW,12,Basalt weathered,greyish black,medium
SIND-34-PTW-NEW,25.9,Massive Basalts,black,medium
SIND-34-PTW-NEW,27.45,Red bole,red,fine
SIND-34-PTW-NEW,30,Basalt weathered,black,medium
SIND-34-PTW-NEW,39,Massive Basalts,black,medium
SIND-34-PTW-NEW,41.15,Basalt weathered,greyish black,medium
SIND-34-PTW-NEW,44.8,Massive Basalts,black,medium
SIND-PTW 38-PZ,1.5,BLACK COTTON,black,fine
SIND-PTW 38-PZ,7.1,YELLOW SANDY SOIL,yellow,medium
SIND-PTW 38-PZ,8.15,Clay soft,grey,medium
SIND-PTW 38-PZ,10.7,Basalt weathered,greyish black,medium
SIND-PTW 38-PZ,12.12,JOINT BASALT,black,fine
SIND-PTW 38-PZ,19,Massive Basalts,black,fine
SIND-PTW 38-PZ,20.2,Red bole,red,fine
SIND-PTW 38-PZ,32.36,Basalt weathered,grey,medium
SIND-PTW 38-PZ,33.35,Massive Basalts,black,medium
SIND-PTW-01 NEW,2,black cotton soil,black,fine
SIND-PTW-01 NEW,5,yellow sandy soil,yellow,fine
SIND-PTW-01 NEW,8.5,Basalt weathered,greyish black,medium
SIND-PTW-01 NEW,12,Basalt fractured,black,medium
SIND-PTW-01 NEW,28.5,Massive Basalts,black,medium
SIND-PTW-01 NEW,32,Massive Basalts,black,medium
SIND-PTW-01 NEW,35.1,Basalt weathered,greyish black,medium
SIND-PTW-01 NEW,36.1,Massive Basalts,black,medium
SIND-PTW-07,0.55,Black cotton soil,black,fine
SIND-PTW-07,4,Basalt weathered,greyish black,medium
SIND-PTW-07,12,Massive Basalts,black,fine to medium
SIND-PTW-07,24,Basalt weathered,black,medium
SIND-PTW-07,30,Massive Basalts,black,medium
SIND-PTW-07,34,Massive Basalts,black,medium
SIND-PTW-07,40,Basalt weathered,greyish black,medium
SIND-PTW-07,42.68,Massive Basalts,black,medium
SIND-PTW-18,0.3,Black cotton soil,black,fine
SIND-PTW-18,13.2,Basalt weathered,greyish black,medium
SIND-PTW-18,14.35,Red bole,red,fine
SIND-PTW-18,15.5,Basalt weathered,grey,medium
SIND-PTW-18,45,Massive Basalts,black,medium
SIND-PTW-18,48,Basalt weathered,greyish black,medium
SIND-PTW-18,50.2,Basalt hard,black,medium
SIND-PTW-21-NEW,0.9,Black cotton soil,black,fine
SIND-PTW-21-NEW,3,Basalt highly weathered,dull brown,medium
SIND-PTW-21-NEW,6.7,Basalt weathered,greyish black,medium
SIND-PTW-21-NEW,11,Massive Basalts,black,medium
SIND-PTW-21-NEW,15,Basalt vesicular,greyish black,medium
SIND-PTW-21-NEW,23,Basalt weathered,greyish black,medium
SIND-PTW-21-NEW,30,Basalt fractured,black,medium
SIND-PTW-21-NEW,36,Massive Basalts,black,medium
SIND-PTW-21-NEW,39,Basalt weathered,greyish black,medium
SIND-PTW-21-NEW,41.55,Massive Basalts,black,medium
Chhat.008-PZ,1,Topsoil,yellow,coarse
Chhat.008-PZ,7,Topsoil,yellow,coarse
Chhat.008-PZ,10,Topsoil,reddish brown,coarse to very coarse
Chhat.008-PZ,12.5,Granite fractured,brown,fine to medium
Chhat.008-PZ,17,Granite hard,brown,fine to medium
Chhat.008-PZ,22,Granite,brown,fine to medium
Chhat.008-PZ,30,Granite hard,brown,fine to medium
Chhat001-PZ,6,Basalt highly weathered,black,fine
Chhat001-PZ,15,Clay,yellowish brown,medium
Chhat001-PZ,21.5,Gravel,reddish brown,medium
Chhat001-PZ,37.5,Intertrappean,reddish brown,medium
Chhat002-PZ,9,Clay,yellowish brown,coarse
Chhat002-PZ,15,Laterite,brown,coarse
Chhat002-PZ,22.7,Gravel,brown,coarse
Chhat002-PZ,42,Laterite,brown,medium
Chhat002-PZ,45,Laterite,brown,medium
Chhat003-PZ,4.5,Granite weathered/fractured,reddish brown,medium
Chhat003-PZ,11.3,Granite weathered/fractured,yellow,medium
Chhat003-PZ,22.2,Granite fractured,reddish brown,medium
Chhat003-PZ,26.7,Granite hard,reddish brown,fine
Chhat003-PZ,32.7,Granite hard,grey,fine
Chhat003-PZ,44.6,Granite hard,reddish brown,fine
Chhat004-PZ,1.5,Clay with interbeds of sand,brown,coarse
Chhat004-PZ,13,Granite weathered,reddish brown,coarse
Chhat004-PZ,25.3,Granite weathered/fractured,reddish brown,medium
Chhat004-PZ,31.3,Granite,reddish brown,medium
Chhat004-PZ,36,Granite weathered,reddish brown,fine
Chhat005-PZ,9,Granite weathered,reddish brown,medium
Chhat005-PZ,11.6,Granite fractured,reddish brown,medium
Chhat005-PZ,14.9,Granite fractured,reddish brown,medium
Chhat005-PZ,20.9,Granite weathered/fractured,reddish brown,fine
Chhat005-PZ,47.8,Granite hard,reddish brown,fine
Chhat006-PZ,3,Topsoil,black,medium
Chhat006-PZ,7.5,Topsoil,yellowish brown,medium
Chhat006-PZ,13.5,Clay,yellow,medium
Chhat006-PZ,16.5,Granite weathered,grey,medium
Chhat006-PZ,20,Granite fractured,grey,medium
Chhat006-PZ,29,Granite,reddish brown,fine
Chhat006-PZ,40.2,Granite hard,reddish brown,fine
Chhat007-PZ,5,Topsoil,grey,fine
Chhat007-PZ,7,Granite weathered,light brown,medium to coarse
Chhat007-PZ,10,Granite hard,light brown,medium to coarse
Chhat007-PZ,12,Granite hard,light brown,medium to coarse
Chhat007-PZ,15,Granite hard,light brown,medium to coarse
Chhat007-PZ,30,Granite hard,light brown,medium to coarse
BPL001-OW,3,Topsoil,black,fine
BPL001-OW,7.7,Basalt highly weathered,greyish black,coarse to very coarse
BPL001-OW,10.1,Basalt weathered/fractured,grey,hard
BPL002-OW,3,Topsoil,black,fine
BPL002-OW,6.8,Basalt highly weathered,greyish black,coarse to very coarse
BPL003-OW,2,Topsoil,black,fine
BPL003-OW,5.3,Basalt highly weathered,grey,coarse to very coarse
BPL003-OW,8.5,Basalt fractured,greyish black,hard
BPL004-OW,2,Topsoil,greyish black,fine
BPL004-OW,4.4,Basalt highly weathered,grey,coarse to very coarse
BPL004-OW,7.35,Basalt fractured,greyish black,hard
BPL005-OW,3,Topsoil,black,fine
BPL005-OW,6.45,Basalt highly weathered,grey,coarse to very coarse
BPL005-OW,10.45,Basalt fractured,greyish black,hard
BPL006A-OW,2.5,Topsoil,black,fine
BPL006A-OW,6,Basalt highly weathered,greyish black,coarse to very coarse
BPL006A-OW,11.3,Basalt hard,grey,hard
BPL007A-OW,3,Topsoil,black,fine
BPL007A-OW,5.9,Basalt highly weathered,brown,coarse to very coarse
BPL007A-OW,10.7,Basalt weathered/fractured,greyish black,hard
BPL008A-OW,3,Topsoil,black,fine
BPL008A-OW,10.1,Basalt highly weathered,greyish black,coarse to very coarse
BPL009-OW,3,Topsoil,brown,fine
BPL009-OW,8.1,Sandstone highly weathered,reddish brown,medium to coarse
BPL009-OW,9,Sandstone fractured,red,hard
BPL010A-OW,2,Topsoil,black,fine
BPL010A-OW,4.3,Basalt highly weathered,grey,coarse to very coarse
BPL010A-OW,15.5,Basalt weathered/fractured,greyish black,hard
BPL011A-OW,3,Topsoil,black,fine
BPL011A-OW,7.1,Basalt highly weathered,dull brown,coarse to very coarse
BPL011A-OW,8.699999999999999,Basalt fractured,greyish black,hard
BPL012A-OW,3,Topsoil,black,fine
BPL012A-OW,8.699999999999999,Basalt highly weathered,dull brown,coarse to very coarse
BPL012A-OW,13.2,Basalt weathered/fractured,greyish black,hard
BPL013-OW,3,Topsoil,black,fine
BPL013-OW,6.5,Basalt highly weathered,grey,coarse to very coarse
BPL013-OW,7.65,Basalt fractured,greyish black,hard
BPL014A-OW,2,Topsoil,black,fine
BPL014A-OW,5.95,Basalt highly weathered,grey,coarse to very coarse
BPL014A-OW,13.45,Basalt fractured,greyish black,hard
BPL015-OW,2.5,Topsoil,black,fine
BPL015-OW,6.1,Basalt highly weathered,grey,coarse to very coarse
BPL015-OW,7.95,Basalt fractured,grey,gravel
BPL016A-OW,2.5,Topsoil,black,fine
BPL016A-OW,6.05,Basalt highly weathered,greyish black,coarse to very coarse
BPL016A-OW,6.9,Basalt hard,grey,hard
BPL017A-OW,2,Topsoil,black,fine
BPL017A-OW,4,Basalt highly weathered,dull brown,coarse to very coarse
BPL017A-OW,8.1,Basalt fractured,greyish black,coarse to very coarse
BPL018-OW,3,Topsoil,greyish black,fine
BPL018-OW,5.24,Basalt highly weathered,grey,coarse to very coarse
BPL019-OW,2.5,Topsoil,black,fine
BPL019-OW,5.9,Basalt highly weathered,greyish black,coarse to very coarse
BPL019-OW,11.95,Basalt fractured,greyish black,hard
BPL020A-OW2016,3,Topsoil,brown,fine
BPL020A-OW2016,8.6,Sandstone weathered,reddish brown,coarse to very coarse
BPL021A-OW,3,Topsoil,black,fine
BPL021A-OW,6,Basalt highly weathered,grey,coarse to very coarse
BPL021A-OW,7,Basalt fractured,greyish black,gravel
BPL022-OW,3,Topsoil,black,fine
BPL022-OW,8.300000000000001,Basalt highly weathered,grey,coarse to very coarse
BPL022-OW,11.6,Basalt fractured,greyish black,hard
BPL023-OW,2,Topsoil,black,fine
BPL023-OW,3.8,Basalt highly weathered,grey,coarse to very coarse
BPL023-OW,9,Basalt fractured,greyish black,gravel
BPL024A-OW,2.5,Topsoil,black,fine
BPL024A-OW,4.7,Basalt highly weathered,grey,coarse to very coarse
BPL024A-OW,8.199999999999999,Basalt,greyish black,hard
BPL025-OW,1.5,Topsoil,black,fine
BPL025-OW,5.25,Basalt highly weathered,greyish black,coarse to very coarse
BPL025-OW,5.65,Basalt fractured,grey,hard
BPL026-OW,2.5,Topsoil,black,fine
BPL026-OW,5.2,Basalt highly weathered,grey,coarse to very coarse
BPL026-OW,10,Basalt fractured,greyish black,hard
BPL027A-OW,3,Topsoil,black,fine
BPL027A-OW,4.4,Basalt highly weathered,greyish black,coarse to very coarse
BPL027A-OW,11.8,Basalt fractured,grey,hard
BPL028A-OW2016,3,Topsoil,black,fine
BPL028A-OW2016,7,Basalt highly weathered,greyish black,coarse to very coarse
BPL028A-OW2016,9.6,Basalt fractured,greyish black,hard
BPL029A-OW,3,Topsoil,black,fine
BPL029A-OW,9.199999999999999,Basalt highly weathered,greyish black,coarse to very coarse
BPL029A-OW,12,Basalt fractured,greyish black,hard
BPL030-OW,3,Topsoil,black,fine
BPL030-OW,8.300000000000001,Basalt highly weathered,grey,coarse to very coarse
BPL030-OW,11.95,Basalt,greyish black,hard
BPL031A-OW2016,2.9,Basalt highly weathered,black,fine
BPL031A-OW2016,12,Basalt fractured,greyish black,coarse to very coarse
BPL032A-OW,1.5,Topsoil,black,fine
BPL032A-OW,5,Basalt highly weathered,greyish black,coarse to very coarse
BPL032A-OW,10.2,Basalt fractured,greyish black,gravel
BPL033A-OW,3,Topsoil,black,fine
BPL033A-OW,10,Basalt highly weathered,greyish black,coarse to very coarse
BPL033A-OW,12.75,Basalt fractured,grey,hard
BPL034-OW,2.5,Topsoil,black,fine
BPL034-OW,5.45,Basalt highly weathered,greyish black,coarse to very coarse
BPL034-OW,7.6,Basalt fractured,greyish black,hard
BPL035-OW,3,Topsoil,black,fine
BPL035-OW,5.8,Basalt highly weathered,greyish black,coarse to very coarse
BPL035-OW,9.9,Basalt fractured,grey,gravel
BPL036A-OW,3.5,Topsoil,black,fine
BPL036A-OW,7.15,Basalt hard,greyish black,coarse to very coarse
BPL036A-OW,8.449999999999999,Basalt,grey,hard
BPL037-OW,3,Topsoil,black,fine
BPL037-OW,12.15,Basalt highly weathered,greyish black,coarse to very coarse
BPL037-OW,13.2,Basalt fractured,greyish black,hard
BPL038A-OW2016,3,Topsoil,black,fine
BPL038A-OW2016,8.300000000000001,Basalt highly weathered,greyish black,coarse to very coarse
BPL038A-OW2016,11.5,Basalt fractured,grey,hard
BPL039-OW,2.5,Topsoil,black,fine
BPL039-OW,6.35,Basalt highly weathered,greyish black,coarse to very coarse
BPL039-OW,11.3,Basalt,grey,hard
BPL040-OW,3,Topsoil,black,fine
BPL040-OW,12.9,Basalt highly weathered,greyish black,coarse to very coarse
BPL040-OW,13.7,Basalt,dull brown,hard
BPL041A-OW,1.5,Topsoil,black,fine
BPL041A-OW,3.95,Basalt highly weathered,greyish black,coarse to very coarse
BPL041A-OW,11,Basalt fractured,greyish black,hard
BPL042-OW,2,Topsoil,black,fine
BPL042-OW,8.199999999999999,Basalt highly weathered,grey,coarse to very coarse
BPL042-OW,16.2,Basalt fractured,grey,hard
BPL043-OW,2,Topsoil,black,coarse to very coarse
BPL043-OW,6.2,Basalt highly weathered,grey,fine
BPL043-OW,10.3,Basalt weathered,grey,fine
BPL044-OW,2,Topsoil,black,fine
BPL044-OW,6.85,Basalt highly weathered,grey,coarse to very coarse
BPL044-OW,7.5,Basalt fractured,grey,hard
BPL045A-OW2016,2.5,Topsoil,black,fine
BPL045A-OW2016,6.15,Basalt highly weathered,grey,coarse to very coarse
BPL045A-OW2016,10.45,Basalt fractured,greyish black,gravel
BPL046A-OW2016,3,Topsoil,black,fine
BPL046A-OW2016,7,Basalt highly weathered,greyish black,coarse to very coarse
BPL046A-OW2016,8.550000000000001,Basalt fractured,greyish black,hard
BPL047A-OW2016,3,Topsoil,black,fine
BPL047A-OW2016,6.4,Basalt highly weathered,greyish black,coarse to very coarse
BPL047A-OW2016,8.4,Basalt fractured,greyish black,hard
BPL048A-OW2016,1.5,Topsoil,black,fine
BPL048A-OW2016,5.3,Basalt highly weathered,grey,coarse to very coarse
BPL048A-OW2016,13.2,Basalt fractured,greyish black,hard
BPL049-OW,3,Topsoil,black,fine
BPL049-OW,5.3,Basalt highly weathered,greyish black,coarse to very coarse
BPL049-OW,9.199999999999999,Basalt fractured,grey,hard
BPL050-OW,3,Topsoil,brown,fine
BPL050-OW,7.3,Basalt highly weathered,greyish black,coarse to very coarse
BPL050-OW,13.55,Basalt,greyish black,hard
BPL051-OW,2.5,Topsoil,black,fine
BPL051-OW,6.55,Basalt highly weathered,grey,coarse to very coarse
BPL051-OW,10.55,Basalt,greyish black,hard
BPL052A-OW,3,Topsoil,black,fine
BPL052A-OW,9.300000000000001,Basalt highly weathered,greyish black,coarse to very coarse
BPL052A-OW,11.35,Basalt hard,greyish black,fine to medium
BPL053A-0W,2.5,Topsoil,black,fine
BPL053A-0W,8.550000000000001,Basalt highly weathered,grey,coarse to very coarse
BPL053A-0W,9.4,Basalt,greyish black,hard
BPL054-OW,3,Topsoil,black,fine
BPL054-OW,8.550000000000001,Basalt highly weathered,greyish black,coarse to very coarse
BPL054-OW,10.2,Basalt fractured,grey,hard
BPL055-OW2016,3,Topsoil,black,fine
BPL055-OW2016,8.1,Basalt highly weathered,greyish black,coarse to very coarse
BPL055-OW2016,9,Basalt fractured,grey,hard
BPL056A-OW2016,2.5,Topsoil,black,fine
BPL056A-OW2016,5.3,Basalt highly weathered,greyish black,coarse to very coarse
BPL056A-OW2016,10.5,Basalt fractured,greyish black,hard
BPL057A-OW2016,1.5,Topsoil,brown,fine to medium
BPL057A-OW2016,6,Sandstone highly weathered,light brown,coarse to very coarse
BPL057A-OW2016,9.4,Sandstone fractured,reddish brown,hard
BPL058A-OW,2.5,Topsoil,black,fine
BPL058A-OW,5.2,Basalt highly weathered,grey,coarse to very coarse
BPL058A-OW,6.3,Basalt weathered/fractured,greyish black,hard
BPL059-OW,2,Topsoil,black,fine
BPL059-OW,5.3,Basalt highly weathered,greyish black,coarse to very coarse
BPL059-OW,8.699999999999999,Basalt fractured,greyish black,hard
BPL060-OW,2.5,Topsoil,brown,fine to medium
BPL060-OW,5.05,Sandstone highly weathered,light brown,coarse to very coarse
BPL060-OW,15.3,Sandstone hard,reddish brown,hard
BPL061-OW,1.5,Topsoil,dull brown,fine to medium
BPL061-OW,4.1,Sandstone highly weathered,reddish brown,coarse to very coarse
BPL061-OW,5.4,Sandstone hard,reddish brown,hard
BPL062A-OW,2,Topsoil,black,fine
BPL062A-OW,5.8,Basalt highly weathered,greyish black,coarse to very coarse
BPL062A-OW,6.75,Basalt fractured,grey,hard
BPL063-OW,3,Topsoil,dull brown,fine to medium
BPL063-OW,9.1,Sandstone highly weathered,light brown,coarse to very coarse
BPL063-OW,10.8,Sandstone fractured,reddish brown,hard
BPL064A-OW2016,3,Topsoil,black,fine
BPL064A-OW2016,8,Basalt weathered/fractured,greyish black,hard
BPL065A-OW,2.5,Topsoil,brown,fine
BPL065A-OW,6.4,Basalt highly weathered,greyish black,coarse to very coarse
BPL065A-OW,9.6,Basalt fractured,greyish black,hard
BPL066A-OW2016,2.5,Topsoil,black,fine
BPL066A-OW2016,8.5,Basalt fractured,greyish black,hard
BPL067A-OW,3,Topsoil,black,fine
BPL067A-OW,6.15,Basalt highly weathered,grey,coarse to very coarse
BPL067A-OW,12.5,Basalt fractured,greyish black,medium to coarse
BPL068A-OW,4.5,Topsoil,black,fine
BPL068A-OW,7.9,Basalt highly weathered,greyish black,coarse to very coarse
BPL068A-OW,14.05,Basalt hard,grey,hard
BPL069A-OW2016,3,Topsoil,black,fine
BPL069A-OW2016,9.699999999999999,Basalt fractured,grey,hard
BPL070-OW,1.5,Topsoil,black,fine
BPL070-OW,5.3,Basalt highly weathered,greyish black,coarse to very coarse
BPL070-OW,12.5,Basalt,greyish black,hard
BPL071A-OW2016,3,Topsoil,black,fine
BPL071A-OW2016,8.199999999999999,Basalt highly weathered,greyish black,coarse to very coarse
BPL071A-OW2016,10,Basalt fractured,greyish black,hard
BPL072-OW,3,Topsoil,dull brown,fine to medium
BPL072-OW,13.7,Sandstone highly weathered,light brown,coarse to very coarse
BPL072-OW,17.4,Sandstone,reddish brown,hard
BPL073-OW,2.5,Topsoil,black,fine
BPL073-OW,6.4,Basalt highly weathered,greyish black,coarse to very coarse
BPL073-OW,7.95,Basalt,greyish black,hard
BPL074A-OW2016,3,Topsoil,dull brown,fine to medium
BPL074A-OW2016,9,Sandstone weathered/fractured,light brown,coarse to very coarse
BPL075A-OW2016,3,Topsoil,black,fine
BPL075A-OW2016,7.1,Basalt highly weathered,greyish black,coarse to very coarse
BPL075A-OW2016,11.5,Basalt hard,greyish black,hard
BPL076A-OW,2.5,Topsoil,black,fine
BPL076A-OW,6.9,Basalt highly weathered,grey,coarse to very coarse
BPL076A-OW,10.4,Basalt hard,greyish black,hard
BPL077-OW,1.5,Topsoil,black,fine
BPL077-OW,5.05,Basalt highly weathered,grey,coarse to very coarse
BPL077-OW,5.4,Basalt hard,grey,hard
BPL078-OW,3,Topsoil,black,fine
BPL078-OW,11.6,Basalt highly weathered,greyish black,coarse to very coarse
BPL078-OW,16,Basalt hard,greyish black,hard
BPL079A-OW2016,3,Topsoil,black,fine
BPL079A-OW2016,9.1,Basalt fractured,greyish black,coarse to very coarse
BPL080-OW,2.5,Topsoil,black,fine
BPL080-OW,6.45,Basalt highly weathered,greyish black,coarse to very coarse
BPL080-OW,10.75,Basalt hard,grey,gravel
BPL081-OW,8,Basalt highly weathered,greyish black,coarse to very coarse
BPL081-OW,10.5,Basalt hard,grey,gravel
BPL082A-OW2016,2.5,Topsoil,black,fine
BPL082A-OW2016,3.5,Basalt highly weathered,grey,coarse to very coarse
BPL082A-OW2016,8.5,Basalt fractured,greyish black,coarse to very coarse
BPL083A-OW,2,Topsoil,black,fine
BPL083A-OW,4.3,Basalt highly weathered,greyish black,coarse to very coarse
BPL083A-OW,8.300000000000001,Basalt hard,grey,hard
BPL084-OW,3,Topsoil,black,fine
BPL084-OW,8.050000000000001,Basalt highly weathered,greyish black,coarse to very coarse
BPL084-OW,11.05,Basalt hard,grey,hard
BPL085-OW,3,Topsoil,black,fine
BPL085-OW,7.2,Basalt highly weathered,greyish black,coarse to very coarse
BPL085-OW,9,Basalt hard,greyish black,hard
BPL086A-OW2016,5,Topsoil,black,fine
BPL086A-OW2016,9.5,Basalt highly weathered,greyish black,coarse to very coarse
BPL087-OW,2.5,Topsoil,black,fine
BPL087-OW,6.45,Basalt highly weathered,greyish black,coarse to very coarse
BPL087-OW,9.5,Basalt hard,grey,hard
BPL088-OW,1.5,Topsoil,black,fine
BPL088-OW,5,Basalt highly weathered,greyish black,coarse to very coarse
BPL089A-OW2016,2.5,Topsoil,black,fine
BPL089A-OW2016,6.8,Basalt highly weathered,greyish black,coarse to very coarse
BPL089A-OW2016,10.1,Basalt fractured,grey,hard
BPL090A-OW,3.5,Topsoil,black,fine
BPL090A-OW,6.45,Basalt highly weathered,greyish black,coarse to very coarse
BPL090A-OW,15.1,Basalt,grey,hard
BPL091A-OW2016,2,Topsoil,black,fine
BPL091A-OW2016,6,Basalt highly weathered,greyish black,coarse to very coarse
BPL091A-OW2016,10.5,Basalt fractured,grey,hard
BPL092A-OW2016,5,Topsoil,black,fine
BPL092A-OW2016,10,Basalt highly weathered,greyish black,coarse to very coarse
BPL092A-OW2016,14.45,Basalt fractured,grey,hard
BPL093-OW,3,Topsoil,black,fine
BPL093-OW,5.2,Basalt highly weathered,greyish black,coarse to very coarse
BPL093-OW,8.5,Basalt,grey,hard
BPL094-OW,1,Topsoil,black,fine
BPL094-OW,3.4,Basalt highly weathered,greyish black,coarse to very coarse
BPL094-OW,12.5,Basalt weathered/fractured,grey,hard
BPL095A-OW,1,Topsoil,black,fine
BPL095A-OW,3.4,Basalt highly weathered,grey,coarse to very coarse
BPL095A-OW,9.699999999999999,Basalt hard,greyish black,hard
BPL096A-OW2016,1.5,Topsoil,black,fine
BPL096A-OW2016,10,Basalt weathered/fractured,greyish black,coarse to very coarse
BPL097A-OW2016,1.25,Topsoil,black,fine
BPL097A-OW2016,3.8,Basalt highly weathered,greyish black,coarse to very coarse
BPL097A-OW2016,11,Basalt hard,dull brown,hard
BPL098-OW,3,Topsoil,black,fine
BPL098-OW,4.8,Basalt highly weathered,greyish black,coarse to very coarse
BPL098-OW,11.7,Basalt hard,grey,hard
BPL099-OW2016,2.5,Topsoil,black,fine
BPL099-OW2016,5.5,Basalt highly weathered,grey,coarse to very coarse
BPL099-OW2016,13,Basalt fractured,greyish black,hard
BPL100-OW,5,Topsoil,black,fine
BPL100-OW,8.35,Basalt highly weathered,grey,coarse to very coarse
BPL100-OW,13.9,Basalt,greyish black,gravel
SGR001-OW,8,Clay with interbeds of sand,light brown,fine to medium
SGR001-OW,12.1,Granite,reddish brown,coarse to very coarse
SGR002-OW,1.3,Laterite,brown,fine
SGR002-OW,13.3,Laterite,dull brown,coarse to very coarse
SGR003-OW,1.85,Topsoil,greyish black,fine
SGR003-OW,6,Basalt fractured,grey,hard
SGR004-OW,5.35,Topsoil,greyish black,fine
SGR004-OW,6.9,Basalt,greyish black,fine to medium
SGR005-OW,2,Topsoil,brown,fine to medium
SGR005-OW,4.7,Sandstone fractured,reddish brown,medium to coarse
SGR006-OW,1,Topsoil,greyish black,fine
SGR006-OW,12,Basalt highly weathered,greyish black,medium to coarse
SGR006-OW,16,Basalt hard,grey,hard
SGR008-OW,4.82,Topsoil,black,fine
SGR008-OW,5.43,Basalt highly weathered,greyish black,coarse to very coarse
SGR008-OW,10.5,Basalt hard,grey,hard
SGR009-OW,3.25,Sand,light brown,fine
SGR009-OW,8.5,Sandstone highly weathered,reddish brown,medium to coarse
SGR009-OW,12.2,Sandstone hard,red,medium to coarse
SGR011-OW,12.5,Basalt highly weathered,greyish black,fine to medium
SGR012-OW,1.5,Topsoil,black,fine
SGR012-OW,9,Basalt highly weathered,greyish black,medium to coarse
SGR012-OW,10.05,Basalt hard,grey,hard
SGR013-OW,2.3,Topsoil,black,fine
SGR013-OW,6,Basalt highly weathered,greyish black,medium to coarse
SGR013-OW,8.1,Basalt hard,grey,hard
SGR014-OW,9.5,Basalt highly weathered,greyish black,fine to medium
SGR014-OW,13.85,Basalt,grey,hard
SGR015-OW,8,Basalt highly weathered,greyish black,medium to coarse
SGR015-OW,10.25,Basalt,grey,gravel
SGR016-OW,9.5,Topsoil,black,fine
SGR016-OW,10.1,Basalt highly weathered,greyish black,medium to coarse
SGR016-OW,12.75,Basalt,grey,gravel
SGR018-OW,3,Sand,light brown,fine to medium
SGR018-OW,11.7,Sandstone hard,reddish brown,medium to coarse
SGR019-OW,4,Basalt highly weathered,greyish black,fine to medium
SGR019-OW,8,Basalt,grey,hard
SGR021-OW,10.2,Laterite,reddish brown,coarse to very coarse
SGR021-OW,11.95,Sandstone,brown,fine to medium
SGR022-OW,6.9,Sandstone highly weathered,reddish brown,medium to coarse
SGR022-OW,9.199999999999999,Sandstone hard,red,hard
SGR023-OW,4.95,Sandstone highly weathered,red,medium to coarse
SGR023-OW,10.5,Sandstone hard,reddish brown,coarse to very coarse
SGR024-OW,3.4,Sandstone highly weathered,light brown,medium
SGR024-OW,15.5,Sandstone hard,reddish brown,hard
SGR025-OW,17.25,Sandstone highly weathered,light brown,medium to coarse
SGR025-OW,18.8,Sandstone hard,reddish brown,hard
SGR026-OW,7.55,Sandstone highly weathered,light brown,coarse to very coarse
SGR026-OW,9.5,Sandstone,reddish brown,medium to coarse
SGR028-OW,1.7,Topsoil,black,coarse
SGR028-OW,13.3,Basalt fractured,greyish black,fine to medium
SGR029-OW,15,Topsoil,black,coarse to very coarse
SGR029-OW,20.4,Basalt highly weathered,black,fine
SGR030-OW,10,Basalt highly weathered,greyish black,coarse to very coarse
SGR031-OW,0.9,Basalt,greyish black,fine
SGR031-OW,4.81,Basalt highly weathered,dull brown,coarse to very coarse
SGR031-OW,6,Basalt weathered,grey,fine to medium
SGR034-OW,9.300000000000001,Basalt highly weathered,,
SGR034-OW,9.6,Basalt,,
SGR035-OW,5,Basalt highly weathered,greyish black,coarse
SGR038-OW,6.5,Basalt highly weathered,black,coarse to very coarse
SGR038-OW,9.300000000000001,Basalt,greyish black,fine to medium
SGR039-OW,3.9,Basalt highly weathered,black,coarse to very coarse
SGR039-OW,10.1,Basalt,greyish black,fine
SGR041-OW,11,Topsoil,greyish black,medium to coarse
SGR041-OW,13.9,Basalt hard,greyish black,hard
SGR042-OW,4.95,Limestone highly weathered,greyish black,fine to medium
SGR042-OW,13.4,Limestone hard,grey,fine to medium
SGR044-OW,3.35,Basalt highly weathered,greyish black,fine
SGR044-OW,4.78,Basalt,grey,coarse to very coarse
SGR045-OW,6.5,Basalt highly weathered,grey,fine to medium
SGR045-OW,7.1,Basalt hard,greyish black,coarse to very coarse
SGR047-OW,8,Basalt highly weathered,greyish black,fine to medium
SGR048-OW,5.2,Basalt highly weathered,greyish black,fine to medium
SGR048-OW,8,Basalt hard,grey,hard
SGR049-OW,1.2,Basalt highly weathered,black,fine
SGR049-OW,6.7,Basalt fractured,greyish black,medium to coarse
SGR049-OW,13.2,Basalt hard,grey,hard
SGR050-OW,5.05,Basalt highly weathered,black,fine
SGR050-OW,5.75,Basalt fractured,greyish black,coarse to very coarse
SGR050-OW,6.6,Basalt hard,grey,hard
SGR051-OW,10.4,Basalt highly weathered,black,coarse to very coarse
SGR052-OW,11.47,Basalt hard,grey,hard
SGR052-OW,11.95,Basalt highly weathered,black,coarse to very coarse
SGR053-OW,6.9,Sandstone highly weathered,dull brown,fine to medium
SGR053-OW,8.1,Sandstone hard,reddish brown,fine to medium
SGR054-OW,7.05,Basalt highly weathered,greyish black,fine to medium
SGR054-OW,7.9,Basalt hard,grey,hard
SGR055-OW,4,Basalt highly weathered,black,fine to medium
SGR055-OW,6.7,Basalt fractured,greyish black,hard
SGR056-OW,16,Basalt highly weathered,black,coarse to very coarse
SGR057-OW,5.8,Basalt highly weathered,black,fine to medium
SGR057-OW,6.8,Basalt hard,greyish black,coarse to very coarse
SGR058-OW,7.9,Basalt highly weathered,black,fine
SGR061-OW,8,Basalt highly weathered,black,fine
SGR061-OW,8.5,Basalt,greyish black,hard
SGR062-OW,3,Topsoil,brown,fine to medium
SGR062-OW,9.800000000000001,Sandstone weathered/fractured,reddish brown,medium to coarse
SGR063-OW,12,Basalt highly weathered,black,fine to medium
SGR066-OW,8.800000000000001,Basalt highly weathered,black,fine to medium
SGR066-OW,9.15,Basalt fractured,greyish black,hard
SGR067-OW,6.7,Basalt highly weathered,black,fine
SGR067-OW,15.5,Basalt fractured,grey,fine to medium
SGR067-OW,19.9,Basalt hard,greyish black,hard
SGR068-OW,10.3,Basalt highly weathered,black,fine to medium
SGR071-OW,7.5,Basalt highly weathered,black,fine
SGR071-OW,8.449999999999999,Basalt fractured,grey,hard
SGR072-OW,4.65,Basalt highly weathered,black,fine
SGR072-OW,8.449999999999999,Basalt fractured,greyish black,fine to medium
SGR072-OW,11.7,Basalt hard,grey,hard
SGR075-OW,7.3,Basalt highly weathered,black,fine
SGR075-OW,7.7,Basalt fractured,grey,hard
SGR076-OW,5.67,Basalt highly weathered,black,fine
SGR076-OW,7.25,Basalt hard,grey,hard
SGR077-OW,10.85,Sandstone highly weathered,brown,fine to medium
SGR077-OW,12.5,Sandstone fractured,light brown,fine to medium
SGR077-OW,13.5,Sandstone hard,reddish brown,medium
SGR079-OW,6.2,Basalt highly weathered,black,fine to medium
SGR082-OW,3.8,Topsoil,brown,fine to medium
SGR082-OW,6.4,Sandstone fractured,dull brown,medium to coarse
SGR082-OW,7.3,Sandstone hard,reddish brown,hard
SGR083-OW,3.8,Topsoil,black,fine
SGR083-OW,7.85,Basalt fractured,greyish black,medium to coarse
SGR083-OW,10,Basalt hard,grey,hard
SGR085A-OW,3.5,Topsoil,black,fine
SGR085A-OW,4.5,Basalt fractured,greyish black,fine to medium
SGR085A-OW,6,Basalt hard,grey,hard
SGR086-OW,3.75,Topsoil,black,fine
SGR086-OW,12.75,Basalt fractured,greyish black,hard
SGR087-OW,7.65,Basalt highly weathered,black,fine to medium
SGR088-OW,4.35,Topsoil,black,fine
SGR088-OW,9.949999999999999,Basalt hard,greyish black,hard
SGR089-OW,4.3,Basalt fractured,greyish black,hard
SGR089-OW,5.05,Basalt highly weathered,black,fine to medium
SGR090-OW,12,Sandstone highly weathered,dull brown,fine to medium
SGR092-OW,5,Topsoil,black,fine
SGR092-OW,10.9,Basalt fractured,grey,hard
SGR093-OW,7,Topsoil,black,fine
SGR093-OW,10.7,Basalt fractured,greyish black,hard
SGR094-OW,3.2,Topsoil,black,fine
SGR094-OW,5.85,Basalt fractured,greyish black,hard
SGR095-OW,5.15,Topsoil,black,fine
SGR095-OW,8.75,Basalt highly weathered,greyish black,coarse to very coarse
SGR095-OW,10.4,Basalt hard,grey,hard
SGR096-OW,6.3,Sandstone highly weathered,brown,fine to medium
SGR096-OW,6.85,Sandstone hard,reddish brown,hard
SGR097-OW,7.3,Topsoil,black,fine
SGR097-OW,9.5,Basalt fractured,greyish black,hard
SGR097-OW,11.5,Basalt hard,greyish black,hard
SGR098-OW,4.65,Topsoil,grey,coarse to very coarse
SGR098-OW,5.95,Granite,grey,hard
SGR099-OW,3.65,Topsoil,black,fine
SGR099-OW,6.3,Basalt hard,grey,hard
SGR100-OW,4.9,Topsoil,dull brown,fine to medium
SGR100-OW,5.5,Sandstone highly weathered,reddish brown,medium to coarse
SGR100-OW,9.4,Sandstone hard,reddish brown,gravel
SGR101-OW,10,Basalt highly weathered,black,fine to medium
SGR101-OW,11.25,Basalt hard,greyish black,fine
SGR102-OW,4.2,Topsoil,light brown,fine
SGR102-OW,8.6,Sandstone,reddish brown,fine
SGR103-OW,12,Sandstone highly weathered,dull brown,coarse
SGR103-OW,12.8,Sandstone hard,dull brown,fine
SGR104-OW,6.7,Topsoil,black,coarse
SGR104-OW,12.35,Basalt weathered,black,fine
SGR105-OW,7.1,Shale weathered,light brown,coarse
SGR106-OW,10.5,Basalt highly weathered,black,fine to medium
SGR106-OW,12.45,Basalt hard,grey,hard
SGR107-OW,6,Topsoil,brown,fine to medium
SGR107-OW,7,Sandstone,reddish brown,coarse to very coarse
SGR108-OW,8.1,Sandstone highly weathered,dull brown,fine to medium
SGR108-OW,10,Sandstone hard,reddish brown,hard
SGR109-OW,6.3,Topsoil,black,fine
SGR109-OW,12.9,Basalt fractured,greyish black,coarse to very coarse
SGR10A-OW,3,Topsoil,black,fine
SGR10A-OW,4,Basalt weathered,grey,fine to medium
SGR10A-OW,4.7,Basalt hard,grey,fine to medium
SGR110-OW,4,Topsoil,black,fine
SGR110-OW,5.8,Basalt fractured,grey,hard
SGR112-OW,7.85,Basalt hard,greyish black,hard
SGR112-OW,8,Basalt highly weathered,black,fine
SGR114-OW,7,Basalt highly weathered,black,fine
SGR114-OW,7.3,Basalt hard,grey,hard
SGR116-OW,6,Basalt highly weathered,black,fine to medium
SGR119-OW,6.6,Basalt highly weathered,black,fine to medium
SGR120-OW,2,Topsoil,black,fine
SGR120-OW,8,Basalt highly weathered,greyish black,fine to medium
SGR120-OW,8.300000000000001,Basalt weathered,greyish black,fine to medium
SGR121-OW,5,Topsoil,black,fine
SGR121-OW,10.1,Basalt highly weathered,greyish black,fine to medium
SGR122-OW,3,Topsoil,black,fine
SGR122-OW,7,Basalt highly weathered,greyish black,fine to medium
SGR122-OW,9,Basalt weathered,greyish black,fine to medium
SGR122-OW,11.34,Basalt hard,black,fine
SGR123-OW,5,Topsoil,black,fine
SGR123-OW,9,Basalt highly weathered,greyish black,fine to medium
SGR123-OW,12.35,Basalt weathered,greyish black,medium to coarse
SGR124-OW,5,Topsoil,black,fine
SGR124-OW,10,Basalt highly weathered,greyish black,fine to medium
SGR124-OW,10.93,Basalt weathered,greyish black,medium to coarse
SGR125-OW,4,Topsoil,black,fine
SGR125-OW,6,Basalt highly weathered,greyish black,fine to medium
SGR125-OW,7.85,Basalt weathered,greyish black,medium to coarse
SGR126-OW,2,Topsoil,black,fine
SGR126-OW,6,Basalt highly weathered,greyish black,fine to medium
SGR126-OW,6.9,Basalt weathered,greyish black,fine to medium
SGR127-OW,3,Topsoil,black,fine
SGR127-OW,6,Basalt highly weathered,greyish black,fine to medium
SGR127-OW,6.7,Basalt weathered,greyish black,fine to medium
SGR128-OW,4,Topsoil,black,fine
SGR128-OW,6,Basalt highly weathered,greyish black,fine to medium
SGR128-OW,6.8,Basalt highly weathered,greyish black,fine to medium
SGR129-OW,5.6,Basalt highly weathered,black,fine
Tikm-20-PZ,1,Granite fractured,yellowish brown,fine to medium
Tikm-20-PZ,5,Gneiss weathered,yellowish brown,medium
Tikm-20-PZ,16,Granite fractured,yellowish brown,medium
Tikm-20-PZ,34,Granite,yellow,medium
Tikm-20-PZ,40,Granite highly weathered,yellowish brown,medium
Tikm-21-PZ,0.8,Granite,yellow,fine
Tikm-21-PZ,4,Granite weathered,yellowish brown,fine to medium
Tikm-21-PZ,12,Granite weathered,yellowish brown,medium
Tikm-21-PZ,38,Granite,yellowish brown,medium
Tikm-21-PZ,45,Granite hard,yellowish brown,medium
Tikm-22-PZ,1.5,Topsoil,yellow,fine
Tikm-22-PZ,4,Granite weathered,grey,fine to medium
Tikm-22-PZ,12,Granite fractured,grey,fine to medium
Tikm-22-PZ,33,Granite,grey,fine to medium
Tikm-22-PZ,45,Granite hard,grey,fine to medium
Tikm-23-PZ,2,Topsoil,yellow,fine
Tikm-23-PZ,4,Granite,light brown,fine to medium
Tikm-23-PZ,6,Granite weathered,light brown,medium
Tikm-23-PZ,9.5,Granite fractured,light brown,medium
Tikm-23-PZ,28,Granite,light brown,medium
Tikm-23-PZ,40,Granite hard,light brown,medium
Tikm-24-PZ,1.75,Granite,yellowish brown,fine to medium
Tikm-24-PZ,6,Granite weathered,yellowish brown,medium
Tikm-24-PZ,24,Granite fractured,yellowish brown,medium
Tikm-24-PZ,38.5,Granite hard,reddish brown,medium
Tikm-24-PZ,45,Granite hard,yellowish brown,medium
Tikm001-PZ,3,Topsoil,yellow,fine
Tikm001-PZ,5.4,Granite weathered,light brown,medium
Tikm001-PZ,9,Granite fractured,light brown,medium
Tikm001-PZ,30,Granite hard,light brown,fine
Tikm002-PZ,3,Topsoil,yellow,fine
Tikm002-PZ,5.4,Granite weathered,grey,medium
Tikm002-PZ,13.6,Granite weathered/fractured,light brown,medium
Tikm002-PZ,30,Granite hard,grey,fine
Tikm003-PZ,3,Topsoil,yellow,fine
Tikm003-PZ,6,Sand,yellow,coarse
Tikm003-PZ,9.6,Granite weathered,light brown,medium
Tikm003-PZ,13.5,Granite fractured,light brown,medium
Tikm003-PZ,30,Granite hard,greyish black,fine
Tikm004-PZ,6,Clay,yellowish brown,coarse
Tikm004-PZ,6.5,Granite weathered,light brown,medium
Tikm004-PZ,19.5,Granite fractured,light brown,medium
Tikm004-PZ,30,Granite hard,light brown,fine
Tikm005-PZ,3,Clay,yellow,coarse
Tikm005-PZ,5,Granite weathered,dull brown,medium
Tikm005-PZ,10,Granite weathered,dull brown,medium
Tikm005-PZ,19,Granite fractured,dull brown,medium
Tikm005-PZ,30,Granite hard,dull brown,fine
Tikm006-PZ,1.5,Topsoil,yellow,coarse
Tikm006-PZ,6,Granite,dull brown,medium
Tikm006-PZ,9.5,Granite weathered,dull brown,medium
Tikm006-PZ,11.4,Granite fractured,grey,medium
Tikm006-PZ,14.4,Granite fractured,dull brown,medium
Tikm006-PZ,30,Granite hard,dull brown,fine
Tikm007-PZ,1.5,Clay,yellow,coarse
Tikm007-PZ,7.1,Gneiss weathered,dull brown,medium
Tikm007-PZ,10.5,Granite fractured,grey,medium
Tikm007-PZ,19,Granite fractured,dull brown,medium
Tikm007-PZ,30,Granite hard,dull brown,fine
Tikm008-PZ,3,Clay,yellowish brown,coarse
Tikm008-PZ,8.5,Clay hard,yellowish brown,coarse
Tikm008-PZ,17,Granite fractured,grey,medium
Tikm008-PZ,27,Granite hard,grey,fine
Tikm008-PZ,30,Granite hard,dull brown,fine
Tikm009-PZ,3,Clay,yellowish brown,coarse
Tikm009-PZ,5.4,Granite weathered,yellowish brown,medium
Tikm009-PZ,16.5,Granite fractured,yellowish brown,medium
Tikm009-PZ,30,Granite hard,light brown,fine
Tikm010-PZ,3,Clay,yellowish brown,coarse
Tikm010-PZ,6,Granite weathered,reddish brown,medium
Tikm010-PZ,18,Granite fractured,reddish brown,medium
Tikm010-PZ,30,Granite hard,reddish brown,fine
Tikm011-PZ,6,Topsoil,yellowish brown,coarse
Tikm011-PZ,8.300000000000001,Granite weathered,light brown,medium
Tikm011-PZ,18,Granite fractured,light brown,medium
Tikm011-PZ,30,Granite hard,light brown,fine
Tikm012-PZ,7.5,Clay,brown,coarse
Tikm012-PZ,8.5,Granite weathered,reddish brown,coarse
Tikm012-PZ,18,Granite fractured,reddish brown,medium
Tikm012-PZ,30,Granite hard,reddish brown,fine
Tikm013-PZ,4.5,Clay soft,black,coarse
Tikm013-PZ,5.7,Granite weathered,greyish black,medium
Tikm013-PZ,12,Granite fractured,greyish black,medium
Tikm013-PZ,28.5,Granite hard,greyish black,fine
Tikm013-PZ,30,Granite hard,dull brown,fine
Tikm014-PZ,3,Topsoil,yellow,coarse
Tikm014-PZ,9,Clay,yellow,coarse
Tikm014-PZ,9.9,Granite weathered,dull brown,medium
Tikm014-PZ,15,Granite fractured,dull brown,medium
Tikm014-PZ,30,Granite hard,light brown,fine
Tikm015-PZ,3,Topsoil,yellow,coarse
Tikm015-PZ,5.7,Granite weathered,dull brown,medium
Tikm015-PZ,15,Granite fractured,dull brown,medium
Tikm015-PZ,27,Granite hard,dull brown,fine
Tikm015-PZ,30,Granite,dull brown,fine
Tikm016-PZ,3,Clay,yellowish brown,coarse
Tikm016-PZ,6,Gravel,yellowish brown,coarse
Tikm016-PZ,9,Granite weathered,dull brown,medium
Tikm016-PZ,18,Granite fractured,dull brown,medium
Tikm016-PZ,30,Granite hard,grey,fine
Tikm017-PZ,4.5,Topsoil,yellowish brown,coarse
Tikm017-PZ,5.8,Granite weathered,dull brown,medium
Tikm017-PZ,18,Granite fractured,dull brown,medium
Tikm017-PZ,24,Granite hard,reddish brown,fine
Tikm017-PZ,27,Granite hard,light brown,fine
Tikm017-PZ,30,Granite hard,grey,fine
Tikm020-PZ,3,Topsoil,yellowish brown,coarse
Tikm020-PZ,6,Clay hard,yellow,coarse
Tikm020-PZ,9,Granite fractured,grey,medium
Tikm020-PZ,13.5,Granite fractured,light brown,medium
Tikm020-PZ,15,Granite hard,dull brown,fine
Tikm020-PZ,21,Granite hard,dull brown,fine
Tikm020-PZ,25.5,Granite hard,dull brown,fine
Tikm020-PZ,30,Granite hard,light brown,fine
Tikmo18-PZ,1.5,Topsoil,yellowish brown,coarse
Tikmo18-PZ,6,Gravel,greyish black,coarse
Tikmo18-PZ,7.4,Granite weathered,light brown,medium
Tikmo18-PZ,15,Granite fractured,light brown,medium
Tikmo18-PZ,19.9,Granite hard,light brown,fine
Tikmo18-PZ,24.4,Granite hard,greyish black,fine
Tikmo18-PZ,27.4,Granite hard,light brown,fine
Tikmo18-PZ,30,Granite hard,greyish black,fine
Tikmo19-PZ,6,Gravel with thin clay,yellowish brown,coarse
Tikmo19-PZ,7.6,Granite weathered,light brown,coarse
Tikmo19-PZ,12,Granite fractured,dull brown,medium
Tikmo19-PZ,16.5,Granite hard,light brown,fine
Tikmo19-PZ,19.5,Granite hard,light brown,fine
Tikmo19-PZ,30,Granite hard,dull brown,fine
SUJN001A-OW,0.5,bc soil,black,coarse to very coarse
SUJN001A-OW,3,Basalt weathered,greyish black,medium to coarse
SUJN001A-OW,8.5,Basalt weathered/fractured,greyish black,medium to coarse
SUJN002-OW,2,B.C.Soil,black,fine
SUJN002-OW,8,Basalt highly weathered,dull brown,coarse to very coarse
SUJN002-OW,12,Basalt weathered/fractured,greyish black,coarse to very coarse
SUJN002-OW,13.6,Basalt fractured,greyish black,coarse to very coarse
SUJN003-OW,2,B.C. Soil,black,fine
SUJN003-OW,4,Basalt highly weathered,brown,coarse to very coarse
SUJN003-OW,12,Basalt weathered/fractured,brown,coarse to very coarse
SUJN003-OW,14,Basalt weathered,dull brown,coarse to very coarse
SUJN003-OW,18,Vesicular Basalts,greyish black,coarse to very coarse
SUJN004-OW,3,Topsoil,black,fine to medium
SUJN004-OW,6.5,Basalt highly weathered,greyish black,coarse to very coarse
SUJN004-OW,10,Basalt weathered/fractured,brown,coarse to very coarse
SUJN004-OW,15,Basalt fractured,dull brown,coarse to very coarse
SUJN004-OW,20,Basalt weathered/fractured,brown,coarse to very coarse
SUJN006A-OW,2.5,Clay,black,fine to medium
SUJN006A-OW,5.5,Basalt weathered,greyish black,medium to coarse
SUJN006A-OW,12,Basalt highly weathered,greyish black,medium to coarse
SUJN006A-OW,18.1,Basalt weathered/fractured,greyish black,medium to coarse
SUJN006A-OW,24.5,Basalt weathered/fractured,greyish black,coarse to very coarse
SUJN007-OW,2.5,Topsoil,black,fine
SUJN007-OW,6,Basalt highly weathered,dull brown,coarse to very coarse
SUJN007-OW,10,Basalt weathered,brown,coarse to very coarse
SUJN007-OW,15.5,Basalt weathered/fractured,dull brown,coarse to very coarse
SUJN008-OW,3,Topsoil,black,fine
SUJN008-OW,4.45,Basalt highly weathered,dull brown,coarse to very coarse
SUJN008-OW,10,Basalt fractured,brown,coarse to very coarse
SUJN008-OW,18.5,Basalt weathered/fractured,greyish black,medium to coarse
SUJN010-OW,7,Topsoil,black,fine
SUJN010-OW,10,Vesicular Basalts,brown,medium to coarse
SUJN010-OW,12,Basalt highly weathered,dull brown,coarse to very coarse
SUJN010-OW,19,Basalt weathered/fractured,greyish black,coarse to very coarse
SUJN010-OW-A,2,Topsoil,black,fine to medium
SUJN010-OW-A,4,Basalt highly weathered,dull brown,coarse to very coarse
SUJN010-OW-A,9,Basalt weathered/fractured,greyish black,coarse to very coarse
SUJN011-OW,3,Topsoil,dull brown,fine
SUJN011-OW,7,Basalt highly weathered,brown,coarse to very coarse
SUJN011-OW,11.5,Basalt weathered/fractured,dull brown,coarse to very coarse
SUJN013-OW,3,Topsoil,black,fine
SUJN013-OW,7,Vesicular Basalts,greyish black,fine to medium
SUJN013-OW,14.5,Basalt weathered/fractured,dull brown,coarse to very coarse
SUJN014-OW,4,Topsoil,black,fine
SUJN014-OW,7,Vesicular Basalts,greyish black,fine to medium
SUJN014-OW,10,Basalt highly weathered,dull brown,coarse to very coarse
SUJN014-OW,20.5,Basalt weathered/fractured,dull brown,coarse to very coarse
SUJN019-OW,3,Topsoil,black,fine
SUJN019-OW,7,Basalt weathered,dull brown,coarse to very coarse
SUJN019-OW,10,Basalt vesicular,greyish black,coarse to very coarse
SUJN019-OW,20.1,Basalt weathered/fractured,greyish black,coarse to very coarse
SUJN022-OW,2,Topsoil,black,fine
SUJN022-OW,5,Basalt weathered,dull brown,coarse to very coarse
SUJN022-OW,10,Basalt vesicular,greyish black,fine to medium
SUJN022-OW,14,Basalt weathered/fractured,dull brown,coarse to very coarse
SUJN022-OW,15.5,Basalt fractured,black,coarse to very coarse
SUJN023-OW,3,Topsoil,black,fine
SUJN023-OW,5,Basalt highly weathered,dull brown,coarse to very coarse
SUJN023-OW,10,Basalt vesicular,greyish black,medium to coarse
SUJN023-OW,18,Basalt weathered/fractured,dull brown,coarse to very coarse
SUJN025-OW,4,Topsoil,black,fine
SUJN025-OW,10,Basalt highly weathered,dull brown,coarse to very coarse
SUJN025-OW,15,Basalt weathered/fractured,brown,coarse to very coarse
SUJN025-OW,17,Basalt vesicular,dull brown,coarse to very coarse
SUJN026-OW,3,Topsoil,black,fine to medium
SUJN026-OW,6,Basalt weathered,greyish black,coarse to very coarse
SUJN026-OW,10,Basalt weathered/fractured,grey,coarse to very coarse
SUJN026-OW,11,Basalt fractured,greyish black,coarse to very coarse
SUJN027-OW,7,Basalt highly weathered,red,medium to coarse
SUJN027-OW,11,Basalt weathered/fractured,red,medium to coarse
SUJN027-OW,11.25,Basalt weathered,red,medium to coarse
SUJN029-OW,3,Topsoil,black,fine to medium
SUJN029-OW,6,Basalt weathered,dull brown,coarse to very coarse
SUJN029-OW,13,Basalt highly weathered,dull brown,coarse to very coarse
SUJN034-OW,3,Topsoil,black,fine to medium
SUJN034-OW,5,Basalt weathered,dull brown,coarse to very coarse
SUJN034-OW,10,Basalt fractured,greyish black,coarse to very coarse
SUJN034-OW,16.5,Basalt highly weathered,greyish black,coarse to very coarse
SUJN035-OW,3,Topsoil,black,fine to medium
SUJN035-OW,7,Basalt weathered,greyish black,coarse to very coarse
SUJN035-OW,10,Basalt fractured,dull brown,coarse to very coarse
SUJN035-OW,16.5,Basalt highly weathered,greyish black,coarse to very coarse
SUJN036-OW,2,Topsoil,black,fine to medium
SUJN036-OW,5,Basalt highly weathered,greyish black,coarse to very coarse
SUJN036-OW,8.5,Basalt weathered/fractured,greyish black,coarse to very coarse
SUJN040-OW,3,Topsoil,black,fine to medium
SUJN040-OW,5,Basalt vesicular,greyish black,medium to coarse
SUJN040-OW,10,Basalt fractured,dull brown,coarse to very coarse
SUJN040-OW,18,Basalt weathered/fractured,dull brown,coarse to very coarse
SUJN041-OW,4,Topsoil,black,fine to medium
SUJN041-OW,8,Basalt highly weathered,dull brown,medium to coarse
SUJN041-OW,13,Basalt vesicular,dull brown,medium to coarse
SUJN041-OW,21,Basalt weathered/fractured,greyish black,coarse to very coarse
SUJN044-OW,2,Topsoil,black,fine to medium
SUJN044-OW,7,Basalt highly weathered,dull brown,medium to coarse
SUJN044-OW,11,Basalt weathered/fractured,greyish black,coarse to very coarse
SUJN044-OW,11.5,Basalt fractured,grey,coarse to very coarse
SUJN047-OW,2,Topsoil,black,fine to medium
SUJN047-OW,4,Basalt highly weathered,dull brown,medium to coarse
SUJN047-OW,12.7,Basalt weathered/fractured,greyish black,coarse to very coarse
SUJN048-OW,4,Topsoil,black,fine to medium
SUJN048-OW,7,YELLO SOIL,yellowish brown,fine to medium
SUJN048-OW,12,Basalt highly weathered,dull brown,medium to coarse
SUJN048-OW,16,Basalt weathered,greyish black,coarse to very coarse
SUJN048-OW,18.5,Basalt weathered/fractured,dull brown,coarse to very coarse
SUJN051-OW,2,Topsoil,black,fine to medium
SUJN051-OW,3,YELLO SIOL,yellow,fine to medium
SUJN051-OW,10,Basalt highly weathered,dull brown,medium to coarse
SUJN051-OW,15,Basalt weathered,grey,coarse to very coarse
SUJN051-OW,20.5,Basalt weathered/fractured,greyish black,coarse to very coarse
SUJN052-OW,2,Topsoil,black,fine to medium
SUJN052-OW,5,Basalt highly weathered,dull brown,coarse to very coarse
SUJN052-OW,15,Basalt weathered/fractured,greyish black,coarse to very coarse
SUJN052-OW,22,Basalt weathered/fractured,grey,coarse to very coarse
SUJN053-OW,2,Topsoil,black,fine to medium
SUJN053-OW,7,Basalt highly weathered,dull brown,coarse to very coarse
SUJN053-OW,12,Basalt fractured,greyish black,coarse to very coarse
SUJN053-OW,17,Basalt weathered/fractured,grey,coarse to very coarse
SUJN053-OW,19,Basalt fractured,greyish black,coarse to very coarse
SUJN055-OW,2,Topsoil,black,fine to medium
SUJN055-OW,4,Basalt fractured,greyish black,coarse to very coarse
SUJN055-OW,15,Basalt weathered/fractured,dull brown,coarse to very coarse
SUJN056-OW,3,Topsoil,black,fine to medium
SUJN056-OW,5,YELLO SOIL,yellow,fine to medium
SUJN056-OW,12,Basalt weathered,dull brown,coarse to very coarse
SUJN056-OW,18.5,Basalt weathered/fractured,greyish black,coarse to very coarse
SUJN057-OW,2,Topsoil,black,fine to medium
SUJN057-OW,6,Basalt highly weathered,dull brown,coarse to very coarse
SUJN057-OW,10,Basalt fractured,greyish black,coarse to very coarse
SUJN057-OW,14,Basalt weathered/fractured,greyish black,coarse to very coarse
SUJN057-OW,15,Basalt fractured,greyish black,coarse to very coarse
SUJN059-OW,2.5,Topsoil,black,fine to medium
SUJN059-OW,5,Basalt highly weathered,dull brown,coarse to very coarse
SUJN059-OW,10,Basalt weathered,greyish black,coarse to very coarse
SUJN059-OW,14.1,Basalt weathered/fractured,greyish black,coarse to very coarse
SUJN060-OW,3,Topsoil,black,fine to medium
SUJN060-OW,6,YELLO SOIL,yellow,fine to medium
SUJN060-OW,10,Basalt highly weathered,greyish black,medium to coarse
SUJN060-OW,17,Basalt weathered/fractured,greyish black,coarse to very coarse
SUJN061-OW,3,Topsoil,black,fine to medium
SUJN061-OW,6,YELLO SOIL,yellow,fine to medium
SUJN061-OW,9,Basalt weathered,dull brown,coarse to very coarse
SUJN061-OW,11,Basalt vesicular,greyish black,medium to coarse
SUJN061-OW,15,Basalt weathered/fractured,dull brown,coarse to very coarse
SUJN061-OW,20,Basalt fractured,greyish black,coarse to very coarse
SUJN061-OW,25.6,Basalt weathered/fractured,dull brown,coarse to very coarse
SUJN062-OW,2,Topsoil,black,fine to medium
SUJN062-OW,5,YELLO SOIL,yellow,fine to medium
SUJN062-OW,12.5,Basalt weathered/fractured,greyish black,coarse to very coarse
SUJN063-OW,2,Topsoil,black,fine to medium
SUJN063-OW,5,YELLO SOIL,yellow,fine to medium
SUJN063-OW,10,Basalt weathered,dull brown,coarse to very coarse
SUJN063-OW,15.9,Basalt weathered/fractured,greyish black,coarse to very coarse
SUJN064-OW,3,Topsoil,black,fine to medium
SUJN064-OW,5,Clay with interbeds of sand,yellow,medium to coarse
SUJN064-OW,10,Basalt weathered,dull brown,coarse to very coarse
SUJN064-OW,17,Basalt weathered/fractured,greyish black,coarse to very coarse
SUJN065-OW,2,Topsoil,black,fine to medium
SUJN065-OW,5,Clay with interbeds of sand,yellow,fine to medium
SUJN065-OW,10,Basalt weathered,dull brown,coarse to very coarse
SUJN065-OW,18.5,Basalt weathered/fractured,greyish black,coarse to very coarse
SUJN066-OW,3,Topsoil,black,fine to medium
SUJN066-OW,5,Clay with interbeds of sand,yellow,fine to medium
SUJN066-OW,8,Basalt weathered,greyish black,coarse to very coarse
SUJN066-OW,14.4,Basalt weathered/fractured,dull brown,coarse to very coarse
SUJN068-OW,3,Topsoil,black,fine to medium
SUJN068-OW,7,YELLO SOIL,yellow,fine to medium
SUJN068-OW,12,Clay with interbeds of sand,yellow,medium to coarse
SUJN068-OW,13.5,Basalt weathered/fractured,greyish black,coarse to very coarse
SUJN070-OW,3,Topsoil,black,fine to medium
SUJN070-OW,4,YELLO SOIL,yellow,fine to medium
SUJN070-OW,10,Basalt weathered,dull brown,coarse to very coarse
SUJN070-OW,18.5,Basalt weathered/fractured,greyish black,coarse to very coarse
SUJN071-OW,3,Topsoil,black,fine to medium
SUJN071-OW,5,YELLO SOIL,yellow,fine to medium
SUJN071-OW,11,Basalt weathered,dull brown,coarse to very coarse
SUJN071-OW,17.5,Basalt weathered/fractured,greyish black,coarse to very coarse
SUJN073-OW,2,Topsoil,black,fine to medium
SUJN073-OW,4,Clay with interbeds of sand,yellow,fine to medium
SUJN073-OW,8,Basalt weathered,dull brown,coarse to very coarse
SUJN073-OW,15.2,Basalt weathered/fractured,greyish black,coarse to very coarse
SUJN074-OW,3,Topsoil,black,fine to medium
SUJN074-OW,6,Clay with interbeds of sand,yellow,medium to coarse
SUJN074-OW,10,Basalt weathered,dull brown,coarse to very coarse
SUJN074-OW,15.5,Basalt weathered/fractured,greyish black,coarse to very coarse
SUJN075-OW,2,Topsoil,black,fine to medium
SUJN075-OW,7,Clay with interbeds of sand,yellow,medium to coarse
SUJN075-OW,12.5,Basalt weathered/fractured,dull brown,coarse to very coarse
SUJN076-OW,2,Topsoil,black,fine to medium
SUJN076-OW,5,Clay with interbeds of sand,yellow,fine to medium
SUJN076-OW,9,Basalt weathered,dull brown,coarse to very coarse
SUJN076-OW,15,Basalt weathered/fractured,greyish black,coarse to very coarse
SUJN076-OW,18,Basalt fractured,brown,coarse to very coarse
SUJN078-OW,3,Topsoil,black,fine to medium
SUJN078-OW,8,Clay with interbeds of sand,yellow,fine to medium
SUJN078-OW,11.5,Basalt weathered/fractured,dull brown,coarse to very coarse
SUJN079-OW,2,Topsoil,black,fine to medium
SUJN079-OW,5,Clay with interbeds of sand,yellow,fine to medium
SUJN079-OW,10,Basalt fractured,dull brown,coarse to very coarse
SUJN079-OW,18,Basalt weathered/fractured,greyish black,coarse to very coarse
SUJN081-OW,2,Topsoil,black,fine to medium
SUJN081-OW,5,Clay with interbeds of sand,yellow,fine to medium
SUJN081-OW,8,Basalt fractured,greyish black,coarse to very coarse
SUJN081-OW,15,Basalt weathered/fractured,dull brown,coarse to very coarse
SUJN083-OW,3,Topsoil,black,fine to medium
SUJN083-OW,4,Clay with interbeds of sand,yellow,fine to medium
SUJN083-OW,10,Basalt weathered,dull brown,coarse to very coarse
SUJN083-OW,16,Basalt weathered/fractured,greyish black,coarse to very coarse
SUJN083-OW,17.8,Basalt fractured,dull brown,coarse to very coarse
SUJN084-OW,2,Topsoil,black,fine to medium
SUJN084-OW,3,YELLO SOIL,yellow,fine to medium
SUJN084-OW,10,Basalt weathered,dull brown,coarse to very coarse
SUJN084-OW,17,Basalt weathered/fractured,greyish black,coarse to very coarse
SUJN084-OW,18.7,Basalt fractured,dull brown,coarse to very coarse
SUJN085-OW,4,Basalt vesicular,greyish black,medium to coarse
SUJN085-OW,10,Basalt fractured,dull brown,coarse to very coarse
SUJN085-OW,16,Basalt weathered/fractured,dull brown,coarse to very coarse
SUJN087-OW,2,Topsoil,black,fine to medium
SUJN087-OW,3,Clay with interbeds of sand,yellow,medium to coarse
SUJN087-OW,5,Basalt weathered,dull brown,coarse to very coarse
SUJN087-OW,10,Basalt weathered/fractured,greyish black,coarse to very coarse
SUJN088-OW,2,Topsoil,black,fine to medium
SUJN088-OW,4,Clay with interbeds of sand,yellow,medium to coarse
SUJN088-OW,10,Basalt weathered,greyish black,coarse to very coarse
SUJN088-OW,17,Basalt weathered/fractured,dull brown,coarse to very coarse
SUJN088-OW,19,Basalt fractured,greyish black,coarse to very coarse
SUJN089-OW,1,Topsoil,black,fine to medium
SUJN089-OW,4,Clay with interbeds of sand,yellow,medium to coarse
SUJN089-OW,10,Basalt weathered,dull brown,coarse to very coarse
SUJN089-OW,15,Basalt weathered/fractured,greyish black,coarse to very coarse
SUJN090-OW,0.5,Topsoil,black,fine to medium
SUJN090-OW,7,Basalt vesicular,light brown,medium to coarse
SUJN090-OW,12,Basalt weathered,dull brown,coarse to very coarse
SUJN090-OW,17.5,Basalt weathered/fractured,greyish black,coarse to very coarse
SUJN091-OW,2,Topsoil,black,fine to medium
SUJN091-OW,5,Clay with interbeds of sand,yellow,medium to coarse
SUJN091-OW,12,Basalt weathered,greyish black,coarse to very coarse
SUJN091-OW,18.3,Basalt weathered/fractured,dull brown,coarse to very coarse
SUJN093-OW,3,Topsoil,black,fine to medium
SUJN093-OW,12,Clay with interbeds of sand,yellow,fine to medium
SUJN093-OW,20.5,Basalt weathered/fractured,greyish black,coarse to very coarse
SUJN096-OW,3,Topsoil,black,fine to medium
SUJN096-OW,8,Clay with interbeds of sand,yellow,medium to coarse
SUJN096-OW,13.5,Basalt weathered/fractured,greyish black,coarse to very coarse
SUJN101-OW,2,Topsoil,black,fine to medium
SUJN101-OW,4,Clay with interbeds of sand,yellow,medium to coarse
SUJN101-OW,8,Basalt weathered,dull brown,coarse to very coarse
SUJN101-OW,14,Basalt weathered/fractured,greyish black,coarse to very coarse
SUJN102-OW,3,Topsoil,black,fine to medium
SUJN102-OW,6,Clay with interbeds of sand,yellow,medium to coarse
SUJN102-OW,10.5,Basalt weathered/fractured,dull brown,coarse to very coarse
SUJN103-OW,2,Topsoil,black,fine to medium
SUJN103-OW,10,YELLO SIOL,yellow,fine to medium
SUJN103-OW,22,Basalt weathered/fractured,dull brown,coarse to very coarse
SUJN104-OW,2,Topsoil,black,fine to medium
SUJN104-OW,3,YELLO SOIL,yellow,fine to medium
SUJN104-OW,9,Clay with interbeds of sand,yellow,medium to coarse
SUJN104-OW,20,Basalt vesicular,greyish black,medium to coarse
SUJN104-OW,30,Basalt weathered/fractured,dull brown,coarse to very coarse
SUJN105-OW,2,Topsoil,black,fine to medium
SUJN105-OW,6,Clay with interbeds of sand,yellow,medium to coarse
SUJN105-OW,11.5,Basalt weathered/fractured,greyish black,coarse to very coarse
SUJN106-OW,2,Topsoil,black,fine to medium
SUJN106-OW,7,Clay with interbeds of sand,yellow,medium to coarse
SUJN106-OW,13,Basalt weathered/fractured,dull brown,coarse to very coarse
SUJN107-OW,3,Topsoil,black,fine to medium
SUJN107-OW,5,Clay with interbeds of sand,yellow,medium to coarse
SUJN107-OW,8,Basalt vesicular,greyish black,medium to coarse
SUJN107-OW,15,Basalt weathered/fractured,dull brown,coarse to very coarse
SUJN108-OW,2,Topsoil,black,fine to medium
SUJN108-OW,6,Clay with interbeds of sand,yellow,medium to coarse
SUJN108-OW,10,Basalt weathered/fractured,greyish black,coarse to very coarse
SUJN109-OW,2,Topsoil,black,fine to medium
SUJN109-OW,5,YELLO SOIL,yellow,fine to medium
SUJN109-OW,10,Basalt weathered/fractured,dull brown,coarse to very coarse
SUJN110-OW,3,Topsoil,black,fine to medium
SUJN110-OW,7,Clay with interbeds of sand,yellow,medium to coarse
SUJN110-OW,10,Basalt weathered,dull brown,coarse to very coarse
SUJN110-OW,19.5,Basalt weathered/fractured,greyish black,coarse to very coarse
SUJN111-OW,3,Topsoil,black,fine to medium
SUJN111-OW,6,Clay with interbeds of sand,yellow,medium to coarse
SUJN111-OW,10,Basalt vesicular,greyish black,coarse to very coarse
SUJN111-OW,20,Basalt fractured,dull brown,coarse to very coarse
SUJN111-OW,30,Basalt weathered/fractured,dull brown,coarse to very coarse
SUJN112-OW,1,Topsoil,black,fine to medium
SUJN112-OW,4,Basalt vesicular,dull brown,medium to coarse
SUJN112-OW,8,Basalt fractured,dull brown,coarse to very coarse
SUJN112-OW,16,Basalt weathered/fractured,greyish black,coarse to very coarse
SUJN113-OW,2,Topsoil,black,fine to medium
SUJN113-OW,4,Basalt vesicular,greyish black,medium to coarse
SUJN113-OW,10,Basalt fractured,dull brown,coarse to very coarse
SUJN113-OW,20.5,Basalt weathered/fractured,greyish black,coarse to very coarse
SUJN114-OW,2,Topsoil,black,fine to medium
SUJN114-OW,4,Clay with interbeds of sand,yellow,medium to coarse
SUJN114-OW,8,Basalt fractured,dull brown,coarse to very coarse
SUJN114-OW,15,Basalt weathered/fractured,greyish black,coarse to very coarse
SUJN114-OW,17,Basalt weathered,dull brown,coarse to very coarse
SUJN115-OW,2,Topsoil,black,fine to medium
SUJN115-OW,3,Clay with interbeds of sand,yellow,medium to coarse
SUJN115-OW,6,Basalt weathered,dull brown,coarse to very coarse
SUJN115-OW,14,Basalt weathered/fractured,greyish black,coarse to very coarse
SUJN116-OW,2,Topsoil,black,fine to medium
SUJN116-OW,6,Clay with interbeds of sand,yellow,medium to coarse
SUJN116-OW,9,Basalt highly weathered,dull brown,coarse to very coarse
SUJN116-OW,18,Basalt weathered/fractured,greyish black,coarse to very coarse
SUJN116-OW,20.5,Basalt fractured,greyish black,coarse to very coarse
SUJN117-OW,2,Topsoil,black,fine to medium
SUJN117-OW,4,Clay with interbeds of sand,yellow,fine to medium
SUJN117-OW,8,Basalt fractured,dull brown,coarse to very coarse
SUJN117-OW,14,Basalt weathered/fractured,greyish black,coarse to very coarse
SUJN117-OW,15.5,Basalt fractured,dull brown,coarse to very coarse
SUJN118-OW,2,Topsoil,black,fine to medium
SUJN118-OW,4,Basalt highly weathered,dull brown,coarse to very coarse
SUJN118-OW,8,Basalt weathered,dull brown,coarse to very coarse
SUJN118-OW,12.5,Basalt weathered/fractured,greyish black,coarse to very coarse
SUJN119-OW,2,Topsoil,black,fine to medium
SUJN119-OW,4,Clay with interbeds of sand,yellow,medium to coarse
SUJN119-OW,6,Basalt weathered,dull brown,coarse to very coarse
SUJN119-OW,12,Basalt weathered/fractured,greyish black,coarse to very coarse
SUJN119-OW,14,Basalt fractured,dull brown,coarse to very coarse
SUJN120-OW,1,Topsoil,black,fine to medium
SUJN120-OW,5,Basalt weathered,dull brown,coarse to very coarse
SUJN120-OW,8.199999999999999,Basalt weathered/fractured,greyish black,coarse to very coarse
SUJN121-OW,2,Topsoil,black,fine to medium
SUJN121-OW,3,YELLO SOIL,yellow,fine to medium
SUJN121-OW,8,Basalt weathered/fractured,greyish black,coarse to very coarse
SUJN122-OW,3,Topsoil,black,fine to medium
SUJN122-OW,8,Clay with interbeds of sand,yellow,medium to coarse
SUJN122-OW,9,Basalt weathered/fractured,greyish black,coarse to very coarse
SUJN123-OW,2,Topsoil,black,fine to medium
SUJN123-OW,3,Clay with interbeds of sand,yellow,medium to coarse
SUJN123-OW,7,Basalt weathered/fractured,dull brown,coarse to very coarse
SUJN123-OW,8.199999999999999,Basalt weathered,grey,coarse to very coarse
SUJN124-OW,2,Topsoil,black,fine to medium
SUJN124-OW,3,Clay,yellow,fine to medium
SUJN124-OW,4,Basalt weathered,dull brown,coarse to very coarse
SUJN124-OW,12.5,Basalt weathered/fractured,greyish black,coarse to very coarse
SUJN125-OW,2,Topsoil,black,fine to medium
SUJN125-OW,4,Clay with interbeds of sand,yellow,fine to medium
SUJN125-OW,8,Basalt weathered,dull brown,coarse to very coarse
SUJN125-OW,16,Basalt weathered/fractured,greyish black,coarse to very coarse
SUJN126-OW,3,Topsoil,black,fine to medium
SUJN126-OW,5,Clay with interbeds of sand,yellow,medium to coarse
SUJN126-OW,12,Basalt fractured,dull brown,coarse to very coarse
SUJN126-OW,24,Basalt weathered/fractured,greyish black,coarse to very coarse
SUJN127-OW,1,Topsoil,black,fine to medium
SUJN127-OW,4,Clay with interbeds of sand,yellow,fine to medium
SUJN127-OW,8,Basalt weathered,dull brown,coarse to very coarse
SUJN127-OW,18,Basalt weathered/fractured,greyish black,coarse to very coarse
SUJN127-OW,19,Basalt fractured,dull brown,coarse to very coarse
SUJN128-OW,1,Topsoil,black,fine to medium
SUJN128-OW,5,Clay with interbeds of sand,yellow,fine to medium
SUJN128-OW,10,Basalt highly weathered,dull brown,coarse to very coarse
SUJN128-OW,14,Basalt vesicular,brown,coarse to very coarse
SUJN128-OW,17,Basalt weathered/fractured,greyish black,coarse to very coarse
SUJN129-OW,1,Topsoil,black,fine to medium
SUJN129-OW,7,Basalt fractured,black,coarse to very coarse
SUJN129-OW,9,Basalt weathered,dull brown,coarse to very coarse
SUJN129-OW,12.1,Basalt weathered/fractured,greyish black,coarse to very coarse
SUJN130-OW,2,Topsoil,black,fine to medium
SUJN130-OW,7,Basalt vesicular,dull brown,medium to coarse
SUJN130-OW,12.5,Basalt weathered/fractured,greyish black,coarse to very coarse
SUJN131-OW,2,Topsoil,black,fine to medium
SUJN131-OW,4,Basalt vesicular,dull brown,medium to coarse
SUJN131-OW,7,Basalt weathered,grey,coarse to very coarse
SUJN131-OW,12,Basalt weathered/fractured,greyish black,coarse to very coarse
SUJN132-OW,2,Topsoil,black,fine to medium
SUJN132-OW,4,Basalt vesicular,dull brown,medium to coarse
SUJN132-OW,7,Basalt fractured,grey,coarse to very coarse
SUJN132-OW,11,Basalt weathered/fractured,greyish black,coarse to very coarse
SUJN133-OW,2,Topsoil,black,fine to medium
SUJN133-OW,5,Basalt vesicular,dull brown,medium to coarse
SUJN133-OW,10,Basalt weathered,dull brown,coarse to very coarse
SUJN133-OW,16.4,Basalt weathered/fractured,greyish black,coarse to very coarse
SUJN134-OW,2,Topsoil,black,fine to medium
SUJN134-OW,5,Clay with interbeds of sand,yellow,fine to medium
SUJN134-OW,9,Basalt highly weathered,light brown,coarse to very coarse
SUJN134-OW,13,Basalt fractured,dull brown,coarse to very coarse
SUJN134-OW,15.5,Basalt weathered/fractured,greyish black,coarse to very coarse
SUJN135-OW,2,Topsoil,black,fine to medium
SUJN135-OW,5,Clay with interbeds of sand,yellow,fine to medium
SUJN135-OW,10,Basalt weathered,dull brown,coarse to very coarse
SUJN135-OW,18,Basalt weathered/fractured,greyish black,coarse to very coarse
SUJN136-OW,2,Topsoil,black,fine to medium
SUJN136-OW,3,Basalt weathered,dull brown,coarse to very coarse
SUJN136-OW,11.5,Basalt weathered/fractured,greyish black,coarse to very coarse
SUJN137-OW,3,Topsoil,black,fine to medium
SUJN137-OW,6,Clay with interbeds of sand,yellow,fine to medium
SUJN137-OW,12,Basalt weathered/fractured,greyish black,coarse to very coarse
SUJN137-OW,13,Basalt weathered,dull brown,coarse to very coarse
SUJN138-OW,2,Topsoil,black,fine to medium
SUJN138-OW,7,Basalt highly weathered,greyish black,coarse to very coarse
SUJN138-OW,14,Basalt weathered/fractured,dull brown,coarse to very coarse
SUJN138-OW,17,Basalt weathered,brown,coarse to very coarse
SUJN139-OW,2,Topsoil,black,fine to medium
SUJN139-OW,4,Basalt highly weathered,dull brown,coarse to very coarse
SUJN139-OW,8.5,Basalt weathered/fractured,greyish black,coarse to very coarse
SUJN-001-PZ,1,Clay,brown,coarse
SUJN-001-PZ,10,Basalt weathered,light brown,coarse to very coarse
SUJN-001-PZ,12,Basalt highly weathered,brown,coarse to very coarse
SUJN-001-PZ,13,Red bole,red,fine to medium
SUJN-001-PZ,30,Basalt weathered,brown,medium to coarse
SUJN-001-PZ,31,Basalt fractured,greyish black,coarse to very coarse
SUJN-001-PZ,35.05,Jointed Basalt,brown,coarse to very coarse
SUJN-002-PZ,2,Clay,brown,medium to coarse
SUJN-002-PZ,14,Basalt highly weathered,greyish black,medium to coarse
SUJN-002-PZ,17,Basalt weathered,light brown,medium to coarse
SUJN-002-PZ,38,Massive Basalts,light brown,medium to coarse
SUJN-002-PZ,41,Basalt fractured,greyish black,medium to coarse
SUJN-002-PZ,44.19,Basalt weathered,greyish black,medium to coarse
SUJN-003-PZ,9.5,Basalt highly weathered,dull brown,coarse to very coarse
SUJN-003-PZ,32,Basalt weathered,brown,coarse
SUJN-003-PZ,33,Basalt fractured,greyish black,medium to coarse
SUJN-003-PZ,36.57,Basalt hard,brown,fine to medium
SUJN-004-PZ,2,Clay,black,medium to coarse
SUJN-004-PZ,4,Clay with interbeds of sand,yellow,fine to medium
SUJN-004-PZ,13,Basalt weathered,brown,fine to medium
SUJN-004-PZ,15,Basalt highly weathered,brown,fine to medium
SUJN-004-PZ,18,Red bole,red,fine
SUJN-004-PZ,36,Basalt weathered,brown,medium to coarse
SUJN-004-PZ,41,Basalt fractured,brown,medium to coarse
SUJN-004-PZ,44.19,Basalt hard,black,hard
SUJN-005-PZ,10,Clay,yellow,fine to medium
SUJN-005-PZ,12,Red bole,red,fine
SUJN-005-PZ,15,Clay,yellow,fine
SUJN-005-PZ,17,Clay,red,fine
SUJN-005-PZ,25,Basalt vesicular,brown,coarse
SUJN-005-PZ,36,Basalt weathered/fractured,brown,coarse
SUJN-005-PZ,38,Basalt highly weathered,grey,fine to medium
SUJN-005-PZ,40,Basalt fractured,dull brown,medium to coarse
SUJN-005-PZ,44.19,Basalt weathered,brown,medium to coarse
SUJN-006-PZ,6,Clay with interbeds of sand,yellow,fine to medium
SUJN-006-PZ,7,Clay with interbeds of sand,yellow,fine
SUJN-006-PZ,12,Basalt highly weathered,brown,coarse
SUJN-006-PZ,16,Basalt weathered,brown,coarse
SUJN-006-PZ,28,Jointed Basalt,brown,coarse
SUJN-006-PZ,30,Basalt fractured,brown,medium to coarse
SUJN-006-PZ,34.7,Jointed Basalt,brown,medium to coarse
SUJN-007-PZ,4,Clay,black,medium to coarse
SUJN-007-PZ,6,Mixed sand/silt,yellow,fine to medium
SUJN-007-PZ,14,Mixed sand/silt,yellow,fine to medium
SUJN-007-PZ,18,Red bole,red,fine to medium
SUJN-007-PZ,24,Basalt highly weathered,brown,fine to medium
SUJN-007-PZ,34,Basalt hard,brown,medium to coarse
SUJN-007-PZ,36,Basalt fractured,brown,medium to coarse
SUJN-007-PZ,42.67,Basalt hard,brown,medium to coarse
SUJN-008-PZ,4,Topsoil,black,medium to coarse
SUJN-008-PZ,5,Basalt weathered,brown,coarse
SUJN-008-PZ,38,Jointed Basalt,brown,medium to coarse
SUJN-008-PZ,40,Basalt fractured,greyish black,coarse
SUJN-008-PZ,44.19,Basalt hard,brown,medium to coarse
SUJN-009-PZ,6,Topsoil,black,medium to coarse
SUJN-009-PZ,12,Clay with interbeds of sand,yellow,medium to coarse
SUJN-009-PZ,29,Jointed Basalt,brown,medium to coarse
SUJN-009-PZ,34,Basalt fractured,brown,medium to coarse
SUJN-009-PZ,39.01,Jointed Basalt,brown,medium
SUJN-010-PZ,4,Topsoil,yellowish brown,medium to coarse
SUJN-010-PZ,8,Clay with thin gravel layer,yellowish brown,medium to coarse
SUJN-010-PZ,10,Red bole,red,fine to medium
SUJN-010-PZ,17,Clay with interbeds of sand,reddish brown,fine to medium
SUJN-010-PZ,18,Basalt weathered,brown,coarse
SUJN-010-PZ,40,Jointed Basalt,brown,medium to coarse
SUJN-010-PZ,42,Basalt fractured,dull brown,fine to medium
SUJN-010-PZ,48.76,Basalt hard,brown,coarse
SUJN-011-PZ,1,Topsoil,brown,medium to coarse
SUJN-011-PZ,6,Clay soft,yellow,fine to medium
SUJN-011-PZ,10,Mixed sand/silt,light brown,medium to coarse
SUJN-011-PZ,11.5,Basalt highly weathered,brown,coarse to very coarse
SUJN-011-PZ,15,Basalt hard,brown,medium to coarse
SUJN-011-PZ,30,Basalt fractured,greyish black,medium to coarse
SUJN-012-PZ,4.5,Topsoil,black,medium to coarse
SUJN-012-PZ,11,Clay,yellow,medium to coarse
SUJN-012-PZ,12,Clay with interbeds of sand,dull brown,fine to medium
SUJN-012-PZ,20,Basalt weathered,brown,medium to coarse
SUJN-012-PZ,24,Basalt vesicular,dull brown,medium to coarse
SUJN-012-PZ,29,Basalt weathered,brown,coarse
SUJN-012-PZ,30,Basalt fractured,brown,medium to coarse
SUJN-013-PZ,1.5,Topsoil,black,medium to coarse
SUJN-013-PZ,6.5,Clay,yellow,fine to medium
SUJN-013-PZ,25,Basalt weathered,brown,medium to coarse
SUJN-013-PZ,29,Basalt hard,greyish black,medium to coarse
SUJN-013-PZ,30,Basalt fractured,brown,medium to coarse
SUJN-014-PZ,2.5,Topsoil,black,fine to medium
SUJN-014-PZ,5,Basalt highly weathered,greyish black,medium to coarse
SUJN-014-PZ,21,Basalt weathered,greyish black,medium to coarse
SUJN-014-PZ,24,Basalt fractured,brown,medium to coarse
SUJN-014-PZ,30,Basalt hard,dull brown,fine to medium
SUJN-015-PZ,2,Topsoil,yellowish brown,fine to medium
SUJN-015-PZ,4,B.C. Soil,black,fine
SUJN-015-PZ,5.5,Basalt highly weathered,dull brown,medium to coarse
SUJN-015-PZ,15,Basalt fine,grey,fine
SUJN-015-PZ,26,Jointed Basalt,dull brown,medium to coarse
SUJN-015-PZ,28,Basalt fractured,greyish black,fine to medium
SUJN-015-PZ,30,Jointed Basalt,dull brown,medium to coarse
SUJN-016-PZ,1,Topsoil,dull brown,medium to coarse
SUJN-016-PZ,5,Basalt weathered,brown,coarse to very coarse
SUJN-016-PZ,6,Mixed sand/silt,brown,fine to medium
SUJN-016-PZ,12,Basalt highly weathered,brown,medium to coarse
SUJN-016-PZ,14,Basalt weathered,brown,medium to coarse
SUJN-016-PZ,30,Basalt fractured,brown,medium to coarse
SUJN-017-PZ,2,Topsoil,black,medium to coarse
SUJN-017-PZ,4,Basalt highly weathered,brown,coarse to very coarse
SUJN-017-PZ,5,Basalt highly weathered,brown,coarse to very coarse
SUJN-017-PZ,14,Basalt weathered,brown,medium to coarse
SUJN-017-PZ,28,Basalt hard,greyish black,fine to medium
SUJN-017-PZ,30,Basalt fractured,greyish black,fine to medium
SUJN-018-PZ,2,Topsoil,greyish black,medium to coarse
SUJN-018-PZ,5,Basalt highly weathered,brown,medium to coarse
SUJN-018-PZ,16,Basalt hard,greyish black,fine to medium
SUJN-018-PZ,30,Basalt fractured,brown,medium to coarse
SUJN-019-PZ,2,Topsoil,dull brown,medium to coarse
SUJN-019-PZ,10,Clay soft,yellow,fine to medium
SUJN-019-PZ,26,Basalt weathered,brown,medium to coarse
SUJN-019-PZ,28,Basalt fractured,brown,medium to coarse
SUJN-019-PZ,30,Basalt fractured,brown,medium to coarse
SUJN-020-PZ,4,Topsoil,black,coarse to very coarse
SUJN-020-PZ,11,Basalt highly weathered,brown,coarse to very coarse
SUJN-020-PZ,28,Basalt weathered/fractured,brown,medium to coarse
SUJN-020-PZ,30,Basalt highly weathered,brown,medium to coarse
SUJN-020-PZ,36.25,Basalt fractured,greyish black,medium to coarse
SUJN-021-PZ,1,Topsoil,black,fine to medium
SUJN-021-PZ,17,Basalt highly weathered,brown,coarse to very coarse
SUJN-021-PZ,25,Basalt weathered,brown,fine to medium
SUJN-021-PZ,27,Basalt highly weathered,brown,medium to coarse
SUJN-021-PZ,30,Basalt fractured,greyish black,fine to medium
SUJN-022-PZ,2,Topsoil,black,fine to medium
SUJN-022-PZ,6.5,Clay with interbeds of sand,dull brown,fine to medium
SUJN-022-PZ,10,Basalt weathered,brown,medium to coarse
SUJN-022-PZ,30,Basalt hard,dull brown,medium to coarse
SUJN-022-PZ,40,Basalt hard,dull brown,medium to coarse
SUJN-022-PZ,45,Basalt fractured,brown,medium to coarse
SUJN-022-PZ,60,Basalt vesicular,light brown,fine to medium
SUJN-022-PZ,61,Red bole,red,fine to medium
SUJN-022-PZ,85,Basalt hard,brown,fine
SUJN-022-PZ,90,Basalt fractured,greyish black,fine to medium
SUJN-022-PZ,100.58,Basalt vesicular,light brown,fine
SUJN-023-PZ,2,Topsoil,black,fine to medium
SUJN-023-PZ,5,Clay with interbeds of sand,yellow,fine to medium
SUJN-023-PZ,7,Clay with interbeds of sand,yellow,fine
SUJN-023-PZ,13,Basalt weathered,brown,medium to coarse
SUJN-023-PZ,15,Red bole,red,fine
SUJN-023-PZ,30,Basalt hard,brown,medium to coarse
SUJN-023-PZ,42,Basalt hard,brown,medium to coarse
SUJN-023-PZ,47,Basalt fractured,greyish black,fine to medium
SUJN-023-PZ,60,Basalt vesicular,light brown,fine to medium
SUJN-023-PZ,79,Basalt hard,dull brown,fine
SUJN-023-PZ,80,Red bole,red,fine to medium
SUJN-023-PZ,100,Basalt,brown,fine
SUJN-023-PZ,115,Basalt fractured,black,medium to coarse
SUJN-023-PZ,123.44,Basalt fractured,black,medium to coarse
SGUN001-PZ,4,Top Soil,black,fine
SGUN001-PZ,14,Lateritic Soil,red,coarse to very coarse
SGUN001-PZ,24,Basalt weathered,greyish black,medium to coarse
SGUN001-PZ,28,Basalt hard,black,fine
SGUN001-PZ,32,Basalt weathered,greyish black,medium to coarse
SGUN001-PZ,36,Red bole,brown,fine to medium
SGUN001-PZ,44,Basalt weathered,greyish black,medium to coarse
SGUN001-PZ,56.4,Hard Sand stone(Rewa) fine gr.,pinkish white,very fine
SGUN002-PZ,8,Top Soil,black,fine
SGUN002-PZ,10,Red bole,brown,fine to medium
SGUN002-PZ,14,Intertrappean calcium deposit,yellow,fine
SGUN002-PZ,22,Red bole,brown,fine to medium
SGUN002-PZ,28,Basalt weathered,grey,medium to coarse
SGUN002-PZ,50.3,Basalt hard,greyish black,fine
SGUN003-PZ,8,Top Soil,Black,fine
SGUN003-PZ,14,Interttapean calcimum deposit.,yellow,fine
SGUN003-PZ,28,Basalt weathered,grey,fine
SGUN003-PZ,41.15,Basalt hard,greyish black,fine
SGUN004-PZ,2,Topsoil with wheather Basalt.,black,fine
SGUN004-PZ,4,Red bole,brown,fine to medium
SGUN004-PZ,12,Basalt weathered,grey,fine
SGUN004-PZ,16,hard basalt,greyish black,fine
SGUN004-PZ,22,Basalt weathered,grey,fine
SGUN004-PZ,24,Red bole,dark brown,fine to medium
SGUN004-PZ,33.53,Basalt hard,greyish black,fine
SGUN005-PZ,2,Top Soil With Kankar,black,fine
SGUN005-PZ,4,Soil With Weathered basalt,brown,fine to medium
SGUN005-PZ,16,Basalt weatheredWithchl. Clay,grey,medium to coarse
SGUN005-PZ,18.29,Basalt hard,black,fine
SGUN006-PZ,2,Topsoil with Kankar,black,fine
SGUN006-PZ,4,Weathered Basalt,grey,fine
SGUN006-PZ,6,Weathered Basalt &Lime Stone,greyish black,fine
SGUN006-PZ,12,Hard Baslt,greyish black,fine
SGUN006-PZ,14,Red bole,brown,fine
SGUN006-PZ,30,Weathered Basalt,grey,fine
SGUN006-PZ,32,Red bole,brown,fine
SGUN006-PZ,40,Weathered Basalt,grey,fine
SGUN006-PZ,45,Hard Basalt,greyish black,fine
SGUN007-PZ,2,Top Soil with mixed calc. Kank,black,fine
SGUN007-PZ,4,Basalt weathered with soil,brown,fine
SGUN007-PZ,6,Basalt weathered with limeston,black,fine
SGUN007-PZ,14,Basalt hard,black,fine
SGUN007-PZ,16,Red bole,brown,fine to medium
SGUN007-PZ,30,Basalt weathered with chlo.cy,grey,fine
SGUN007-PZ,32,Red bole,brown,fine to medium
SGUN007-PZ,52,W.basaltwith lime stone&ch.cly,greyish Yellow,fine
SGUN007-PZ,68,w.baslt withcho.cly.on quartz,Greyish Yellow,fine to medium
SGUN007-PZ,100,Basalt hard,black,fine
SGUN007-PZ,110,Basalt weathered,grey,fine
SGUN007-PZ,120.42,Basalt hard,black,fine
SGUN008-PZ,2,tTop soil,brown,fine
SGUN008-PZ,4,Soil clayee in nature,brown,fine
SGUN008-PZ,16,Basalt weathered,grey,fine
SGUN008-PZ,18,Basalt hard,grey,fine
SGUN008-PZ,24,Basalt weathered,grey,fine
SGUN008-PZ,26,Red bole,brown,fine to medium
SGUN008-PZ,32,Basalt weathered,grey,fine
SGUN008-PZ,56,Basalt hard,greyish black,fine
SGUN008-PZ,60,Red bole,brown,fine to medium
SGUN008-PZ,68,Basalt weathered with free sil,green,fine
SGUN008-PZ,96.03,Basalt hard,greyish black,fine
SGUN009-PZ,2,Top soil with cal.kankar,brown,fine
SGUN009-PZ,8,Soil clayee nature sticky.,brown,fine
SGUN009-PZ,14,Basalt weathered with lime st.,Greyish Yellow,fine
SGUN009-PZ,27.43,Basalt hard,greyish black,fine
SGWL003A-OW,2,Topsoil,yellowish brown,fine to medium
SGWL003A-OW,16.9,Shale weathered/fractured,brown,fine to medium
SGWL004A-OW,3,Topsoil,yellowish brown,fine to medium
SGWL004A-OW,14,Shale fractured,brown,fine to medium
SGWL007-OW,2,Topsoil,yellowish brown,fine to medium
SGWL007-OW,9.800000000000001,Shale weathered,dull brown,fine to medium
SGWL009A-OW,3,Topsoil,light brown,fine to medium
SGWL009A-OW,15,Shale fractured,brown,fine to medium
SGWL009A-OW,19.95,Sandstone fractured,reddish brown,medium to coarse
SGWL011A-OW,5,Sandstone fractured,greyish black,fine to medium
SGWL011A-OW,9.949999999999999,Sandstone weathered,greyish black,fine to medium
SGWL012-OW,3,Topsoil,greyish black,fine to medium
SGWL012-OW,12.05,Sandstone weathered,greyish black,fine to medium
SGWL015A-OW,3,Topsoil,greyish black,fine to medium
SGWL015A-OW,8,Schist weathered/fractured,greyish black,fine to medium
SGWL016A-OW,2,Topsoil,greyish black,fine to medium
SGWL016A-OW,5,Schist weathered/fractured,greyish black,fine to medium
SGWL017-OW,4,Topsoil,greyish black,fine to medium
SGWL017-OW,10,Schist weathered/fractured,greyish black,fine to medium
SGWL018-OW,4,Topsoil,greyish black,fine to medium
SGWL018-OW,6,Schist weathered/fractured,greyish black,fine to medium
SGWL021-OW,3,Topsoil,greyish black,fine to medium
SGWL021-OW,5,Sandstone weathered/fractured,greyish black,fine to medium
SGWL022-OW,3,Topsoil,greyish black,fine to medium
SGWL022-OW,5,Sandstone weathered/fractured,greyish black,fine to medium
SGWL023-OW,3,Topsoil,greyish black,fine to medium
SGWL023-OW,5,Sandstone weathered,greyish black,fine to medium
SGWL024-OW,2,Topsoil,greyish black,fine to medium
SGWL024-OW,4,Granite fractured,greyish black,fine to medium
SGWL025-OW,2,Topsoil,greyish black,fine to medium
SGWL025-OW,3,Sandstone weathered,greyish black,fine to medium
SGWL026-OW,4,Topsoil,greyish black,fine to medium
SGWL026-OW,6,Sandstone weathered,greyish black,fine to medium
SGWL027-OW,4,Topsoil,greyish black,fine to medium
SGWL027-OW,8,Sandstone fractured,greyish black,fine to medium
SGWL028-OW,2,Topsoil,greyish black,fine to medium
SGWL028-OW,4,Sandstone weathered/fractured,greyish black,fine to medium
SGWL030A-OW,2,Topsoil,greyish black,fine to medium
SGWL030A-OW,5,Limestone fractured,greyish black,fine to medium
SGWL030A-OW,19.2,Limestone highly weathered,greyish black,fine
SGWL031A-OW,4,Topsoil,greyish black,fine to medium
SGWL031A-OW,8,Sandstone fractured,greyish black,fine to medium
SGWL032A-OW,1,Topsoil,dull brown,fine to medium
SGWL015A-OW,16.2,Sandstone weathered,greyish black,fine to medium
SGWL016A-OW,8.65,Sandstone weathered,greyish black,fine to medium
SGWL017-OW,15.35,Sandstone weathered,greyish black,fine to medium
SGWL018-OW,10.35,Sandstone weathered,greyish black,fine to medium
SGWL021-OW,9.4,Sandstone weathered,greyish black,fine to medium
SGWL022-OW,7.85,Sandstone weathered,greyish black,fine to medium
SGWL023-OW,7.1,Gneiss weathered,greyish black,fine to medium
SGWL024-OW,7.75,Granite weathered,greyish black,fine to medium
SGWL025-OW,5.25,Sandstone highly weathered,greyish black,fine to medium
SGWL026-OW,8.9,Sandstone highly weathered,greyish black,fine to medium
SGWL027-OW,12,Schist weathered/fractured,greyish black,fine to medium
SGWL027-OW,14.65,Sandstone weathered,greyish black,fine to medium
SGWL028-OW,8.4,Sandstone weathered,greyish black,fine to medium
SGWL031A-OW,12,Sandstone weathered/fractured,greyish black,fine to medium
SGWL031A-OW,15.15,Sandstone weathered,greyish black,fine
SGWL032A-OW,6.6,Sandstone weathered,dull brown,fine
SGWL033A-OW,1.5,Topsoil,dull brown,fine to medium
SGWL033A-OW,5,Limestone weathered,grey,fine to medium
SGWL033A-OW,8,Limestone highly weathered,grey,fine
SGWL004A-OW,22.2,Shale weathered,brown,fine to medium
SGWL034A-OW,12,Topsoil,yellow,very fine
SGWL034A-OW,22,Shale weathered,dull brown,fine to medium
SGWL034A-OW,27.2,Sandstone weathered/fractured,dull brown,fine to medium
SGWL035A-OW,4,Topsoil,greyish black,fine to medium
SGWL035A-OW,10.15,Sandstone weathered,greyish black,fine to medium
SGWL036A-OW,2,Topsoil,yellowish brown,fine to medium
SGWL036A-OW,8,Shale weathered,yellowish brown,fine to medium
SGWL036A-OW,13.8,Limestone weathered,yellowish brown,fine to medium
SGWL037-OW,4,Topsoil,yellow,fine to medium
SGWL037-OW,14,Limestone weathered,yellow,fine to medium
SGWL037-OW,16.05,Limestone highly weathered,yellow,fine to medium
SGWL037-OW,8,Limestone fractured,yellow,fine to medium
SGWL038-OW,3,Topsoil,light brown,fine
SGWL038-OW,6,Shale fractured,light brown,fine to medium
SGWL038-OW,11.15,Shale weathered,light brown,fine to medium
SGWL039-OW,1,Topsoil,light brown,fine to medium
SGWL039-OW,5,Shale fractured,light brown,fine to medium
SGWL039-OW,9.1,Shale highly weathered,light brown,fine to medium
SGWL040A-OW,4,Topsoil,light brown,fine
SGWL040A-OW,6,Shale weathered,light brown,fine to medium
SGWL040A-OW,12,Shale highly weathered,light brown,fine to medium
SGWL040A-OW,17.2,Sandstone weathered,light brown,medium
SGWL041-OW,0.5,Topsoil,dull brown,fine to medium
SGWL041-OW,10,Sandstone weathered,dull brown,fine to medium
SGWL041-OW,18.7,Sandstone highly weathered,dull brown,fine to medium
SGWL042-OW,5,Topsoil,yellow,fine to medium
SGWL042-OW,8,Sandstone weathered,yellowish brown,fine to medium
SGWL042-OW,11.2,Limestone fractured,yellowish brown,fine to medium
SGWL043A-OW,5,Topsoil,yellow,medium to coarse
SGWL043A-OW,10,Limestone weathered,yellow,medium to coarse
SGWL044-OW,5,Topsoil,yellow,fine to medium
SGWL044-OW,9,Sandstone weathered,yellow,fine to medium
SGWL044-OW,13.9,Limestone weathered,yellow,medium to coarse
SGWL045-OW,2,Topsoil,dull brown,fine to medium
SGWL045-OW,5,Sandstone weathered,dull brown,fine to medium
SGWL045-OW,7.9,Limestone weathered,yellowish brown,fine to medium
SGWL046-OW,5,Topsoil,yellow,fine to medium
SGWL046-OW,12.35,Sandstone weathered,light brown,fine to medium
SGWL046-OW,9,Limestone weathered,yellow,fine to medium
SGWL047A-OW,6,Topsoil,dull brown,fine
SGWL047A-OW,10,Shale weathered,dull brown,fine to medium
SGWL047A-OW,17.5,Shale highly weathered,dull brown,fine to medium
SGWL048-OW,3,Topsoil,dull brown,fine to medium
SGWL048-OW,8,Shale weathered,dull brown,fine to medium
SGWL048-OW,13.4,Sandstone weathered,greyish black,fine to medium
SGWL049-OW,1,Topsoil,brown,fine to medium
SGWL049-OW,8,Sandstone weathered/fractured,dull brown,fine to medium
SGWL049-OW,11,Sandstone weathered,dull brown,fine to medium
SGWL050A-OW,4,Topsoil,greyish black,fine to medium
SGWL050A-OW,9,Shale weathered,dull brown,fine to medium
SGWL050A-OW,11.5,Sandstone weathered,dull brown,fine to medium
SGWL051-OW,4,Topsoil,yellow,fine to medium
SGWL051-OW,10,Limestone fractured,yellow,fine to medium
SGWL051-OW,14.6,Limestone weathered,yellow,fine to medium
SGWL052-OW,1,Topsoil,yellow,fine to medium
SGWL052-OW,9,Sandstone weathered,yellow,fine to medium
SGWL052-OW,13.75,Limestone weathered,yellow,fine to medium
SGWL053-OW,10,Topsoil,yellow,fine to medium
SGWL053-OW,14.55,Shale weathered,dull brown,fine to medium
SGWL054-OW,2,Topsoil,dull brown,fine to medium
SGWL054-OW,10,Sandstone fractured,dull brown,fine to medium
SGWL054-OW,16.4,Sandstone weathered,dull brown,fine to medium
SGWL055-OW,2,Topsoil,dull brown,fine to medium
SGWL055-OW,10.5,Sandstone fractured,dull brown,fine to medium
SGWL076A-OW,10,Topsoil,dull brown,fine to medium
SGWL076A-OW,18,Shale weathered/fractured,dull brown,fine to medium
SGWL076A-OW,24,Shale weathered,dull brown,fine to medium
SGWL089-OW,5,Topsoil,yellow,fine to medium
SGWL089-OW,9.65,Limestone weathered,yellow,fine to medium
SGWL090-OW,0.5,Topsoil,yellow,fine to medium
SGWL090-OW,5.7,Limestone weathered,yellow,fine to medium
SGWL091-OW,5,Topsoil,yellow,fine to medium
SGWL091-OW,10,Sandstone fractured,yellow,fine to medium
SGWL091-OW,15,Sandstone weathered,yellow,fine to medium
SGWL091-OW,19.3,Limestone weathered,yellow,fine to medium
SGWL056A-OW,8,Topsoil,dull brown,fine to medium
SGWL056A-OW,12,Shale fractured,dull brown,fine to medium
SGWL056A-OW,17.4,Shale weathered,dull brown,fine to medium
SGWL057-OW,6,Topsoil,dull brown,fine to medium
SGWL057-OW,7.6,Shale weathered,dull brown,fine to medium
SGWL063A-OW,10,Topsoil,yellow,fine to medium
SGWL063A-OW,17,Shale weathered/fractured,dull brown,fine to medium
SGWL063A-OW,21.25,Shale weathered,dull brown,fine to medium
SGWL064-OW,0.5,Topsoil,dull brown,fine to medium
SGWL064-OW,7,Sandstone weathered,dull brown,fine to medium
SGWL074A-OW,5,Topsoil,dull brown,fine to medium
SGWL074A-OW,12,Shale fractured,dull brown,fine to medium
SGWL074A-OW,14,Shale weathered/fractured,dull brown,fine to medium
SGWL074A-OW,17.25,Shale weathered,dull brown,fine to medium
SGWL075-OW,5,Topsoil,dull brown,fine to medium
SGWL075-OW,10,Shale,dull brown,fine to medium
SGWL075-OW,14.2,Shale weathered,dull brown,fine to medium
SGWL092-OW,10,Topsoil,yellow,fine to medium
SGWL092-OW,18,Shale fractured,dull brown,fine to medium
SGWL092-OW,24.5,Shale weathered,dull brown,fine to medium
SGWL093-OW,4,Topsoil,dull brown,fine to medium
SGWL093-OW,10,Shale weathered/fractured,dull brown,fine to medium
SGWL093-OW,14.4,Shale weathered,dull brown,fine to medium
SGWL094-OW,3,Topsoil,yellow,fine to medium
SGWL094-OW,7,Shale fractured,dull brown,fine to medium
SGWL094-OW,11.6,Shale weathered,dull brown,fine to medium
SGWL095-OW,7,Topsoil,yellow,fine
SGWL095-OW,14,Shale fractured,dull brown,fine to medium
SGWL095-OW,16.4,Shale weathered,dull brown,fine
SGWL096-OW,6,Topsoil,dull brown,fine to medium
SGWL096-OW,9,Shale fractured,dull brown,fine to medium
SGWL096-OW,12.1,Shale weathered,dull brown,fine to medium
SGWL097-OW,8,Topsoil,yellow,fine to medium
SGWL097-OW,12,Shale fractured,dull brown,fine to medium
SGWL097-OW,15.2,Shale weathered,dull brown,fine to medium
SGWL098-OW,4,Topsoil,dull brown,fine to medium
SGWL098-OW,8,Shale weathered/fractured,dull brown,fine to medium
SGWL098-OW,12.6,Shale weathered,dull brown,fine to medium
SGWL099-OW,5,Topsoil,dull brown,fine to medium
SGWL099-OW,9.4,Shale weathered,dull brown,fine to medium
SGWL100-OW,2.5,Topsoil,yellow,fine to medium
SGWL100-OW,6.65,Shale highly weathered,brown,fine to medium
SGWL101-OW,2.5,Topsoil,yellow,fine
SGWL101-OW,5.2,Shale highly weathered,dull brown,fine to medium
SGWL102-OW,8,Topsoil,dull brown,fine to medium
SGWL102-OW,14,Shale weathered/fractured,dull brown,fine to medium
SGWL102-OW,19.6,Shale weathered,dull brown,fine to medium
SGWL103-OW,3,Topsoil,dull brown,fine to medium
SGWL103-OW,8,Shale weathered/fractured,dull brown,fine to medium
SGWL103-OW,14.35,Shale weathered,dull brown,fine to medium
SGWL104-OW,4,Topsoil,dull brown,fine to medium
SGWL104-OW,7,Shale weathered/fractured,dull brown,fine to medium
SGWL104-OW,11.8,Shale weathered,dull brown,fine to medium
SGWL105-OW,4,Topsoil,dull brown,fine to medium
SGWL105-OW,7,Shale weathered/fractured,dull brown,fine to medium
SGWL105-OW,11.1,Shale weathered,dull brown,fine to medium
SGWL106-OW,3.5,Topsoil,dull brown,fine to medium
SGWL106-OW,6.65,Shale weathered,dull brown,fine to medium
SGWL066-OW,4,Topsoil,greyish black,fine
SGWL066-OW,10,sand stone fractured,greyish black,fine to medium
SGWL066-OW,12,Sandstone weathered,greyish black,fine to medium
SGWL068-OW,4,Topsoil,greyish black,fine
SGWL068-OW,8,Sandstone fractured,greyish black,fine to medium
SGWL068-OW,10.35,Sandstone weathered,greyish black,fine to medium
SGWL069-OW,3.5,Topsoil,greyish black,fine
SGWL069-OW,7,Sandstone fractured,greyish black,fine to medium
SGWL069-OW,9.1,Sandstone highly weathered,grey,fine to medium
SGWL070A-OW,2,Topsoil,greyish black,fine
SGWL070A-OW,6,Sandstone fractured,greyish black,fine to medium
SGWL070A-OW,10.7,Sandstone weathered,greyish black,fine to medium
SGWL070A-OW,5,Sandstone weathered/fractured,greyish black,fine to medium
SGWL071-OW,4,Topsoil,dull brown,fine
SGWL071-OW,7,Sandstone fractured,dull brown,fine to medium
SGWL071-OW,9,Sandstone weathered,dull brown,fine to medium
SGWL071-OW,10.7,Sandstone,dull brown,fine to medium
SGWL072-OW,5,Topsoil,dull brown,fine
SGWL072-OW,10,Sandstone fractured,dull brown,fine to medium
SGWL072-OW,12.5,Sandstone weathered,dull brown,fine to medium
SGWL072-OW,13.6,Sandstone,dull brown,fine to medium
SGWL073-OW,4,Topsoil,greyish black,fine
SGWL073-OW,7,Sandstone weathered,greyish black,fine
SGWL073-OW,8,Sandstone fractured,greyish black,fine to medium
SGWL073-OW,13.85,Sandstone weathered,greyish black,fine to medium
SGWL078-OW,3,Topsoil,greyish black,fine
SGWL078-OW,8,Sandstone fractured,greyish black,fine to medium
SGWL078-OW,10.5,Sandstone weathered,greyish black,fine to medium
SGWL079-OW,3,Topsoil,,
SGWL079-OW,6.7,Sandstone weathered,,
SGWL082A-OW,3,Topsoil,grey,fine
SGWL082A-OW,7.1,Sandstone weathered,greyish black,fine to medium
SGWL083-OW,4,Topsoil,grey,fine
SGWL083-OW,8,Sandstone fractured,greyish black,fine to medium
SGWL083-OW,10.5,Sandstone weathered,greyish black,fine to medium
SGWL084-OW,2,Topsoil,greyish black,fine
SGWL084-OW,8,Sandstone weathered/fractured,greyish black,fine to medium
SGWL084-OW,10.25,Sandstone weathered,grey,fine to medium
SGWL084-OW,4,Sandstone fractured,greyish black,fine to medium
SGWL085-OW,4,Topsoil,greyish black,fine
SGWL085-OW,6,Sandstone fractured,greyish black,fine to medium
SGWL085-OW,9,Sandstone weathered/fractured,greyish black,medium
SGWL085-OW,19.65,Sandstone weathered,greyish black,medium to coarse
SGWL086-OW,4,Topsoil,dull brown,fine
SGWL086-OW,6,Sandstone weathered,greyish black,fine to medium
SGWL086-OW,7.5,Sandstone weathered/fractured,greyish black,medium
SGWL087-OW,4,Topsoil,dull brown,fine
SGWL087-OW,5.5,Sandstone weathered,greyish black,fine to medium
SGWL087-OW,7.5,Sandstone weathered/fractured,greyish black,medium
SGWL107-OW,2,Topsoil,dull brown,fine
SGWL107-OW,5,Sandstone fractured,dull brown,fine to medium
SGWL107-OW,9,Sandstone weathered,dull brown,medium
SGWL108-OW,4,Topsoil,dull brown,fine
SGWL108-OW,6,Sandstone weathered/fractured,greyish black,fine to medium
SGWL108-OW,10,Sandstone weathered,greyish black,medium
SGWL109-OW,5,Topsoil,yellow,fine
SGWL109-OW,8,Sandstone weathered/fractured,light brown,fine
SGWL109-OW,14,Sandstone weathered,dull brown,medium
SGWL110-OW,3,Topsoil,dull brown,fine
SGWL110-OW,5,Sandstone highly weathered,dull brown,fine to medium
SGWL110-OW,10,Basalt weathered,dull brown,medium
SGWL110-OW,13.3,Sandstone weathered/fractured,dull brown,medium to coarse
SGWL111-OW,3,Topsoil,dull brown,fine
SGWL111-OW,6,Sandstone weathered/fractured,dull brown,fine to medium
SGWL111-OW,10.25,Sandstone weathered,dull brown,fine to medium
SGWL112-OW,3,Topsoil,yellow,fine
SGWL112-OW,6,Sandstone weathered/fractured,dull brown,fine to medium
SGWL112-OW,9.65,Sandstone weathered,dull brown,fine to medium
SGWL113-OW,2,Topsoil,dull brown,fine
SGWL113-OW,6,Sandstone weathered/fractured,dull brown,fine to medium
SGWL113-OW,8,Sandstone weathered,dull brown,fine to medium
SGWL113-OW,13,Sandstone highly weathered,dull brown,fine to medium
SGWL114-OW,1,Topsoil,dull brown,fine
SGWL114-OW,5,Sandstone weathered/fractured,dull brown,fine to medium
SGWL114-OW,9.35,Sandstone weathered,dull brown,fine to medium
SGWL115-OW,1,Topsoil,dull brown,fine
SGWL115-OW,5,Sandstone weathered/fractured,dull brown,fine to medium
SGWL115-OW,7.35,Sandstone weathered,dull brown,fine to medium
SGWL116-OW,2,Topsoil,dull brown,fine
SGWL116-OW,5,Sandstone weathered/fractured,dull brown,fine to medium
SGWL116-OW,9.25,Sandstone weathered,dull brown,fine to medium
SGWL117-OW,3,Topsoil,dull brown,fine
SGWL117-OW,6,Sandstone weathered/fractured,dull brown,fine to medium
SGWL117-OW,9,Sandstone weathered,dull brown,fine to medium
SGWL118-OW,2,Topsoil,dull brown,fine
SGWL118-OW,5.55,Sandstone weathered,dull brown,fine to medium
SGWL119-OW,1,Topsoil,brown,fine
SGWL119-OW,5,Sandstone weathered/fractured,dull brown,fine to medium
SGWL119-OW,7.45,Sandstone weathered,brown,fine to medium
SGWL120-OW,2,Sand,dull brown,fine
SGWL120-OW,8.85,Sandstone weathered,dull brown,fine to medium
SGWL120-OW,5,Sandstone weathered/fractured,dull brown,fine to medium
SGWL121-OW,1,Topsoil,dull brown,fine
SGWL121-OW,4,Sandstone weathered/fractured,dull brown,fine to medium
SGWL121-OW,7.4,Sandstone weathered,dull brown,fine to medium
SGWL122-OW,3,Topsoil,greyish black,fine
SGWL122-OW,6,Sandstone weathered/fractured,greyish black,fine to medium
SGWL122-OW,9.5,Sandstone weathered,greyish black,fine to medium
SGUN017A-OW,16.35,Basalt weathered,black,fine
SGUN059-OW 2016,12.8,Basalt weathered,black,medium
SGUN060-OW 2016,16.5,Basalt weathered,black,medium
SGUN061-OW 2016,13.5,Basalt weathered,black,medium
SGUN062-OW 2016,16.4,Basalt weathered,black,medium
SGUN063-OW 2016,16.3,Basalt weathered,black,hard
SGUN064-OW 2016,12.1,Basalt weathered,black,medium
SGUN066-OW 2016,10.8,Basalt weathered,black,medium
SGUN067-OW 2016,12.6,Basalt weathered,black,medium
SGUN068-OW 2016,12.1,Basalt weathered,black,medium
SGUN069-OW 2016,10.8,Basalt weathered,black,medium
SGUN070-OW 2016,7.6,Basalt weathered,black,medium
SGUN071-OW 2016,9.699999999999999,Basalt weathered,black,medium
SGUN072-OW 2016,18,Basalt weathered,black,medium
SGUN073-OW 2016,16.5,Basalt weathered,black,fine to medium
SGUN074-OW 2016,15,Basalt weathered/fractured,black,fine to medium
SGUN075-OW 2016,15.2,Basalt weathered/fractured,black,fine to medium
SGUN076-OW 2016,13.5,Basalt weathered/fractured,black,fine to medium
SGUN077-OW 2016,18,Basalt weathered/fractured,black,fine to medium
SGUN078-OW 2016,18.1,Basalt weathered/fractured,black,fine to medium
SGUN079-OW 2016,7.8,Basalt weathered/fractured,black,fine to medium
SGUN080-OW 2016,7.5,Basalt weathered/fractured,black,fine to medium
SGUN081-OW 2016,14.47,Basalt weathered/fractured,black,fine to medium
SGUN082-OW 2016,13.15,Basalt weathered/fractured,black,fine to medium
SGUN083-OW 2016,12.4,Basalt weathered/fractured,black,medium
SGUN084-OW 2016,15.1,Basalt weathered/fractured,black,medium
SGUN085-OW 2016,9.699999999999999,Basalt weathered/fractured,black,medium to coarse
SGUN086-OW 2016,7.5,Basalt weathered/fractured,black,medium
SGUN087-OW 2016,12.15,Basalt weathered/fractured,black,medium
SGUN088-OW 2016,7,Basalt weathered/fractured,black,medium
SGUN089-OW 2016,6,Basalt weathered/fractured,black,fine to medium
SGUN090-OW 2016,4.5,Basalt weathered/fractured,black,fine to medium
SGUN091-OW 2016,10.5,Basalt weathered/fractured,black,fine to medium
SGUN092-OW 2016,9,Basalt weathered/fractured,black,fine to medium
SGUN093-OW 2016,4.55,Basalt weathered/fractured,black,fine to medium
SGUN094-OW 2016,5.4,Basalt weathered/fractured,black,fine to medium
SGUN095-OW 2016,11.5,Basalt weathered/fractured,black,fine to medium
SGUN096-OW 2016,10.3,Basalt weathered/fractured,black,fine to medium
SGUN097-OW 2016,12.8,Basalt weathered/fractured,black,medium to coarse
SGUN098-OW 2016,10.9,Basalt weathered/fractured,black,fine to medium
SGUN099-OW 2016,7,Basalt weathered/fractured,black,fine to medium
SGUN001-OW,8.35,Basalt weathered/fractured,black,fine to medium
SGUN002-OW,1.6,Basalt weathered/fractured,black,fine to medium
SGUN002-OW,6,Basalt highly weathered,black,fine to medium
SGUN003-OW,1.4,Basalt weathered,black,fine to medium
SGUN003-OW,8,Basalt highly weathered,black,fine to medium
SGUN004-OW,11.95,Basalt weathered/fractured,black,fine to medium
SGUN005-OW,8.5,Basalt weathered/fractured,black,fine to medium
SGUN006A-OW,9.4,Basalt weathered/fractured,black,fine to medium
SGUN007-OW,12.2,Basalt weathered/fractured,black,fine to medium
SGUN008-OW,8.4,Basalt weathered/fractured,black,fine to medium
SGUN009-OW,8.699999999999999,Basalt weathered/fractured,black,fine to medium
SGUN010-OW,11.1,Basalt weathered/fractured,black,fine to medium
SGUN011A-OW,5.2,Basalt weathered/fractured,black,fine to medium
SGUN012-OW,7.1,Basalt weathered/fractured,black,fine to medium
SGUN013A-OW,7.4,Basalt weathered/fractured,black,fine to medium
SGUN014-OW,11.75,Basalt weathered/fractured,black,fine to medium
SGUN015-OW,14.6,Basalt weathered/fractured,black,fine to medium
SGUN016-OW,25.6,Basalt weathered/fractured,black,fine to medium
SGUN018-OW,13.9,Basalt weathered/fractured,black,fine to medium
SGUN019-OW,9.800000000000001,Basalt weathered/fractured,black,fine to medium
SGUN020A-OW,8.699999999999999,Basalt weathered/fractured,black,fine to medium
SGUN021-OW,12.7,Basalt weathered/fractured,black,fine to medium
SGUN022-OW,14,Basalt weathered/fractured,black,fine to medium
SGUN023-OW,6.5,Basalt weathered/fractured,black,fine to medium
SGUN024-OW,17.3,Basalt weathered/fractured,black,fine to medium
SGUN025-OW,13.4,Basalt weathered/fractured,black,fine to medium
SGUN026-OW,14,Basalt weathered/fractured,black,fine to medium
SGUN027-OW,11.55,Basalt weathered/fractured,black,fine to medium
SGUN028-OW,11.4,Basalt weathered/fractured,black,fine to medium
SGUN029-OW,11.85,Basalt weathered/fractured,black,fine to medium
SGUN030-OW,14.85,Basalt weathered/fractured,black,fine to medium
SGUN031-OW,8.85,Basalt weathered/fractured,black,fine to medium
SGUN032-OW,6.1,Basalt weathered/fractured,black,fine to medium
SGUN033-OW,9.1,Basalt weathered/fractured,black,fine to medium
SGUN034-OW,13.3,Basalt weathered/fractured,black,fine to medium
SGUN035-OW,12.45,Basalt weathered/fractured,black,fine to medium
SGUN036-OW,9.5,Charnokite,black,fine to medium
SGUN037-OW,11.7,Basalt weathered/fractured,black,fine to medium
SGUN038-OW,11.55,Basalt weathered/fractured,black,fine to medium
SGUN039-OW,16.4,Basalt weathered/fractured,black,fine to medium
SGUN040A-OW,12.9,Basalt highly weathered,black,fine to medium
SGUN041-OW,12.9,Basalt highly weathered,black,fine to medium
SGUN041-OW,8.199999999999999,Basalt highly weathered,black,fine to medium
SGUN042-OW,11,Basalt highly weathered,black,fine to medium
SGUN043-OW,16.55,Basalt highly weathered,black,fine to medium
SGUN044-OW,9.85,Basalt highly weathered,black,fine to medium
SGUN045A-OW,6.9,Basalt fractured,black,fine to medium
SGUN045A-OW,10.7,Basalt highly weathered,black,fine to medium
SGUN046-OW,15.65,Basalt highly weathered,black,fine to medium
SGUN047-OW,17.5,Basalt highly weathered,black,fine to medium
SGUN048A-OW,16.1,Basalt highly weathered,black,fine to medium
SGUN049A-OW,15.45,Basalt highly weathered,black,fine to medium
SGUN050-OW,8.4,Basalt highly weathered,black,fine to medium
SGUN051-OW,7.1,Basalt weathered/fractured,black,fine to medium
SGUN052-OW,8.300000000000001,Basalt weathered/fractured,black,fine to medium
SGUN053A-OW,11.7,Basalt weathered/fractured,black,fine to medium
SGUN054-OW,12.9,Basalt weathered/fractured,black,fine to medium
SGUN055-OW,9.9,Basalt weathered/fractured,black,fine to medium
SGUN056-OW,3.5,Basalt fractured,black,fine to medium
SGUN056-OW,11.5,Basalt highly weathered,black,fine to medium
SGUN057-OW,3.7,Basalt weathered/fractured,black,fine to medium
SGUN057-OW,10,Basalt highly weathered,black,fine to medium
SGUN058-OW,1.7,Basalt weathered/fractured,black,fine to medium
SGUN058-OW,10,Basalt highly weathered,black,fine to medium
SGUN065-OW 2016,4.3,Basalt weathered/fractured,black,fine to medium
SGUN065-OW 2016,11,Basalt highly weathered,black,fine to medium
SGUN100-OW 2016,10,Basalt weathered/fractured,black,fine to medium
SSTN-001-OW,10,Sandstone,,
SSTN-002-OWA,5,Alluvium,,
SGWL001-PZ,3,Yellow soil,Yellow,fine
SGWL001-PZ,18.5,Fine sand with soil,Grey,fine to medium
SGWL001-PZ,24.5,Coarse sand,Pink,coarse
SGWL001-PZ,27.5,Coarse Sand with kankar,Pink,coarse to very coarse
SGWL001-PZ,30.1,Hard rock,Grey pink,hard
SGWL002-PZ,5,Surface soil,black,fine
SGWL002-PZ,10,Yellow soil,yellow,fine to medium
SGWL002-PZ,20,Yellow soil with white clay,white,medium
SGWL002-PZ,25,Yellow soil with red sticky cl,red,medium
SGWL002-PZ,29.2,Latteritic soil,black,fine
SGWL003-PZ,1,Surface soil,Brown,fine
SGWL003-PZ,8,Yellow soil,Yellow,fine
SGWL003-PZ,9.1,Sandstone weathered,Reddish Yellow,medium to coarse
SGWL003-PZ,27.4,Bhander Sand Stone,Grey,medium to coarse
SGWL003-PZ,30.7,Bhander Sand Stone,Pink,medium to coarse
SGWL004-PZ,2,Topsoil,brown,fine
SGWL004-PZ,4.3,Soil,yellow,fine
SGWL004-PZ,7.6,Soil with Kankar,yellow,fine to medium
SGWL004-PZ,18.3,Stiking clay with Kankar,yellow,fine to medium
SGWL004-PZ,22.3,Shale weathered,black,medium to coarse
SGWL004-PZ,32,Slate with Shale,greyish black,fine
SGWL005-PZ,3,B.C.Soil,reddish brown,fine
SGWL005-PZ,6,Yellow soil,yellow,fine
SGWL005-PZ,10,Yellow soil with medium grain,yellow,fine to medium
SGWL005-PZ,13,Yellow soil with fine kankar,yellow,fine to medium
SGWL005-PZ,17,White clay.,yellow,fine
SGWL005-PZ,22,Red & yellow mixed soil,reddish brown,fine to medium
SGWL005-PZ,27,Red & White mixed soil,light brown,fine to medium
SGWL005-PZ,30,Laterete soil with Shale parti,yellow,fine to medium
SGWL006-PZ,1,Surface soil,,fine
SGWL006-PZ,5,Soil /Clay,,fine to medium
SGWL006-PZ,21.3,Granite weathered,,medium to coarse
SGWL006-PZ,34.45,Granite,,hard
SGWL007-PZ,1,Surface soil,,fine
SGWL007-PZ,9,Yellow soil,yellow,fine
SGWL007-PZ,18,Stone chip & sand,,fine to medium
SGWL007-PZ,23,Sandstone fractured,,medium to coarse
SGWL007-PZ,30,Shale-Slate,,fine to medium
SGWL007-PZ,38,Black shale,black,fine to medium
SGWL007-PZ,41.15,Sandstone fractured,,hard
SJBPL001-PZ,2,Topsoil,brown,medium to coarse
SJBPL001-PZ,4,Soil with Laterite.,brown,medium to coarse
SJBPL001-PZ,6,Soil with Basalt,Grey,medium
SJBPL001-PZ,8,Soil with Basalt,grey,medium
SJBPL001-PZ,10,Basalt,Grey,medium
SJBPL001-PZ,12,Basalt,Dark black,fine
SJBPL001-PZ,14,Basalt,Dark black,fine
SJBPL001-PZ,16,Basalt weathered,grey,fine to medium
SJBPL001-PZ,18,Basalt weathered,grey,fine to medium
SJBPL001-PZ,20,Basalt,black,fine
SJBPL001-PZ,22,Basalt,grey,fine
SJBPL001-PZ,24,Basalt,grey,fine to medium
SJBPL001-PZ,26,weathered basalt,grey,medium
SJBPL001-PZ,28,Weathered Basalt,grey,medium
SJBPL001-PZ,29.65,Weathered Basalt.,grey,medium
SJBPL002-PZ,2,Topsoil,brown,medium to coarse
SJBPL002-PZ,4,Soil with clay,brown,medium
SJBPL002-PZ,6,Clay with sand,dull brown,fine to medium
SJBPL002-PZ,8,Clay with sand,dull brown,fine to medium
SJBPL002-PZ,10,Clay with sand,light brown,fine to medium
SJBPL002-PZ,12,Clay with sand,light brown,fine to medium
SJBPL002-PZ,14,Sand stone with clay,light brown,medium to coarse
SJBPL002-PZ,16,Sand stone with clay,light brown,medium to coarse
SJBPL002-PZ,18,Sandstone with clay,light brown,medium to coarse
SJBPL002-PZ,20,Sand stone with clay,brown,medium to coarse
SJBPL002-PZ,22,Green sand stone,Greenish brown,fine to medium
SJBPL002-PZ,24,Green sand stone,Greenish brown,fine to medium
SJBPL002-PZ,26,Brown sand stone,reddish brown,fine to medium
SJBPL002-PZ,28,Green sand stone,Greenish brown,fine to medium
SJBPL002-PZ,28.8,Sand stone,brown,fine
SJBPL003-PZ,2,Topsoil,brown,medium to coarse
SJBPL003-PZ,4,soil with loose marble,brown,medium to coarse
SJBPL003-PZ,6,soil with loose marble,brown,medium to coarse
SJBPL003-PZ,8,marble weathered,light brown,medium
SJBPL003-PZ,10,marble weathered,light brown,medium
SJBPL003-PZ,12,marble,white,hard
SJBPL003-PZ,14,Marble,white,hard
SJBPL003-PZ,16,Marble,white,hard
SJBPL003-PZ,18,Marble,brown,hard
SJBPL003-PZ,20,Marble,brown,gravel
SJBPL003-PZ,22,Marble,white,hard
SJBPL003-PZ,24,marble weathered,light brown,medium
SJBPL003-PZ,26,marble weathered,light brown,medium
SJBPL003-PZ,28,marble weathered,light brown,medium
SJBPL003-PZ,30,marble weathered,light brown,medium
SJBPL004-PZ,2,Topsoil,brown,medium to coarse
SJBPL004-PZ,4,Soil with clay,light brown,fine to medium
SJBPL004-PZ,6,Soil with clay,light brown,fine to medium
SJBPL004-PZ,8,Clay with sand,light brown,fine to medium
SJBPL004-PZ,10,Clay with sand,light brown,fine to medium
SJBPL004-PZ,12,Clay with sand,light brown,fine to medium
SJBPL004-PZ,14,clay with laterite,brown,medium to coarse
SJBPL004-PZ,16,clay with laterite,brown,medium to coarse
SJBPL004-PZ,18,clay with moorum,reddish brown,medium to coarse
SJBPL004-PZ,20,clay with moorum,reddish brown,medium to coarse
SJBPL004-PZ,22,clay with moorum,reddish brown,medium to coarse
SJBPL004-PZ,24,sandy clay,white,fine
SJBPL004-PZ,26,sandy clay,white,fine
SJBPL004-PZ,28,sandy clay,white,fine
SJBPL004-PZ,30,sandy clay,white,fine
SJBPL004-PZ,32,sandy clay,white,fine
SJBPL005-PZ,2,Over burden and soil,brown,medium to coarse
SJBPL005-PZ,4,Lomy soil with sand,reddish brown,fine to medium
SJBPL005-PZ,6,Lomy soil with sand,reddish brown,fine to medium
SJBPL005-PZ,8,Sandy soil,light brown,fine to medium
SJBPL005-PZ,10,Gravel with coarse sand.,light brown,gravel
SJBPL005-PZ,12,Gravel with coarse  sand,light brown,gravel
SJBPL005-PZ,14,Bajary,brown,medium
SJBPL005-PZ,16,Clay with gravel,yellowish brown,gravel
SJBPL005-PZ,18,Clay with gravel,yellowish brown,gravel
SJBPL005-PZ,20,Clay with gravel,yellowish brown,gravel
SJBPL005-PZ,22,Gravel with coarse sand,light brown,gravel
SJBPL005-PZ,24,Gravel with coarse sand,light brown,gravel
SJBPL005-PZ,26,Gravel with coarse sand,light brown,gravel
SJBPL005-PZ,27.9,Gravel with Bajary sand.,Brown.,gravel
SJBPL006-PZ,2,Topsoil,Brown,medium to coarse
SJBPL006-PZ,4,Lateritic soil,reddish brown,fine to medium
SJBPL006-PZ,6,Laterite soil,reddish brown,fine to medium
SJBPL006-PZ,8,Basalt weathered,grey,medium to coarse
SJBPL006-PZ,10,Basalt weathered,grey,medium to coarse
SJBPL006-PZ,12,Basalt,black,fine
SJBPL006-PZ,14,Basalt,dull brown,fine
SJBPL006-PZ,16,Basalt,black,fine
SJBPL006-PZ,18,Basalt,black,fine
SJBPL006-PZ,20,Basalt,brownish black,fine
SJBPL006-PZ,22,Basalt,Brownish black,fine
SJBPL006-PZ,24,Basalt,black,fine
SJBPL006-PZ,26,Basalt,brown,fine
SJBPL006-PZ,28,Basalt  weathered,light brown,fine to medium
SJBPL006-PZ,30.2,Basalt weathered,light brown,fine to medium
SJBPL006-PZ-D,2,Topsoil,brown,medium to coarse
SJBPL006-PZ-D,4,lateriteSoil,brown,medium to coarse
SJBPL006-PZ-D,6,lateriteSoil,grey,medium to coarse
SJBPL006-PZ-D,8,weathered Basalt,grey,fine to medium
SJBPL006-PZ-D,10,weathered Basalt,grey,fine to medium
SJBPL006-PZ-D,12,weathered Basalt,grey,fine to medium
SJBPL006-PZ-D,14,weathered Basalt,grey,fine to medium
SJBPL006-PZ-D,16,weathered Basalt,grey,fine to medium
SJBPL006-PZ-D,18,weathered Basalt,grey,fine to medium
SJBPL006-PZ-D,20,weathered Basalt,grey,fine to medium
SJBPL006-PZ-D,22,Hard Basalt,black,fine to medium
SJBPL006-PZ-D,24,Hard Basalt,black,fine to medium
SJBPL006-PZ-D,26,Hard Basalt,black,fine to medium
SJBPL006-PZ-D,28,Hard Basalt,black,fine to medium
SJBPL006-PZ-D,30,Hard Basalt,black,fine to medium
SJBPL006-PZ-D,34,Hard Basalt,black,fine to medium
SJBPL006-PZ-D,36,Hard Basalt,black,fine to medium
SJBPL006-PZ-D,38,Hard Basalt,black,fine to medium
SJBPL006-PZ-D,40,Hard Basalt,black,fine to medium
SJBPL006-PZ-D,42,weathered Basalt,grey,fine to medium
SJBPL006-PZ-D,44,weathered Basalt,grey,fine to medium
SJBPL006-PZ-D,46,weathered Basalt,grey,fine to medium
SJBPL006-PZ-D,48,weathered Basalt,grey,fine to medium
SJBPL006-PZ-D,50,weathered Basalt,grey,fine to medium
SJBPL006-PZ-D,52,weathered Basalt,grey,fine to medium
SJBPL006-PZ-D,54,weathered Basalt,grey,fine to medium
SJBPL006-PZ-D,56,weathered Basalt,grey,fine to medium
SJBPL006-PZ-D,58,weathered Basalt,grey,fine to medium
SJBPL006-PZ-D,60,weathered Basalt,grey,fine to medium
SJBPL007-PZ,2,Over burden + soil,brown,coarse to very coarse
SJBPL007-PZ,4,Soil,brown,medium to coarse
SJBPL007-PZ,6,Weathered Soil,yellowish brown,medium to coarse
SJBPL007-PZ,8,Weathered soil,yellowish brown,medium to coarse
SJBPL007-PZ,10,Alluvium soil,yellowish brown,medium
SJBPL007-PZ,12,Alluvium soil,yellowish brown,medium
SJBPL007-PZ,14,Alluvium soil,yellowish brown,medium
SJBPL007-PZ,16,Soil and  red soil,reddish brown,fine to medium
SJBPL007-PZ,18,Soil and red soil,redish brown,fine to medium
SJBPL007-PZ,20,Yellow soil,yellowish brown,fine to medium
SJBPL007-PZ,22,Laterite,yellowish brown,medium
SJBPL007-PZ,24,Laterite,yellowish brown,medium
SJBPL007-PZ,26,Laterite,yellowish brown,medium
SJBPL007-PZ,28,Grevel,brown,gravel
SJBPL007-PZ,30.1,Laterite,yellowish brown,medium
SJBPL008-PZ,2,Over burden + Lomy soil,brown,
SJBPL008-PZ,4,Lomy soil,brown,
SJBPL008-PZ,6,Sandy soil,light brown,
SJBPL008-PZ,8,Sandy soil with clay,light brown,
SJBPL008-PZ,10,Clay with gravel,yellowish brown,
SJBPL008-PZ,12,Clay with gravel,yellowish brown,
SJBPL008-PZ,14,Sand with soil,yellowish brown,
SJBPL008-PZ,16,Sand with soil,yellowish brown,
SJBPL008-PZ,18,Clay with gravel,brown,
SJBPL008-PZ,20,Clay with gravel,brown,
SJBPL008-PZ,22,Sand with gravel,yellowish brown,
SJBPL008-PZ,24,Coarse sand to gravel,light brown,
SJBPL008-PZ,26,Coarse sand to gravel,light brown,
SJBPL008-PZ,28,Coarse sand to soil,light brown,
SJBPL008-PZ,30,Clay with gravel,yellowish brown,
SJBPL008-PZ,33.5,Clay with gravel,yellowish brown,
SJBPL008PZ-D,2,Topsoil,yellowish brown,medium Grained
SJBPL008PZ-D,4,Alluvium,yellowish brown,medium Grained
SJBPL008PZ-D,6,Alluvium,yellowish brown,medium Grained
SJBPL008PZ-D,8,Alluvium,yellowish brown,fine medium Grained
SJBPL008PZ-D,10,Alluvium,yellowish brown,fine medium Grained
SJBPL008PZ-D,12,Alluvium,yellowish brown,fine medium Grained
SJBPL008PZ-D,14,Alluvium,yellowish brown,fine medium Grained
SJBPL008PZ-D,16,Alluvium,yellowish brown,fine medium Grained
SJBPL008PZ-D,18,Alluvium,yellowish brown,fine medium Grained
SJBPL008PZ-D,20,Alluvium,yellowish brown,fine medium Grained
SJBPL008PZ-D,22,Alluvium,yellowish brown,fine medium Grained
SJBPL008PZ-D,24,Alluvium,yellowish brown,fine medium Grained
SJBPL008PZ-D,26,Alluvium,yellowish brown,fine medium Grained
SJBPL008PZ-D,28,Alluvium,yellowish brown,fine medium Grained
SJBPL008PZ-D,30,Alluvium,yellowish brown,fine medium Grained
SJBPL008PZ-D,32,Alluvium,yellowish brown,fine medium Grained
SJBPL008PZ-D,34,Alluvium,yellowish brown,fine medium Grained
SJBPL008PZ-D,36,Alluvium,yellowish brown,fine medium Grained
SJBPL008PZ-D,40,Alluvium,yellowish brown,fine medium Grained
SJBPL008PZ-D,42,Alluvium,yellowish brown,fine medium Grained
SJBPL008PZ-D,44,Alluvium,yellowish brown,fine medium Grained
SJBPL009-PZ,2,Over burden + soil,reddish brown,medium to coarse
SJBPL009-PZ,4,weathered soil,light brown,medium to coarse
SJBPL009-PZ,6,weathered soil,light brown,medium to coarse
SJBPL009-PZ,8,soil with sands,yellowish brown,fine to medium
SJBPL009-PZ,10,soil with sands,yellowish brown,fine to medium
SJBPL009-PZ,12,soil with sands,yellowish brown,fine to medium
SJBPL009-PZ,14,soil with sands,yellowish brown,fine to medium
SJBPL009-PZ,16,soil with sands,yellowish brown,fine to medium
SJBPL009-PZ,18,Laterite,reddish brown,medium
SJBPL009-PZ,21.3,Gravel,light brown,medium to coarse
SJBPL009-PZ-D,2,O.Band Soil,reddish brown,medium to coarse
SJBPL009-PZ-D,4,Weatheard Soil,reddish brown,medium to coarse
SJBPL009-PZ-D,6,Weatherd Soil,reddish brown,medium to coarse
SJBPL009-PZ-D,8,Soil with Sand,yellowish brown,fine to medium
SJBPL009-PZ-D,10,Soil With Sand,yellowish brown,fine to medium
SJBPL009-PZ-D,12,Soil With Sand,yellowish brown,fine to medium
SJBPL009-PZ-D,14,Soil With Sand,yellowish brown,fine to medium
SJBPL009-PZ-D,16,SOIL With Sand,yellowish brown,fine to medium
SJBPL009-PZ-D,18,Laterite,reddish brown,medium
SJBPL009-PZ-D,20,Laterite,reddish brown,medium
SJBPL009-PZ-D,22,Gravel,light brown,medium
SJBPL009-PZ-D,24,Gravel,light brown,medium
SJBPL009-PZ-D,26,Gravel,light brown,medium
SJBPL009-PZ-D,28,Laterite,reddish brown,fine to medium
SJBPL009-PZ-D,30,Laterite,reddish brown,fine to medium
SJBPL009-PZ-D,32,Laterite,reddish brown,fine to medium
SJBPL009-PZ-D,34,Laterite,reddish brown,fine to medium
SJBPL009-PZ-D,36,Laterite,reddish brown,fine to medium
SJBPL009-PZ-D,38,Laterite,reddish brown,fine to medium
SJBPL009-PZ-D,40,Laterite,reddish brown,fine to medium
SJBPL009-PZ-D,42,Laterite,reddish brown,fine to medium
SJBPL009-PZ-D,44,Laterite,reddish brown,fine to medium
SJBPL009-PZ-D,46,Laterite,reddish brown,fine to medium
SJBPL009-PZ-D,48,Laterite,reddish brown,fine to medium
SJBPL009-PZ-D,50,Laterite,reddish brown,fine to medium
SJBPL009-PZ-D,52,Laterite,reddish brown,fine to medium
SJBPL009-PZ-D,54,Laterite,reddish brown,fine to medium
SJBPL009-PZ-D,56,Laterite,reddish brown,fine to medium
SJBPL009-PZ-D,58,Laterite,reddish brown,fine to medium
SJBPL009-PZ-D,60,Laterite,reddish brown,fine to medium
SJBPL010-PZ,2,Topsoil,light brown,coarse to very coarse
SJBPL010-PZ,4,Soil with Laterite,yellowish brown,medium to coarse
SJBPL010-PZ,6,Soil with Laterite,yellowish brown,medium to coarse
SJBPL010-PZ,8,Basalt weathered,dull brown,fine to medium
SJBPL010-PZ,10,Basalt weathered,dull brown,fine to medium
SJBPL010-PZ,12,Basalt,grey,fine
SJBPL010-PZ,14,Basalt,grey,fine
SJBPL010-PZ,16,Basalt,grey,fine
SJBPL010-PZ,18,Black Basalt,black,fine
SJBPL010-PZ,20,Basalt,black,fine
SJBPL010-PZ,22,Basalt,black,fine
SJBPL010-PZ,24,Basalt,grey,fine
SJBPL010-PZ,26,Basalt weathered,dull brown,fine to medium
SJBPL010-PZ,28,Basalt weathered,dull brown,fine to medium
SJBPL010-PZ,30.05,Basalt,black,fine to medium
SJBPL011-PZ,2,Topsoil,brown,medium to coarse
SJBPL011-PZ,4,Loose Soil with Laterite,greyish black,medium to coarse
SJBPL011-PZ,6,Soil with Basalt,greyish black,medium
SJBPL011-PZ,8,Loose Basalt,grey,medium
SJBPL011-PZ,10,Loose Basalt,grey,medium
SJBPL011-PZ,12,Basalt,grey,fine
SJBPL011-PZ,14,Basalt,grey,fine
SJBPL011-PZ,16,Basalt,grey,fine
SJBPL011-PZ,18,Basalt,black,fine
SJBPL011-PZ,20,Basalt,grey brown,fine
SJBPL011-PZ,22,Basalt,grey  brown,fine
SJBPL011-PZ,24,Basalt,grey,fine
SJBPL011-PZ,26,Basalt,black,fine
SJBPL011-PZ,28,Basalt weathered,greyish black,fine to medium
SJBPL011-PZ,30.2,Basalt weathered,greyish black,fine to medium
SJBPL012-PZ,2,Topsoil,reddish brown,coarse to very coarse
SJBPL012-PZ,4,Loose soil with Laterite,reddish brown,medium to coarse
SJBPL012-PZ,6,Loose soil with Laterite,reddish brown,medium to coarse
SJBPL012-PZ,8,Sandstone weathered,reddish brown,fine to medium
SJBPL012-PZ,10,Sandstone weathered,reddish brown,fine to medium
SJBPL012-PZ,12,Sandstone weathered,reddish brown,fine to medium
SJBPL012-PZ,14,Sandstone hard,reddish brown,hard
SJBPL012-PZ,16,Sandstone hard,reddish brown,hard
SJBPL012-PZ,18,Sandstone hard,reddish brown,hard
SJBPL012-PZ,20,Sandstone hard,reddish brown,hard
SJBPL012-PZ,22,Sandstone hard,red,hard
SJBPL012-PZ,24,Sandstone hard,brown,hard
SJBPL012-PZ,26,Sandstone weathered,reddish brown,medium
SJBPL012-PZ,28,Sandstone weathered,reddish brown,medium
SJBPL012-PZ,30.1,Loose sand stone,reddish brown,medium
SJBPL013-PZ,2,Topsoil,light brown,
SJBPL013-PZ,4,topsoil with Laterite,reddish brown,
SJBPL013-PZ,6,Soil with sand stone,reddish brown,
SJBPL013-PZ,8,Sandstone weathered,reddish brown,
SJBPL013-PZ,10,Sandstone weathered,reddish brown,
SJBPL013-PZ,12,Sand stone hard,reddish brown,
SJBPL013-PZ,14,Sand stone hard,reddish brown,
SJBPL013-PZ,16,Sand stone hard,red,
SJBPL013-PZ,18,Sand stone hard,red,
SJBPL013-PZ,20,Sand stone hard,red,
SJBPL013-PZ,22,Sand stone hard,reddish brown,
SJBPL013-PZ,24,Loose sand stone,reddish brown,
SJBPL013-PZ,26,Loose sand stone,reddish brown,
SJBPL013-PZ,28,Sand stone weathered,reddish brown,
SJBPL013-PZ,30.15,Sand stone weathered,reddish brown,
SJBPL013PZ-D,2,Topsoil,reddish brown,medium to coarse grained
SJBPL013PZ-D,4,Soil with laterite,reddish brown,medium to coarse
SJBPL013PZ-D,6,Soil with sand stone,reddish brown,medium to coarse
SJBPL013PZ-D,8,Sandstone,reddish brown,fine grained
SJBPL013PZ-D,10,Sandstone,reddish brown,fine grained
SJBPL013PZ-D,12,Sandstone,reddish brown,fine grained
SJBPL013PZ-D,14,Sandstone,reddish brown,fine grained
SJBPL013PZ-D,16,Sandstone,reddish brown,fine grained
SJBPL013PZ-D,18,Sandstone,reddish brown,fine grained
SJBPL013PZ-D,20,Sandstone,reddish brown,fine grained
SJBPL013PZ-D,22,Sandstone,reddish brown,fine grained
SJBPL013PZ-D,24,Sandstone,reddish brown,fine grained
SJBPL013PZ-D,26,Sandstone,reddish brown,fine grained
SJBPL013PZ-D,28,Sandstone,reddish brown,fine grained
SJBPL013PZ-D,30,Sandstone,reddish brown,fine grained
SJBPL013PZ-D,32,Sandstone,reddish brown,fine grained
SJBPL013PZ-D,34,Sandstone,reddish brown,fine grained
SJBPL013PZ-D,36,Sandstone,reddish brown,fine grained
SJBPL013PZ-D,38,Sandstone,reddish brown,fine grained
SJBPL013PZ-D,40,Sandstone,reddish brown,fine grained
SJBPL013PZ-D,42,Sandstone,reddish brown,fine grained
SJBPL013PZ-D,44,Sandstone,reddish brown,fine grained
SJBPL013PZ-D,46,Sandstone,reddish brown,fine grained
SJBPL013PZ-D,48,Sandstone,reddish brown,fine grained
SJBPL013PZ-D,50,Sandstone,reddish brown,fine grained
SJBPL013PZ-D,52,Sandstone,reddish brown,fine grained
SJBPL013PZ-D,54,Sandstone,reddish brown,fine grained
SJBPL013PZ-D,56,Sandstone,reddish brown,fine grained
SJBPL013PZ-D,58,Sandstone,reddish brown,fine grained
SJBPL013PZ-D,60,Sandstone,reddish brown,fine grained
SJBPL013PZ-D,62,Sandstone,reddish brown,fine grained
SJBPL013PZ-D,64,Sandstone,reddish brown,fine grained
SJBPL013PZ-D,66,Sandstone,reddish brown,fine grained
SJBPL013PZ-D,68,Sandstone,reddish brown,fine grained
SJBPL013PZ-D,70,Sandstone,reddish brown,fine grained
SJBPL013PZ-D,72,Sandstone,reddish brown,fine grained
SJBPL013PZ-D,74,Sandstone,reddish brown,fine grained
SJBPL013PZ-D,76,Sandstone,reddish brown,fine grained
SJBPL013PZ-D,78,Sandstone,reddish brown,fine grained
SJBPL013PZ-D,80,Sandstone,reddish brown,fine grained
SJBPL013PZ-D,82,Sandstone,reddish brown,fine grained
SJBPL013PZ-D,84,Sandstone,reddish brown,fine grained
SJBPL013PZ-D,86,Sandstone,reddish brown,fine grained
SJBPL013PZ-D,88,Sandstone,reddish brown,fine grained
SJBPL013PZ-D,90,Sandstone,reddish brown,fine grained
SJBPL014-PZ,2,Topsoil,brown,coarse to very coarse
SJBPL014-PZ,4,Soil with slate,brown,medium to coarse
SJBPL014-PZ,6,Soil with slate,brown,medium to coarse
SJBPL014-PZ,8,Slate weathered,greyish black,fine to medium
SJBPL014-PZ,10,Slate weathered,greyish black,fine to medium
SJBPL014-PZ,12,Slate,dull brown,fine
SJBPL014-PZ,14,Slate,dull brown,fine
SJBPL014-PZ,16,Slate,dull brown,fine
SJBPL014-PZ,18,Slate hard,grey,hard
SJBPL014-PZ,20,Slate hard,grey,hard
SJBPL014-PZ,22,Slate hard,grey,hard
SJBPL014-PZ,24,Slate,dull brown,medium
SJBPL014-PZ,26,Slate,dull brown,medium
SJBPL014-PZ,28,Slate weathered,greyish black,fine to medium
SJBPL014-PZ,29.8,Slate weathered,greyish black,fine to medium
SJBPL015-PZ,2,Topsoil,brown,medium to coarse
SJBPL015-PZ,4,Soil with sand,brown,fine to medium
SJBPL015-PZ,6,Laterite,reddish brown,medium
SJBPL015-PZ,8,Laterite with sand,reddish brown,fine to medium
SJBPL015-PZ,10,Laterite with sand,reddish brown,fine to medium
SJBPL015-PZ,12,clay with sand,light brown,fine to medium
SJBPL015-PZ,14,medium to fine sand,light brown,fine to medium
SJBPL015-PZ,16,Quartzite hard,light brown,hard
SJBPL015-PZ,18,Quartzite hard,light brown,hard
SJBPL015-PZ,20,Quartzite hard,light brown,hard
SJBPL015-PZ,22,Quartzite  hard,light brown,hard
SJBPL015-PZ,23.9,Quartzite hard,light brown,hard
SJBPL016-PZ,2,Topsoil,brown,coarse to very coarse
SJBPL016-PZ,4,Clay with red soil,reddish brown,medium to coarse
SJBPL016-PZ,6,Clay with red soil,reddish brown,medium to coarse
SJBPL016-PZ,8,Clay with red soil,reddish brown,medium to coarse
SJBPL016-PZ,10,Yellow soil with clay,yellowish brown,fine to medium
SJBPL016-PZ,12,Yellow soil with clay,yellowish brown,fine to medium
SJBPL016-PZ,14,Yellow soil with clay,yellowish brown,fine to medium
SJBPL016-PZ,16,Laterite with clay,reddish brown,medium
SJBPL016-PZ,18,Laterite hard,reddish brown,medium
SJBPL016-PZ,20,Laterite Hard,reddish brown,medium
SJBPL016-PZ,22,Laterite hard,reddish brown,medium
SJBPL016-PZ,24,Laterite hard,reddish brown,medium
SJBPL016-PZ,26,Laterite weathered,reddish brown,fine to medium
SJBPL016-PZ,28,Laterite weathered,reddish brown,fine to medium
SJBPL016-PZ,30,Laterite weathered,reddish brown,fine to medium
SJBPL016-PZ,32.25,Laterite weathered,reddish brown,fine to medium
SJBPL017-PZ,2,Topsoil,brown,medium to coarse
SJBPL017-PZ,4,Soil with clay,brown,medium to coarse
SJBPL017-PZ,6,Soil with clay,brown,medium to coarse
SJBPL017-PZ,8,Soil with clay,brown,medium to coarse
SJBPL017-PZ,10,Clay with sand,light brown,medium
SJBPL017-PZ,12,Clay with sand,light brown,medium
SJBPL017-PZ,14,clay with sand,light brown,medium
SJBPL017-PZ,16,Coarse sand,light brown,medium to coarse
SJBPL017-PZ,18,Coarse sand,light brown,medium to coarse
SJBPL017-PZ,20,Laterite hard,reddish brown,hard
SJBPL017-PZ,22,Laterite hard,reddish brown,hard
SJBPL017-PZ,24,Laterite hard,reddish brown,hard
SJBPL017-PZ,26,Laterite with clay,reddish brown,medium
SJBPL017-PZ,28,Laterite with clay,reddish brown,medium
SJBPL017-PZ,30,Laterite weathered,reddish brown,fine to medium
SJBPL017-PZ,32.75,Laterite weathered,reddish brown,fine to medium
SJBPL018-PZ,2,Topsoil,brown,medium to coarse
SJBPL018-PZ,4,Soil with Laterite,reddish brown,medium to coarse
SJBPL018-PZ,6,Soil with Laterite,reddish brown,medium to coarse
SJBPL018-PZ,8,Soil with Laterite,reddish brown,medium to coarse
SJBPL018-PZ,10,Laterite,reddish brown,medium
SJBPL018-PZ,12,Laterite,reddish brown,medium
SJBPL018-PZ,14,Weathered Laterite,light brown,fine to medium
SJBPL018-PZ,16,Weathered Laterite,light brown,fine to medium
SJBPL018-PZ,18,Clay with Laterite,light brown,fine to medium
SJBPL018-PZ,20,Laterite Hard,reddish brown,hard
SJBPL018-PZ,22,Laterite hard,reddish brown,hard
SJBPL018-PZ,24,Clay with Laterite,reddish brown,fine to medium
SJBPL018-PZ,26,Clay with Laterite,reddish brown,fine to medium
SJBPL018-PZ,28,Loose Laterite,reddish brown,medium
SJBPL018-PZ,30,Loose Laterite,reddish brown,medium
SJBPL019-PZ,2,Topsoil,brown,medium to coarse
SJBPL019-PZ,4,soil with laterite,reddish brown,medium to coarse
SJBPL019-PZ,6,Soil with laterite,reddish brown,medium to coarse
SJBPL019-PZ,8,Laterite,reddish brown,medium
SJBPL019-PZ,10,Laterite,reddish brown,medium
SJBPL019-PZ,12,Laterite with clay,yellowish brown,fine to medium
SJBPL019-PZ,14,Laterite with clay,yellowish brown,fine to medium
SJBPL019-PZ,16,Laterite weathered,reddish brown,fine to medium
SJBPL019-PZ,18,Laterite with clay,yellowish brown,fine to medium
SJBPL019-PZ,20,Laterite with clay,yellowish brown,fine to medium
SJBPL019-PZ,22,Clay hard,light brown,hard
SJBPL019-PZ,22.85,Clay hard,light brown,gravel
SJBPL019PZ-D,2,Topsoil,greyish black,medium grained
SJBPL019PZ-D,4,soil soft,greyish black,medium grained
SJBPL019PZ-D,6,soil soft,greyish black,medium grained
SJBPL019PZ-D,8,soil soft,greyish black,medium grained
SJBPL019PZ-D,10,Hard soil with shale,greyish black,fine to medium grained
SJBPL019PZ-D,12,Hard soil with shale,greyish black,fine to medium grained
SJBPL019PZ-D,14,Hard soil with shale,greyish black,fine to medium grained
SJBPL019PZ-D,16,Sandy soil,greyish black,fine to medium grained
SJBPL019PZ-D,18,Sandy soil,yellowish brown,fine grained
SJBPL019PZ-D,20,Sandy soil,yellowish brown,fine grained
SJBPL019PZ-D,22,Sandy soil,yellowish brown,fine grained
SJBPL019PZ-D,24,bhander lime stone,yellowish brown,fine grained
SJBPL019PZ-D,26,bhander lime stone,Whitish Grey,fine grained
SJBPL019PZ-D,28,bhander lime stone,Whitish Grey,fine grained
SJBPL019PZ-D,30,bhander lime stone,Whitish Grey,fine grained
SJBPL019PZ-D,32,bhander lime stone,Whitish Grey,fine grained
SJBPL019PZ-D,34,bhander lime stone,Whitish Grey,fine grained
SJBPL019PZ-D,36,bhander lime stone,Whitish Grey,fine grained
SJBPL019PZ-D,38,bhander lime stone,Whitish Grey,fine grained
SJBPL019PZ-D,40,bhander lime stone,Whitish Grey,fine grained
SJBPL019PZ-D,42,bhander lime stone,Whitish Grey,fine grained
SJBPL019PZ-D,44,bhander lime stone,Whitish Grey,fine grained
SJBPL019PZ-D,46,bhander lime stone,Whitish Grey,fine grained
SJBPL019PZ-D,48,bhander lime stone,Whitish Grey,fine grained
SJBPL019PZ-D,50,bhander lime stone,Whitish Grey,fine grained
SJBPL019PZ-D,52,bhander lime stone,Whitish Grey,fine grained
SJBPL019PZ-D,54,bhander lime stone,Whitish Grey,fine grained
SJBPL019PZ-D,56,bhander lime stone,Whitish Grey,fine grained
SJBPL019PZ-D,58,bhander lime stone,Whitish Grey,fine grained
SJBPL019PZ-D,60,bhander lime stone,Whitish Grey,fine grained
SJBPL020-PZ,2,Topsoil,brown,medium to coarse
SJBPL020-PZ,4,Soil with Laterite,reddish brown,medium to coarse
SJBPL020-PZ,6,Soil with Laterite,reddish brown,medium to coarse
SJBPL020-PZ,8,Laterite hard,reddish brown,hard
SJBPL020-PZ,10,Laterite hard,reddish brown,hard
SJBPL020-PZ,12,Sand stone,reddish brown,medium to coarse
SJBPL020-PZ,14,Sandstone,reddish brown,medium to coarse
SJBPL020-PZ,16,Sand stone,reddish brown,medium to coarse
SJBPL020-PZ,18,Sand stone,reddish brown,medium to coarse
SJBPL020-PZ,20,Sand stone,reddish brown,medium to coarse
SJBPL020-PZ,22,sand stone,reddish brown,medium to coarse
SJBPL020-PZ,24,Sand stone weathered,reddish brown,fine to medium
SJBPL020-PZ,26,sand stone weathered,reddish brown,fine to medium
SJBPL020-PZ,28,sand stone weathered,reddish brown,fine to medium
SJBPL020-PZ,30,sand stone weathered,reddish brown,fine to medium
SJBPL020-PZ,30.3,sand stone weathered,reddish brown,fine to medium
SJBPL021-PZ,2,Topsoil,brown,coarse to very coarse
SJBPL021-PZ,4,soil,brown,medium to coarse
SJBPL021-PZ,6,siol with sand,brown,fine to medium
SJBPL021-PZ,8,soil with sand,brown,fine to medium
SJBPL021-PZ,10,soil with sand,brown,fine to medium
SJBPL021-PZ,12,soil with sand,light brown,fine to medium
SJBPL021-PZ,14,sandstone with clay,light brown,fine to medium
SJBPL021-PZ,16,sandstone with clay,light brown,fine to medium
SJBPL021-PZ,18,sandstone with clay,light brown,fine to medium
SJBPL021-PZ,20,sandstone with clay,light brown,fine to medium
SJBPL021-PZ,22,green sand stone,green,fine to medium
SJBPL021-PZ,24,green sandstone,green,fine to medium
SJBPL021-PZ,26,Sandstone,brown,fine to medium
SJBPL021-PZ,28,Sandstone,green,fine to medium
SJBPL021-PZ,30,Sandstone,brown,fine to medium
SJBPL021-PZ,32,sandy clay,brown,fine to medium
SJBPL021-PZ,34,sand with clay,light brown,fine to medium
SJBPL021-PZ,36,Sandstone,light brown,fine to medium
SJBPL021-PZ,38,Sandstone,light brown,fine to medium
SJBPL021-PZ,40,sandstone with clay,light brown,fine to medium
SJBPL021-PZ,42,sandstone with clay,light brown,fine to medium
SJBPL021-PZ,44,Sandstone,light brown,fine
SJBPL021-PZ,46,Sandstone,light brown,fine
SJBPL021-PZ,48,Sandstone,light brown,fine
SJBPL021-PZ,50,Sandstone,light brown,fine
SJBPL021-PZ,52,Sandstone,light brown,fine
SJBPL021-PZ,54,Sandstone,light brown,fine
SJBPL021-PZ,56,Sandstone,light brown,fine
SJBPL021-PZ,58,Sandstone,light brown,fine
SJBPL021-PZ,60,Sandstone,light brown,fine
SJBPL022-PZ,2,Topsoil,brown,medium to coarse
SJBPL022-PZ,4,soil,brown,medium to coarse
SJBPL022-PZ,6,sandysoil,brown,fine to medium
SJBPL022-PZ,8,soil with sand,light brown,fine to medium
SJBPL022-PZ,10,soil with sand,light brown,fine to medium
SJBPL022-PZ,12,soil with sand,light brown,fine to medium
SJBPL022-PZ,14,sand with clay,brown,fine to medium
SJBPL022-PZ,16,sand with clay,brown,fine to medium
SJBPL022-PZ,18,sand with clay,brown,fine to medium
SJBPL022-PZ,20,sand with clay,brown,fine to medium
SJBPL022-PZ,22,Sandstone,green,fine to medium
SJBPL022-PZ,24,Sandstone,green,fine to medium
SJBPL022-PZ,26,Sandstone,reddish brown,fine to medium
SJBPL022-PZ,28,Sandstone,green,fine to medium
SJBPL022-PZ,30,Sandstone,brown,fine to medium
SJBPL022-PZ,32,sand with clay,light brown,fine to medium
SJBPL022-PZ,34,sandstone with clay,light brown,fine to medium
SJBPL022-PZ,36,sandstone with clay,light brown,fine to medium
SJBPL022-PZ,38,sand with clay,light brown,fine to medium
SJBPL022-PZ,40,Sand with clay,light brown,fine to medium
SJBPL022-PZ,42,sand with clay,light brown,fine to medium
SJBPL022-PZ,44,Sandstone,light brown,fine to medium
SJBPL022-PZ,46,Sandstone,light brown,fine to medium
SJBPL022-PZ,48,Sandstone,light brown,fine to medium
SJBPL022-PZ,50,Sandstone,light brown,fine to medium
SJBPL022-PZ,52,Sandstone,light brown,fine to medium
SJBPL022-PZ,54,Sandstone,light brown,fine to medium
SJBPL022-PZ,56,Sandstone,light brown,fine to medium
SJBPL022-PZ,58,Sandstone,light brown,fine to medium
SJBPL022-PZ,60,Sandstone,light brown,fine to medium
SJBPL022-PZ,62,Sandstone,light brown,fine to medium
SJBPL022-PZ,64,Sandstone,light brown,fine to medium
SJBPL022-PZ,66,Sandstone,light brown,fine to medium
SJBPL022-PZ,68,Sandstone,light brown,fine to medium
SJBPL022-PZ,70,Sandstone,light brown,fine to medium
SJBPL022-PZ,72,Sandstone,light brown,fine to medium
SJBPL022-PZ,74,Sandstone,light brown,fine to medium
SJBPL022-PZ,76,Sandstone,light brown,fine to medium
SJBPL022-PZ,78,Sandstone,light brown,fine to medium
SJBPL022-PZ,80,Sandstone,light brown,fine to medium
SJBPL022-PZ,82,Sandstone,light brown,fine to medium
SJBPL022-PZ,84,Sandstone,light brown,fine to medium
SJBPL022-PZ,86,Sandstone,light brown,fine to medium
SJBPL022-PZ,86.81999999999999,sandstone compect,light brown,hard
SJBPL023-PZ,2,Topsoil,brown,medium to coarse
SJBPL023-PZ,4,soil with weathered basalt,grey,medium to coarse
SJBPL023-PZ,6,Basalt,grey,fine to medium
SJBPL023-PZ,8,Basalt,grey,fine to medium
SJBPL023-PZ,10,basalt compact,grey,hard
SJBPL023-PZ,12,basalt massive,grey,hard
SJBPL023-PZ,14,Intertrappean,brown,hard
SJBPL023-PZ,16,Intertrappean,brown,hard
SJBPL023-PZ,18,Basalt,black,fine to medium
SJBPL023-PZ,20,basalt massive,black,fine to medium
SJBPL023-PZ,22,basalt massive,black,hard
SJBPL023-PZ,24,basalt massive,black,hard
SJBPL023-PZ,26,basalt massive,black,hard
SJBPL023-PZ,28,Basalt weathered,brown,medium
SJBPL023-PZ,30,Basalt weathered,brown,medium
SJBPL023-PZ,32,Basalt,black,medium
SJBPL023-PZ,34,Basalt,black,medium
SJBPL023-PZ,36,basalt loose,brown,medium
SJBPL023-PZ,38,basalt loose,brown,medium
SJBPL023-PZ,40,basalt loose,brown,medium
SJBPL023-PZ,42,basalt loose,brown,medium
SJBPL023-PZ,44,Basalt,grey,fine
SJBPL023-PZ,46,Basalt,grey,fine
SJBPL023-PZ,48,Basalt weathered,brown,fine to medium
SJBPL023-PZ,50,Basalt weathered,brown,fine to medium
SJBPL023-PZ,52,Basalt weathered,grey,fine to medium
SJBPL023-PZ,54,Basalt weathered,grey,fine to medium
SJBPL023-PZ,56,Basalt weathered,grey,fine to medium
SJBPL023-PZ,58,Basalt weathered,grey,fine to medium
SJBPL023-PZ,60,Basalt weathered,grey,fine to medium
SJBPL023-PZ,62,Basalt weathered,grey,fine to medium
SJBPL023-PZ,64,Basalt weathered,grey,fine to medium
SJBPL023-PZ,66,Basalt weathered,grey,fine to medium
SJBPL023-PZ,68,Basalt weathered,grey,fine to medium
SJBPL023-PZ,70,Basalt weathered,grey,fine to medium
SJBPL023-PZ,72,Basalt weathered,grey,fine to medium
SJBPL023-PZ,74,Basalt weathered,grey,fine to medium
SJBPL023-PZ,76,Basalt weathered,grey,fine to medium
SJBPL023-PZ,78,Basalt weathered,grey,fine to medium
SJBPL023-PZ,80,Basalt weathered,grey,fine to medium
SJBPL023-PZ,82,Basalt hard,black,hard
SJBPL023-PZ,84,Basalt hard,black,hard
SJBPL023-PZ,86,Basalt hard,black,hard
SJBPL023-PZ,86.7,Basalt hard,black,hard
SJBPL023PZ-D,2,Top soil,brown,medium to coarse
SJBPL023PZ-D,4,soil  with laterite,brown,medium to coarse
SJBPL023PZ-D,6,soil with Basalt,grey,medium to coarse
SJBPL023PZ-D,8,soil with Basalt,grey,fine to medium
SJBPL023PZ-D,10,soil with Basalt,grey,fine to medium
SJBPL023PZ-D,12,Basalt hard,grey,fine to medium
SJBPL023PZ-D,14,Basalt hard,brown,fine to medium
SJBPL023PZ-D,16,Basalt hard,brown,fine to medium
SJBPL023PZ-D,18,Basalt hard,black,fine to medium
SJBPL023PZ-D,20,Basalt hard,black,fine to medium
SJBPL023PZ-D,22,Basalt hard,black,fine to medium
SJBPL023PZ-D,24,Basalt hard,black,fine to medium
SJBPL023PZ-D,26,Basalt hard,black,fine to medium
SJBPL023PZ-D,28,Weathered Basalt,brown,medium
SJBPL023PZ-D,30,Weathered Basalt,brown,medium
SJBPL023PZ-D,32,Weathered Basalt,brown,medium
SJBPL023PZ-D,34,Weathered Basalt,brown,medium
SJBPL023PZ-D,36,Weathered Basalt,brown,medium
SJBPL023PZ-D,38,Weathered Basalt,brown,medium
SJBPL023PZ-D,40,Weathered Basalt,brown,medium
SJBPL023PZ-D,42,Weathered Basalt,brown,medium
SJBPL023PZ-D,44,Weathered Basalt,grey,fine to medium
SJBPL023PZ-D,46,Weathered Basalt,grey,fine to medium
SJBPL023PZ-D,48,Weathered Basalt,grey,fine to medium
SJBPL023PZ-D,50,Weathered Basalt,grey,fine to medium
SJBPL023PZ-D,52,Weathered Basalt,grey,fine to medium
SJBPL023PZ-D,54,Weathered Basalt,grey,fine to medium
SJBPL023PZ-D,56,Weathered Basalt,grey,fine to medium
SJBPL023PZ-D,58,Weathered Basalt,grey,fine to medium
SJBPL023PZ-D,60,Weathered Basalt,grey,fine to medium
SJBPL023PZ-D,62,Weathered Basalt,grey,fine to medium
SJBPL023PZ-D,64,Weathered Basalt,grey,fine to medium
SJBPL023PZ-D,66,Weathered Basalt,grey,fine to medium
SJBPL023PZ-D,68,Weathered Basalt,grey,fine to medium
SJBPL023PZ-D,70,Weathered Basalt,grey,fine to medium
SJBPL023PZ-D,72,Weathered Basalt,grey,fine to medium
SJBPL023PZ-D,74,Weathered Basalt,grey,fine to medium
SJBPL023PZ-D,76,Weathered Basalt,grey,fine to medium
SJBPL023PZ-D,78,Weathered Basalt,grey,fine to medium
SJBPL023PZ-D,80,Weathered Basalt,grey,fine to medium
SJBPL023PZ-D,82,Basalt hard,black,fine to medium
SJBPL023PZ-D,84,Basalt hard,black,fine to medium
SJBPL023PZ-D,86,Basalt hard,black,fine to medium
SJBPL023PZ-D,88,Basalt hard,black,fine to medium
SJBPL023PZ-D,90,Basalt hard,black,fine to medium
SJBPL024-PZ,2,Top soil,brown,coarse to very coarse
SJBPL024-PZ,4,Soil,brown,medium to coarse
SJBPL024-PZ,6,Slaty soil,brown,medium to coarse
SJBPL024-PZ,8,slaty soil,brown,medium
SJBPL024-PZ,10,sandy soil,light brown,medium to coarse
SJBPL024-PZ,12,sandy soil,light brown,medium to coarse
SJBPL024-PZ,14,sandy soil,light brown,medium to coarse
SJBPL024-PZ,16,fine sand,light brown,fine to medium
SJBPL024-PZ,18,fine sand,light brown,fine to medium
SJBPL024-PZ,20,fine sand,light brown,fine to medium
SJBPL024-PZ,22,fine sand,light brown,fine to medium
SJBPL024-PZ,24,sand medium to coarse,light brown,medium to coarse
SJBPL024-PZ,26,Sand medium to coarse,light brown,medium to coarse
SJBPL024-PZ,28,sand coarse,light brown,coarse
SJBPL024-PZ,30,sand coaarse,light brown,coarse
SJBPL024-PZ,32,sand coarse,light brown,coarse
SJBPL024-PZ,34,sand coarse,light brown,coarse
SJBPL024-PZ,36,coarse sand,light brown,coarse
SJBPL024-PZ,38,sand fine to coarse,light brown,fine to medium
SJBPL024-PZ,40,sand fine to coarse,light brown,fine to medium
SJBPL024-PZ,42,sand coarse,light brown,medium to coarse
SJBPL024-PZ,44,sand coarse,light brown,medium to coarse
SJBPL024-PZ,46,sand fine,light brown,fine
SJBPL024-PZ,48,sand fine,light brown,fine
SJBPL024-PZ,50,sand fine,light brown,fine
SJBPL024-PZ,52,lomy soil  with sand,brown,fine to medium
SJBPL024-PZ,54,soil with fine sand,brown,fine to medium
SJBPL024-PZ,56,soil with fine sand,brown,fine to medium
SJBPL024-PZ,58,soil with fine sand,brown,fine to medium
SJBPL024-PZ,60,soil with fine sand,brown,fine to medium
SJBPL024-PZ,62,soil with sand,brown,fine to medium
SJBPL024-PZ,64,soil with sand,brown,fine to medium
SJBPL024-PZ,66,sand coarse,brown,medium to coarse
SJBPL024-PZ,68,sand coarse,brown,medium to coarse
SJBPL024-PZ,70,sand coarse,brown,medium to coarse
SJBPL024-PZ,72,Quartzite,light brown,fine to medium
SJBPL024-PZ,74,Quartzite,light brown,fine to medium
SJBPL024-PZ,74.67,Quartzite,light brown,fine to medium
SJBPLO25-PZ,2,Topsoil,brown,coarse to very coarse
SJBPLO25-PZ,4,Soil with Moorum,reddish brown,medium to coarse
SJBPLO25-PZ,6,soil with sand,brown,medium to coarse
SJBPLO25-PZ,8,soil with sand,brown,medium to coarse
SJBPLO25-PZ,10,sandy soil,brown,medium to coarse
SJBPLO25-PZ,12,Sand fine to medium,light brown,fine to medium
SJBPLO25-PZ,14,sand fine to medium,light brown,fine to medium
SJBPLO25-PZ,16,sand fine to medium,light brown,fine to medium
SJBPLO25-PZ,18,sand coarse,light brown,medium to coarse
SJBPLO25-PZ,20,sand coarse,light brown,medium to coarse
SJBPLO25-PZ,22,sand coarse,light brown,medium to coarse
SJBPLO25-PZ,24,sand coarse,light brown,medium
SJBPLO25-PZ,26,sand coarse,light brown,hard
SJBPLO25-PZ,28,Sand coarse,light brown,medium
SJBPLO25-PZ,30,soil with sand,brown,fine to medium
SJBPLO25-PZ,32,sand fine to coarse,light brown,medium to coarse
SJBPLO25-PZ,34,sand fine to coarse,light brown,medium to coarse
SJBPLO25-PZ,36,sand fine to coarse,light brown,medium to coarse
SJBPLO25-PZ,38,sand fine to coarse,light brown,medium to coarse
SJBPLO25-PZ,40,sand fine to coarse,light brown,medium to coarse
SJBPLO25-PZ,42,sand fine to coarse,light brown,medium to coarse
SJBPLO25-PZ,44,soil with sand,brown,fine to medium
SJBPLO25-PZ,46,soil with sand,brown,fine to medium
SJBPLO25-PZ,48,soil with sand,brown,fine to medium
SJBPLO25-PZ,50,soil with sand,brown,fine to medium
SJBPLO25-PZ,52,sand fine to medium,light brown,fine to medium
SJBPLO25-PZ,54,sand fine to medium,light brown,fine to medium
SJBPLO25-PZ,56,sand fine to medium,light brown,fine to medium
SJBPLO25-PZ,58,sand fine to medium,light brown,fine to medium
SJBPLO25-PZ,60,sandy soil,brown,medium
SJBPLO25-PZ,62,sandy soil,brown,medium
SJBPLO25-PZ,64,sand coarse,light brown,medium to coarse
SJBPLO25-PZ,66,sand coarse,light brown,medium to coarse
SJBPLO25-PZ,68,sand coarse,light brown,medium to coarse
SJBPLO25-PZ,70,Quartzite,light brown,fine to medium
SJBPLO25-PZ,72,Quartzite,light brown,fine to medium
SJBPLO25-PZ,74,Sandstone,light brown,fine to medium
SJBPLO25-PZ,76,sand stone,light brown,fine to medium
SJBPLO25-PZ,78,Sand stone,light brown,fine to medium
SJBPLO25-PZ,80,Granite,light pink,medium to coarse
SJBPLO25-PZ,82,Granite,light pink,medium to coarse
SJBPLO25-PZ,84,Granite,light pink,medium to coarse
SJBPLO25-PZ,86,Granite,light pink,medium
SJBPLO25-PZ,88,Granite,light pink,medium
SJBPLO25-PZ,90,Granite,light pink,medium to coarse
SJBPLO25-PZ,92,Granite,light pink,medium to coarse
SJBPLO25-PZ,94,Granite compact,light pink,medium to coarse
SJBPLO25-PZ,96,Granite,light pink,medium to coarse
SJBPLO25-PZ,98,Granite,light pink,medium to coarse
SJBPLO25-PZ,100,Granite fractured,light pink,medium
SJBPLO25-PZ,102,Granite fractured,light pink,medium
SJBPLO25-PZ,104,Granitefractured,light pink,medium
SJBPLO25-PZ,106,Granitefractured,light pink,hard
SJBPLO25-PZ,108,Granite hard,light pink,hard
SJBPLO25-PZ,110,Granite hard,light pink,hard
SJBPLO25-PZ,112,Granite hard,light pink,hard
SJBPLO25-PZ,114,Granite hard,light pink,hard
SJBPLO25-PZ,114.85,Granite hard,light pink,hard
SJBP015-OW,2,Topsoil,yellowish brown,medium
SJBP015-OW,4,Clay hard,yellowish brown,medium
SJBP015-OW,6,Clay hard,yellowish brown,medium
SJBP015-OW,8,Clay hard,yellowish brown,medium
SJBP015-OW,10,Clay with interbeds of sand,light brown,fine
SJBP015-OW,12,Clay with interbeds of sand,light brown,fine
SJBP015-OW,16.35,Sandstone weathered/fractured,light brown,fine
SJBP002-OW-AA,2,Topsoil,light brown,medium
SJBP002-OW-AA,6,Alluvium,grey,fine to medium
SJBP002-OW-AA,12.5,alluvium,grey,fine to medium
SJBP009-OWA,2,Topsoil,grey,medium
SJBP009-OWA,6,Alluvium,greyish black,fine to medium
SJBP009-OWA,15,Alluvium,greyish black,fine to medium
SJBP018-OWNEW,2,Topsoil,light brown,coarse
SJBP018-OWNEW,8.1,Sandstone fractured,reddish brown,medium
SJBP019-OWNEW,2,Topsoil,light brown,medium
SJBP019-OWNEW,12,Sandstone fractured,reddish brown,fine to medium
SJBP017-OW-A,2,Topsoil,greyish black,coarse
SJBP017-OW-A,4,Clay hard,greyish black,medium to coarse
SJBP017-OW-A,6,Clay hard,greyish black,medium to coarse
SJBP017-OW-A,8,Schist weathered/fractured,light brown,fine to medium
SJBP017-OW-A,10,Schist weathered/fractured,light brown,fine to medium
SJBP017-OW-A,13.4,Schist weathered/fractured,light brown,fine to medium
SJBP019-OWNEW,6,Sandstone fractured,reddish brown,fine to medium
SJBP020-OWNEW,2,Topsoil,greyish black,coarse
SJBP020-OWNEW,6.4,Sandstone fractured,light brown,medium
SJBP021-OWNEW,2,Topsoil,black,coarse
SJBP021-OWNEW,6,Sandstone fractured,light brown,fine to medium
SJBP021-OWNEW,11.5,Sandstone fractured,light brown,fine to medium
SJBP022-OWNEW,2,Topsoil,greyish black,coarse
SJBP022-OWNEW,7.4,Sandstone fractured,light brown,fine to medium
SJBP024-OWNEW,2,Topsoil,greyish black,coarse
SJBP024-OWNEW,7.95,Alluvium,greyish black,medium to coarse
SJBP025-OWNEW,2,Topsoil,greyish black,coarse
SJBP025-OWNEW,8.75,Alluvium,greyish black,medium
SJBP027-OWNEW,2,Topsoil,grey,coarse
SJBP027-OWNEW,12.6,Alluvium,greyish black,medium
SJBP038-OWNEW,2,Topsoil,black,coarse
SJBP038-OWNEW,8.550000000000001,Alluvium,greyish black,medium
SJBP023-OW,2,Topsoil,reddish brown,coarse
SJBP023-OW,4,Clay hard,reddish brown,coarse
SJBP023-OW,6,Clay hard,reddish brown,medium to coarse
SJBP023-OW,8,Clay hard,reddish brown,medium to coarse
SJBP023-OW,10,Clay with thin gravel layer,reddish brown,coarse
SJBP023-OW,12,Clay with thin gravel layer,reddish brown,coarse
SJBP023-OW,14,Sandstone weathered/fractured,reddish brown,medium
SJBP023-OW,16.94,Sandstone weathered/fractured,reddish brown,medium
SJBP039-OWNEW,2,Topsoil,greyish black,coarse
SJBP039-OWNEW,9.6,Alluvium,greyish black,medium
SJBP040-OWNEW,2,Topsoil,black,coarse
SJBP040-OWNEW,7.8,Alluvium,greyish black,fine to medium
SJBP041-OWNEW,2,Topsoil,brown,coarse
SJBP041-OWNEW,10.4,alluvium,dull brown,fine to medium
SJBP042-OWNEW,2,Topsoil,brown,coarse
SJBP042-OWNEW,12,Alluvium,dull brown,fine to medium
SJBP043-OWNEW,2,Topsoil,brown,coarse
SJBP043-OWNEW,6.4,Alluvium,dull brown,fine to medium
SJBP044-OWNEW,2,Topsoil,dull brown,coarse
SJBP044-OWNEW,10.8,Alluvium,brown,fine to medium
SJBP045-OWNEW,2,Topsoil,dull brown,coarse
SJBP045-OWNEW,7.3,Alluvium,dull brown,fine to medium
SJBP046-OWNEW,2,Topsoil,brown,coarse
SJBP026-OW-A,2,Topsoil,reddish brown,coarse
SJBP026-OW-A,4,Clay hard,reddish brown,medium to coarse
SJBP026-OW-A,6,Clay hard,reddish brown,medium to coarse
SJBP046-OWNEW,7.6,Alluvium,dull brown,medium
SJBP047-OWNEW,2,Topsoil,greyish black,coarse
SJBP047-OWNEW,8.75,Basalt fractured,black,fine
SJBP048-OWNEW,2,Topsoil,greyish black,coarse
SJBP048-OWNEW,6.25,Basalt weathered/fractured,black,fine to medium
SJBP049-OWNEW,2,Topsoil,brown,coarse
SJBP049-OWNEW,7.75,Basalt weathered/fractured,black,fine to medium
SJBP050-OWNEW,2,Topsoil,brown,coarse
SJBP050-OWNEW,9,Basalt weathered/fractured,greyish black,fine to medium
SJBP051-OWNEW,2,Topsoil,greyish black,coarse
SJBP051-OWNEW,7.75,Basalt weathered,greyish black,fine to medium
SJBP052-OWNEW,2,Topsoil,dull brown,coarse
SJBP052-OWNEW,8.6,Basalt weathered/fractured,greyish black,fine to medium
SJBP053-OW-C,2,Topsoil,dull brown,coarse
SJBP053-OW-C,8,Basalt weathered/fractured,greyish black,fine to medium
SJBP053-OW-C,14.75,Basalt weathered/fractured,greyish black,fine to medium
SJBP063-OWNEW,2,Topsoil,greyish black,coarse
SJBP063-OWNEW,8,Basalt weathered/fractured,black,medium
SJBP072-OWNEW,10,Alluvium,dull brown,medium
SJBP026-OW-A,8,Clay with interbeds of sand,reddish brown,medium
SJBP001-OW-B,2,Topsoil,brown,fine to medium
SJBP001-OW-B,4,Clay,brown,fine to medium
SJBP001-OW-B,6,Clay with thin gravel layer,brown,fine to medium
SJBP001-OW-B,8,Clay with thin gravel layer,greyish black,fine to medium
SJBP001-OW-B,10,Granite fractured,greyish black,medium to coarse
SJBP001-OW-B,12.2,Granite fractured,greyish black,medium to coarse
SJBP072-OWNEW,22,Alluvium,dull brown,fine to medium
SJBP072-OWNEW,27,alluvium,light brown,fine to medium
SJBP072-OWNEW,2,Topsoil,grey,coarse
SJBP073-OWNEW,2,Topsoil,brown,coarse
SJBP073-OWNEW,10,alluvium,dull brown,medium
SJBP073-OWNEW,16,alluvium,dull brown,medium
SJBP073-OWNEW,22,Sandstone,reddish brown,fine to medium
SJBP074-OWNEW,2,Topsoil,dull brown,coarse
SJBP074-OWNEW,8,Alluvium,brown,medium
SJBP074-OWNEW,10,Sandstone fractured,reddish brown,fine to medium
SJBP075-OWNEW,2,Topsoil,brown,coarse
SJBP075-OWNEW,6,Alluvium,dull brown,fine to medium
SJBP075-OWNEW,10,Sandstone weathered/fractured,reddish brown,fine to medium
SJBP076-OWNEW,2,Topsoil,brown,coarse
SJBP076-OWNEW,6,Alluvium,dull brown,medium
SJBP003-OW,2,Topsoil,black,coarse
SJBP003-OW,4,Clay hard,black,coarse
SJBP003-OW,7,Basalt fractured,black,medium
SJBP004-OW-A,2,Topsoil,black,coarse
SJBP004-OW-A,4,Clay hard,black,coarse
SJBP004-OW-A,6.75,Basalt weathered,black,medium
SJBP005-OW-A,2,Topsoil,black,coarse
SJBP005-OW-A,4,Clay hard,black,medium to coarse
SJBP005-OW-A,6,Basalt weathered/fractured,black,fine to medium
SJBP005-OW-A,7.5,Basalt weathered/fractured,black,fine to medium
SJBP076-OWNEW,11,Sandstone weathered/fractured,reddish brown,fine to medium
SJBP0770OWNEW,2,Topsoil,dull brown,coarse
SJBP0770OWNEW,8,Alluvium,dull brown,medium
SJBP0770OWNEW,12.2,Sandstone weathered/fractured,reddish brown,fine to medium
SJBP078-OWNEW,2.3,Topsoil,brown,coarse
SJBP078-OWNEW,6,Alluvium,dull brown,medium
SJBP078-OWNEW,10.5,Sandstone weathered/fractured,reddish brown,fine to medium
SJBP079-OWNEW,2,Topsoil,brown,coarse
SJBP079-OWNEW,8,alluvium,dull brown,medium
SJBP079-OWNEW,15,Alluvium,light brown,fine to medium
SJBP080-OWNEW,2,Topsoil,brown,coarse
SJBP080-OWNEW,6,alluvium,dull brown,fine to medium
SJBP080-OWNEW,12,alluvium,dull brown,fine to medium
SJBP006-OW-A,2,Topsoil,black,coarse
SJBP006-OW-A,4,Clay hard,black,coarse
SJBP006-OW-A,6,Basalt weathered,black,medium
SJBP006-OW-A,8,Basalt weathered,black,medium
SJBP006-OW-A,9.85,Basalt weathered,black,medium
SJBP007-OW,2,Topsoil,black,coarse
SJBP007-OW,4,Clay hard,black,coarse
SJBP007-OW,6,Clay hard,black,coarse
SJBP007-OW,8,Basalt weathered,black,medium
SJBP007-OW,10.4,Basalt weathered,black,medium
SJBP008-OW,2,Topsoil,brown,medium
SJBP008-OW,4,Clay hard,brown,medium
SJBP008-OW,6,Clay with interbeds of sand,brown,fine to medium
SJBP008-OW,8,Clay with interbeds of sand,brown,fine to medium
SJBP008-OW,10.75,Sandstone weathered,brown,fine
SJBP010-OW,2,Topsoil,brown,coarse
SJBP081-OW-C,8.6,alluvium,dull brown,fine to medium
SJBP081-OW-C,2,Topsoil,brown,medium
SJBP083-OWB,2,Topsoil,brown,coarse
SJBP083-OWB,4.6,alluvium,dull brown,medium
SJBP086-OWNEW,2,Topsoil,light brown,coarse
SJBP086-OWNEW,6,Alluvium,light brown,medium
SJBP086-OWNEW,13.6,Laterite,reddish brown,fine to medium
SJBP087-OW-B,6,Limestone fractured,light brown,fine to medium
SJBP010-OW,4.75,Clay hard,brown,medium
SJBP011-OW-A,2,Topsoil,reddish brown,coarse
SJBP011-OW-A,4,Clay hard,reddish brown,medium to coarse
SJBP011-OW-A,6,Clay hard,reddish brown,medium to coarse
SJBP011-OW-A,8,Clay hard,reddish brown,medium to coarse
SJBP011-OW-A,10,Clay hard,reddish brown,medium to coarse
SJBP011-OW-A,12,Clay,reddish brown,medium
SJBP011-OW-A,14,Clay,reddish brown,medium
SJBP012-OW-A,2,Topsoil,black,coarse
SJBP012-OW-A,4,Clay hard,black,medium to coarse
SJBP012-OW-A,6.8,Basalt weathered,black,medium to coarse
SJBP013-OW,2,Topsoil,black,coarse
SJBP013-OW,3.85,Basalt weathered,black,medium to coarse
SJBP014-OW,2,Topsoil,dull brown,medium
SJBP087-OW-B,2,Topsoil,brown,coarse
SJBP087-OW-B,4,ALLUVIUM,dull brown,medium
SJBP088-OWNEW,2,Topsoil,grey,coarse
SJBP088-OWNEW,6,Alluvium,dull brown,medium
SJBP088-OWNEW,12.3,Alluvium,dull brown,fine to medium
SJBP089-OWNEW,2,Topsoil,grey,coarse
SJBP089-OWNEW,8,alluvium,dull brown,medium
SJBP089-OWNEW,13.2,Alluvium,dull brown,fine to medium
SJBP090-OWNEW,2,Topsoil,grey,coarse
SJBP090-OWNEW,13.5,Alluvium,dull brown,fine
SJBP014-OW,4,Schist,light brown,fine
SJBP014-OW,6.75,Schist,light brown,fine to medium
SJBP026-OW-A,10,Clay with interbeds of sand,reddish brown,medium
SJBP026-OW-A,11.85,Sandstone weathered/fractured,reddish brown,fine to medium
SJBP028-OW-A,2,Topsoil,black,coarse
SJBP028-OW-A,4,Clay hard,black,medium
SJBP028-OW-A,5.9,Clay with interbeds of sand,black,fine to medium
SJBP090-OWNEW,8,Alluvium,dull brown,medium
SJBP091-OWNEW,2,Topsoil,grey,coarse
SJBP091-OWNEW,8,Alluvium,dull brown,medium
SJBP091-OWNEW,13.5,alluvium,dull brown,fine to medium
SJBP092-OWNEW,2,Topsoil,grey,coarse
SJBP092-OWNEW,6,alluvium,dull brown,medium
SJBP092-OWNEW,12,Alluvium,dull brown,fine to medium
SJBP093-OWNEw,2,Topsoil,brown,coarse
SJBP093-OWNEw,4,Alluvium,dull brown,medium
SJBP093-OWNEw,8.9,Alluvium,dull brown,fine to medium
SJBP094-OWNEW,2,Topsoil,greyish black,coarse
SJBP094-OWNEW,4.5,Basalt weathered/fractured,black,fine to medium
SJBP095-OWNEW,2,Topsoil,greyish black,coarse
SJBP095-OWNEW,4,Alluvium,grey,medium
SJBP095-OWNEW,8.699999999999999,Basalt weathered/fractured,black,fine to medium
SJBP096-OWNEW,2,Topsoil,grey,coarse
SJBP029-OW-B,2,Topsoil,black,coarse
SJBP029-OW-B,4,Clay hard,black,medium to coarse
SJBP029-OW-B,6,Clay with interbeds of sand,black,medium
SJBP029-OW-B,7.8,Clay with interbeds of sand,black,medium
SJBP096-OWNEW,8.5,Basalt weathered/fractured,black,fine to medium
SJBP096-OWNEW,4,Alluvium,greyish black,medium
SJBP097-OWNEW,2,Topsoil,grey,coarse
SJBP097-OWNEW,6,Basalt weathered/fractured,black,fine
SJBP098-OWNEW,2,Topsoil,greyish black,coarse
SJBP098-OWNEW,7.3,Basalt weathered/fractured,black,fine to medium
SJBP099-OWNEW,2,Topsoil,grey,coarse
SJBP099-OWNEW,6,alluvium,greyish black,medium
SJBP099-OWNEW,9,Basalt weathered/fractured,black,fine to medium
SJBP100-OWNEW,2,Topsoil,greyish black,medium
SJBP100-OWNEW,6.2,Basalt fractured,black,fine to medium
SJBP016-OW-B,2,Topsoil,greyish black,coarse
SJBP016-OW-B,4,Clay hard,greyish black,medium to coarse
SJBP016-OW-B,10,Schist weathered/fractured,greyish black,medium to coarse
SJBP016-OW-B,15,Schist weathered/fractured,greyish black,medium to coarse
SJBP030-OW-C,2,Topsoil,black,coarse
SJBP030-OW-C,4,Clay hard,black,medium to coarse
SJBP030-OW-C,6,Clay hard,black,medium to coarse
SJBP030-OW-C,8,Clay with interbeds of sand,black,medium
SJBP030-OW-C,10,Clay with interbeds of sand,black,medium
SJBP030-OW-C,12.45,Clay with interbeds of sand,black,medium
SJBP031-OW,2,Topsoil,black,coarse
SJBP031-OW,4,Clay hard,black,medium to coarse
SJBP031-OW,6,Clay hard,black,medium
SJBP031-OW,8,Clay with interbeds of sand,black,medium
SJBP031-OW,10.95,Clay with interbeds of sand,black,fine to medium
SJBP032-OW,2,Topsoil,dull brown,coarse
SJBP032-OW,4,Clay,dull brown,medium
SJBP032-OW,5.8,Clay,brown,fine to medium
SJBP033-OW-A,2,Topsoil,black,coarse
SJBP033-OW-A,4,Clay hard,black,medium to coarse
SJBP033-OW-A,6,Clay hard,black,medium
SJBP033-OW-A,8,Clay with interbeds of sand,black,fine to medium
SJBP033-OW-A,9.050000000000001,Clay with interbeds of sand,black,fine to medium
SJBP034-OW-A,2,Topsoil,brown,medium
SJBP034-OW-A,4,Clay hard,brown,fine to medium
SJBP034-OW-A,6.25,Clay with thin gravel layer,brown,fine to medium
SJBP035-OW-A,2,Topsoil,brown,coarse
SJBP035-OW-A,4,Clay hard,brown,medium to coarse
SJBP035-OW-A,6,Clay with thin gravel layer,brown,fine to medium
SJBP035-OW-A,7.45,Clay with thin gravel layer,brown,fine to medium
SJBP036-OW-A,2,Topsoil,yellowish brown,coarse
SJBP036-OW-A,4,Clay hard,yellowish brown,medium to coarse
SJBP036-OW-A,6,Clay with thin gravel layer,yellowish brown,medium
SJBP036-OW-A,7.9,Sandstone weathered/fractured,yellowish brown,fine to medium
SJBP037-OW,2,Topsoil,yellowish brown,coarse
SJBP037-OW,4,Clay hard,yellowish brown,medium to coarse
SJBP037-OW,6,Clay with thin gravel layer,yellowish brown,medium
SJBP037-OW,7,Sandstone weathered/fractured,yellowish brown,fine to medium
SJBP054-OW-A,2,Topsoil,reddish brown,coarse
SJBP054-OW-A,4,Clay hard,reddish brown,medium to coarse
SJBP054-OW-A,6,Clay,reddish brown,fine to medium
SJBP054-OW-A,8.300000000000001,Clay,reddish brown,fine to medium
SJBP055-OW,2,Topsoil,reddish brown,coarse
SJBP055-OW,4,Clay hard,reddish brown,medium to coarse
SJBP055-OW,6,Clay,reddish brown,fine to medium
SJBP055-OW,8,Clay,reddish brown,fine to medium
SJBP055-OW,9.65,Clay,reddish brown,fine to medium
SJBP056-OW-A,2,Topsoil,reddish brown,coarse
SJBP056-OW-A,4,Clay hard,reddish brown,medium to coarse
SJBP056-OW-A,6,Clay hard,reddish brown,medium to coarse
SJBP056-OW-A,8,Clay,reddish brown,medium
SJBP056-OW-A,10,Clay with interbeds of sand,reddish brown,fine to medium
SJBP056-OW-A,12,Clay with interbeds of sand,reddish brown,fine to medium
SJBP057-OW,2,Topsoil,greyish black,coarse
SJBP057-OW,4,Clay hard,greyish black,medium to coarse
SJBP057-OW,6.45,Basalt weathered/fractured,black,fine to medium
SJBP058-OW-A,2,Topsoil,greyish black,coarse
SJBP058-OW-A,4,Clay hard,greyish black,medium to coarse
SJBP058-OW-A,6,Basalt weathered/fractured,black,fine to medium
SJBP058-OW-A,8,Basalt weathered/fractured,black,fine to medium
SJBP058-OW-A,10,Basalt weathered/fractured,black,fine to medium
SJBP058-OW-A,11.85,Basalt weathered/fractured,black,fine to medium
SJBP059-OW-A,2,Topsoil,greyish black,coarse
SJBP059-OW-A,4,Clay hard,greyish black,medium to coarse
SJBP059-OW-A,6,Basalt weathered/fractured,black,fine to medium
SJBP059-OW-A,7.65,Basalt weathered/fractured,black,fine to medium
SJBP060-OW,2,Topsoil,greyish black,coarse
SJBP060-OW,4,Clay hard,greyish black,medium to coarse
SJBP060-OW,6,Basalt weathered/fractured,black,fine to medium
SJBP060-OW,8.5,Basalt weathered,black,fine to medium
SJBP061-OW-B,2,Topsoil,reddish brown,coarse
SJBP061-OW-B,4.9,Clay hard,reddish brown,medium to coarse
SJBP062-OW,2,Topsoil,reddish brown,coarse
SJBP062-OW,4,Clay hard,reddish brown,medium to coarse
SJBP062-OW,6,Basalt weathered/fractured,black,fine to medium
SJBP062-OW,8.83,Basalt weathered/fractured,black,fine to medium
SJBP064-OW,2,Topsoil,reddish brown,coarse
SJBP064-OW,4,Clay hard,reddish brown,medium to coarse
SJBP064-OW,5.7,Clay hard,reddish brown,medium to coarse
SJBP065-OW,2,Topsoil,yellowish brown,coarse
SJBP065-OW,4,Clay hard,yellowish brown,medium to coarse
SJBP065-OW,6,Clay hard,yellowish brown,medium to coarse
SJBP065-OW,8,Clay with interbeds of sand,yellowish brown,fine to medium
SJBP065-OW,9,Clay with interbeds of sand,yellowish brown,fine to medium
SJBP066-OW,2,Topsoil,yellowish brown,coarse
SJBP066-OW,4,Clay hard,yellowish brown,medium to coarse
SJBP066-OW,6,Clay hard,yellowish brown,medium to coarse
SJBP066-OW,8,Clay hard,yellowish brown,medium to coarse
SJBP066-OW,10,Clay,yellowish brown,fine to medium
SJBP066-OW,12,Clay,yellowish brown,fine to medium
SJBP066-OW,14,Clay with interbeds of sand,yellowish brown,fine to medium
SJBP066-OW,15.7,Clay with interbeds of sand,yellowish brown,fine to medium
SJBP067-OW-A,2,Topsoil,yellowish brown,medium to coarse
SJBP067-OW-A,4,Clay hard,yellowish brown,medium to coarse
SJBP067-OW-A,6,Clay hard,yellowish brown,medium to coarse
SJBP067-OW-A,8,Clay with interbeds of sand,yellowish brown,fine to medium
SJBP067-OW-A,10,Clay with interbeds of sand,yellowish brown,fine to medium
SJBP067-OW-A,12,Clay with interbeds of sand,yellowish brown,fine to medium
SJBP067-OW-A,14.75,Clay with interbeds of sand,yellowish brown,fine to medium
SJBP068-OW-A,2,Topsoil,brown,coarse
SJBP068-OW-A,4,Clay hard,brown,medium to coarse
SJBP068-OW-A,6.9,Clay hard,brown,medium to coarse
SJBP069-OW,2,Topsoil,dull brown,coarse
SJBP069-OW,4,Clay hard,dull brown,medium to coarse
SJBP069-OW,6,Clay hard,dull brown,medium to coarse
SJBP069-OW,8,Clay hard,dull brown,medium to coarse
SJBP069-OW,10,Clay with interbeds of sand,dull brown,fine to medium
SJBP069-OW,12,Clay with interbeds of sand,dull brown,fine to medium
SJBP069-OW,14,Clay with thin gravel layer,brown,fine
SJBP069-OW,16,Clay with thin gravel layer,brown,fine
SJBP069-OW,17.1,Clay with thin gravel layer,brown,fine
SJBP070-OW-A,2,Topsoil,reddish brown,coarse
SJBP070-OW-A,4,Clay hard,reddish brown,medium to coarse
SJBP070-OW-A,6,Clay hard,reddish brown,medium to coarse
SJBP070-OW-A,8,Gneiss weathered/fractured,reddish brown,fine to medium
SJBP070-OW-A,10.03,Gneiss weathered/fractured,reddish brown,fine to medium
SJBP071-OW-A,2,Topsoil,reddish brown,coarse
SJBP071-OW-A,4,Clay hard,reddish brown,medium to coarse
SJBP071-OW-A,6,Clay hard,reddish brown,medium to coarse
SJBP071-OW-A,8,Gneiss weathered/fractured,reddish brown,fine to medium
SJBP071-OW-A,10,Gneiss weathered/fractured,reddish brown,fine to medium
SJBP071-OW-A,11.3,Gneiss weathered/fractured,reddish brown,fine to medium
SJBP082-OW-A,2,Topsoil,greyish black,coarse
SJBP082-OW-A,4,Clay hard,greyish black,medium to coarse
SJBP082-OW-A,6,Clay hard,greyish black,medium to coarse
SJBP082-OW-A,8,Clay with interbeds of sand,greyish black,fine to medium
SJBP082-OW-A,9.1,Clay with interbeds of sand,greyish black,fine to medium
SJBP084-OW-A,2,Topsoil,reddish brown,coarse
SJBP084-OW-A,4,Clay hard,reddish brown,medium to coarse
SJBP084-OW-A,6,Clay hard,reddish brown,medium to coarse
SJBP084-OW-A,8,Clay hard,reddish brown,medium to coarse
SJBP084-OW-A,10,Clay hard,reddish brown,medium to coarse
SJBP084-OW-A,12,Clay with interbeds of sand,reddish brown,fine to medium
SJBP084-OW-A,14,Clay with interbeds of sand,reddish brown,fine to medium
SJBP084-OW-A,16,Clay with interbeds of sand,reddish brown,fine to medium
SJBP084-OW-A,18.25,Clay with interbeds of sand,reddish brown,fine to medium
SJBP085-OW,2,Topsoil,black,coarse
SJBP085-OW,4,Clay hard,black,medium to coarse
SJBP085-OW,6,Clay hard,greyish black,medium
SJBP085-OW,8,Clay hard,greyish black,fine to medium
SJBP085-OW,10,Clay with interbeds of sand,greyish black,fine to medium
SJBP085-OW,11.35,Clay with interbeds of sand,greyish black,fine to medium
