date,rainfall_mm,well_id,lat,lon
1976-01-01,24.0,SGWL047A-OW,26.115,78.011389
1976-02-01,3.5,SGWL047A-OW,26.115,78.011389
1976-03-01,2.5,SGWL047A-OW,26.115,78.011389
1976-04-01,2.6,SGWL047A-OW,26.115,78.011389
1976-05-01,13.0,SGWL047A-OW,26.115,78.011389
1976-06-01,130.6,SGWL047A-OW,26.115,78.011389
1976-07-01,224.0,SGWL047A-OW,26.115,78.011389
1976-08-01,261.7,SGWL047A-OW,26.115,78.011389
1976-09-01,103.1,SGWL047A-OW,26.115,78.011389
1976-10-01,0.0,SGWL047A-OW,26.115,78.011389
1976-11-01,43.2,SGWL047A-OW,26.115,78.011389
1976-12-01,0.0,SGWL047A-OW,26.115,78.011389
1977-01-01,27.1,SGWL047A-OW,26.115,78.011389
1977-02-01,3.5000000000000004,SGWL047A-OW,26.115,78.011389
1977-03-01,0.8,SGWL047A-OW,26.115,78.011389
1977-04-01,6.800000000000001,SGWL047A-OW,26.115,78.011389
1977-05-01,11.4,SGWL047A-OW,26.115,78.011389
1977-06-01,140.9,SGWL047A-OW,26.115,78.011389
1977-07-01,336.3,SGWL047A-OW,26.115,78.011389
1977-08-01,270.5,SGWL047A-OW,26.115,78.011389
1977-09-01,127.3,SGWL047A-OW,26.115,78.011389
1977-10-01,5.3,SGWL047A-OW,26.115,78.011389
1977-11-01,2.8,SGWL047A-OW,26.115,78.011389
1977-12-01,3.6999999999999997,SGWL047A-OW,26.115,78.011389
1978-01-01,0.0,SGWL047A-OW,26.115,78.011389
1978-02-01,3.2,SGWL047A-OW,26.115,78.011389
1978-03-01,11.5,SGWL047A-OW,26.115,78.011389
1978-04-01,5.1,SGWL047A-OW,26.115,78.011389
1978-05-01,0.0,SGWL047A-OW,26.115,78.011389
1978-06-01,128.7,SGWL047A-OW,26.115,78.011389
1978-07-01,261.0,SGWL047A-OW,26.115,78.011389
1978-08-01,338.0,SGWL047A-OW,26.115,78.011389
1978-09-01,110.3,SGWL047A-OW,26.115,78.011389
1978-10-01,0.30000000000000004,SGWL047A-OW,26.115,78.011389
1978-11-01,2.2,SGWL047A-OW,26.115,78.011389
1978-12-01,22.3,SGWL047A-OW,26.115,78.011389
1979-01-01,41.0,SGWL047A-OW,26.115,78.011389
1979-02-01,81.2,SGWL047A-OW,26.115,78.011389
1979-03-01,3.6,SGWL047A-OW,26.115,78.011389
1979-04-01,2.5,SGWL047A-OW,26.115,78.011389
1979-05-01,17.3,SGWL047A-OW,26.115,78.011389
1979-06-01,68.9,SGWL047A-OW,26.115,78.011389
1979-07-01,303.7,SGWL047A-OW,26.115,78.011389
1979-08-01,80.2,SGWL047A-OW,26.115,78.011389
1979-09-01,5.0,SGWL047A-OW,26.115,78.011389
1979-10-01,0.2,SGWL047A-OW,26.115,78.011389
1979-11-01,132.0,SGWL047A-OW,26.115,78.011389
1979-12-01,0.1,SGWL047A-OW,26.115,78.011389
1980-01-01,0.5,SGWL047A-OW,26.115,78.011389
1980-02-01,4.4,SGWL047A-OW,26.115,78.011389
1980-03-01,3.3,SGWL047A-OW,26.115,78.011389
1980-04-01,0.5,SGWL047A-OW,26.115,78.011389
1980-05-01,0.5,SGWL047A-OW,26.115,78.011389
1980-06-01,133.6,SGWL047A-OW,26.115,78.011389
1980-07-01,301.5,SGWL047A-OW,26.115,78.011389
1980-08-01,205.8,SGWL047A-OW,26.115,78.011389
1980-09-01,24.3,SGWL047A-OW,26.115,78.011389
1980-10-01,2.6,SGWL047A-OW,26.115,78.011389
1980-11-01,0.6,SGWL047A-OW,26.115,78.011389
1980-12-01,37.5,SGWL047A-OW,26.115,78.011389
1981-01-01,3.5999999999999996,SGWL047A-OW,26.115,78.011389
1981-02-01,0.3,SGWL047A-OW,26.115,78.011389
1981-03-01,15.0,SGWL047A-OW,26.115,78.011389
1981-04-01,0.0,SGWL047A-OW,26.115,78.011389
1981-05-01,7.7,SGWL047A-OW,26.115,78.011389
1981-06-01,106.1,SGWL047A-OW,26.115,78.011389
1981-07-01,143.4,SGWL047A-OW,26.115,78.011389
1981-08-01,90.6,SGWL047A-OW,26.115,78.011389
1981-09-01,52.7,SGWL047A-OW,26.115,78.011389
1981-10-01,10.1,SGWL047A-OW,26.115,78.011389
1981-11-01,35.8,SGWL047A-OW,26.115,78.011389
1981-12-01,14.100000000000001,SGWL047A-OW,26.115,78.011389
1982-01-01,14.0,SGWL047A-OW,26.115,78.011389
1982-02-01,3.3,SGWL047A-OW,26.115,78.011389
1982-03-01,9.7,SGWL047A-OW,26.115,78.011389
1982-04-01,13.3,SGWL047A-OW,26.115,78.011389
1982-05-01,40.800000000000004,SGWL047A-OW,26.115,78.011389
1982-06-01,7.5,SGWL047A-OW,26.115,78.011389
1982-07-01,193.7,SGWL047A-OW,26.115,78.011389
1982-08-01,171.1,SGWL047A-OW,26.115,78.011389
1982-09-01,60.699999999999996,SGWL047A-OW,26.115,78.011389
1982-10-01,13.7,SGWL047A-OW,26.115,78.011389
1982-11-01,73.7,SGWL047A-OW,26.115,78.011389
1982-12-01,16.6,SGWL047A-OW,26.115,78.011389
1983-01-01,25.6,SGWL047A-OW,26.115,78.011389
1983-02-01,1.0,SGWL047A-OW,26.115,78.011389
1983-03-01,1.0,SGWL047A-OW,26.115,78.011389
1983-04-01,37.3,SGWL047A-OW,26.115,78.011389
1983-05-01,19.1,SGWL047A-OW,26.115,78.011389
1983-06-01,77.4,SGWL047A-OW,26.115,78.011389
1983-07-01,230.3,SGWL047A-OW,26.115,78.011389
1983-08-01,307.5,SGWL047A-OW,26.115,78.011389
1983-09-01,179.70000000000002,SGWL047A-OW,26.115,78.011389
1983-10-01,47.6,SGWL047A-OW,26.115,78.011389
1983-11-01,0.0,SGWL047A-OW,26.115,78.011389
1983-12-01,0.5,SGWL047A-OW,26.115,78.011389
1984-01-01,11.4,SGWL047A-OW,26.115,78.011389
1984-02-01,2.5,SGWL047A-OW,26.115,78.011389
1984-03-01,0.6,SGWL047A-OW,26.115,78.011389
1984-04-01,1.3,SGWL047A-OW,26.115,78.011389
1984-05-01,0.0,SGWL047A-OW,26.115,78.011389
1984-06-01,29.9,SGWL047A-OW,26.115,78.011389
1984-07-01,145.9,SGWL047A-OW,26.115,78.011389
1984-08-01,223.3,SGWL047A-OW,26.115,78.011389
1984-09-01,56.4,SGWL047A-OW,26.115,78.011389
1984-10-01,0.0,SGWL047A-OW,26.115,78.011389
1984-11-01,0.0,SGWL047A-OW,26.115,78.011389
1984-12-01,2.0999999999999996,SGWL047A-OW,26.115,78.011389
1985-01-01,7.2,SGWL047A-OW,26.115,78.011389
1985-02-01,0.0,SGWL047A-OW,26.115,78.011389
1985-03-01,0.3,SGWL047A-OW,26.115,78.011389
1985-04-01,3.7,SGWL047A-OW,26.115,78.011389
1985-05-01,4.4,SGWL047A-OW,26.115,78.011389
1985-06-01,6.5,SGWL047A-OW,26.115,78.011389
1985-07-01,272.0,SGWL047A-OW,26.115,78.011389
1985-08-01,155.5,SGWL047A-OW,26.115,78.011389
1985-09-01,142.6,SGWL047A-OW,26.115,78.011389
1985-10-01,221.7,SGWL047A-OW,26.115,78.011389
1985-11-01,0.0,SGWL047A-OW,26.115,78.011389
1985-12-01,5.5,SGWL047A-OW,26.115,78.011389
1986-01-01,33.0,SGWL047A-OW,26.115,78.011389
1986-02-01,29.799999999999997,SGWL047A-OW,26.115,78.011389
1986-03-01,1.2,SGWL047A-OW,26.115,78.011389
1986-04-01,0.6000000000000001,SGWL047A-OW,26.115,78.011389
1986-05-01,12.5,SGWL047A-OW,26.115,78.011389
1986-06-01,120.60000000000001,SGWL047A-OW,26.115,78.011389
1986-07-01,321.0,SGWL047A-OW,26.115,78.011389
1986-08-01,141.3,SGWL047A-OW,26.115,78.011389
1986-09-01,8.7,SGWL047A-OW,26.115,78.011389
1986-10-01,1.6,SGWL047A-OW,26.115,78.011389
1986-11-01,0.5,SGWL047A-OW,26.115,78.011389
1986-12-01,1.6,SGWL047A-OW,26.115,78.011389
1987-01-01,24.7,SGWL047A-OW,26.115,78.011389
1987-02-01,12.1,SGWL047A-OW,26.115,78.011389
1987-03-01,2.3,SGWL047A-OW,26.115,78.011389
1987-04-01,0.0,SGWL047A-OW,26.115,78.011389
1987-05-01,10.8,SGWL047A-OW,26.115,78.011389
1987-06-01,17.8,SGWL047A-OW,26.115,78.011389
1987-07-01,27.5,SGWL047A-OW,26.115,78.011389
1987-08-01,184.2,SGWL047A-OW,26.115,78.011389
1987-09-01,117.5,SGWL047A-OW,26.115,78.011389
1987-10-01,22.700000000000003,SGWL047A-OW,26.115,78.011389
1987-11-01,0.0,SGWL047A-OW,26.115,78.011389
1987-12-01,11.7,SGWL047A-OW,26.115,78.011389
1988-01-01,9.5,SGWL047A-OW,26.115,78.011389
1988-02-01,3.3000000000000003,SGWL047A-OW,26.115,78.011389
1988-03-01,1.8,SGWL047A-OW,26.115,78.011389
1988-04-01,4.3,SGWL047A-OW,26.115,78.011389
1988-05-01,6.3,SGWL047A-OW,26.115,78.011389
1988-06-01,115.60000000000001,SGWL047A-OW,26.115,78.011389
1988-07-01,320.5,SGWL047A-OW,26.115,78.011389
1988-08-01,306.4,SGWL047A-OW,26.115,78.011389
1988-09-01,95.3,SGWL047A-OW,26.115,78.011389
1988-10-01,39.699999999999996,SGWL047A-OW,26.115,78.011389
1988-11-01,0.7,SGWL047A-OW,26.115,78.011389
1988-12-01,0.5,SGWL047A-OW,26.115,78.011389
1989-01-01,4.9,SGWL047A-OW,26.115,78.011389
1989-02-01,1.0,SGWL047A-OW,26.115,78.011389
1989-03-01,9.9,SGWL047A-OW,26.115,78.011389
1989-04-01,0.0,SGWL047A-OW,26.115,78.011389
1989-05-01,0.0,SGWL047A-OW,26.115,78.011389
1989-06-01,54.0,SGWL047A-OW,26.115,78.011389
1989-07-01,169.3,SGWL047A-OW,26.115,78.011389
1989-08-01,174.8,SGWL047A-OW,26.115,78.011389
1989-09-01,126.10000000000001,SGWL047A-OW,26.115,78.011389
1989-10-01,0.4,SGWL047A-OW,26.115,78.011389
1989-11-01,0.0,SGWL047A-OW,26.115,78.011389
1989-12-01,13.3,SGWL047A-OW,26.115,78.011389
1990-01-01,0.0,SGWL047A-OW,26.115,78.011389
1990-02-01,36.4,SGWL047A-OW,26.115,78.011389
1990-03-01,2.2,SGWL047A-OW,26.115,78.011389
1990-04-01,0.8,SGWL047A-OW,26.115,78.011389
1990-05-01,8.3,SGWL047A-OW,26.115,78.011389
1990-06-01,127.3,SGWL047A-OW,26.115,78.011389
1990-07-01,209.9,SGWL047A-OW,26.115,78.011389
1990-08-01,227.1,SGWL047A-OW,26.115,78.011389
1990-09-01,185.2,SGWL047A-OW,26.115,78.011389
1990-10-01,2.3,SGWL047A-OW,26.115,78.011389
1990-11-01,0.9,SGWL047A-OW,26.115,78.011389
1990-12-01,5.1,SGWL047A-OW,26.115,78.011389
1991-01-01,4.9,SGWL047A-OW,26.115,78.011389
1991-02-01,4.800000000000001,SGWL047A-OW,26.115,78.011389
1991-03-01,9.6,SGWL047A-OW,26.115,78.011389
1991-04-01,7.3,SGWL047A-OW,26.115,78.011389
1991-05-01,4.9,SGWL047A-OW,26.115,78.011389
1991-06-01,23.3,SGWL047A-OW,26.115,78.011389
1991-07-01,281.90000000000003,SGWL047A-OW,26.115,78.011389
1991-08-01,426.3,SGWL047A-OW,26.115,78.011389
1991-09-01,89.8,SGWL047A-OW,26.115,78.011389
1991-10-01,0.0,SGWL047A-OW,26.115,78.011389
1991-11-01,8.3,SGWL047A-OW,26.115,78.011389
1991-12-01,21.8,SGWL047A-OW,26.115,78.011389
1992-01-01,13.1,SGWL047A-OW,26.115,78.011389
1992-02-01,0.7,SGWL047A-OW,26.115,78.011389
1992-03-01,0.7999999999999999,SGWL047A-OW,26.115,78.011389
1992-04-01,0.30000000000000004,SGWL047A-OW,26.115,78.011389
1992-05-01,12.100000000000001,SGWL047A-OW,26.115,78.011389
1992-06-01,5.1,SGWL047A-OW,26.115,78.011389
1992-07-01,155.0,SGWL047A-OW,26.115,78.011389
1992-08-01,251.6,SGWL047A-OW,26.115,78.011389
1992-09-01,87.7,SGWL047A-OW,26.115,78.011389
1992-10-01,81.8,SGWL047A-OW,26.115,78.011389
1992-11-01,2.0,SGWL047A-OW,26.115,78.011389
1992-12-01,0.0,SGWL047A-OW,26.115,78.011389
1993-01-01,1.9,SGWL047A-OW,26.115,78.011389
1993-02-01,34.599999999999994,SGWL047A-OW,26.115,78.011389
1993-03-01,8.600000000000001,SGWL047A-OW,26.115,78.011389
1993-04-01,4.199999999999999,SGWL047A-OW,26.115,78.011389
1993-05-01,9.6,SGWL047A-OW,26.115,78.011389
1993-06-01,87.10000000000001,SGWL047A-OW,26.115,78.011389
1993-07-01,123.8,SGWL047A-OW,26.115,78.011389
1993-08-01,105.4,SGWL047A-OW,26.115,78.011389
1993-09-01,217.2,SGWL047A-OW,26.115,78.011389
1993-10-01,5.1,SGWL047A-OW,26.115,78.011389
1993-11-01,0.0,SGWL047A-OW,26.115,78.011389
1993-12-01,0.0,SGWL047A-OW,26.115,78.011389
1994-01-01,36.7,SGWL047A-OW,26.115,78.011389
1994-02-01,4.6,SGWL047A-OW,26.115,78.011389
1994-03-01,1.5,SGWL047A-OW,26.115,78.011389
1994-04-01,9.2,SGWL047A-OW,26.115,78.011389
1994-05-01,0.7,SGWL047A-OW,26.115,78.011389
1994-06-01,101.3,SGWL047A-OW,26.115,78.011389
1994-07-01,575.3,SGWL047A-OW,26.115,78.011389
1994-08-01,272.6,SGWL047A-OW,26.115,78.011389
1994-09-01,34.5,SGWL047A-OW,26.115,78.011389
1994-10-01,0.0,SGWL047A-OW,26.115,78.011389
1994-11-01,0.0,SGWL047A-OW,26.115,78.011389
1994-12-01,0.0,SGWL047A-OW,26.115,78.011389
1995-01-01,38.9,SGWL047A-OW,26.115,78.011389
1995-02-01,2.5,SGWL047A-OW,26.115,78.011389
1995-03-01,9.2,SGWL047A-OW,26.115,78.011389
1995-04-01,4.1000000000000005,SGWL047A-OW,26.115,78.011389
1995-05-01,1.3,SGWL047A-OW,26.115,78.011389
1995-06-01,13.700000000000001,SGWL047A-OW,26.115,78.011389
1995-07-01,254.1,SGWL047A-OW,26.115,78.011389
1995-08-01,384.0,SGWL047A-OW,26.115,78.011389
1995-09-01,226.7,SGWL047A-OW,26.115,78.011389
1995-10-01,1.8,SGWL047A-OW,26.115,78.011389
1995-11-01,0.0,SGWL047A-OW,26.115,78.011389
1995-12-01,5.6,SGWL047A-OW,26.115,78.011389
1996-01-01,14.7,SGWL047A-OW,26.115,78.011389
1996-02-01,44.0,SGWL047A-OW,26.115,78.011389
1996-03-01,4.1,SGWL047A-OW,26.115,78.011389
1996-04-01,0.3,SGWL047A-OW,26.115,78.011389
1996-05-01,6.0,SGWL047A-OW,26.115,78.011389
1996-06-01,30.8,SGWL047A-OW,26.115,78.011389
1996-07-01,288.4,SGWL047A-OW,26.115,78.011389
1996-08-01,519.4,SGWL047A-OW,26.115,78.011389
1996-09-01,138.0,SGWL047A-OW,26.115,78.011389
1996-10-01,59.3,SGWL047A-OW,26.115,78.011389
1996-11-01,0.0,SGWL047A-OW,26.115,78.011389
1996-12-01,0.0,SGWL047A-OW,26.115,78.011389
1997-01-01,3.0,SGWL047A-OW,26.115,78.011389
1997-02-01,1.0,SGWL047A-OW,26.115,78.011389
1997-03-01,4.800000000000001,SGWL047A-OW,26.115,78.011389
1997-04-01,26.5,SGWL047A-OW,26.115,78.011389
1997-05-01,34.8,SGWL047A-OW,26.115,78.011389
1997-06-01,99.4,SGWL047A-OW,26.115,78.011389
1997-07-01,297.0,SGWL047A-OW,26.115,78.011389
1997-08-01,244.6,SGWL047A-OW,26.115,78.011389
1997-09-01,82.2,SGWL047A-OW,26.115,78.011389
1997-10-01,69.5,SGWL047A-OW,26.115,78.011389
1997-11-01,35.6,SGWL047A-OW,26.115,78.011389
1997-12-01,109.8,SGWL047A-OW,26.115,78.011389
1998-01-01,0.4,SGWL047A-OW,26.115,78.011389
1998-02-01,5.8,SGWL047A-OW,26.115,78.011389
1998-03-01,15.3,SGWL047A-OW,26.115,78.011389
1998-04-01,8.1,SGWL047A-OW,26.115,78.011389
1998-05-01,5.1000000000000005,SGWL047A-OW,26.115,78.011389
1998-06-01,79.4,SGWL047A-OW,26.115,78.011389
1998-07-01,574.0,SGWL047A-OW,26.115,78.011389
1998-08-01,148.5,SGWL047A-OW,26.115,78.011389
1998-09-01,153.7,SGWL047A-OW,26.115,78.011389
1998-10-01,25.0,SGWL047A-OW,26.115,78.011389
1998-11-01,2.8,SGWL047A-OW,26.115,78.011389
1998-12-01,0.0,SGWL047A-OW,26.115,78.011389
1999-01-01,6.4,SGWL047A-OW,26.115,78.011389
1999-02-01,13.0,SGWL047A-OW,26.115,78.011389
1999-03-01,0.0,SGWL047A-OW,26.115,78.011389
1999-04-01,0.0,SGWL047A-OW,26.115,78.011389
1999-05-01,10.100000000000001,SGWL047A-OW,26.115,78.011389
1999-06-01,38.2,SGWL047A-OW,26.115,78.011389
1999-07-01,172.9,SGWL047A-OW,26.115,78.011389
1999-08-01,167.0,SGWL047A-OW,26.115,78.011389
1999-09-01,132.5,SGWL047A-OW,26.115,78.011389
1999-10-01,65.39999999999999,SGWL047A-OW,26.115,78.011389
1999-11-01,0.0,SGWL047A-OW,26.115,78.011389
1999-12-01,2.4,SGWL047A-OW,26.115,78.011389
2000-01-01,0.7,SGWL047A-OW,26.115,78.011389
2000-02-01,0.7999999999999999,SGWL047A-OW,26.115,78.011389
2000-03-01,1.2,SGWL047A-OW,26.115,78.011389
2000-04-01,1.0,SGWL047A-OW,26.115,78.011389
2000-05-01,39.0,SGWL047A-OW,26.115,78.011389
2000-06-01,37.4,SGWL047A-OW,26.115,78.011389
2000-07-01,379.7,SGWL047A-OW,26.115,78.011389
2000-08-01,135.6,SGWL047A-OW,26.115,78.011389
2000-09-01,24.599999999999998,SGWL047A-OW,26.115,78.011389
2000-10-01,1.1,SGWL047A-OW,26.115,78.011389
2000-11-01,0.0,SGWL047A-OW,26.115,78.011389
2000-12-01,6.7,SGWL047A-OW,26.115,78.011389
2001-01-01,0.30000000000000004,SGWL047A-OW,26.115,78.011389
2001-02-01,0.9,SGWL047A-OW,26.115,78.011389
2001-03-01,2.1,SGWL047A-OW,26.115,78.011389
2001-04-01,21.8,SGWL047A-OW,26.115,78.011389
2001-05-01,25.6,SGWL047A-OW,26.115,78.011389
2001-06-01,167.5,SGWL047A-OW,26.115,78.011389
2001-07-01,263.7,SGWL047A-OW,26.115,78.011389
2001-08-01,132.2,SGWL047A-OW,26.115,78.011389
2001-09-01,12.7,SGWL047A-OW,26.115,78.011389
2001-10-01,19.1,SGWL047A-OW,26.115,78.011389
2001-11-01,0.0,SGWL047A-OW,26.115,78.011389
2001-12-01,0.0,SGWL047A-OW,26.115,78.011389
2002-01-01,14.3,SGWL047A-OW,26.115,78.011389
2002-02-01,45.89999999999999,SGWL047A-OW,26.115,78.011389
2002-03-01,0.30000000000000004,SGWL047A-OW,26.115,78.011389
2002-04-01,1.8,SGWL047A-OW,26.115,78.011389
2002-05-01,1.1,SGWL047A-OW,26.115,78.011389
2002-06-01,67.0,SGWL047A-OW,26.115,78.011389
2002-07-01,62.7,SGWL047A-OW,26.115,78.011389
2002-08-01,245.8,SGWL047A-OW,26.115,78.011389
2002-09-01,45.7,SGWL047A-OW,26.115,78.011389
2002-10-01,1.0,SGWL047A-OW,26.115,78.011389
2002-11-01,3.1,SGWL047A-OW,26.115,78.011389
2002-12-01,15.600000000000001,SGWL047A-OW,26.115,78.011389
2003-01-01,11.7,SGWL047A-OW,26.115,78.011389
2003-02-01,20.7,SGWL047A-OW,26.115,78.011389
2003-03-01,1.5,SGWL047A-OW,26.115,78.011389
2003-04-01,3.0,SGWL047A-OW,26.115,78.011389
2003-05-01,2.0,SGWL047A-OW,26.115,78.011389
2003-06-01,54.1,SGWL047A-OW,26.115,78.011389
2003-07-01,338.59999999999997,SGWL047A-OW,26.115,78.011389
2003-08-01,243.6,SGWL047A-OW,26.115,78.011389
2003-09-01,285.7,SGWL047A-OW,26.115,78.011389
2003-10-01,0.0,SGWL047A-OW,26.115,78.011389
2003-11-01,0.1,SGWL047A-OW,26.115,78.011389
2003-12-01,28.0,SGWL047A-OW,26.115,78.011389
2004-01-01,58.5,SGWL047A-OW,26.115,78.011389
2004-02-01,0.0,SGWL047A-OW,26.115,78.011389
2004-03-01,0.0,SGWL047A-OW,26.115,78.011389
2004-04-01,6.6000000000000005,SGWL047A-OW,26.115,78.011389
2004-05-01,0.0,SGWL047A-OW,26.115,78.011389
2004-06-01,51.0,SGWL047A-OW,26.115,78.011389
2004-07-01,125.9,SGWL047A-OW,26.115,78.011389
2004-08-01,251.3,SGWL047A-OW,26.115,78.011389
2004-09-01,49.1,SGWL047A-OW,26.115,78.011389
2004-10-01,32.3,SGWL047A-OW,26.115,78.011389
2004-11-01,0.6,SGWL047A-OW,26.115,78.011389
2004-12-01,0.1,SGWL047A-OW,26.115,78.011389
2005-01-01,8.299999999999999,SGWL047A-OW,26.115,78.011389
2005-02-01,0.5,SGWL047A-OW,26.115,78.011389
2005-03-01,32.4,SGWL047A-OW,26.115,78.011389
2005-04-01,2.3,SGWL047A-OW,26.115,78.011389
2005-05-01,1.6,SGWL047A-OW,26.115,78.011389
2005-06-01,103.6,SGWL047A-OW,26.115,78.011389
2005-07-01,747.9,SGWL047A-OW,26.115,78.011389
2005-08-01,60.6,SGWL047A-OW,26.115,78.011389
2005-09-01,139.3,SGWL047A-OW,26.115,78.011389
2005-10-01,0.1,SGWL047A-OW,26.115,78.011389
2005-11-01,0.0,SGWL047A-OW,26.115,78.011389
2005-12-01,0.5,SGWL047A-OW,26.115,78.011389
2006-01-01,0.0,SGWL047A-OW,26.115,78.011389
2006-02-01,0.3,SGWL047A-OW,26.115,78.011389
2006-03-01,64.39999999999999,SGWL047A-OW,26.115,78.011389
2006-04-01,0.2,SGWL047A-OW,26.115,78.011389
2006-05-01,15.3,SGWL047A-OW,26.115,78.011389
2006-06-01,82.6,SGWL047A-OW,26.115,78.011389
2006-07-01,287.2,SGWL047A-OW,26.115,78.011389
2006-08-01,150.7,SGWL047A-OW,26.115,78.011389
2006-09-01,53.8,SGWL047A-OW,26.115,78.011389
2006-10-01,8.4,SGWL047A-OW,26.115,78.011389
2006-11-01,0.5,SGWL047A-OW,26.115,78.011389
2006-12-01,0.5,SGWL047A-OW,26.115,78.011389
2007-01-01,1.7,SGWL047A-OW,26.115,78.011389
2007-02-01,50.5,SGWL047A-OW,26.115,78.011389
2007-03-01,11.2,SGWL047A-OW,26.115,78.011389
2007-04-01,4.4,SGWL047A-OW,26.115,78.011389
2007-05-01,7.2,SGWL047A-OW,26.115,78.011389
2007-06-01,81.8,SGWL047A-OW,26.115,78.011389
2007-07-01,131.29999999999998,SGWL047A-OW,26.115,78.011389
2007-08-01,215.8,SGWL047A-OW,26.115,78.011389
2007-09-01,70.7,SGWL047A-OW,26.115,78.011389
2007-10-01,0.0,SGWL047A-OW,26.115,78.011389
2007-11-01,0.0,SGWL047A-OW,26.115,78.011389
2007-12-01,10.4,SGWL047A-OW,26.115,78.011389
2008-01-01,2.9,SGWL047A-OW,26.115,78.011389
2008-02-01,0.3,SGWL047A-OW,26.115,78.011389
2008-03-01,4.3,SGWL047A-OW,26.115,78.011389
2008-04-01,8.4,SGWL047A-OW,26.115,78.011389
2008-05-01,12.7,SGWL047A-OW,26.115,78.011389
2008-06-01,359.8,SGWL047A-OW,26.115,78.011389
2008-07-01,221.7,SGWL047A-OW,26.115,78.011389
2008-08-01,255.0,SGWL047A-OW,26.115,78.011389
2008-09-01,156.4,SGWL047A-OW,26.115,78.011389
2008-10-01,2.3000000000000003,SGWL047A-OW,26.115,78.011389
2008-11-01,4.3,SGWL047A-OW,26.115,78.011389
2008-12-01,0.0,SGWL047A-OW,26.115,78.011389
2009-01-01,0.7999999999999999,SGWL047A-OW,26.115,78.011389
2009-02-01,0.9,SGWL047A-OW,26.115,78.011389
2009-03-01,4.6,SGWL047A-OW,26.115,78.011389
2009-04-01,3.6,SGWL047A-OW,26.115,78.011389
2009-05-01,6.2,SGWL047A-OW,26.115,78.011389
2009-06-01,51.8,SGWL047A-OW,26.115,78.011389
2009-07-01,196.7,SGWL047A-OW,26.115,78.011389
2009-08-01,251.5,SGWL047A-OW,26.115,78.011389
2009-09-01,111.3,SGWL047A-OW,26.115,78.011389
2009-10-01,79.8,SGWL047A-OW,26.115,78.011389
2009-11-01,66.4,SGWL047A-OW,26.115,78.011389
2009-12-01,13.799999999999999,SGWL047A-OW,26.115,78.011389
2010-01-01,5.2,SGWL047A-OW,26.115,78.011389
2010-02-01,11.5,SGWL047A-OW,26.115,78.011389
2010-03-01,0.0,SGWL047A-OW,26.115,78.011389
2010-04-01,0.0,SGWL047A-OW,26.115,78.011389
2010-05-01,2.8,SGWL047A-OW,26.115,78.011389
2010-06-01,6.5,SGWL047A-OW,26.115,78.011389
2010-07-01,240.9,SGWL047A-OW,26.115,78.011389
2010-08-01,278.3,SGWL047A-OW,26.115,78.011389
2010-09-01,172.0,SGWL047A-OW,26.115,78.011389
2010-10-01,11.799999999999999,SGWL047A-OW,26.115,78.011389
2010-11-01,86.0,SGWL047A-OW,26.115,78.011389
2010-12-01,5.199999999999999,SGWL047A-OW,26.115,78.011389
2011-01-01,0.2,SGWL047A-OW,26.115,78.011389
2011-02-01,13.2,SGWL047A-OW,26.115,78.011389
2011-03-01,0.8,SGWL047A-OW,26.115,78.011389
2011-04-01,1.3,SGWL047A-OW,26.115,78.011389
2011-05-01,5.7,SGWL047A-OW,26.115,78.011389
2011-06-01,221.6,SGWL047A-OW,26.115,78.011389
2011-07-01,344.1,SGWL047A-OW,26.115,78.011389
2011-08-01,285.8,SGWL047A-OW,26.115,78.011389
2011-09-01,142.6,SGWL047A-OW,26.115,78.011389
2011-10-01,0.0,SGWL047A-OW,26.115,78.011389
2011-11-01,0.0,SGWL047A-OW,26.115,78.011389
2011-12-01,3.5,SGWL047A-OW,26.115,78.011389
2012-01-01,32.3,SGWL047A-OW,26.115,78.011389
2012-02-01,10.600000000000001,SGWL047A-OW,26.115,78.011389
2012-03-01,0.7,SGWL047A-OW,26.115,78.011389
2012-04-01,8.4,SGWL047A-OW,26.115,78.011389
2012-05-01,5.8999999999999995,SGWL047A-OW,26.115,78.011389
2012-06-01,0.0,SGWL047A-OW,26.115,78.011389
2012-07-01,310.4,SGWL047A-OW,26.115,78.011389
2012-08-01,373.59999999999997,SGWL047A-OW,26.115,78.011389
2012-09-01,120.3,SGWL047A-OW,26.115,78.011389
2012-10-01,0.6000000000000001,SGWL047A-OW,26.115,78.011389
2012-11-01,0.0,SGWL047A-OW,26.115,78.011389
2012-12-01,0.0,SGWL047A-OW,26.115,78.011389
2013-01-01,3.7,SGWL047A-OW,26.115,78.011389
2013-02-01,66.7,SGWL047A-OW,26.115,78.011389
2013-03-01,2.2,SGWL047A-OW,26.115,78.011389
2013-04-01,17.5,SGWL047A-OW,26.115,78.011389
2013-05-01,1.4,SGWL047A-OW,26.115,78.011389
2013-06-01,211.3,SGWL047A-OW,26.115,78.011389
2013-07-01,414.1,SGWL047A-OW,26.115,78.011389
2013-08-01,438.0,SGWL047A-OW,26.115,78.011389
2013-09-01,94.0,SGWL047A-OW,26.115,78.011389
2013-10-01,59.4,SGWL047A-OW,26.115,78.011389
2013-11-01,5.2,SGWL047A-OW,26.115,78.011389
2013-12-01,36.400000000000006,SGWL047A-OW,26.115,78.011389
2014-01-01,98.8,SGWL047A-OW,26.115,78.011389
2014-02-01,65.3,SGWL047A-OW,26.115,78.011389
2014-03-01,18.599999999999998,SGWL047A-OW,26.115,78.011389
2014-04-01,4.4,SGWL047A-OW,26.115,78.011389
2014-05-01,3.9000000000000004,SGWL047A-OW,26.115,78.011389
2014-06-01,5.1000000000000005,SGWL047A-OW,26.115,78.011389
2014-07-01,179.1,SGWL047A-OW,26.115,78.011389
2014-08-01,126.9,SGWL047A-OW,26.115,78.011389
2014-09-01,126.2,SGWL047A-OW,26.115,78.011389
2014-10-01,5.1,SGWL047A-OW,26.115,78.011389
2014-11-01,0.0,SGWL047A-OW,26.115,78.011389
2014-12-01,17.2,SGWL047A-OW,26.115,78.011389
2015-01-01,58.6,SGWL047A-OW,26.115,78.011389
2015-02-01,15.0,SGWL047A-OW,26.115,78.011389
2015-03-01,88.60000000000001,SGWL047A-OW,26.115,78.011389
2015-04-01,42.9,SGWL047A-OW,26.115,78.011389
2015-05-01,3.0,SGWL047A-OW,26.115,78.011389
2015-06-01,72.6,SGWL047A-OW,26.115,78.011389
2015-07-01,227.79999999999998,SGWL047A-OW,26.115,78.011389
2015-08-01,140.5,SGWL047A-OW,26.115,78.011389
2015-09-01,40.0,SGWL047A-OW,26.115,78.011389
2015-10-01,20.6,SGWL047A-OW,26.115,78.011389
2015-11-01,7.1,SGWL047A-OW,26.115,78.011389
2015-12-01,18.9,SGWL047A-OW,26.115,78.011389
2016-01-01,5.2,SGWL047A-OW,26.115,78.011389
2016-02-01,1.1,SGWL047A-OW,26.115,78.011389
2016-03-01,2.9,SGWL047A-OW,26.115,78.011389
2016-04-01,1.0,SGWL047A-OW,26.115,78.011389
2016-05-01,13.2,SGWL047A-OW,26.115,78.011389
2016-06-01,62.5,SGWL047A-OW,26.115,78.011389
2016-07-01,374.4,SGWL047A-OW,26.115,78.011389
2016-08-01,233.1,SGWL047A-OW,26.115,78.011389
2016-09-01,47.9,SGWL047A-OW,26.115,78.011389
2016-10-01,21.8,SGWL047A-OW,26.115,78.011389
2016-11-01,0.0,SGWL047A-OW,26.115,78.011389
2016-12-01,0.0,SGWL047A-OW,26.115,78.011389
2017-01-01,15.700000000000001,SGWL047A-OW,26.115,78.011389
2017-02-01,1.8,SGWL047A-OW,26.115,78.011389
2017-03-01,8.6,SGWL047A-OW,26.115,78.011389
2017-04-01,1.7000000000000002,SGWL047A-OW,26.115,78.011389
2017-05-01,16.2,SGWL047A-OW,26.115,78.011389
2017-06-01,80.1,SGWL047A-OW,26.115,78.011389
2017-07-01,157.0,SGWL047A-OW,26.115,78.011389
2017-08-01,165.20000000000002,SGWL047A-OW,26.115,78.011389
2017-09-01,68.8,SGWL047A-OW,26.115,78.011389
2017-10-01,1.2000000000000002,SGWL047A-OW,26.115,78.011389
2017-11-01,0.4,SGWL047A-OW,26.115,78.011389
2017-12-01,4.4,SGWL047A-OW,26.115,78.011389
2018-01-01,0.5,SGWL047A-OW,26.115,78.011389
2018-02-01,5.1000000000000005,SGWL047A-OW,26.115,78.011389
2018-03-01,2.4,SGWL047A-OW,26.115,78.011389
2018-04-01,19.4,SGWL047A-OW,26.115,78.011389
2018-05-01,20.5,SGWL047A-OW,26.115,78.011389
2018-06-01,83.0,SGWL047A-OW,26.115,78.011389
2018-07-01,430.1,SGWL047A-OW,26.115,78.011389
2018-08-01,302.0,SGWL047A-OW,26.115,78.011389
2018-09-01,132.3,SGWL047A-OW,26.115,78.011389
2018-10-01,0.2,SGWL047A-OW,26.115,78.011389
2018-11-01,0.0,SGWL047A-OW,26.115,78.011389
2018-12-01,2.6,SGWL047A-OW,26.115,78.011389
2019-01-01,10.1,SGWL047A-OW,26.115,78.011389
2019-02-01,32.4,SGWL047A-OW,26.115,78.011389
2019-03-01,4.2,SGWL047A-OW,26.115,78.011389
2019-04-01,5.9,SGWL047A-OW,26.115,78.011389
2019-05-01,0.30000000000000004,SGWL047A-OW,26.115,78.011389
2019-06-01,80.3,SGWL047A-OW,26.115,78.011389
2019-07-01,324.0,SGWL047A-OW,26.115,78.011389
2019-08-01,314.4,SGWL047A-OW,26.115,78.011389
2019-09-01,289.7,SGWL047A-OW,26.115,78.011389
2019-10-01,26.0,SGWL047A-OW,26.115,78.011389
2019-11-01,25.0,SGWL047A-OW,26.115,78.011389
2019-12-01,7.699999999999999,SGWL047A-OW,26.115,78.011389
2020-01-01,20.2,SGWL047A-OW,26.115,78.011389
2020-02-01,9.1,SGWL047A-OW,26.115,78.011389
2020-03-01,30.1,SGWL047A-OW,26.115,78.011389
2020-04-01,7.1,SGWL047A-OW,26.115,78.011389
2020-05-01,20.7,SGWL047A-OW,26.115,78.011389
2020-06-01,32.9,SGWL047A-OW,26.115,78.011389
2020-07-01,166.1,SGWL047A-OW,26.115,78.011389
2020-08-01,300.8,SGWL047A-OW,26.115,78.011389
2020-09-01,60.5,SGWL047A-OW,26.115,78.011389
2020-10-01,0.7,SGWL047A-OW,26.115,78.011389
2020-11-01,27.900000000000002,SGWL047A-OW,26.115,78.011389
2020-12-01,2.5,SGWL047A-OW,26.115,78.011389
2021-01-01,15.2,SGWL047A-OW,26.115,78.011389
2021-02-01,0.6,SGWL047A-OW,26.115,78.011389
2021-03-01,3.4,SGWL047A-OW,26.115,78.011389
2021-04-01,0.0,SGWL047A-OW,26.115,78.011389
2021-05-01,70.5,SGWL047A-OW,26.115,78.011389
2021-06-01,12.7,SGWL047A-OW,26.115,78.011389
2021-07-01,334.7,SGWL047A-OW,26.115,78.011389
2021-08-01,340.2,SGWL047A-OW,26.115,78.011389
2021-09-01,222.0,SGWL047A-OW,26.115,78.011389
2021-10-01,43.7,SGWL047A-OW,26.115,78.011389
2021-11-01,14.4,SGWL047A-OW,26.115,78.011389
2021-12-01,27.900000000000002,SGWL047A-OW,26.115,78.011389
2022-01-01,44.0,SGWL047A-OW,26.115,78.011389
2022-02-01,0.0,SGWL047A-OW,26.115,78.011389
2022-03-01,0.0,SGWL047A-OW,26.115,78.011389
2022-04-01,0.0,SGWL047A-OW,26.115,78.011389
2022-05-01,5.2,SGWL047A-OW,26.115,78.011389
2022-06-01,73.1,SGWL047A-OW,26.115,78.011389
2022-07-01,317.3,SGWL047A-OW,26.115,78.011389
2022-08-01,258.0,SGWL047A-OW,26.115,78.011389
2022-09-01,167.5,SGWL047A-OW,26.115,78.011389
2022-10-01,100.89999999999999,SGWL047A-OW,26.115,78.011389
2022-11-01,1.2000000000000002,SGWL047A-OW,26.115,78.011389
2022-12-01,0.0,SGWL047A-OW,26.115,78.011389
2023-01-01,35.2,SGWL047A-OW,26.115,78.011389
2023-02-01,0.0,SGWL047A-OW,26.115,78.011389
2023-03-01,44.300000000000004,SGWL047A-OW,26.115,78.011389
2023-04-01,5.3,SGWL047A-OW,26.115,78.011389
2023-05-01,41.199999999999996,SGWL047A-OW,26.115,78.011389
2023-06-01,173.8,SGWL047A-OW,26.115,78.011389
2023-07-01,275.8,SGWL047A-OW,26.115,78.011389
2023-08-01,180.0,SGWL047A-OW,26.115,78.011389
2023-09-01,209.1,SGWL047A-OW,26.115,78.011389
2023-10-01,16.0,SGWL047A-OW,26.115,78.011389
2023-11-01,3.1,SGWL047A-OW,26.115,78.011389
2023-12-01,24.7,SGWL047A-OW,26.115,78.011389
2024-01-01,1.5,SGWL047A-OW,26.115,78.011389
2024-02-01,11.5,SGWL047A-OW,26.115,78.011389
2024-03-01,14.100000000000001,SGWL047A-OW,26.115,78.011389
2024-04-01,0.8,SGWL047A-OW,26.115,78.011389
2024-05-01,0.6,SGWL047A-OW,26.115,78.011389
2024-06-01,164.5,SGWL047A-OW,26.115,78.011389
2024-07-01,242.9,SGWL047A-OW,26.115,78.011389
2024-08-01,406.3,SGWL047A-OW,26.115,78.011389
2024-09-01,347.5,SGWL047A-OW,26.115,78.011389
2024-10-01,3.2,SGWL047A-OW,26.115,78.011389
2024-11-01,0.0,SGWL047A-OW,26.115,78.011389
2024-12-01,15.6,SGWL047A-OW,26.115,78.011389
1976-01-01,13.899999999999999,BPL094-OW,23.715833,77.278889
1976-02-01,0.9,BPL094-OW,23.715833,77.278889
1976-03-01,4.0,BPL094-OW,23.715833,77.278889
1976-04-01,1.0,BPL094-OW,23.715833,77.278889
1976-05-01,5.699999999999999,BPL094-OW,23.715833,77.278889
1976-06-01,155.5,BPL094-OW,23.715833,77.278889
1976-07-01,284.7,BPL094-OW,23.715833,77.278889
1976-08-01,497.0,BPL094-OW,23.715833,77.278889
1976-09-01,121.7,BPL094-OW,23.715833,77.278889
1976-10-01,0.1,BPL094-OW,23.715833,77.278889
1976-11-01,52.9,BPL094-OW,23.715833,77.278889
1976-12-01,1.2000000000000002,BPL094-OW,23.715833,77.278889
1977-01-01,0.2,BPL094-OW,23.715833,77.278889
1977-02-01,3.8,BPL094-OW,23.715833,77.278889
1977-03-01,3.8000000000000003,BPL094-OW,23.715833,77.278889
1977-04-01,5.9,BPL094-OW,23.715833,77.278889
1977-05-01,10.3,BPL094-OW,23.715833,77.278889
1977-06-01,224.1,BPL094-OW,23.715833,77.278889
1977-07-01,611.6999999999999,BPL094-OW,23.715833,77.278889
1977-08-01,244.5,BPL094-OW,23.715833,77.278889
1977-09-01,143.2,BPL094-OW,23.715833,77.278889
1977-10-01,1.7,BPL094-OW,23.715833,77.278889
1977-11-01,88.5,BPL094-OW,23.715833,77.278889
1977-12-01,0.7,BPL094-OW,23.715833,77.278889
1978-01-01,0.39999999999999997,BPL094-OW,23.715833,77.278889
1978-02-01,46.7,BPL094-OW,23.715833,77.278889
1978-03-01,6.800000000000001,BPL094-OW,23.715833,77.278889
1978-04-01,4.8,BPL094-OW,23.715833,77.278889
1978-05-01,0.0,BPL094-OW,23.715833,77.278889
1978-06-01,132.9,BPL094-OW,23.715833,77.278889
1978-07-01,229.8,BPL094-OW,23.715833,77.278889
1978-08-01,261.2,BPL094-OW,23.715833,77.278889
1978-09-01,47.6,BPL094-OW,23.715833,77.278889
1978-10-01,1.2,BPL094-OW,23.715833,77.278889
1978-11-01,68.7,BPL094-OW,23.715833,77.278889
1978-12-01,13.200000000000001,BPL094-OW,23.715833,77.278889
1979-01-01,27.5,BPL094-OW,23.715833,77.278889
1979-02-01,63.4,BPL094-OW,23.715833,77.278889
1979-03-01,3.0,BPL094-OW,23.715833,77.278889
1979-04-01,0.0,BPL094-OW,23.715833,77.278889
1979-05-01,6.6,BPL094-OW,23.715833,77.278889
1979-06-01,114.39999999999999,BPL094-OW,23.715833,77.278889
1979-07-01,176.1,BPL094-OW,23.715833,77.278889
1979-08-01,224.5,BPL094-OW,23.715833,77.278889
1979-09-01,6.0,BPL094-OW,23.715833,77.278889
1979-10-01,0.4,BPL094-OW,23.715833,77.278889
1979-11-01,78.2,BPL094-OW,23.715833,77.278889
1979-12-01,0.2,BPL094-OW,23.715833,77.278889
1980-01-01,0.4,BPL094-OW,23.715833,77.278889
1980-02-01,1.5,BPL094-OW,23.715833,77.278889
1980-03-01,0.2,BPL094-OW,23.715833,77.278889
1980-04-01,0.0,BPL094-OW,23.715833,77.278889
1980-05-01,3.7,BPL094-OW,23.715833,77.278889
1980-06-01,265.8,BPL094-OW,23.715833,77.278889
1980-07-01,190.2,BPL094-OW,23.715833,77.278889
1980-08-01,309.5,BPL094-OW,23.715833,77.278889
1980-09-01,24.900000000000002,BPL094-OW,23.715833,77.278889
1980-10-01,0.7,BPL094-OW,23.715833,77.278889
1980-11-01,0.0,BPL094-OW,23.715833,77.278889
1980-12-01,25.5,BPL094-OW,23.715833,77.278889
1981-01-01,2.2,BPL094-OW,23.715833,77.278889
1981-02-01,0.1,BPL094-OW,23.715833,77.278889
1981-03-01,22.0,BPL094-OW,23.715833,77.278889
1981-04-01,0.1,BPL094-OW,23.715833,77.278889
1981-05-01,6.2,BPL094-OW,23.715833,77.278889
1981-06-01,133.3,BPL094-OW,23.715833,77.278889
1981-07-01,233.20000000000002,BPL094-OW,23.715833,77.278889
1981-08-01,181.9,BPL094-OW,23.715833,77.278889
1981-09-01,81.10000000000001,BPL094-OW,23.715833,77.278889
1981-10-01,6.300000000000001,BPL094-OW,23.715833,77.278889
1981-11-01,7.8999999999999995,BPL094-OW,23.715833,77.278889
1981-12-01,16.900000000000002,BPL094-OW,23.715833,77.278889
1982-01-01,74.2,BPL094-OW,23.715833,77.278889
1982-02-01,8.0,BPL094-OW,23.715833,77.278889
1982-03-01,0.7,BPL094-OW,23.715833,77.278889
1982-04-01,0.2,BPL094-OW,23.715833,77.278889
1982-05-01,9.8,BPL094-OW,23.715833,77.278889
1982-06-01,20.9,BPL094-OW,23.715833,77.278889
1982-07-01,422.7,BPL094-OW,23.715833,77.278889
1982-08-01,630.5,BPL094-OW,23.715833,77.278889
1982-09-01,51.900000000000006,BPL094-OW,23.715833,77.278889
1982-10-01,20.0,BPL094-OW,23.715833,77.278889
1982-11-01,68.8,BPL094-OW,23.715833,77.278889
1982-12-01,0.8,BPL094-OW,23.715833,77.278889
1983-01-01,8.700000000000001,BPL094-OW,23.715833,77.278889
1983-02-01,0.0,BPL094-OW,23.715833,77.278889
1983-03-01,0.0,BPL094-OW,23.715833,77.278889
1983-04-01,9.8,BPL094-OW,23.715833,77.278889
1983-05-01,10.8,BPL094-OW,23.715833,77.278889
1983-06-01,142.0,BPL094-OW,23.715833,77.278889
1983-07-01,173.6,BPL094-OW,23.715833,77.278889
1983-08-01,333.8,BPL094-OW,23.715833,77.278889
1983-09-01,166.3,BPL094-OW,23.715833,77.278889
1983-10-01,37.0,BPL094-OW,23.715833,77.278889
1983-11-01,0.0,BPL094-OW,23.715833,77.278889
1983-12-01,1.3,BPL094-OW,23.715833,77.278889
1984-01-01,16.9,BPL094-OW,23.715833,77.278889
1984-02-01,17.5,BPL094-OW,23.715833,77.278889
1984-03-01,0.0,BPL094-OW,23.715833,77.278889
1984-04-01,0.0,BPL094-OW,23.715833,77.278889
1984-05-01,0.0,BPL094-OW,23.715833,77.278889
1984-06-01,90.3,BPL094-OW,23.715833,77.278889
1984-07-01,168.3,BPL094-OW,23.715833,77.278889
1984-08-01,462.0,BPL094-OW,23.715833,77.278889
1984-09-01,67.1,BPL094-OW,23.715833,77.278889
1984-10-01,0.0,BPL094-OW,23.715833,77.278889
1984-11-01,0.0,BPL094-OW,23.715833,77.278889
1984-12-01,0.4,BPL094-OW,23.715833,77.278889
1985-01-01,8.5,BPL094-OW,23.715833,77.278889
1985-02-01,0.0,BPL094-OW,23.715833,77.278889
1985-03-01,0.1,BPL094-OW,23.715833,77.278889
1985-04-01,0.3,BPL094-OW,23.715833,77.278889
1985-05-01,1.2,BPL094-OW,23.715833,77.278889
1985-06-01,8.9,BPL094-OW,23.715833,77.278889
1985-07-01,188.2,BPL094-OW,23.715833,77.278889
1985-08-01,309.0,BPL094-OW,23.715833,77.278889
1985-09-01,149.6,BPL094-OW,23.715833,77.278889
1985-10-01,96.5,BPL094-OW,23.715833,77.278889
1985-11-01,0.0,BPL094-OW,23.715833,77.278889
1985-12-01,0.1,BPL094-OW,23.715833,77.278889
1986-01-01,5.800000000000001,BPL094-OW,23.715833,77.278889
1986-02-01,76.8,BPL094-OW,23.715833,77.278889
1986-03-01,4.0,BPL094-OW,23.715833,77.278889
1986-04-01,0.0,BPL094-OW,23.715833,77.278889
1986-05-01,2.9,BPL094-OW,23.715833,77.278889
1986-06-01,135.4,BPL094-OW,23.715833,77.278889
1986-07-01,556.9,BPL094-OW,23.715833,77.278889
1986-08-01,238.2,BPL094-OW,23.715833,77.278889
1986-09-01,6.2,BPL094-OW,23.715833,77.278889
1986-10-01,0.2,BPL094-OW,23.715833,77.278889
1986-11-01,0.0,BPL094-OW,23.715833,77.278889
1986-12-01,0.6,BPL094-OW,23.715833,77.278889
1987-01-01,34.9,BPL094-OW,23.715833,77.278889
1987-02-01,12.6,BPL094-OW,23.715833,77.278889
1987-03-01,0.6,BPL094-OW,23.715833,77.278889
1987-04-01,0.0,BPL094-OW,23.715833,77.278889
1987-05-01,7.9,BPL094-OW,23.715833,77.278889
1987-06-01,26.5,BPL094-OW,23.715833,77.278889
1987-07-01,75.5,BPL094-OW,23.715833,77.278889
1987-08-01,373.5,BPL094-OW,23.715833,77.278889
1987-09-01,41.9,BPL094-OW,23.715833,77.278889
1987-10-01,85.39999999999999,BPL094-OW,23.715833,77.278889
1987-11-01,0.0,BPL094-OW,23.715833,77.278889
1987-12-01,15.8,BPL094-OW,23.715833,77.278889
1988-01-01,3.0,BPL094-OW,23.715833,77.278889
1988-02-01,1.3000000000000003,BPL094-OW,23.715833,77.278889
1988-03-01,0.2,BPL094-OW,23.715833,77.278889
1988-04-01,7.5,BPL094-OW,23.715833,77.278889
1988-05-01,4.5,BPL094-OW,23.715833,77.278889
1988-06-01,146.6,BPL094-OW,23.715833,77.278889
1988-07-01,438.8,BPL094-OW,23.715833,77.278889
1988-08-01,280.4,BPL094-OW,23.715833,77.278889
1988-09-01,63.5,BPL094-OW,23.715833,77.278889
1988-10-01,27.6,BPL094-OW,23.715833,77.278889
1988-11-01,1.6,BPL094-OW,23.715833,77.278889
1988-12-01,0.0,BPL094-OW,23.715833,77.278889
1989-01-01,0.0,BPL094-OW,23.715833,77.278889
1989-02-01,0.0,BPL094-OW,23.715833,77.278889
1989-03-01,16.2,BPL094-OW,23.715833,77.278889
1989-04-01,0.0,BPL094-OW,23.715833,77.278889
1989-05-01,2.7,BPL094-OW,23.715833,77.278889
1989-06-01,135.2,BPL094-OW,23.715833,77.278889
1989-07-01,164.9,BPL094-OW,23.715833,77.278889
1989-08-01,324.7,BPL094-OW,23.715833,77.278889
1989-09-01,56.3,BPL094-OW,23.715833,77.278889
1989-10-01,0.0,BPL094-OW,23.715833,77.278889
1989-11-01,1.2,BPL094-OW,23.715833,77.278889
1989-12-01,6.6,BPL094-OW,23.715833,77.278889
1990-01-01,0.0,BPL094-OW,23.715833,77.278889
1990-02-01,12.6,BPL094-OW,23.715833,77.278889
1990-03-01,0.5,BPL094-OW,23.715833,77.278889
1990-04-01,1.0,BPL094-OW,23.715833,77.278889
1990-05-01,46.1,BPL094-OW,23.715833,77.278889
1990-06-01,477.4,BPL094-OW,23.715833,77.278889
1990-07-01,407.7,BPL094-OW,23.715833,77.278889
1990-08-01,324.6,BPL094-OW,23.715833,77.278889
1990-09-01,279.4,BPL094-OW,23.715833,77.278889
1990-10-01,4.9,BPL094-OW,23.715833,77.278889
1990-11-01,12.1,BPL094-OW,23.715833,77.278889
1990-12-01,9.7,BPL094-OW,23.715833,77.278889
1991-01-01,0.0,BPL094-OW,23.715833,77.278889
1991-02-01,1.0,BPL094-OW,23.715833,77.278889
1991-03-01,19.099999999999998,BPL094-OW,23.715833,77.278889
1991-04-01,1.3,BPL094-OW,23.715833,77.278889
1991-05-01,1.7,BPL094-OW,23.715833,77.278889
1991-06-01,29.2,BPL094-OW,23.715833,77.278889
1991-07-01,390.6,BPL094-OW,23.715833,77.278889
1991-08-01,436.7,BPL094-OW,23.715833,77.278889
1991-09-01,19.0,BPL094-OW,23.715833,77.278889
1991-10-01,0.0,BPL094-OW,23.715833,77.278889
1991-11-01,3.9,BPL094-OW,23.715833,77.278889
1991-12-01,0.3,BPL094-OW,23.715833,77.278889
1992-01-01,0.4,BPL094-OW,23.715833,77.278889
1992-02-01,0.0,BPL094-OW,23.715833,77.278889
1992-03-01,0.1,BPL094-OW,23.715833,77.278889
1992-04-01,0.6000000000000001,BPL094-OW,23.715833,77.278889
1992-05-01,8.7,BPL094-OW,23.715833,77.278889
1992-06-01,20.0,BPL094-OW,23.715833,77.278889
1992-07-01,407.4,BPL094-OW,23.715833,77.278889
1992-08-01,261.5,BPL094-OW,23.715833,77.278889
1992-09-01,47.0,BPL094-OW,23.715833,77.278889
1992-10-01,30.0,BPL094-OW,23.715833,77.278889
1992-11-01,0.0,BPL094-OW,23.715833,77.278889
1992-12-01,0.0,BPL094-OW,23.715833,77.278889
1993-01-01,0.0,BPL094-OW,23.715833,77.278889
1993-02-01,5.5,BPL094-OW,23.715833,77.278889
1993-03-01,3.8000000000000003,BPL094-OW,23.715833,77.278889
1993-04-01,3.7,BPL094-OW,23.715833,77.278889
1993-05-01,4.2,BPL094-OW,23.715833,77.278889
1993-06-01,124.0,BPL094-OW,23.715833,77.278889
1993-07-01,438.0,BPL094-OW,23.715833,77.278889
1993-08-01,271.7,BPL094-OW,23.715833,77.278889
1993-09-01,289.1,BPL094-OW,23.715833,77.278889
1993-10-01,13.099999999999998,BPL094-OW,23.715833,77.278889
1993-11-01,0.7,BPL094-OW,23.715833,77.278889
1993-12-01,0.0,BPL094-OW,23.715833,77.278889
1994-01-01,18.0,BPL094-OW,23.715833,77.278889
1994-02-01,23.799999999999997,BPL094-OW,23.715833,77.278889
1994-03-01,0.0,BPL094-OW,23.715833,77.278889
1994-04-01,7.2,BPL094-OW,23.715833,77.278889
1994-05-01,3.0999999999999996,BPL094-OW,23.715833,77.278889
1994-06-01,184.4,BPL094-OW,23.715833,77.278889
1994-07-01,259.4,BPL094-OW,23.715833,77.278889
1994-08-01,285.9,BPL094-OW,23.715833,77.278889
1994-09-01,139.29999999999998,BPL094-OW,23.715833,77.278889
1994-10-01,3.0999999999999996,BPL094-OW,23.715833,77.278889
1994-11-01,0.0,BPL094-OW,23.715833,77.278889
1994-12-01,0.0,BPL094-OW,23.715833,77.278889
1995-01-01,37.4,BPL094-OW,23.715833,77.278889
1995-02-01,3.5,BPL094-OW,23.715833,77.278889
1995-03-01,24.2,BPL094-OW,23.715833,77.278889
1995-04-01,2.4,BPL094-OW,23.715833,77.278889
1995-05-01,0.2,BPL094-OW,23.715833,77.278889
1995-06-01,11.2,BPL094-OW,23.715833,77.278889
1995-07-01,372.9,BPL094-OW,23.715833,77.278889
1995-08-01,237.0,BPL094-OW,23.715833,77.278889
1995-09-01,65.7,BPL094-OW,23.715833,77.278889
1995-10-01,14.5,BPL094-OW,23.715833,77.278889
1995-11-01,0.0,BPL094-OW,23.715833,77.278889
1995-12-01,26.9,BPL094-OW,23.715833,77.278889
1996-01-01,21.6,BPL094-OW,23.715833,77.278889
1996-02-01,7.5,BPL094-OW,23.715833,77.278889
1996-03-01,8.5,BPL094-OW,23.715833,77.278889
1996-04-01,1.2,BPL094-OW,23.715833,77.278889
1996-05-01,3.0,BPL094-OW,23.715833,77.278889
1996-06-01,39.2,BPL094-OW,23.715833,77.278889
1996-07-01,380.6,BPL094-OW,23.715833,77.278889
1996-08-01,537.2,BPL094-OW,23.715833,77.278889
1996-09-01,102.7,BPL094-OW,23.715833,77.278889
1996-10-01,51.3,BPL094-OW,23.715833,77.278889
1996-11-01,0.30000000000000004,BPL094-OW,23.715833,77.278889
1996-12-01,0.0,BPL094-OW,23.715833,77.278889
1997-01-01,1.5,BPL094-OW,23.715833,77.278889
1997-02-01,0.0,BPL094-OW,23.715833,77.278889
1997-03-01,0.0,BPL094-OW,23.715833,77.278889
1997-04-01,2.3,BPL094-OW,23.715833,77.278889
1997-05-01,5.7,BPL094-OW,23.715833,77.278889
1997-06-01,47.900000000000006,BPL094-OW,23.715833,77.278889
1997-07-01,365.2,BPL094-OW,23.715833,77.278889
1997-08-01,406.9,BPL094-OW,23.715833,77.278889
1997-09-01,72.9,BPL094-OW,23.715833,77.278889
1997-10-01,37.300000000000004,BPL094-OW,23.715833,77.278889
1997-11-01,101.8,BPL094-OW,23.715833,77.278889
1997-12-01,119.39999999999999,BPL094-OW,23.715833,77.278889
1998-01-01,0.8,BPL094-OW,23.715833,77.278889
1998-02-01,0.2,BPL094-OW,23.715833,77.278889
1998-03-01,12.3,BPL094-OW,23.715833,77.278889
1998-04-01,2.6,BPL094-OW,23.715833,77.278889
1998-05-01,0.6,BPL094-OW,23.715833,77.278889
1998-06-01,128.9,BPL094-OW,23.715833,77.278889
1998-07-01,174.6,BPL094-OW,23.715833,77.278889
1998-08-01,140.1,BPL094-OW,23.715833,77.278889
1998-09-01,129.8,BPL094-OW,23.715833,77.278889
1998-10-01,16.8,BPL094-OW,23.715833,77.278889
1998-11-01,24.200000000000003,BPL094-OW,23.715833,77.278889
1998-12-01,0.0,BPL094-OW,23.715833,77.278889
1999-01-01,0.3,BPL094-OW,23.715833,77.278889
1999-02-01,46.4,BPL094-OW,23.715833,77.278889
1999-03-01,0.0,BPL094-OW,23.715833,77.278889
1999-04-01,0.0,BPL094-OW,23.715833,77.278889
1999-05-01,6.1,BPL094-OW,23.715833,77.278889
1999-06-01,178.5,BPL094-OW,23.715833,77.278889
1999-07-01,368.1,BPL094-OW,23.715833,77.278889
1999-08-01,339.9,BPL094-OW,23.715833,77.278889
1999-09-01,173.5,BPL094-OW,23.715833,77.278889
1999-10-01,33.7,BPL094-OW,23.715833,77.278889
1999-11-01,0.0,BPL094-OW,23.715833,77.278889
1999-12-01,0.0,BPL094-OW,23.715833,77.278889
2000-01-01,0.0,BPL094-OW,23.715833,77.278889
2000-02-01,0.0,BPL094-OW,23.715833,77.278889
2000-03-01,0.0,BPL094-OW,23.715833,77.278889
2000-04-01,1.3,BPL094-OW,23.715833,77.278889
2000-05-01,47.699999999999996,BPL094-OW,23.715833,77.278889
2000-06-01,47.0,BPL094-OW,23.715833,77.278889
2000-07-01,414.8,BPL094-OW,23.715833,77.278889
2000-08-01,140.9,BPL094-OW,23.715833,77.278889
2000-09-01,42.9,BPL094-OW,23.715833,77.278889
2000-10-01,0.0,BPL094-OW,23.715833,77.278889
2000-11-01,0.0,BPL094-OW,23.715833,77.278889
2000-12-01,7.5,BPL094-OW,23.715833,77.278889
2001-01-01,0.0,BPL094-OW,23.715833,77.278889
2001-02-01,0.0,BPL094-OW,23.715833,77.278889
2001-03-01,3.2,BPL094-OW,23.715833,77.278889
2001-04-01,6.3,BPL094-OW,23.715833,77.278889
2001-05-01,34.2,BPL094-OW,23.715833,77.278889
2001-06-01,218.9,BPL094-OW,23.715833,77.278889
2001-07-01,328.5,BPL094-OW,23.715833,77.278889
2001-08-01,189.8,BPL094-OW,23.715833,77.278889
2001-09-01,12.3,BPL094-OW,23.715833,77.278889
2001-10-01,30.6,BPL094-OW,23.715833,77.278889
2001-11-01,0.0,BPL094-OW,23.715833,77.278889
2001-12-01,0.0,BPL094-OW,23.715833,77.278889
2002-01-01,0.4,BPL094-OW,23.715833,77.278889
2002-02-01,46.8,BPL094-OW,23.715833,77.278889
2002-03-01,0.2,BPL094-OW,23.715833,77.278889
2002-04-01,0.5,BPL094-OW,23.715833,77.278889
2002-05-01,9.9,BPL094-OW,23.715833,77.278889
2002-06-01,134.0,BPL094-OW,23.715833,77.278889
2002-07-01,68.5,BPL094-OW,23.715833,77.278889
2002-08-01,397.3,BPL094-OW,23.715833,77.278889
2002-09-01,76.1,BPL094-OW,23.715833,77.278889
2002-10-01,18.6,BPL094-OW,23.715833,77.278889
2002-11-01,7.6,BPL094-OW,23.715833,77.278889
2002-12-01,1.3,BPL094-OW,23.715833,77.278889
2003-01-01,4.8,BPL094-OW,23.715833,77.278889
2003-02-01,31.5,BPL094-OW,23.715833,77.278889
2003-03-01,0.7,BPL094-OW,23.715833,77.278889
2003-04-01,0.9,BPL094-OW,23.715833,77.278889
2003-05-01,0.3,BPL094-OW,23.715833,77.278889
2003-06-01,123.5,BPL094-OW,23.715833,77.278889
2003-07-01,241.4,BPL094-OW,23.715833,77.278889
2003-08-01,191.9,BPL094-OW,23.715833,77.278889
2003-09-01,238.20000000000002,BPL094-OW,23.715833,77.278889
2003-10-01,1.2,BPL094-OW,23.715833,77.278889
2003-11-01,0.0,BPL094-OW,23.715833,77.278889
2003-12-01,2.0,BPL094-OW,23.715833,77.278889
2004-01-01,14.600000000000001,BPL094-OW,23.715833,77.278889
2004-02-01,0.0,BPL094-OW,23.715833,77.278889
2004-03-01,0.0,BPL094-OW,23.715833,77.278889
2004-04-01,0.0,BPL094-OW,23.715833,77.278889
2004-05-01,8.1,BPL094-OW,23.715833,77.278889
2004-06-01,99.89999999999999,BPL094-OW,23.715833,77.278889
2004-07-01,283.40000000000003,BPL094-OW,23.715833,77.278889
2004-08-01,403.2,BPL094-OW,23.715833,77.278889
2004-09-01,27.7,BPL094-OW,23.715833,77.278889
2004-10-01,30.6,BPL094-OW,23.715833,77.278889
2004-11-01,2.6,BPL094-OW,23.715833,77.278889
2004-12-01,0.0,BPL094-OW,23.715833,77.278889
2005-01-01,8.700000000000001,BPL094-OW,23.715833,77.278889
2005-02-01,0.1,BPL094-OW,23.715833,77.278889
2005-03-01,8.4,BPL094-OW,23.715833,77.278889
2005-04-01,0.30000000000000004,BPL094-OW,23.715833,77.278889
2005-05-01,1.6,BPL094-OW,23.715833,77.278889
2005-06-01,167.6,BPL094-OW,23.715833,77.278889
2005-07-01,344.7,BPL094-OW,23.715833,77.278889
2005-08-01,84.7,BPL094-OW,23.715833,77.278889
2005-09-01,209.1,BPL094-OW,23.715833,77.278889
2005-10-01,0.0,BPL094-OW,23.715833,77.278889
2005-11-01,0.0,BPL094-OW,23.715833,77.278889
2005-12-01,0.0,BPL094-OW,23.715833,77.278889
2006-01-01,0.0,BPL094-OW,23.715833,77.278889
2006-02-01,0.0,BPL094-OW,23.715833,77.278889
2006-03-01,47.3,BPL094-OW,23.715833,77.278889
2006-04-01,3.0,BPL094-OW,23.715833,77.278889
2006-05-01,17.8,BPL094-OW,23.715833,77.278889
2006-06-01,77.9,BPL094-OW,23.715833,77.278889
2006-07-01,345.0,BPL094-OW,23.715833,77.278889
2006-08-01,505.2,BPL094-OW,23.715833,77.278889
2006-09-01,130.4,BPL094-OW,23.715833,77.278889
2006-10-01,6.199999999999999,BPL094-OW,23.715833,77.278889
2006-11-01,2.0,BPL094-OW,23.715833,77.278889
2006-12-01,0.0,BPL094-OW,23.715833,77.278889
2007-01-01,0.0,BPL094-OW,23.715833,77.278889
2007-02-01,19.8,BPL094-OW,23.715833,77.278889
2007-03-01,0.2,BPL094-OW,23.715833,77.278889
2007-04-01,3.6,BPL094-OW,23.715833,77.278889
2007-05-01,2.8000000000000003,BPL094-OW,23.715833,77.278889
2007-06-01,99.6,BPL094-OW,23.715833,77.278889
2007-07-01,345.8,BPL094-OW,23.715833,77.278889
2007-08-01,204.6,BPL094-OW,23.715833,77.278889
2007-09-01,109.6,BPL094-OW,23.715833,77.278889
2007-10-01,0.0,BPL094-OW,23.715833,77.278889
2007-11-01,0.0,BPL094-OW,23.715833,77.278889
2007-12-01,0.4,BPL094-OW,23.715833,77.278889
2008-01-01,0.0,BPL094-OW,23.715833,77.278889
2008-02-01,0.4,BPL094-OW,23.715833,77.278889
2008-03-01,12.1,BPL094-OW,23.715833,77.278889
2008-04-01,1.6,BPL094-OW,23.715833,77.278889
2008-05-01,4.3,BPL094-OW,23.715833,77.278889
2008-06-01,270.6,BPL094-OW,23.715833,77.278889
2008-07-01,225.2,BPL094-OW,23.715833,77.278889
2008-08-01,166.3,BPL094-OW,23.715833,77.278889
2008-09-01,97.5,BPL094-OW,23.715833,77.278889
2008-10-01,4.0,BPL094-OW,23.715833,77.278889
2008-11-01,5.4,BPL094-OW,23.715833,77.278889
2008-12-01,0.3,BPL094-OW,23.715833,77.278889
2009-01-01,17.700000000000003,BPL094-OW,23.715833,77.278889
2009-02-01,0.0,BPL094-OW,23.715833,77.278889
2009-03-01,0.2,BPL094-OW,23.715833,77.278889
2009-04-01,2.1,BPL094-OW,23.715833,77.278889
2009-05-01,2.7,BPL094-OW,23.715833,77.278889
2009-06-01,61.3,BPL094-OW,23.715833,77.278889
2009-07-01,320.9,BPL094-OW,23.715833,77.278889
2009-08-01,264.3,BPL094-OW,23.715833,77.278889
2009-09-01,102.4,BPL094-OW,23.715833,77.278889
2009-10-01,112.0,BPL094-OW,23.715833,77.278889
2009-11-01,131.2,BPL094-OW,23.715833,77.278889
2009-12-01,11.9,BPL094-OW,23.715833,77.278889
2010-01-01,4.4,BPL094-OW,23.715833,77.278889
2010-02-01,3.1,BPL094-OW,23.715833,77.278889
2010-03-01,0.1,BPL094-OW,23.715833,77.278889
2010-04-01,0.0,BPL094-OW,23.715833,77.278889
2010-05-01,0.39999999999999997,BPL094-OW,23.715833,77.278889
2010-06-01,30.200000000000003,BPL094-OW,23.715833,77.278889
2010-07-01,270.1,BPL094-OW,23.715833,77.278889
2010-08-01,295.4,BPL094-OW,23.715833,77.278889
2010-09-01,166.6,BPL094-OW,23.715833,77.278889
2010-10-01,12.8,BPL094-OW,23.715833,77.278889
2010-11-01,50.4,BPL094-OW,23.715833,77.278889
2010-12-01,1.0,BPL094-OW,23.715833,77.278889
2011-01-01,0.0,BPL094-OW,23.715833,77.278889
2011-02-01,2.1,BPL094-OW,23.715833,77.278889
2011-03-01,0.0,BPL094-OW,23.715833,77.278889
2011-04-01,0.6000000000000001,BPL094-OW,23.715833,77.278889
2011-05-01,2.2,BPL094-OW,23.715833,77.278889
2011-06-01,290.0,BPL094-OW,23.715833,77.278889
2011-07-01,521.8,BPL094-OW,23.715833,77.278889
2011-08-01,389.7,BPL094-OW,23.715833,77.278889
2011-09-01,129.9,BPL094-OW,23.715833,77.278889
2011-10-01,0.1,BPL094-OW,23.715833,77.278889
2011-11-01,0.0,BPL094-OW,23.715833,77.278889
2011-12-01,0.4,BPL094-OW,23.715833,77.278889
2012-01-01,16.2,BPL094-OW,23.715833,77.278889
2012-02-01,0.0,BPL094-OW,23.715833,77.278889
2012-03-01,0.0,BPL094-OW,23.715833,77.278889
2012-04-01,2.7,BPL094-OW,23.715833,77.278889
2012-05-01,6.3,BPL094-OW,23.715833,77.278889
2012-06-01,12.4,BPL094-OW,23.715833,77.278889
2012-07-01,425.0,BPL094-OW,23.715833,77.278889
2012-08-01,378.3,BPL094-OW,23.715833,77.278889
2012-09-01,109.2,BPL094-OW,23.715833,77.278889
2012-10-01,0.0,BPL094-OW,23.715833,77.278889
2012-11-01,0.0,BPL094-OW,23.715833,77.278889
2012-12-01,0.0,BPL094-OW,23.715833,77.278889
2013-01-01,0.2,BPL094-OW,23.715833,77.278889
2013-02-01,73.1,BPL094-OW,23.715833,77.278889
2013-03-01,12.4,BPL094-OW,23.715833,77.278889
2013-04-01,1.5,BPL094-OW,23.715833,77.278889
2013-05-01,0.0,BPL094-OW,23.715833,77.278889
2013-06-01,284.4,BPL094-OW,23.715833,77.278889
2013-07-01,605.9,BPL094-OW,23.715833,77.278889
2013-08-01,533.4,BPL094-OW,23.715833,77.278889
2013-09-01,54.3,BPL094-OW,23.715833,77.278889
2013-10-01,36.3,BPL094-OW,23.715833,77.278889
2013-11-01,0.7,BPL094-OW,23.715833,77.278889
2013-12-01,3.5,BPL094-OW,23.715833,77.278889
2014-01-01,42.8,BPL094-OW,23.715833,77.278889
2014-02-01,92.5,BPL094-OW,23.715833,77.278889
2014-03-01,4.4,BPL094-OW,23.715833,77.278889
2014-04-01,4.4,BPL094-OW,23.715833,77.278889
2014-05-01,0.0,BPL094-OW,23.715833,77.278889
2014-06-01,8.5,BPL094-OW,23.715833,77.278889
2014-07-01,253.7,BPL094-OW,23.715833,77.278889
2014-08-01,398.9,BPL094-OW,23.715833,77.278889
2014-09-01,127.0,BPL094-OW,23.715833,77.278889
2014-10-01,4.7,BPL094-OW,23.715833,77.278889
2014-11-01,0.9,BPL094-OW,23.715833,77.278889
2014-12-01,38.3,BPL094-OW,23.715833,77.278889
2015-01-01,53.0,BPL094-OW,23.715833,77.278889
2015-02-01,8.5,BPL094-OW,23.715833,77.278889
2015-03-01,40.4,BPL094-OW,23.715833,77.278889
2015-04-01,16.8,BPL094-OW,23.715833,77.278889
2015-05-01,1.4,BPL094-OW,23.715833,77.278889
2015-06-01,191.5,BPL094-OW,23.715833,77.278889
2015-07-01,511.9,BPL094-OW,23.715833,77.278889
2015-08-01,339.5,BPL094-OW,23.715833,77.278889
2015-09-01,30.6,BPL094-OW,23.715833,77.278889
2015-10-01,12.299999999999999,BPL094-OW,23.715833,77.278889
2015-11-01,5.2,BPL094-OW,23.715833,77.278889
2015-12-01,0.0,BPL094-OW,23.715833,77.278889
2016-01-01,8.8,BPL094-OW,23.715833,77.278889
2016-02-01,0.0,BPL094-OW,23.715833,77.278889
2016-03-01,13.3,BPL094-OW,23.715833,77.278889
2016-04-01,0.0,BPL094-OW,23.715833,77.278889
2016-05-01,5.0,BPL094-OW,23.715833,77.278889
2016-06-01,131.9,BPL094-OW,23.715833,77.278889
2016-07-01,431.2,BPL094-OW,23.715833,77.278889
2016-08-01,425.7,BPL094-OW,23.715833,77.278889
2016-09-01,78.3,BPL094-OW,23.715833,77.278889
2016-10-01,22.5,BPL094-OW,23.715833,77.278889
2016-11-01,0.0,BPL094-OW,23.715833,77.278889
2016-12-01,0.0,BPL094-OW,23.715833,77.278889
2017-01-01,2.2,BPL094-OW,23.715833,77.278889
2017-02-01,3.1,BPL094-OW,23.715833,77.278889
2017-03-01,0.2,BPL094-OW,23.715833,77.278889
2017-04-01,0.3,BPL094-OW,23.715833,77.278889
2017-05-01,6.6,BPL094-OW,23.715833,77.278889
2017-06-01,93.8,BPL094-OW,23.715833,77.278889
2017-07-01,424.20000000000005,BPL094-OW,23.715833,77.278889
2017-08-01,213.8,BPL094-OW,23.715833,77.278889
2017-09-01,188.0,BPL094-OW,23.715833,77.278889
2017-10-01,8.3,BPL094-OW,23.715833,77.278889
2017-11-01,0.8999999999999999,BPL094-OW,23.715833,77.278889
2017-12-01,4.0,BPL094-OW,23.715833,77.278889
2018-01-01,0.0,BPL094-OW,23.715833,77.278889
2018-02-01,10.7,BPL094-OW,23.715833,77.278889
2018-03-01,2.3000000000000003,BPL094-OW,23.715833,77.278889
2018-04-01,7.6,BPL094-OW,23.715833,77.278889
2018-05-01,0.0,BPL094-OW,23.715833,77.278889
2018-06-01,114.6,BPL094-OW,23.715833,77.278889
2018-07-01,443.1,BPL094-OW,23.715833,77.278889
2018-08-01,398.8,BPL094-OW,23.715833,77.278889
2018-09-01,176.70000000000002,BPL094-OW,23.715833,77.278889
2018-10-01,0.0,BPL094-OW,23.715833,77.278889
2018-11-01,0.0,BPL094-OW,23.715833,77.278889
2018-12-01,0.0,BPL094-OW,23.715833,77.278889
2019-01-01,8.399999999999999,BPL094-OW,23.715833,77.278889
2019-02-01,2.9000000000000004,BPL094-OW,23.715833,77.278889
2019-03-01,0.2,BPL094-OW,23.715833,77.278889
2019-04-01,14.3,BPL094-OW,23.715833,77.278889
2019-05-01,0.3,BPL094-OW,23.715833,77.278889
2019-06-01,49.4,BPL094-OW,23.715833,77.278889
2019-07-01,592.7,BPL094-OW,23.715833,77.278889
2019-08-01,751.0,BPL094-OW,23.715833,77.278889
2019-09-01,454.9,BPL094-OW,23.715833,77.278889
2019-10-01,54.5,BPL094-OW,23.715833,77.278889
2019-11-01,30.999999999999996,BPL094-OW,23.715833,77.278889
2019-12-01,24.1,BPL094-OW,23.715833,77.278889
2020-01-01,16.8,BPL094-OW,23.715833,77.278889
2020-02-01,0.1,BPL094-OW,23.715833,77.278889
2020-03-01,20.4,BPL094-OW,23.715833,77.278889
2020-04-01,0.1,BPL094-OW,23.715833,77.278889
2020-05-01,0.0,BPL094-OW,23.715833,77.278889
2020-06-01,202.0,BPL094-OW,23.715833,77.278889
2020-07-01,200.2,BPL094-OW,23.715833,77.278889
2020-08-01,625.4,BPL094-OW,23.715833,77.278889
2020-09-01,145.7,BPL094-OW,23.715833,77.278889
2020-10-01,2.1,BPL094-OW,23.715833,77.278889
2020-11-01,1.8,BPL094-OW,23.715833,77.278889
2020-12-01,31.200000000000003,BPL094-OW,23.715833,77.278889
2021-01-01,10.4,BPL094-OW,23.715833,77.278889
2021-02-01,0.0,BPL094-OW,23.715833,77.278889
2021-03-01,1.7000000000000002,BPL094-OW,23.715833,77.278889
2021-04-01,0.2,BPL094-OW,23.715833,77.278889
2021-05-01,19.4,BPL094-OW,23.715833,77.278889
2021-06-01,74.0,BPL094-OW,23.715833,77.278889
2021-07-01,585.9,BPL094-OW,23.715833,77.278889
2021-08-01,578.9,BPL094-OW,23.715833,77.278889
2021-09-01,275.2,BPL094-OW,23.715833,77.278889
2021-10-01,55.8,BPL094-OW,23.715833,77.278889
2021-11-01,0.0,BPL094-OW,23.715833,77.278889
2021-12-01,8.3,BPL094-OW,23.715833,77.278889
2022-01-01,53.0,BPL094-OW,23.715833,77.278889
2022-02-01,0.0,BPL094-OW,23.715833,77.278889
2022-03-01,0.39999999999999997,BPL094-OW,23.715833,77.278889
2022-04-01,0.0,BPL094-OW,23.715833,77.278889
2022-05-01,0.0,BPL094-OW,23.715833,77.278889
2022-06-01,107.4,BPL094-OW,23.715833,77.278889
2022-07-01,484.1,BPL094-OW,23.715833,77.278889
2022-08-01,604.0,BPL094-OW,23.715833,77.278889
2022-09-01,206.2,BPL094-OW,23.715833,77.278889
2022-10-01,64.4,BPL094-OW,23.715833,77.278889
2022-11-01,0.0,BPL094-OW,23.715833,77.278889
2022-12-01,0.4,BPL094-OW,23.715833,77.278889
2023-01-01,10.9,BPL094-OW,23.715833,77.278889
2023-02-01,0.0,BPL094-OW,23.715833,77.278889
2023-03-01,22.6,BPL094-OW,23.715833,77.278889
2023-04-01,17.9,BPL094-OW,23.715833,77.278889
2023-05-01,9.700000000000001,BPL094-OW,23.715833,77.278889
2023-06-01,124.5,BPL094-OW,23.715833,77.278889
2023-07-01,394.6,BPL094-OW,23.715833,77.278889
2023-08-01,166.0,BPL094-OW,23.715833,77.278889
2023-09-01,184.0,BPL094-OW,23.715833,77.278889
2023-10-01,1.1,BPL094-OW,23.715833,77.278889
2023-11-01,13.3,BPL094-OW,23.715833,77.278889
2023-12-01,1.7000000000000002,BPL094-OW,23.715833,77.278889
2024-01-01,27.4,BPL094-OW,23.715833,77.278889
2024-02-01,1.4000000000000001,BPL094-OW,23.715833,77.278889
2024-03-01,3.5999999999999996,BPL094-OW,23.715833,77.278889
2024-04-01,12.299999999999999,BPL094-OW,23.715833,77.278889
2024-05-01,0.30000000000000004,BPL094-OW,23.715833,77.278889
2024-06-01,126.1,BPL094-OW,23.715833,77.278889
2024-07-01,450.2,BPL094-OW,23.715833,77.278889
2024-08-01,361.9,BPL094-OW,23.715833,77.278889
2024-09-01,227.2,BPL094-OW,23.715833,77.278889
2024-10-01,6.2,BPL094-OW,23.715833,77.278889
2024-11-01,0.0,BPL094-OW,23.715833,77.278889
2024-12-01,29.5,BPL094-OW,23.715833,77.278889
1976-01-01,18.1,SGWL120-OW,25.956944,78.168889
1976-02-01,1.4000000000000001,SGWL120-OW,25.956944,78.168889
1976-03-01,1.5,SGWL120-OW,25.956944,78.168889
1976-04-01,4.6,SGWL120-OW,25.956944,78.168889
1976-05-01,10.1,SGWL120-OW,25.956944,78.168889
1976-06-01,107.10000000000001,SGWL120-OW,25.956944,78.168889
1976-07-01,216.1,SGWL120-OW,25.956944,78.168889
1976-08-01,270.5,SGWL120-OW,25.956944,78.168889
1976-09-01,109.3,SGWL120-OW,25.956944,78.168889
1976-10-01,0.0,SGWL120-OW,25.956944,78.168889
1976-11-01,25.599999999999998,SGWL120-OW,25.956944,78.168889
1976-12-01,0.0,SGWL120-OW,25.956944,78.168889
1977-01-01,18.3,SGWL120-OW,25.956944,78.168889
1977-02-01,1.9000000000000001,SGWL120-OW,25.956944,78.168889
1977-03-01,1.3,SGWL120-OW,25.956944,78.168889
1977-04-01,9.3,SGWL120-OW,25.956944,78.168889
1977-05-01,8.200000000000001,SGWL120-OW,25.956944,78.168889
1977-06-01,142.3,SGWL120-OW,25.956944,78.168889
1977-07-01,354.8,SGWL120-OW,25.956944,78.168889
1977-08-01,278.7,SGWL120-OW,25.956944,78.168889
1977-09-01,117.89999999999999,SGWL120-OW,25.956944,78.168889
1977-10-01,4.7,SGWL120-OW,25.956944,78.168889
1977-11-01,2.3,SGWL120-OW,25.956944,78.168889
1977-12-01,3.0999999999999996,SGWL120-OW,25.956944,78.168889
1978-01-01,0.2,SGWL120-OW,25.956944,78.168889
1978-02-01,19.2,SGWL120-OW,25.956944,78.168889
1978-03-01,8.4,SGWL120-OW,25.956944,78.168889
1978-04-01,3.1999999999999997,SGWL120-OW,25.956944,78.168889
1978-05-01,0.0,SGWL120-OW,25.956944,78.168889
1978-06-01,127.30000000000001,SGWL120-OW,25.956944,78.168889
1978-07-01,263.5,SGWL120-OW,25.956944,78.168889
1978-08-01,371.6,SGWL120-OW,25.956944,78.168889
1978-09-01,133.4,SGWL120-OW,25.956944,78.168889
1978-10-01,0.2,SGWL120-OW,25.956944,78.168889
1978-11-01,5.6000000000000005,SGWL120-OW,25.956944,78.168889
1978-12-01,21.3,SGWL120-OW,25.956944,78.168889
1979-01-01,24.200000000000003,SGWL120-OW,25.956944,78.168889
1979-02-01,64.8,SGWL120-OW,25.956944,78.168889
1979-03-01,1.7999999999999998,SGWL120-OW,25.956944,78.168889
1979-04-01,1.9,SGWL120-OW,25.956944,78.168889
1979-05-01,10.5,SGWL120-OW,25.956944,78.168889
1979-06-01,86.0,SGWL120-OW,25.956944,78.168889
1979-07-01,288.0,SGWL120-OW,25.956944,78.168889
1979-08-01,69.4,SGWL120-OW,25.956944,78.168889
1979-09-01,4.1,SGWL120-OW,25.956944,78.168889
1979-10-01,0.2,SGWL120-OW,25.956944,78.168889
1979-11-01,116.6,SGWL120-OW,25.956944,78.168889
1979-12-01,0.30000000000000004,SGWL120-OW,25.956944,78.168889
1980-01-01,0.1,SGWL120-OW,25.956944,78.168889
1980-02-01,3.6999999999999997,SGWL120-OW,25.956944,78.168889
1980-03-01,1.8,SGWL120-OW,25.956944,78.168889
1980-04-01,0.5,SGWL120-OW,25.956944,78.168889
1980-05-01,0.0,SGWL120-OW,25.956944,78.168889
1980-06-01,130.6,SGWL120-OW,25.956944,78.168889
1980-07-01,350.9,SGWL120-OW,25.956944,78.168889
1980-08-01,238.9,SGWL120-OW,25.956944,78.168889
1980-09-01,56.6,SGWL120-OW,25.956944,78.168889
1980-10-01,1.0,SGWL120-OW,25.956944,78.168889
1980-11-01,0.6,SGWL120-OW,25.956944,78.168889
1980-12-01,34.4,SGWL120-OW,25.956944,78.168889
1981-01-01,4.6,SGWL120-OW,25.956944,78.168889
1981-02-01,0.1,SGWL120-OW,25.956944,78.168889
1981-03-01,10.2,SGWL120-OW,25.956944,78.168889
1981-04-01,0.0,SGWL120-OW,25.956944,78.168889
1981-05-01,13.0,SGWL120-OW,25.956944,78.168889
1981-06-01,113.50000000000001,SGWL120-OW,25.956944,78.168889
1981-07-01,157.0,SGWL120-OW,25.956944,78.168889
1981-08-01,100.5,SGWL120-OW,25.956944,78.168889
1981-09-01,84.60000000000001,SGWL120-OW,25.956944,78.168889
1981-10-01,12.0,SGWL120-OW,25.956944,78.168889
1981-11-01,32.300000000000004,SGWL120-OW,25.956944,78.168889
1981-12-01,10.0,SGWL120-OW,25.956944,78.168889
1982-01-01,10.3,SGWL120-OW,25.956944,78.168889
1982-02-01,1.9,SGWL120-OW,25.956944,78.168889
1982-03-01,7.6000000000000005,SGWL120-OW,25.956944,78.168889
1982-04-01,13.6,SGWL120-OW,25.956944,78.168889
1982-05-01,27.7,SGWL120-OW,25.956944,78.168889
1982-06-01,7.1,SGWL120-OW,25.956944,78.168889
1982-07-01,181.1,SGWL120-OW,25.956944,78.168889
1982-08-01,194.1,SGWL120-OW,25.956944,78.168889
1982-09-01,80.7,SGWL120-OW,25.956944,78.168889
1982-10-01,9.0,SGWL120-OW,25.956944,78.168889
1982-11-01,60.2,SGWL120-OW,25.956944,78.168889
1982-12-01,13.8,SGWL120-OW,25.956944,78.168889
1983-01-01,23.400000000000002,SGWL120-OW,25.956944,78.168889
1983-02-01,0.5,SGWL120-OW,25.956944,78.168889
1983-03-01,1.6,SGWL120-OW,25.956944,78.168889
1983-04-01,31.9,SGWL120-OW,25.956944,78.168889
1983-05-01,12.6,SGWL120-OW,25.956944,78.168889
1983-06-01,83.80000000000001,SGWL120-OW,25.956944,78.168889
1983-07-01,220.5,SGWL120-OW,25.956944,78.168889
1983-08-01,310.3,SGWL120-OW,25.956944,78.168889
1983-09-01,221.4,SGWL120-OW,25.956944,78.168889
1983-10-01,53.2,SGWL120-OW,25.956944,78.168889
1983-11-01,0.0,SGWL120-OW,25.956944,78.168889
1983-12-01,0.6,SGWL120-OW,25.956944,78.168889
1984-01-01,8.1,SGWL120-OW,25.956944,78.168889
1984-02-01,7.9,SGWL120-OW,25.956944,78.168889
1984-03-01,0.4,SGWL120-OW,25.956944,78.168889
1984-04-01,0.8999999999999999,SGWL120-OW,25.956944,78.168889
1984-05-01,0.0,SGWL120-OW,25.956944,78.168889
1984-06-01,33.1,SGWL120-OW,25.956944,78.168889
1984-07-01,149.6,SGWL120-OW,25.956944,78.168889
1984-08-01,226.2,SGWL120-OW,25.956944,78.168889
1984-09-01,83.5,SGWL120-OW,25.956944,78.168889
1984-10-01,0.0,SGWL120-OW,25.956944,78.168889
1984-11-01,0.0,SGWL120-OW,25.956944,78.168889
1984-12-01,1.1,SGWL120-OW,25.956944,78.168889
1985-01-01,8.3,SGWL120-OW,25.956944,78.168889
1985-02-01,0.0,SGWL120-OW,25.956944,78.168889
1985-03-01,0.2,SGWL120-OW,25.956944,78.168889
1985-04-01,2.7,SGWL120-OW,25.956944,78.168889
1985-05-01,3.4,SGWL120-OW,25.956944,78.168889
1985-06-01,6.7,SGWL120-OW,25.956944,78.168889
1985-07-01,267.7,SGWL120-OW,25.956944,78.168889
1985-08-01,154.1,SGWL120-OW,25.956944,78.168889
1985-09-01,148.1,SGWL120-OW,25.956944,78.168889
1985-10-01,215.6,SGWL120-OW,25.956944,78.168889
1985-11-01,0.0,SGWL120-OW,25.956944,78.168889
1985-12-01,2.0,SGWL120-OW,25.956944,78.168889
1986-01-01,30.6,SGWL120-OW,25.956944,78.168889
1986-02-01,33.400000000000006,SGWL120-OW,25.956944,78.168889
1986-03-01,4.2,SGWL120-OW,25.956944,78.168889
1986-04-01,1.1,SGWL120-OW,25.956944,78.168889
1986-05-01,10.9,SGWL120-OW,25.956944,78.168889
1986-06-01,144.6,SGWL120-OW,25.956944,78.168889
1986-07-01,336.09999999999997,SGWL120-OW,25.956944,78.168889
1986-08-01,167.3,SGWL120-OW,25.956944,78.168889
1986-09-01,19.4,SGWL120-OW,25.956944,78.168889
1986-10-01,1.2,SGWL120-OW,25.956944,78.168889
1986-11-01,0.0,SGWL120-OW,25.956944,78.168889
1986-12-01,3.2,SGWL120-OW,25.956944,78.168889
1987-01-01,25.400000000000002,SGWL120-OW,25.956944,78.168889
1987-02-01,8.2,SGWL120-OW,25.956944,78.168889
1987-03-01,1.7,SGWL120-OW,25.956944,78.168889
1987-04-01,0.3,SGWL120-OW,25.956944,78.168889
1987-05-01,5.8,SGWL120-OW,25.956944,78.168889
1987-06-01,11.5,SGWL120-OW,25.956944,78.168889
1987-07-01,46.1,SGWL120-OW,25.956944,78.168889
1987-08-01,172.20000000000002,SGWL120-OW,25.956944,78.168889
1987-09-01,163.0,SGWL120-OW,25.956944,78.168889
1987-10-01,20.0,SGWL120-OW,25.956944,78.168889
1987-11-01,0.0,SGWL120-OW,25.956944,78.168889
1987-12-01,9.2,SGWL120-OW,25.956944,78.168889
1988-01-01,7.9,SGWL120-OW,25.956944,78.168889
1988-02-01,4.8,SGWL120-OW,25.956944,78.168889
1988-03-01,2.0,SGWL120-OW,25.956944,78.168889
1988-04-01,2.1,SGWL120-OW,25.956944,78.168889
1988-05-01,4.6,SGWL120-OW,25.956944,78.168889
1988-06-01,92.6,SGWL120-OW,25.956944,78.168889
1988-07-01,330.3,SGWL120-OW,25.956944,78.168889
1988-08-01,305.7,SGWL120-OW,25.956944,78.168889
1988-09-01,87.3,SGWL120-OW,25.956944,78.168889
1988-10-01,34.5,SGWL120-OW,25.956944,78.168889
1988-11-01,0.0,SGWL120-OW,25.956944,78.168889
1988-12-01,0.5,SGWL120-OW,25.956944,78.168889
1989-01-01,4.0,SGWL120-OW,25.956944,78.168889
1989-02-01,0.0,SGWL120-OW,25.956944,78.168889
1989-03-01,13.8,SGWL120-OW,25.956944,78.168889
1989-04-01,0.0,SGWL120-OW,25.956944,78.168889
1989-05-01,0.0,SGWL120-OW,25.956944,78.168889
1989-06-01,45.1,SGWL120-OW,25.956944,78.168889
1989-07-01,186.8,SGWL120-OW,25.956944,78.168889
1989-08-01,192.3,SGWL120-OW,25.956944,78.168889
1989-09-01,156.3,SGWL120-OW,25.956944,78.168889
1989-10-01,0.0,SGWL120-OW,25.956944,78.168889
1989-11-01,0.0,SGWL120-OW,25.956944,78.168889
1989-12-01,11.3,SGWL120-OW,25.956944,78.168889
1990-01-01,0.0,SGWL120-OW,25.956944,78.168889
1990-02-01,33.4,SGWL120-OW,25.956944,78.168889
1990-03-01,2.2,SGWL120-OW,25.956944,78.168889
1990-04-01,0.1,SGWL120-OW,25.956944,78.168889
1990-05-01,11.7,SGWL120-OW,25.956944,78.168889
1990-06-01,119.4,SGWL120-OW,25.956944,78.168889
1990-07-01,216.3,SGWL120-OW,25.956944,78.168889
1990-08-01,223.2,SGWL120-OW,25.956944,78.168889
1990-09-01,197.79999999999998,SGWL120-OW,25.956944,78.168889
1990-10-01,1.2,SGWL120-OW,25.956944,78.168889
1990-11-01,1.0,SGWL120-OW,25.956944,78.168889
1990-12-01,4.6,SGWL120-OW,25.956944,78.168889
1991-01-01,4.4,SGWL120-OW,25.956944,78.168889
1991-02-01,7.3,SGWL120-OW,25.956944,78.168889
1991-03-01,9.700000000000001,SGWL120-OW,25.956944,78.168889
1991-04-01,5.0,SGWL120-OW,25.956944,78.168889
1991-05-01,5.3,SGWL120-OW,25.956944,78.168889
1991-06-01,15.6,SGWL120-OW,25.956944,78.168889
1991-07-01,258.0,SGWL120-OW,25.956944,78.168889
1991-08-01,513.1999999999999,SGWL120-OW,25.956944,78.168889
1991-09-01,89.60000000000001,SGWL120-OW,25.956944,78.168889
1991-10-01,0.0,SGWL120-OW,25.956944,78.168889
1991-11-01,6.4,SGWL120-OW,25.956944,78.168889
1991-12-01,17.799999999999997,SGWL120-OW,25.956944,78.168889
1992-01-01,13.600000000000001,SGWL120-OW,25.956944,78.168889
1992-02-01,1.4,SGWL120-OW,25.956944,78.168889
1992-03-01,0.6000000000000001,SGWL120-OW,25.956944,78.168889
1992-04-01,0.9,SGWL120-OW,25.956944,78.168889
1992-05-01,9.9,SGWL120-OW,25.956944,78.168889
1992-06-01,6.7,SGWL120-OW,25.956944,78.168889
1992-07-01,141.6,SGWL120-OW,25.956944,78.168889
1992-08-01,263.8,SGWL120-OW,25.956944,78.168889
1992-09-01,103.6,SGWL120-OW,25.956944,78.168889
1992-10-01,86.60000000000001,SGWL120-OW,25.956944,78.168889
1992-11-01,1.3,SGWL120-OW,25.956944,78.168889
1992-12-01,0.0,SGWL120-OW,25.956944,78.168889
1993-01-01,0.7,SGWL120-OW,25.956944,78.168889
1993-02-01,32.5,SGWL120-OW,25.956944,78.168889
1993-03-01,16.7,SGWL120-OW,25.956944,78.168889
1993-04-01,8.2,SGWL120-OW,25.956944,78.168889
1993-05-01,8.7,SGWL120-OW,25.956944,78.168889
1993-06-01,93.3,SGWL120-OW,25.956944,78.168889
1993-07-01,131.9,SGWL120-OW,25.956944,78.168889
1993-08-01,101.1,SGWL120-OW,25.956944,78.168889
1993-09-01,210.7,SGWL120-OW,25.956944,78.168889
1993-10-01,2.9,SGWL120-OW,25.956944,78.168889
1993-11-01,0.0,SGWL120-OW,25.956944,78.168889
1993-12-01,0.0,SGWL120-OW,25.956944,78.168889
1994-01-01,33.4,SGWL120-OW,25.956944,78.168889
1994-02-01,8.1,SGWL120-OW,25.956944,78.168889
1994-03-01,0.7,SGWL120-OW,25.956944,78.168889
1994-04-01,4.800000000000001,SGWL120-OW,25.956944,78.168889
1994-05-01,0.4,SGWL120-OW,25.956944,78.168889
1994-06-01,83.8,SGWL120-OW,25.956944,78.168889
1994-07-01,550.5,SGWL120-OW,25.956944,78.168889
1994-08-01,250.1,SGWL120-OW,25.956944,78.168889
1994-09-01,34.2,SGWL120-OW,25.956944,78.168889
1994-10-01,0.0,SGWL120-OW,25.956944,78.168889
1994-11-01,0.0,SGWL120-OW,25.956944,78.168889
1994-12-01,0.0,SGWL120-OW,25.956944,78.168889
1995-01-01,39.400000000000006,SGWL120-OW,25.956944,78.168889
1995-02-01,2.9,SGWL120-OW,25.956944,78.168889
1995-03-01,9.8,SGWL120-OW,25.956944,78.168889
1995-04-01,6.1,SGWL120-OW,25.956944,78.168889
1995-05-01,0.2,SGWL120-OW,25.956944,78.168889
1995-06-01,12.1,SGWL120-OW,25.956944,78.168889
1995-07-01,223.79999999999998,SGWL120-OW,25.956944,78.168889
1995-08-01,390.1,SGWL120-OW,25.956944,78.168889
1995-09-01,248.3,SGWL120-OW,25.956944,78.168889
1995-10-01,0.8,SGWL120-OW,25.956944,78.168889
1995-11-01,0.0,SGWL120-OW,25.956944,78.168889
1995-12-01,6.7,SGWL120-OW,25.956944,78.168889
1996-01-01,12.7,SGWL120-OW,25.956944,78.168889
1996-02-01,36.3,SGWL120-OW,25.956944,78.168889
1996-03-01,3.0,SGWL120-OW,25.956944,78.168889
1996-04-01,0.1,SGWL120-OW,25.956944,78.168889
1996-05-01,5.1,SGWL120-OW,25.956944,78.168889
1996-06-01,26.3,SGWL120-OW,25.956944,78.168889
1996-07-01,288.3,SGWL120-OW,25.956944,78.168889
1996-08-01,540.8,SGWL120-OW,25.956944,78.168889
1996-09-01,103.5,SGWL120-OW,25.956944,78.168889
1996-10-01,79.2,SGWL120-OW,25.956944,78.168889
1996-11-01,0.0,SGWL120-OW,25.956944,78.168889
1996-12-01,0.0,SGWL120-OW,25.956944,78.168889
1997-01-01,2.0,SGWL120-OW,25.956944,78.168889
1997-02-01,0.1,SGWL120-OW,25.956944,78.168889
1997-03-01,6.3,SGWL120-OW,25.956944,78.168889
1997-04-01,14.6,SGWL120-OW,25.956944,78.168889
1997-05-01,24.2,SGWL120-OW,25.956944,78.168889
1997-06-01,100.5,SGWL120-OW,25.956944,78.168889
1997-07-01,306.6,SGWL120-OW,25.956944,78.168889
1997-08-01,229.9,SGWL120-OW,25.956944,78.168889
1997-09-01,91.7,SGWL120-OW,25.956944,78.168889
1997-10-01,51.2,SGWL120-OW,25.956944,78.168889
1997-11-01,30.200000000000003,SGWL120-OW,25.956944,78.168889
1997-12-01,97.5,SGWL120-OW,25.956944,78.168889
1998-01-01,0.6,SGWL120-OW,25.956944,78.168889
1998-02-01,3.8,SGWL120-OW,25.956944,78.168889
1998-03-01,17.2,SGWL120-OW,25.956944,78.168889
1998-04-01,11.4,SGWL120-OW,25.956944,78.168889
1998-05-01,1.7000000000000002,SGWL120-OW,25.956944,78.168889
1998-06-01,69.9,SGWL120-OW,25.956944,78.168889
1998-07-01,517.2,SGWL120-OW,25.956944,78.168889
1998-08-01,154.6,SGWL120-OW,25.956944,78.168889
1998-09-01,137.7,SGWL120-OW,25.956944,78.168889
1998-10-01,19.0,SGWL120-OW,25.956944,78.168889
1998-11-01,2.6,SGWL120-OW,25.956944,78.168889
1998-12-01,0.0,SGWL120-OW,25.956944,78.168889
1999-01-01,8.2,SGWL120-OW,25.956944,78.168889
1999-02-01,12.700000000000001,SGWL120-OW,25.956944,78.168889
1999-03-01,0.0,SGWL120-OW,25.956944,78.168889
1999-04-01,0.0,SGWL120-OW,25.956944,78.168889
1999-05-01,3.8,SGWL120-OW,25.956944,78.168889
1999-06-01,48.3,SGWL120-OW,25.956944,78.168889
1999-07-01,199.2,SGWL120-OW,25.956944,78.168889
1999-08-01,161.8,SGWL120-OW,25.956944,78.168889
1999-09-01,172.5,SGWL120-OW,25.956944,78.168889
1999-10-01,45.2,SGWL120-OW,25.956944,78.168889
1999-11-01,0.0,SGWL120-OW,25.956944,78.168889
1999-12-01,1.8,SGWL120-OW,25.956944,78.168889
2000-01-01,0.0,SGWL120-OW,25.956944,78.168889
2000-02-01,0.1,SGWL120-OW,25.956944,78.168889
2000-03-01,1.7000000000000002,SGWL120-OW,25.956944,78.168889
2000-04-01,3.5,SGWL120-OW,25.956944,78.168889
2000-05-01,42.4,SGWL120-OW,25.956944,78.168889
2000-06-01,37.5,SGWL120-OW,25.956944,78.168889
2000-07-01,364.3,SGWL120-OW,25.956944,78.168889
2000-08-01,126.4,SGWL120-OW,25.956944,78.168889
2000-09-01,27.0,SGWL120-OW,25.956944,78.168889
2000-10-01,0.2,SGWL120-OW,25.956944,78.168889
2000-11-01,0.0,SGWL120-OW,25.956944,78.168889
2000-12-01,3.9,SGWL120-OW,25.956944,78.168889
2001-01-01,0.0,SGWL120-OW,25.956944,78.168889
2001-02-01,0.7,SGWL120-OW,25.956944,78.168889
2001-03-01,2.4,SGWL120-OW,25.956944,78.168889
2001-04-01,12.6,SGWL120-OW,25.956944,78.168889
2001-05-01,26.0,SGWL120-OW,25.956944,78.168889
2001-06-01,153.6,SGWL120-OW,25.956944,78.168889
2001-07-01,318.0,SGWL120-OW,25.956944,78.168889
2001-08-01,126.60000000000001,SGWL120-OW,25.956944,78.168889
2001-09-01,15.8,SGWL120-OW,25.956944,78.168889
2001-10-01,27.2,SGWL120-OW,25.956944,78.168889
2001-11-01,1.8,SGWL120-OW,25.956944,78.168889
2001-12-01,0.0,SGWL120-OW,25.956944,78.168889
2002-01-01,9.0,SGWL120-OW,25.956944,78.168889
2002-02-01,45.0,SGWL120-OW,25.956944,78.168889
2002-03-01,0.8,SGWL120-OW,25.956944,78.168889
2002-04-01,1.9000000000000001,SGWL120-OW,25.956944,78.168889
2002-05-01,2.6,SGWL120-OW,25.956944,78.168889
2002-06-01,52.4,SGWL120-OW,25.956944,78.168889
2002-07-01,67.1,SGWL120-OW,25.956944,78.168889
2002-08-01,274.9,SGWL120-OW,25.956944,78.168889
2002-09-01,63.199999999999996,SGWL120-OW,25.956944,78.168889
2002-10-01,0.8,SGWL120-OW,25.956944,78.168889
2002-11-01,2.6,SGWL120-OW,25.956944,78.168889
2002-12-01,15.2,SGWL120-OW,25.956944,78.168889
2003-01-01,14.5,SGWL120-OW,25.956944,78.168889
2003-02-01,14.0,SGWL120-OW,25.956944,78.168889
2003-03-01,1.3,SGWL120-OW,25.956944,78.168889
2003-04-01,2.5999999999999996,SGWL120-OW,25.956944,78.168889
2003-05-01,1.1,SGWL120-OW,25.956944,78.168889
2003-06-01,53.7,SGWL120-OW,25.956944,78.168889
2003-07-01,347.7,SGWL120-OW,25.956944,78.168889
2003-08-01,278.7,SGWL120-OW,25.956944,78.168889
2003-09-01,308.4,SGWL120-OW,25.956944,78.168889
2003-10-01,0.2,SGWL120-OW,25.956944,78.168889
2003-11-01,0.5,SGWL120-OW,25.956944,78.168889
2003-12-01,25.9,SGWL120-OW,25.956944,78.168889
2004-01-01,49.5,SGWL120-OW,25.956944,78.168889
2004-02-01,0.0,SGWL120-OW,25.956944,78.168889
2004-03-01,0.0,SGWL120-OW,25.956944,78.168889
2004-04-01,2.5,SGWL120-OW,25.956944,78.168889
2004-05-01,0.0,SGWL120-OW,25.956944,78.168889
2004-06-01,55.9,SGWL120-OW,25.956944,78.168889
2004-07-01,122.9,SGWL120-OW,25.956944,78.168889
2004-08-01,222.2,SGWL120-OW,25.956944,78.168889
2004-09-01,65.1,SGWL120-OW,25.956944,78.168889
2004-10-01,35.5,SGWL120-OW,25.956944,78.168889
2004-11-01,0.7,SGWL120-OW,25.956944,78.168889
2004-12-01,0.1,SGWL120-OW,25.956944,78.168889
2005-01-01,6.9,SGWL120-OW,25.956944,78.168889
2005-02-01,0.0,SGWL120-OW,25.956944,78.168889
2005-03-01,29.0,SGWL120-OW,25.956944,78.168889
2005-04-01,2.2,SGWL120-OW,25.956944,78.168889
2005-05-01,2.7,SGWL120-OW,25.956944,78.168889
2005-06-01,110.7,SGWL120-OW,25.956944,78.168889
2005-07-01,712.6999999999999,SGWL120-OW,25.956944,78.168889
2005-08-01,65.9,SGWL120-OW,25.956944,78.168889
2005-09-01,154.6,SGWL120-OW,25.956944,78.168889
2005-10-01,0.30000000000000004,SGWL120-OW,25.956944,78.168889
2005-11-01,0.0,SGWL120-OW,25.956944,78.168889
2005-12-01,2.8,SGWL120-OW,25.956944,78.168889
2006-01-01,0.0,SGWL120-OW,25.956944,78.168889
2006-02-01,0.2,SGWL120-OW,25.956944,78.168889
2006-03-01,52.5,SGWL120-OW,25.956944,78.168889
2006-04-01,3.0000000000000004,SGWL120-OW,25.956944,78.168889
2006-05-01,9.600000000000001,SGWL120-OW,25.956944,78.168889
2006-06-01,71.1,SGWL120-OW,25.956944,78.168889
2006-07-01,265.6,SGWL120-OW,25.956944,78.168889
2006-08-01,156.6,SGWL120-OW,25.956944,78.168889
2006-09-01,62.900000000000006,SGWL120-OW,25.956944,78.168889
2006-10-01,7.0,SGWL120-OW,25.956944,78.168889
2006-11-01,0.0,SGWL120-OW,25.956944,78.168889
2006-12-01,0.7000000000000001,SGWL120-OW,25.956944,78.168889
2007-01-01,1.8,SGWL120-OW,25.956944,78.168889
2007-02-01,49.5,SGWL120-OW,25.956944,78.168889
2007-03-01,6.4,SGWL120-OW,25.956944,78.168889
2007-04-01,4.1,SGWL120-OW,25.956944,78.168889
2007-05-01,10.7,SGWL120-OW,25.956944,78.168889
2007-06-01,68.9,SGWL120-OW,25.956944,78.168889
2007-07-01,113.2,SGWL120-OW,25.956944,78.168889
2007-08-01,237.9,SGWL120-OW,25.956944,78.168889
2007-09-01,81.0,SGWL120-OW,25.956944,78.168889
2007-10-01,0.0,SGWL120-OW,25.956944,78.168889
2007-11-01,0.0,SGWL120-OW,25.956944,78.168889
2007-12-01,9.6,SGWL120-OW,25.956944,78.168889
2008-01-01,2.3000000000000003,SGWL120-OW,25.956944,78.168889
2008-02-01,0.8999999999999999,SGWL120-OW,25.956944,78.168889
2008-03-01,3.9000000000000004,SGWL120-OW,25.956944,78.168889
2008-04-01,4.3,SGWL120-OW,25.956944,78.168889
2008-05-01,11.1,SGWL120-OW,25.956944,78.168889
2008-06-01,402.6,SGWL120-OW,25.956944,78.168889
2008-07-01,281.6,SGWL120-OW,25.956944,78.168889
2008-08-01,263.8,SGWL120-OW,25.956944,78.168889
2008-09-01,152.9,SGWL120-OW,25.956944,78.168889
2008-10-01,1.5,SGWL120-OW,25.956944,78.168889
2008-11-01,4.4,SGWL120-OW,25.956944,78.168889
2008-12-01,0.0,SGWL120-OW,25.956944,78.168889
2009-01-01,1.9,SGWL120-OW,25.956944,78.168889
2009-02-01,1.1,SGWL120-OW,25.956944,78.168889
2009-03-01,2.1,SGWL120-OW,25.956944,78.168889
2009-04-01,1.6,SGWL120-OW,25.956944,78.168889
2009-05-01,6.4,SGWL120-OW,25.956944,78.168889
2009-06-01,70.6,SGWL120-OW,25.956944,78.168889
2009-07-01,200.1,SGWL120-OW,25.956944,78.168889
2009-08-01,264.1,SGWL120-OW,25.956944,78.168889
2009-09-01,98.8,SGWL120-OW,25.956944,78.168889
2009-10-01,89.30000000000001,SGWL120-OW,25.956944,78.168889
2009-11-01,66.4,SGWL120-OW,25.956944,78.168889
2009-12-01,10.0,SGWL120-OW,25.956944,78.168889
2010-01-01,1.9,SGWL120-OW,25.956944,78.168889
2010-02-01,12.0,SGWL120-OW,25.956944,78.168889
2010-03-01,0.0,SGWL120-OW,25.956944,78.168889
2010-04-01,2.2,SGWL120-OW,25.956944,78.168889
2010-05-01,2.0999999999999996,SGWL120-OW,25.956944,78.168889
2010-06-01,7.7,SGWL120-OW,25.956944,78.168889
2010-07-01,219.6,SGWL120-OW,25.956944,78.168889
2010-08-01,278.4,SGWL120-OW,25.956944,78.168889
2010-09-01,169.79999999999998,SGWL120-OW,25.956944,78.168889
2010-10-01,13.1,SGWL120-OW,25.956944,78.168889
2010-11-01,56.7,SGWL120-OW,25.956944,78.168889
2010-12-01,5.5,SGWL120-OW,25.956944,78.168889
2011-01-01,0.3,SGWL120-OW,25.956944,78.168889
2011-02-01,10.5,SGWL120-OW,25.956944,78.168889
2011-03-01,0.2,SGWL120-OW,25.956944,78.168889
2011-04-01,3.5,SGWL120-OW,25.956944,78.168889
2011-05-01,4.3,SGWL120-OW,25.956944,78.168889
2011-06-01,241.2,SGWL120-OW,25.956944,78.168889
2011-07-01,382.4,SGWL120-OW,25.956944,78.168889
2011-08-01,304.8,SGWL120-OW,25.956944,78.168889
2011-09-01,144.5,SGWL120-OW,25.956944,78.168889
2011-10-01,0.0,SGWL120-OW,25.956944,78.168889
2011-11-01,0.0,SGWL120-OW,25.956944,78.168889
2011-12-01,5.4,SGWL120-OW,25.956944,78.168889
2012-01-01,27.7,SGWL120-OW,25.956944,78.168889
2012-02-01,14.5,SGWL120-OW,25.956944,78.168889
2012-03-01,0.4,SGWL120-OW,25.956944,78.168889
2012-04-01,8.7,SGWL120-OW,25.956944,78.168889
2012-05-01,7.5,SGWL120-OW,25.956944,78.168889
2012-06-01,3.5,SGWL120-OW,25.956944,78.168889
2012-07-01,316.3,SGWL120-OW,25.956944,78.168889
2012-08-01,390.6,SGWL120-OW,25.956944,78.168889
2012-09-01,106.3,SGWL120-OW,25.956944,78.168889
2012-10-01,0.0,SGWL120-OW,25.956944,78.168889
2012-11-01,0.0,SGWL120-OW,25.956944,78.168889
2012-12-01,0.4,SGWL120-OW,25.956944,78.168889
2013-01-01,5.8,SGWL120-OW,25.956944,78.168889
2013-02-01,67.4,SGWL120-OW,25.956944,78.168889
2013-03-01,1.4,SGWL120-OW,25.956944,78.168889
2013-04-01,13.5,SGWL120-OW,25.956944,78.168889
2013-05-01,0.7,SGWL120-OW,25.956944,78.168889
2013-06-01,217.2,SGWL120-OW,25.956944,78.168889
2013-07-01,429.0,SGWL120-OW,25.956944,78.168889
2013-08-01,498.90000000000003,SGWL120-OW,25.956944,78.168889
2013-09-01,82.89999999999999,SGWL120-OW,25.956944,78.168889
2013-10-01,61.7,SGWL120-OW,25.956944,78.168889
2013-11-01,3.7,SGWL120-OW,25.956944,78.168889
2013-12-01,28.3,SGWL120-OW,25.956944,78.168889
2014-01-01,89.3,SGWL120-OW,25.956944,78.168889
2014-02-01,61.6,SGWL120-OW,25.956944,78.168889
2014-03-01,8.5,SGWL120-OW,25.956944,78.168889
2014-04-01,4.3,SGWL120-OW,25.956944,78.168889
2014-05-01,6.2,SGWL120-OW,25.956944,78.168889
2014-06-01,6.300000000000001,SGWL120-OW,25.956944,78.168889
2014-07-01,197.5,SGWL120-OW,25.956944,78.168889
2014-08-01,134.7,SGWL120-OW,25.956944,78.168889
2014-09-01,132.9,SGWL120-OW,25.956944,78.168889
2014-10-01,5.9,SGWL120-OW,25.956944,78.168889
2014-11-01,0.0,SGWL120-OW,25.956944,78.168889
2014-12-01,15.0,SGWL120-OW,25.956944,78.168889
2015-01-01,53.5,SGWL120-OW,25.956944,78.168889
2015-02-01,12.6,SGWL120-OW,25.956944,78.168889
2015-03-01,74.7,SGWL120-OW,25.956944,78.168889
2015-04-01,43.800000000000004,SGWL120-OW,25.956944,78.168889
2015-05-01,5.1,SGWL120-OW,25.956944,78.168889
2015-06-01,62.1,SGWL120-OW,25.956944,78.168889
2015-07-01,177.1,SGWL120-OW,25.956944,78.168889
2015-08-01,157.7,SGWL120-OW,25.956944,78.168889
2015-09-01,41.4,SGWL120-OW,25.956944,78.168889
2015-10-01,25.3,SGWL120-OW,25.956944,78.168889
2015-11-01,4.0,SGWL120-OW,25.956944,78.168889
2015-12-01,10.5,SGWL120-OW,25.956944,78.168889
2016-01-01,3.6,SGWL120-OW,25.956944,78.168889
2016-02-01,1.0,SGWL120-OW,25.956944,78.168889
2016-03-01,7.6,SGWL120-OW,25.956944,78.168889
2016-04-01,0.6000000000000001,SGWL120-OW,25.956944,78.168889
2016-05-01,12.6,SGWL120-OW,25.956944,78.168889
2016-06-01,63.6,SGWL120-OW,25.956944,78.168889
2016-07-01,364.3,SGWL120-OW,25.956944,78.168889
2016-08-01,237.8,SGWL120-OW,25.956944,78.168889
2016-09-01,28.5,SGWL120-OW,25.956944,78.168889
2016-10-01,23.7,SGWL120-OW,25.956944,78.168889
2016-11-01,0.0,SGWL120-OW,25.956944,78.168889
2016-12-01,0.0,SGWL120-OW,25.956944,78.168889
2017-01-01,20.700000000000003,SGWL120-OW,25.956944,78.168889
2017-02-01,0.5,SGWL120-OW,25.956944,78.168889
2017-03-01,4.4,SGWL120-OW,25.956944,78.168889
2017-04-01,2.1,SGWL120-OW,25.956944,78.168889
2017-05-01,6.6,SGWL120-OW,25.956944,78.168889
2017-06-01,102.8,SGWL120-OW,25.956944,78.168889
2017-07-01,156.8,SGWL120-OW,25.956944,78.168889
2017-08-01,191.6,SGWL120-OW,25.956944,78.168889
2017-09-01,88.0,SGWL120-OW,25.956944,78.168889
2017-10-01,2.0,SGWL120-OW,25.956944,78.168889
2017-11-01,1.9,SGWL120-OW,25.956944,78.168889
2017-12-01,3.6999999999999997,SGWL120-OW,25.956944,78.168889
2018-01-01,0.3,SGWL120-OW,25.956944,78.168889
2018-02-01,8.399999999999999,SGWL120-OW,25.956944,78.168889
2018-03-01,1.6,SGWL120-OW,25.956944,78.168889
2018-04-01,16.1,SGWL120-OW,25.956944,78.168889
2018-05-01,8.6,SGWL120-OW,25.956944,78.168889
2018-06-01,111.8,SGWL120-OW,25.956944,78.168889
2018-07-01,477.9,SGWL120-OW,25.956944,78.168889
2018-08-01,325.0,SGWL120-OW,25.956944,78.168889
2018-09-01,168.3,SGWL120-OW,25.956944,78.168889
2018-10-01,0.0,SGWL120-OW,25.956944,78.168889
2018-11-01,0.0,SGWL120-OW,25.956944,78.168889
2018-12-01,0.7,SGWL120-OW,25.956944,78.168889
2019-01-01,11.4,SGWL120-OW,25.956944,78.168889
2019-02-01,28.7,SGWL120-OW,25.956944,78.168889
2019-03-01,2.6,SGWL120-OW,25.956944,78.168889
2019-04-01,5.2,SGWL120-OW,25.956944,78.168889
2019-05-01,5.5,SGWL120-OW,25.956944,78.168889
2019-06-01,68.3,SGWL120-OW,25.956944,78.168889
2019-07-01,414.5,SGWL120-OW,25.956944,78.168889
2019-08-01,266.8,SGWL120-OW,25.956944,78.168889
2019-09-01,320.6,SGWL120-OW,25.956944,78.168889
2019-10-01,26.5,SGWL120-OW,25.956944,78.168889
2019-11-01,9.1,SGWL120-OW,25.956944,78.168889
2019-12-01,6.7,SGWL120-OW,25.956944,78.168889
2020-01-01,31.900000000000002,SGWL120-OW,25.956944,78.168889
2020-02-01,7.800000000000001,SGWL120-OW,25.956944,78.168889
2020-03-01,27.9,SGWL120-OW,25.956944,78.168889
2020-04-01,9.100000000000001,SGWL120-OW,25.956944,78.168889
2020-05-01,13.100000000000001,SGWL120-OW,25.956944,78.168889
2020-06-01,36.0,SGWL120-OW,25.956944,78.168889
2020-07-01,161.4,SGWL120-OW,25.956944,78.168889
2020-08-01,304.8,SGWL120-OW,25.956944,78.168889
2020-09-01,54.2,SGWL120-OW,25.956944,78.168889
2020-10-01,0.1,SGWL120-OW,25.956944,78.168889
2020-11-01,25.200000000000003,SGWL120-OW,25.956944,78.168889
2020-12-01,1.4000000000000001,SGWL120-OW,25.956944,78.168889
2021-01-01,11.1,SGWL120-OW,25.956944,78.168889
2021-02-01,0.6,SGWL120-OW,25.956944,78.168889
2021-03-01,5.0,SGWL120-OW,25.956944,78.168889
2021-04-01,0.3,SGWL120-OW,25.956944,78.168889
2021-05-01,62.2,SGWL120-OW,25.956944,78.168889
2021-06-01,10.0,SGWL120-OW,25.956944,78.168889
2021-07-01,252.5,SGWL120-OW,25.956944,78.168889
2021-08-01,316.9,SGWL120-OW,25.956944,78.168889
2021-09-01,204.5,SGWL120-OW,25.956944,78.168889
2021-10-01,35.0,SGWL120-OW,25.956944,78.168889
2021-11-01,35.5,SGWL120-OW,25.956944,78.168889
2021-12-01,24.2,SGWL120-OW,25.956944,78.168889
2022-01-01,45.1,SGWL120-OW,25.956944,78.168889
2022-02-01,0.0,SGWL120-OW,25.956944,78.168889
2022-03-01,0.0,SGWL120-OW,25.956944,78.168889
2022-04-01,0.0,SGWL120-OW,25.956944,78.168889
2022-05-01,3.2,SGWL120-OW,25.956944,78.168889
2022-06-01,90.0,SGWL120-OW,25.956944,78.168889
2022-07-01,323.6,SGWL120-OW,25.956944,78.168889
2022-08-01,297.4,SGWL120-OW,25.956944,78.168889
2022-09-01,162.9,SGWL120-OW,25.956944,78.168889
2022-10-01,94.9,SGWL120-OW,25.956944,78.168889
2022-11-01,0.0,SGWL120-OW,25.956944,78.168889
2022-12-01,0.0,SGWL120-OW,25.956944,78.168889
2023-01-01,12.600000000000001,SGWL120-OW,25.956944,78.168889
2023-02-01,0.0,SGWL120-OW,25.956944,78.168889
2023-03-01,42.199999999999996,SGWL120-OW,25.956944,78.168889
2023-04-01,6.1,SGWL120-OW,25.956944,78.168889
2023-05-01,30.4,SGWL120-OW,25.956944,78.168889
2023-06-01,192.8,SGWL120-OW,25.956944,78.168889
2023-07-01,268.5,SGWL120-OW,25.956944,78.168889
2023-08-01,222.70000000000002,SGWL120-OW,25.956944,78.168889
2023-09-01,186.4,SGWL120-OW,25.956944,78.168889
2023-10-01,3.4,SGWL120-OW,25.956944,78.168889
2023-11-01,3.2,SGWL120-OW,25.956944,78.168889
2023-12-01,31.8,SGWL120-OW,25.956944,78.168889
2024-01-01,12.0,SGWL120-OW,25.956944,78.168889
2024-02-01,19.9,SGWL120-OW,25.956944,78.168889
2024-03-01,12.4,SGWL120-OW,25.956944,78.168889
2024-04-01,0.1,SGWL120-OW,25.956944,78.168889
2024-05-01,0.4,SGWL120-OW,25.956944,78.168889
2024-06-01,159.7,SGWL120-OW,25.956944,78.168889
2024-07-01,298.0,SGWL120-OW,25.956944,78.168889
2024-08-01,423.5,SGWL120-OW,25.956944,78.168889
2024-09-01,288.7,SGWL120-OW,25.956944,78.168889
2024-10-01,6.1,SGWL120-OW,25.956944,78.168889
2024-11-01,0.0,SGWL120-OW,25.956944,78.168889
2024-12-01,16.9,SGWL120-OW,25.956944,78.168889
1976-01-01,23.0,CHHAT072-OW,25.244444,79.963889
1976-02-01,0.1,CHHAT072-OW,25.244444,79.963889
1976-03-01,7.1000000000000005,CHHAT072-OW,25.244444,79.963889
1976-04-01,8.8,CHHAT072-OW,25.244444,79.963889
1976-05-01,9.1,CHHAT072-OW,25.244444,79.963889
1976-06-01,61.7,CHHAT072-OW,25.244444,79.963889
1976-07-01,288.7,CHHAT072-OW,25.244444,79.963889
1976-08-01,360.0,CHHAT072-OW,25.244444,79.963889
1976-09-01,162.6,CHHAT072-OW,25.244444,79.963889
1976-10-01,0.2,CHHAT072-OW,25.244444,79.963889
1976-11-01,15.9,CHHAT072-OW,25.244444,79.963889
1976-12-01,0.0,CHHAT072-OW,25.244444,79.963889
1977-01-01,18.1,CHHAT072-OW,25.244444,79.963889
1977-02-01,2.9,CHHAT072-OW,25.244444,79.963889
1977-03-01,3.4999999999999996,CHHAT072-OW,25.244444,79.963889
1977-04-01,6.2,CHHAT072-OW,25.244444,79.963889
1977-05-01,5.2,CHHAT072-OW,25.244444,79.963889
1977-06-01,152.3,CHHAT072-OW,25.244444,79.963889
1977-07-01,388.0,CHHAT072-OW,25.244444,79.963889
1977-08-01,231.3,CHHAT072-OW,25.244444,79.963889
1977-09-01,104.89999999999999,CHHAT072-OW,25.244444,79.963889
1977-10-01,25.8,CHHAT072-OW,25.244444,79.963889
1977-11-01,7.9,CHHAT072-OW,25.244444,79.963889
1977-12-01,12.299999999999999,CHHAT072-OW,25.244444,79.963889
1978-01-01,21.2,CHHAT072-OW,25.244444,79.963889
1978-02-01,48.1,CHHAT072-OW,25.244444,79.963889
1978-03-01,24.5,CHHAT072-OW,25.244444,79.963889
1978-04-01,1.9,CHHAT072-OW,25.244444,79.963889
1978-05-01,0.0,CHHAT072-OW,25.244444,79.963889
1978-06-01,200.3,CHHAT072-OW,25.244444,79.963889
1978-07-01,253.7,CHHAT072-OW,25.244444,79.963889
1978-08-01,190.3,CHHAT072-OW,25.244444,79.963889
1978-09-01,320.3,CHHAT072-OW,25.244444,79.963889
1978-10-01,0.4,CHHAT072-OW,25.244444,79.963889
1978-11-01,26.2,CHHAT072-OW,25.244444,79.963889
1978-12-01,18.9,CHHAT072-OW,25.244444,79.963889
1979-01-01,25.2,CHHAT072-OW,25.244444,79.963889
1979-02-01,34.5,CHHAT072-OW,25.244444,79.963889
1979-03-01,4.1,CHHAT072-OW,25.244444,79.963889
1979-04-01,0.0,CHHAT072-OW,25.244444,79.963889
1979-05-01,22.2,CHHAT072-OW,25.244444,79.963889
1979-06-01,215.3,CHHAT072-OW,25.244444,79.963889
1979-07-01,261.9,CHHAT072-OW,25.244444,79.963889
1979-08-01,81.7,CHHAT072-OW,25.244444,79.963889
1979-09-01,6.5,CHHAT072-OW,25.244444,79.963889
1979-10-01,1.1,CHHAT072-OW,25.244444,79.963889
1979-11-01,66.7,CHHAT072-OW,25.244444,79.963889
1979-12-01,0.2,CHHAT072-OW,25.244444,79.963889
1980-01-01,5.9,CHHAT072-OW,25.244444,79.963889
1980-02-01,4.7,CHHAT072-OW,25.244444,79.963889
1980-03-01,1.5,CHHAT072-OW,25.244444,79.963889
1980-04-01,0.1,CHHAT072-OW,25.244444,79.963889
1980-05-01,0.5,CHHAT072-OW,25.244444,79.963889
1980-06-01,160.6,CHHAT072-OW,25.244444,79.963889
1980-07-01,393.2,CHHAT072-OW,25.244444,79.963889
1980-08-01,591.9,CHHAT072-OW,25.244444,79.963889
1980-09-01,164.5,CHHAT072-OW,25.244444,79.963889
1980-10-01,0.8,CHHAT072-OW,25.244444,79.963889
1980-11-01,0.0,CHHAT072-OW,25.244444,79.963889
1980-12-01,40.1,CHHAT072-OW,25.244444,79.963889
1981-01-01,2.2,CHHAT072-OW,25.244444,79.963889
1981-02-01,0.6,CHHAT072-OW,25.244444,79.963889
1981-03-01,10.700000000000001,CHHAT072-OW,25.244444,79.963889
1981-04-01,0.4,CHHAT072-OW,25.244444,79.963889
1981-05-01,7.199999999999999,CHHAT072-OW,25.244444,79.963889
1981-06-01,99.3,CHHAT072-OW,25.244444,79.963889
1981-07-01,243.3,CHHAT072-OW,25.244444,79.963889
1981-08-01,131.3,CHHAT072-OW,25.244444,79.963889
1981-09-01,181.60000000000002,CHHAT072-OW,25.244444,79.963889
1981-10-01,1.7,CHHAT072-OW,25.244444,79.963889
1981-11-01,3.6,CHHAT072-OW,25.244444,79.963889
1981-12-01,2.1,CHHAT072-OW,25.244444,79.963889
1982-01-01,45.6,CHHAT072-OW,25.244444,79.963889
1982-02-01,3.2,CHHAT072-OW,25.244444,79.963889
1982-03-01,6.1,CHHAT072-OW,25.244444,79.963889
1982-04-01,2.2,CHHAT072-OW,25.244444,79.963889
1982-05-01,12.1,CHHAT072-OW,25.244444,79.963889
1982-06-01,41.300000000000004,CHHAT072-OW,25.244444,79.963889
1982-07-01,246.2,CHHAT072-OW,25.244444,79.963889
1982-08-01,329.8,CHHAT072-OW,25.244444,79.963889
1982-09-01,168.4,CHHAT072-OW,25.244444,79.963889
1982-10-01,5.699999999999999,CHHAT072-OW,25.244444,79.963889
1982-11-01,36.2,CHHAT072-OW,25.244444,79.963889
1982-12-01,2.5,CHHAT072-OW,25.244444,79.963889
1983-01-01,22.8,CHHAT072-OW,25.244444,79.963889
1983-02-01,0.2,CHHAT072-OW,25.244444,79.963889
1983-03-01,0.5,CHHAT072-OW,25.244444,79.963889
1983-04-01,32.6,CHHAT072-OW,25.244444,79.963889
1983-05-01,19.3,CHHAT072-OW,25.244444,79.963889
1983-06-01,56.4,CHHAT072-OW,25.244444,79.963889
1983-07-01,297.7,CHHAT072-OW,25.244444,79.963889
1983-08-01,240.8,CHHAT072-OW,25.244444,79.963889
1983-09-01,272.1,CHHAT072-OW,25.244444,79.963889
1983-10-01,63.1,CHHAT072-OW,25.244444,79.963889
1983-11-01,0.0,CHHAT072-OW,25.244444,79.963889
1983-12-01,1.5,CHHAT072-OW,25.244444,79.963889
1984-01-01,15.7,CHHAT072-OW,25.244444,79.963889
1984-02-01,33.0,CHHAT072-OW,25.244444,79.963889
1984-03-01,0.0,CHHAT072-OW,25.244444,79.963889
1984-04-01,0.5,CHHAT072-OW,25.244444,79.963889
1984-05-01,1.2000000000000002,CHHAT072-OW,25.244444,79.963889
1984-06-01,121.8,CHHAT072-OW,25.244444,79.963889
1984-07-01,199.9,CHHAT072-OW,25.244444,79.963889
1984-08-01,293.5,CHHAT072-OW,25.244444,79.963889
1984-09-01,99.8,CHHAT072-OW,25.244444,79.963889
1984-10-01,0.9,CHHAT072-OW,25.244444,79.963889
1984-11-01,0.0,CHHAT072-OW,25.244444,79.963889
1984-12-01,5.0,CHHAT072-OW,25.244444,79.963889
1985-01-01,23.0,CHHAT072-OW,25.244444,79.963889
1985-02-01,0.0,CHHAT072-OW,25.244444,79.963889
1985-03-01,0.0,CHHAT072-OW,25.244444,79.963889
1985-04-01,4.6,CHHAT072-OW,25.244444,79.963889
1985-05-01,3.6,CHHAT072-OW,25.244444,79.963889
1985-06-01,21.6,CHHAT072-OW,25.244444,79.963889
1985-07-01,275.9,CHHAT072-OW,25.244444,79.963889
1985-08-01,157.9,CHHAT072-OW,25.244444,79.963889
1985-09-01,136.4,CHHAT072-OW,25.244444,79.963889
1985-10-01,131.4,CHHAT072-OW,25.244444,79.963889
1985-11-01,0.0,CHHAT072-OW,25.244444,79.963889
1985-12-01,0.7,CHHAT072-OW,25.244444,79.963889
1986-01-01,51.400000000000006,CHHAT072-OW,25.244444,79.963889
1986-02-01,70.1,CHHAT072-OW,25.244444,79.963889
1986-03-01,0.5,CHHAT072-OW,25.244444,79.963889
1986-04-01,1.1,CHHAT072-OW,25.244444,79.963889
1986-05-01,7.0,CHHAT072-OW,25.244444,79.963889
1986-06-01,125.6,CHHAT072-OW,25.244444,79.963889
1986-07-01,268.6,CHHAT072-OW,25.244444,79.963889
1986-08-01,203.3,CHHAT072-OW,25.244444,79.963889
1986-09-01,91.0,CHHAT072-OW,25.244444,79.963889
1986-10-01,6.6000000000000005,CHHAT072-OW,25.244444,79.963889
1986-11-01,0.0,CHHAT072-OW,25.244444,79.963889
1986-12-01,41.4,CHHAT072-OW,25.244444,79.963889
1987-01-01,37.900000000000006,CHHAT072-OW,25.244444,79.963889
1987-02-01,9.9,CHHAT072-OW,25.244444,79.963889
1987-03-01,0.8,CHHAT072-OW,25.244444,79.963889
1987-04-01,0.6,CHHAT072-OW,25.244444,79.963889
1987-05-01,0.9,CHHAT072-OW,25.244444,79.963889
1987-06-01,2.1,CHHAT072-OW,25.244444,79.963889
1987-07-01,86.6,CHHAT072-OW,25.244444,79.963889
1987-08-01,165.20000000000002,CHHAT072-OW,25.244444,79.963889
1987-09-01,319.0,CHHAT072-OW,25.244444,79.963889
1987-10-01,78.9,CHHAT072-OW,25.244444,79.963889
1987-11-01,0.0,CHHAT072-OW,25.244444,79.963889
1987-12-01,8.0,CHHAT072-OW,25.244444,79.963889
1988-01-01,5.7,CHHAT072-OW,25.244444,79.963889
1988-02-01,11.2,CHHAT072-OW,25.244444,79.963889
1988-03-01,1.4000000000000001,CHHAT072-OW,25.244444,79.963889
1988-04-01,4.1,CHHAT072-OW,25.244444,79.963889
1988-05-01,0.7,CHHAT072-OW,25.244444,79.963889
1988-06-01,162.7,CHHAT072-OW,25.244444,79.963889
1988-07-01,372.7,CHHAT072-OW,25.244444,79.963889
1988-08-01,198.9,CHHAT072-OW,25.244444,79.963889
1988-09-01,100.10000000000001,CHHAT072-OW,25.244444,79.963889
1988-10-01,48.8,CHHAT072-OW,25.244444,79.963889
1988-11-01,0.0,CHHAT072-OW,25.244444,79.963889
1988-12-01,0.1,CHHAT072-OW,25.244444,79.963889
1989-01-01,0.7,CHHAT072-OW,25.244444,79.963889
1989-02-01,0.1,CHHAT072-OW,25.244444,79.963889
1989-03-01,14.6,CHHAT072-OW,25.244444,79.963889
1989-04-01,0.5,CHHAT072-OW,25.244444,79.963889
1989-05-01,0.1,CHHAT072-OW,25.244444,79.963889
1989-06-01,307.40000000000003,CHHAT072-OW,25.244444,79.963889
1989-07-01,286.1,CHHAT072-OW,25.244444,79.963889
1989-08-01,213.4,CHHAT072-OW,25.244444,79.963889
1989-09-01,92.8,CHHAT072-OW,25.244444,79.963889
1989-10-01,1.4000000000000001,CHHAT072-OW,25.244444,79.963889
1989-11-01,1.5,CHHAT072-OW,25.244444,79.963889
1989-12-01,40.4,CHHAT072-OW,25.244444,79.963889
1990-01-01,0.5,CHHAT072-OW,25.244444,79.963889
1990-02-01,48.49999999999999,CHHAT072-OW,25.244444,79.963889
1990-03-01,5.6,CHHAT072-OW,25.244444,79.963889
1990-04-01,2.5,CHHAT072-OW,25.244444,79.963889
1990-05-01,10.0,CHHAT072-OW,25.244444,79.963889
1990-06-01,252.2,CHHAT072-OW,25.244444,79.963889
1990-07-01,316.0,CHHAT072-OW,25.244444,79.963889
1990-08-01,276.7,CHHAT072-OW,25.244444,79.963889
1990-09-01,270.7,CHHAT072-OW,25.244444,79.963889
1990-10-01,8.7,CHHAT072-OW,25.244444,79.963889
1990-11-01,0.4,CHHAT072-OW,25.244444,79.963889
1990-12-01,11.299999999999999,CHHAT072-OW,25.244444,79.963889
1991-01-01,17.3,CHHAT072-OW,25.244444,79.963889
1991-02-01,14.000000000000002,CHHAT072-OW,25.244444,79.963889
1991-03-01,10.8,CHHAT072-OW,25.244444,79.963889
1991-04-01,0.9,CHHAT072-OW,25.244444,79.963889
1991-05-01,2.3,CHHAT072-OW,25.244444,79.963889
1991-06-01,33.1,CHHAT072-OW,25.244444,79.963889
1991-07-01,240.3,CHHAT072-OW,25.244444,79.963889
1991-08-01,526.1,CHHAT072-OW,25.244444,79.963889
1991-09-01,120.8,CHHAT072-OW,25.244444,79.963889
1991-10-01,0.0,CHHAT072-OW,25.244444,79.963889
1991-11-01,1.3,CHHAT072-OW,25.244444,79.963889
1991-12-01,26.0,CHHAT072-OW,25.244444,79.963889
1992-01-01,2.1,CHHAT072-OW,25.244444,79.963889
1992-02-01,0.0,CHHAT072-OW,25.244444,79.963889
1992-03-01,2.4000000000000004,CHHAT072-OW,25.244444,79.963889
1992-04-01,0.6,CHHAT072-OW,25.244444,79.963889
1992-05-01,5.2,CHHAT072-OW,25.244444,79.963889
1992-06-01,10.1,CHHAT072-OW,25.244444,79.963889
1992-07-01,197.5,CHHAT072-OW,25.244444,79.963889
1992-08-01,388.5,CHHAT072-OW,25.244444,79.963889
1992-09-01,203.0,CHHAT072-OW,25.244444,79.963889
1992-10-01,24.099999999999998,CHHAT072-OW,25.244444,79.963889
1992-11-01,0.6,CHHAT072-OW,25.244444,79.963889
1992-12-01,0.0,CHHAT072-OW,25.244444,79.963889
1993-01-01,1.5999999999999999,CHHAT072-OW,25.244444,79.963889
1993-02-01,17.1,CHHAT072-OW,25.244444,79.963889
1993-03-01,6.300000000000001,CHHAT072-OW,25.244444,79.963889
1993-04-01,3.1999999999999997,CHHAT072-OW,25.244444,79.963889
1993-05-01,4.2,CHHAT072-OW,25.244444,79.963889
1993-06-01,134.4,CHHAT072-OW,25.244444,79.963889
1993-07-01,160.1,CHHAT072-OW,25.244444,79.963889
1993-08-01,118.4,CHHAT072-OW,25.244444,79.963889
1993-09-01,326.9,CHHAT072-OW,25.244444,79.963889
1993-10-01,1.3,CHHAT072-OW,25.244444,79.963889
1993-11-01,0.0,CHHAT072-OW,25.244444,79.963889
1993-12-01,0.0,CHHAT072-OW,25.244444,79.963889
1994-01-01,37.9,CHHAT072-OW,25.244444,79.963889
1994-02-01,35.699999999999996,CHHAT072-OW,25.244444,79.963889
1994-03-01,0.0,CHHAT072-OW,25.244444,79.963889
1994-04-01,6.800000000000001,CHHAT072-OW,25.244444,79.963889
1994-05-01,2.1,CHHAT072-OW,25.244444,79.963889
1994-06-01,127.3,CHHAT072-OW,25.244444,79.963889
1994-07-01,290.7,CHHAT072-OW,25.244444,79.963889
1994-08-01,253.6,CHHAT072-OW,25.244444,79.963889
1994-09-01,74.7,CHHAT072-OW,25.244444,79.963889
1994-10-01,4.7,CHHAT072-OW,25.244444,79.963889
1994-11-01,0.0,CHHAT072-OW,25.244444,79.963889
1994-12-01,0.0,CHHAT072-OW,25.244444,79.963889
1995-01-01,40.9,CHHAT072-OW,25.244444,79.963889
1995-02-01,6.5,CHHAT072-OW,25.244444,79.963889
1995-03-01,14.5,CHHAT072-OW,25.244444,79.963889
1995-04-01,1.7000000000000002,CHHAT072-OW,25.244444,79.963889
1995-05-01,2.1999999999999997,CHHAT072-OW,25.244444,79.963889
1995-06-01,43.1,CHHAT072-OW,25.244444,79.963889
1995-07-01,189.5,CHHAT072-OW,25.244444,79.963889
1995-08-01,543.1,CHHAT072-OW,25.244444,79.963889
1995-09-01,161.9,CHHAT072-OW,25.244444,79.963889
1995-10-01,0.7,CHHAT072-OW,25.244444,79.963889
1995-11-01,0.0,CHHAT072-OW,25.244444,79.963889
1995-12-01,18.4,CHHAT072-OW,25.244444,79.963889
1996-01-01,31.5,CHHAT072-OW,25.244444,79.963889
1996-02-01,35.4,CHHAT072-OW,25.244444,79.963889
1996-03-01,10.200000000000001,CHHAT072-OW,25.244444,79.963889
1996-04-01,4.3999999999999995,CHHAT072-OW,25.244444,79.963889
1996-05-01,1.2,CHHAT072-OW,25.244444,79.963889
1996-06-01,34.3,CHHAT072-OW,25.244444,79.963889
1996-07-01,275.0,CHHAT072-OW,25.244444,79.963889
1996-08-01,325.1,CHHAT072-OW,25.244444,79.963889
1996-09-01,165.10000000000002,CHHAT072-OW,25.244444,79.963889
1996-10-01,78.0,CHHAT072-OW,25.244444,79.963889
1996-11-01,0.0,CHHAT072-OW,25.244444,79.963889
1996-12-01,0.0,CHHAT072-OW,25.244444,79.963889
1997-01-01,3.1,CHHAT072-OW,25.244444,79.963889
1997-02-01,0.0,CHHAT072-OW,25.244444,79.963889
1997-03-01,1.3,CHHAT072-OW,25.244444,79.963889
1997-04-01,13.399999999999999,CHHAT072-OW,25.244444,79.963889
1997-05-01,6.7,CHHAT072-OW,25.244444,79.963889
1997-06-01,74.4,CHHAT072-OW,25.244444,79.963889
1997-07-01,394.3,CHHAT072-OW,25.244444,79.963889
1997-08-01,336.8,CHHAT072-OW,25.244444,79.963889
1997-09-01,125.6,CHHAT072-OW,25.244444,79.963889
1997-10-01,59.4,CHHAT072-OW,25.244444,79.963889
1997-11-01,35.5,CHHAT072-OW,25.244444,79.963889
1997-12-01,67.4,CHHAT072-OW,25.244444,79.963889
1998-01-01,0.7999999999999999,CHHAT072-OW,25.244444,79.963889
1998-02-01,1.8,CHHAT072-OW,25.244444,79.963889
1998-03-01,23.4,CHHAT072-OW,25.244444,79.963889
1998-04-01,8.7,CHHAT072-OW,25.244444,79.963889
1998-05-01,8.6,CHHAT072-OW,25.244444,79.963889
1998-06-01,70.6,CHHAT072-OW,25.244444,79.963889
1998-07-01,327.4,CHHAT072-OW,25.244444,79.963889
1998-08-01,237.70000000000002,CHHAT072-OW,25.244444,79.963889
1998-09-01,90.5,CHHAT072-OW,25.244444,79.963889
1998-10-01,12.8,CHHAT072-OW,25.244444,79.963889
1998-11-01,6.1,CHHAT072-OW,25.244444,79.963889
1998-12-01,0.0,CHHAT072-OW,25.244444,79.963889
1999-01-01,2.3000000000000003,CHHAT072-OW,25.244444,79.963889
1999-02-01,25.6,CHHAT072-OW,25.244444,79.963889
1999-03-01,0.0,CHHAT072-OW,25.244444,79.963889
1999-04-01,0.4,CHHAT072-OW,25.244444,79.963889
1999-05-01,3.0,CHHAT072-OW,25.244444,79.963889
1999-06-01,55.7,CHHAT072-OW,25.244444,79.963889
1999-07-01,292.40000000000003,CHHAT072-OW,25.244444,79.963889
1999-08-01,201.4,CHHAT072-OW,25.244444,79.963889
1999-09-01,261.5,CHHAT072-OW,25.244444,79.963889
1999-10-01,52.7,CHHAT072-OW,25.244444,79.963889
1999-11-01,0.1,CHHAT072-OW,25.244444,79.963889
1999-12-01,0.0,CHHAT072-OW,25.244444,79.963889
2000-01-01,0.4,CHHAT072-OW,25.244444,79.963889
2000-02-01,0.30000000000000004,CHHAT072-OW,25.244444,79.963889
2000-03-01,0.0,CHHAT072-OW,25.244444,79.963889
2000-04-01,1.2,CHHAT072-OW,25.244444,79.963889
2000-05-01,47.0,CHHAT072-OW,25.244444,79.963889
2000-06-01,188.2,CHHAT072-OW,25.244444,79.963889
2000-07-01,256.2,CHHAT072-OW,25.244444,79.963889
2000-08-01,145.6,CHHAT072-OW,25.244444,79.963889
2000-09-01,51.2,CHHAT072-OW,25.244444,79.963889
2000-10-01,0.0,CHHAT072-OW,25.244444,79.963889
2000-11-01,0.1,CHHAT072-OW,25.244444,79.963889
2000-12-01,2.5,CHHAT072-OW,25.244444,79.963889
2001-01-01,0.5,CHHAT072-OW,25.244444,79.963889
2001-02-01,2.5,CHHAT072-OW,25.244444,79.963889
2001-03-01,1.9,CHHAT072-OW,25.244444,79.963889
2001-04-01,13.5,CHHAT072-OW,25.244444,79.963889
2001-05-01,19.7,CHHAT072-OW,25.244444,79.963889
2001-06-01,296.6,CHHAT072-OW,25.244444,79.963889
2001-07-01,335.0,CHHAT072-OW,25.244444,79.963889
2001-08-01,154.1,CHHAT072-OW,25.244444,79.963889
2001-09-01,40.8,CHHAT072-OW,25.244444,79.963889
2001-10-01,92.2,CHHAT072-OW,25.244444,79.963889
2001-11-01,2.4000000000000004,CHHAT072-OW,25.244444,79.963889
2001-12-01,0.0,CHHAT072-OW,25.244444,79.963889
2002-01-01,14.799999999999999,CHHAT072-OW,25.244444,79.963889
2002-02-01,17.4,CHHAT072-OW,25.244444,79.963889
2002-03-01,0.1,CHHAT072-OW,25.244444,79.963889
2002-04-01,0.5,CHHAT072-OW,25.244444,79.963889
2002-05-01,8.5,CHHAT072-OW,25.244444,79.963889
2002-06-01,49.0,CHHAT072-OW,25.244444,79.963889
2002-07-01,96.6,CHHAT072-OW,25.244444,79.963889
2002-08-01,333.3,CHHAT072-OW,25.244444,79.963889
2002-09-01,143.0,CHHAT072-OW,25.244444,79.963889
2002-10-01,33.300000000000004,CHHAT072-OW,25.244444,79.963889
2002-11-01,6.8,CHHAT072-OW,25.244444,79.963889
2002-12-01,18.7,CHHAT072-OW,25.244444,79.963889
2003-01-01,13.100000000000001,CHHAT072-OW,25.244444,79.963889
2003-02-01,25.8,CHHAT072-OW,25.244444,79.963889
2003-03-01,4.3999999999999995,CHHAT072-OW,25.244444,79.963889
2003-04-01,1.6,CHHAT072-OW,25.244444,79.963889
2003-05-01,3.5,CHHAT072-OW,25.244444,79.963889
2003-06-01,83.89999999999999,CHHAT072-OW,25.244444,79.963889
2003-07-01,340.8,CHHAT072-OW,25.244444,79.963889
2003-08-01,222.6,CHHAT072-OW,25.244444,79.963889
2003-09-01,420.2,CHHAT072-OW,25.244444,79.963889
2003-10-01,0.8,CHHAT072-OW,25.244444,79.963889
2003-11-01,0.0,CHHAT072-OW,25.244444,79.963889
2003-12-01,15.0,CHHAT072-OW,25.244444,79.963889
2004-01-01,46.400000000000006,CHHAT072-OW,25.244444,79.963889
2004-02-01,0.0,CHHAT072-OW,25.244444,79.963889
2004-03-01,0.0,CHHAT072-OW,25.244444,79.963889
2004-04-01,5.6,CHHAT072-OW,25.244444,79.963889
2004-05-01,0.3,CHHAT072-OW,25.244444,79.963889
2004-06-01,139.1,CHHAT072-OW,25.244444,79.963889
2004-07-01,232.70000000000002,CHHAT072-OW,25.244444,79.963889
2004-08-01,214.1,CHHAT072-OW,25.244444,79.963889
2004-09-01,169.1,CHHAT072-OW,25.244444,79.963889
2004-10-01,6.3,CHHAT072-OW,25.244444,79.963889
2004-11-01,1.5,CHHAT072-OW,25.244444,79.963889
2004-12-01,0.0,CHHAT072-OW,25.244444,79.963889
2005-01-01,16.0,CHHAT072-OW,25.244444,79.963889
2005-02-01,0.5,CHHAT072-OW,25.244444,79.963889
2005-03-01,32.5,CHHAT072-OW,25.244444,79.963889
2005-04-01,2.2,CHHAT072-OW,25.244444,79.963889
2005-05-01,2.7,CHHAT072-OW,25.244444,79.963889
2005-06-01,113.2,CHHAT072-OW,25.244444,79.963889
2005-07-01,405.3,CHHAT072-OW,25.244444,79.963889
2005-08-01,98.4,CHHAT072-OW,25.244444,79.963889
2005-09-01,150.20000000000002,CHHAT072-OW,25.244444,79.963889
2005-10-01,5.9,CHHAT072-OW,25.244444,79.963889
2005-11-01,0.0,CHHAT072-OW,25.244444,79.963889
2005-12-01,4.3,CHHAT072-OW,25.244444,79.963889
2006-01-01,0.0,CHHAT072-OW,25.244444,79.963889
2006-02-01,0.0,CHHAT072-OW,25.244444,79.963889
2006-03-01,44.199999999999996,CHHAT072-OW,25.244444,79.963889
2006-04-01,3.0,CHHAT072-OW,25.244444,79.963889
2006-05-01,6.8,CHHAT072-OW,25.244444,79.963889
2006-06-01,65.1,CHHAT072-OW,25.244444,79.963889
2006-07-01,271.1,CHHAT072-OW,25.244444,79.963889
2006-08-01,180.7,CHHAT072-OW,25.244444,79.963889
2006-09-01,46.8,CHHAT072-OW,25.244444,79.963889
2006-10-01,4.1,CHHAT072-OW,25.244444,79.963889
2006-11-01,1.4000000000000001,CHHAT072-OW,25.244444,79.963889
2006-12-01,0.0,CHHAT072-OW,25.244444,79.963889
2007-01-01,0.0,CHHAT072-OW,25.244444,79.963889
2007-02-01,75.1,CHHAT072-OW,25.244444,79.963889
2007-03-01,2.0,CHHAT072-OW,25.244444,79.963889
2007-04-01,3.3,CHHAT072-OW,25.244444,79.963889
2007-05-01,3.4,CHHAT072-OW,25.244444,79.963889
2007-06-01,66.5,CHHAT072-OW,25.244444,79.963889
2007-07-01,166.8,CHHAT072-OW,25.244444,79.963889
2007-08-01,255.1,CHHAT072-OW,25.244444,79.963889
2007-09-01,143.6,CHHAT072-OW,25.244444,79.963889
2007-10-01,0.5,CHHAT072-OW,25.244444,79.963889
2007-11-01,0.0,CHHAT072-OW,25.244444,79.963889
2007-12-01,3.0,CHHAT072-OW,25.244444,79.963889
2008-01-01,0.8,CHHAT072-OW,25.244444,79.963889
2008-02-01,1.9,CHHAT072-OW,25.244444,79.963889
2008-03-01,1.2,CHHAT072-OW,25.244444,79.963889
2008-04-01,5.0,CHHAT072-OW,25.244444,79.963889
2008-05-01,5.1,CHHAT072-OW,25.244444,79.963889
2008-06-01,485.1,CHHAT072-OW,25.244444,79.963889
2008-07-01,357.6,CHHAT072-OW,25.244444,79.963889
2008-08-01,282.2,CHHAT072-OW,25.244444,79.963889
2008-09-01,139.0,CHHAT072-OW,25.244444,79.963889
2008-10-01,3.3,CHHAT072-OW,25.244444,79.963889
2008-11-01,3.7,CHHAT072-OW,25.244444,79.963889
2008-12-01,0.0,CHHAT072-OW,25.244444,79.963889
2009-01-01,9.2,CHHAT072-OW,25.244444,79.963889
2009-02-01,0.3,CHHAT072-OW,25.244444,79.963889
2009-03-01,5.3,CHHAT072-OW,25.244444,79.963889
2009-04-01,10.5,CHHAT072-OW,25.244444,79.963889
2009-05-01,5.5,CHHAT072-OW,25.244444,79.963889
2009-06-01,35.9,CHHAT072-OW,25.244444,79.963889
2009-07-01,236.1,CHHAT072-OW,25.244444,79.963889
2009-08-01,123.4,CHHAT072-OW,25.244444,79.963889
2009-09-01,134.5,CHHAT072-OW,25.244444,79.963889
2009-10-01,120.2,CHHAT072-OW,25.244444,79.963889
2009-11-01,56.1,CHHAT072-OW,25.244444,79.963889
2009-12-01,3.8,CHHAT072-OW,25.244444,79.963889
2010-01-01,3.9000000000000004,CHHAT072-OW,25.244444,79.963889
2010-02-01,32.2,CHHAT072-OW,25.244444,79.963889
2010-03-01,0.0,CHHAT072-OW,25.244444,79.963889
2010-04-01,1.6,CHHAT072-OW,25.244444,79.963889
2010-05-01,3.6,CHHAT072-OW,25.244444,79.963889
2010-06-01,13.2,CHHAT072-OW,25.244444,79.963889
2010-07-01,267.8,CHHAT072-OW,25.244444,79.963889
2010-08-01,265.2,CHHAT072-OW,25.244444,79.963889
2010-09-01,171.5,CHHAT072-OW,25.244444,79.963889
2010-10-01,19.3,CHHAT072-OW,25.244444,79.963889
2010-11-01,20.1,CHHAT072-OW,25.244444,79.963889
2010-12-01,2.3000000000000003,CHHAT072-OW,25.244444,79.963889
2011-01-01,0.0,CHHAT072-OW,25.244444,79.963889
2011-02-01,10.500000000000002,CHHAT072-OW,25.244444,79.963889
2011-03-01,1.4,CHHAT072-OW,25.244444,79.963889
2011-04-01,0.8,CHHAT072-OW,25.244444,79.963889
2011-05-01,5.7,CHHAT072-OW,25.244444,79.963889
2011-06-01,324.0,CHHAT072-OW,25.244444,79.963889
2011-07-01,315.1,CHHAT072-OW,25.244444,79.963889
2011-08-01,230.9,CHHAT072-OW,25.244444,79.963889
2011-09-01,125.69999999999999,CHHAT072-OW,25.244444,79.963889
2011-10-01,0.30000000000000004,CHHAT072-OW,25.244444,79.963889
2011-11-01,0.0,CHHAT072-OW,25.244444,79.963889
2011-12-01,0.0,CHHAT072-OW,25.244444,79.963889
2012-01-01,23.6,CHHAT072-OW,25.244444,79.963889
2012-02-01,9.1,CHHAT072-OW,25.244444,79.963889
2012-03-01,2.4,CHHAT072-OW,25.244444,79.963889
2012-04-01,3.3000000000000003,CHHAT072-OW,25.244444,79.963889
2012-05-01,0.2,CHHAT072-OW,25.244444,79.963889
2012-06-01,11.6,CHHAT072-OW,25.244444,79.963889
2012-07-01,459.90000000000003,CHHAT072-OW,25.244444,79.963889
2012-08-01,312.7,CHHAT072-OW,25.244444,79.963889
2012-09-01,167.9,CHHAT072-OW,25.244444,79.963889
2012-10-01,0.2,CHHAT072-OW,25.244444,79.963889
2012-11-01,0.0,CHHAT072-OW,25.244444,79.963889
2012-12-01,0.0,CHHAT072-OW,25.244444,79.963889
2013-01-01,0.1,CHHAT072-OW,25.244444,79.963889
2013-02-01,80.0,CHHAT072-OW,25.244444,79.963889
2013-03-01,3.0,CHHAT072-OW,25.244444,79.963889
2013-04-01,2.9,CHHAT072-OW,25.244444,79.963889
2013-05-01,0.0,CHHAT072-OW,25.244444,79.963889
2013-06-01,303.5,CHHAT072-OW,25.244444,79.963889
2013-07-01,367.6,CHHAT072-OW,25.244444,79.963889
2013-08-01,325.8,CHHAT072-OW,25.244444,79.963889
2013-09-01,55.3,CHHAT072-OW,25.244444,79.963889
2013-10-01,94.3,CHHAT072-OW,25.244444,79.963889
2013-11-01,0.1,CHHAT072-OW,25.244444,79.963889
2013-12-01,2.7,CHHAT072-OW,25.244444,79.963889
2014-01-01,71.39999999999999,CHHAT072-OW,25.244444,79.963889
2014-02-01,45.199999999999996,CHHAT072-OW,25.244444,79.963889
2014-03-01,6.5,CHHAT072-OW,25.244444,79.963889
2014-04-01,10.3,CHHAT072-OW,25.244444,79.963889
2014-05-01,0.1,CHHAT072-OW,25.244444,79.963889
2014-06-01,11.0,CHHAT072-OW,25.244444,79.963889
2014-07-01,387.59999999999997,CHHAT072-OW,25.244444,79.963889
2014-08-01,147.0,CHHAT072-OW,25.244444,79.963889
2014-09-01,115.7,CHHAT072-OW,25.244444,79.963889
2014-10-01,28.3,CHHAT072-OW,25.244444,79.963889
2014-11-01,0.0,CHHAT072-OW,25.244444,79.963889
2014-12-01,45.9,CHHAT072-OW,25.244444,79.963889
2015-01-01,67.3,CHHAT072-OW,25.244444,79.963889
2015-02-01,15.4,CHHAT072-OW,25.244444,79.963889
2015-03-01,96.7,CHHAT072-OW,25.244444,79.963889
2015-04-01,24.3,CHHAT072-OW,25.244444,79.963889
2015-05-01,4.8,CHHAT072-OW,25.244444,79.963889
2015-06-01,66.6,CHHAT072-OW,25.244444,79.963889
2015-07-01,126.3,CHHAT072-OW,25.244444,79.963889
2015-08-01,179.39999999999998,CHHAT072-OW,25.244444,79.963889
2015-09-01,49.099999999999994,CHHAT072-OW,25.244444,79.963889
2015-10-01,60.800000000000004,CHHAT072-OW,25.244444,79.963889
2015-11-01,2.8,CHHAT072-OW,25.244444,79.963889
2015-12-01,9.5,CHHAT072-OW,25.244444,79.963889
2016-01-01,11.9,CHHAT072-OW,25.244444,79.963889
2016-02-01,3.8,CHHAT072-OW,25.244444,79.963889
2016-03-01,26.0,CHHAT072-OW,25.244444,79.963889
2016-04-01,0.7,CHHAT072-OW,25.244444,79.963889
2016-05-01,10.200000000000001,CHHAT072-OW,25.244444,79.963889
2016-06-01,57.2,CHHAT072-OW,25.244444,79.963889
2016-07-01,427.5,CHHAT072-OW,25.244444,79.963889
2016-08-01,435.4,CHHAT072-OW,25.244444,79.963889
2016-09-01,92.4,CHHAT072-OW,25.244444,79.963889
2016-10-01,35.5,CHHAT072-OW,25.244444,79.963889
2016-11-01,0.0,CHHAT072-OW,25.244444,79.963889
2016-12-01,0.0,CHHAT072-OW,25.244444,79.963889
2017-01-01,7.3999999999999995,CHHAT072-OW,25.244444,79.963889
2017-02-01,0.5,CHHAT072-OW,25.244444,79.963889
2017-03-01,2.7,CHHAT072-OW,25.244444,79.963889
2017-04-01,0.4,CHHAT072-OW,25.244444,79.963889
2017-05-01,4.6,CHHAT072-OW,25.244444,79.963889
2017-06-01,78.5,CHHAT072-OW,25.244444,79.963889
2017-07-01,393.8,CHHAT072-OW,25.244444,79.963889
2017-08-01,165.7,CHHAT072-OW,25.244444,79.963889
2017-09-01,116.3,CHHAT072-OW,25.244444,79.963889
2017-10-01,8.4,CHHAT072-OW,25.244444,79.963889
2017-11-01,0.1,CHHAT072-OW,25.244444,79.963889
2017-12-01,0.1,CHHAT072-OW,25.244444,79.963889
2018-01-01,0.2,CHHAT072-OW,25.244444,79.963889
2018-02-01,21.8,CHHAT072-OW,25.244444,79.963889
2018-03-01,0.4,CHHAT072-OW,25.244444,79.963889
2018-04-01,16.2,CHHAT072-OW,25.244444,79.963889
2018-05-01,14.7,CHHAT072-OW,25.244444,79.963889
2018-06-01,62.6,CHHAT072-OW,25.244444,79.963889
2018-07-01,446.2,CHHAT072-OW,25.244444,79.963889
2018-08-01,393.3,CHHAT072-OW,25.244444,79.963889
2018-09-01,194.8,CHHAT072-OW,25.244444,79.963889
2018-10-01,0.8999999999999999,CHHAT072-OW,25.244444,79.963889
2018-11-01,0.0,CHHAT072-OW,25.244444,79.963889
2018-12-01,0.1,CHHAT072-OW,25.244444,79.963889
2019-01-01,9.100000000000001,CHHAT072-OW,25.244444,79.963889
2019-02-01,10.2,CHHAT072-OW,25.244444,79.963889
2019-03-01,7.300000000000001,CHHAT072-OW,25.244444,79.963889
2019-04-01,14.5,CHHAT072-OW,25.244444,79.963889
2019-05-01,0.1,CHHAT072-OW,25.244444,79.963889
2019-06-01,27.4,CHHAT072-OW,25.244444,79.963889
2019-07-01,376.3,CHHAT072-OW,25.244444,79.963889
2019-08-01,385.90000000000003,CHHAT072-OW,25.244444,79.963889
2019-09-01,422.9,CHHAT072-OW,25.244444,79.963889
2019-10-01,62.599999999999994,CHHAT072-OW,25.244444,79.963889
2019-11-01,7.800000000000001,CHHAT072-OW,25.244444,79.963889
2019-12-01,31.6,CHHAT072-OW,25.244444,79.963889
2020-01-01,42.3,CHHAT072-OW,25.244444,79.963889
2020-02-01,9.799999999999999,CHHAT072-OW,25.244444,79.963889
2020-03-01,11.4,CHHAT072-OW,25.244444,79.963889
2020-04-01,1.2000000000000002,CHHAT072-OW,25.244444,79.963889
2020-05-01,11.6,CHHAT072-OW,25.244444,79.963889
2020-06-01,163.5,CHHAT072-OW,25.244444,79.963889
2020-07-01,298.6,CHHAT072-OW,25.244444,79.963889
2020-08-01,383.2,CHHAT072-OW,25.244444,79.963889
2020-09-01,114.3,CHHAT072-OW,25.244444,79.963889
2020-10-01,0.7,CHHAT072-OW,25.244444,79.963889
2020-11-01,6.8,CHHAT072-OW,25.244444,79.963889
2020-12-01,22.299999999999997,CHHAT072-OW,25.244444,79.963889
2021-01-01,2.6,CHHAT072-OW,25.244444,79.963889
2021-02-01,7.3,CHHAT072-OW,25.244444,79.963889
2021-03-01,1.8,CHHAT072-OW,25.244444,79.963889
2021-04-01,0.0,CHHAT072-OW,25.244444,79.963889
2021-05-01,66.5,CHHAT072-OW,25.244444,79.963889
2021-06-01,65.6,CHHAT072-OW,25.244444,79.963889
2021-07-01,405.79999999999995,CHHAT072-OW,25.244444,79.963889
2021-08-01,290.0,CHHAT072-OW,25.244444,79.963889
2021-09-01,182.79999999999998,CHHAT072-OW,25.244444,79.963889
2021-10-01,62.5,CHHAT072-OW,25.244444,79.963889
2021-11-01,0.0,CHHAT072-OW,25.244444,79.963889
2021-12-01,2.8000000000000003,CHHAT072-OW,25.244444,79.963889
2022-01-01,97.5,CHHAT072-OW,25.244444,79.963889
2022-02-01,0.0,CHHAT072-OW,25.244444,79.963889
2022-03-01,0.0,CHHAT072-OW,25.244444,79.963889
2022-04-01,0.0,CHHAT072-OW,25.244444,79.963889
2022-05-01,0.8,CHHAT072-OW,25.244444,79.963889
2022-06-01,92.4,CHHAT072-OW,25.244444,79.963889
2022-07-01,339.3,CHHAT072-OW,25.244444,79.963889
2022-08-01,287.0,CHHAT072-OW,25.244444,79.963889
2022-09-01,251.3,CHHAT072-OW,25.244444,79.963889
2022-10-01,110.3,CHHAT072-OW,25.244444,79.963889
2022-11-01,0.1,CHHAT072-OW,25.244444,79.963889
2022-12-01,0.8,CHHAT072-OW,25.244444,79.963889
2023-01-01,33.0,CHHAT072-OW,25.244444,79.963889
2023-02-01,0.0,CHHAT072-OW,25.244444,79.963889
2023-03-01,21.7,CHHAT072-OW,25.244444,79.963889
2023-04-01,25.8,CHHAT072-OW,25.244444,79.963889
2023-05-01,29.7,CHHAT072-OW,25.244444,79.963889
2023-06-01,206.7,CHHAT072-OW,25.244444,79.963889
2023-07-01,259.1,CHHAT072-OW,25.244444,79.963889
2023-08-01,342.59999999999997,CHHAT072-OW,25.244444,79.963889
2023-09-01,174.9,CHHAT072-OW,25.244444,79.963889
2023-10-01,12.3,CHHAT072-OW,25.244444,79.963889
2023-11-01,8.5,CHHAT072-OW,25.244444,79.963889
2023-12-01,2.8,CHHAT072-OW,25.244444,79.963889
2024-01-01,42.800000000000004,CHHAT072-OW,25.244444,79.963889
2024-02-01,50.0,CHHAT072-OW,25.244444,79.963889
2024-03-01,9.8,CHHAT072-OW,25.244444,79.963889
2024-04-01,7.6000000000000005,CHHAT072-OW,25.244444,79.963889
2024-05-01,1.0,CHHAT072-OW,25.244444,79.963889
2024-06-01,129.9,CHHAT072-OW,25.244444,79.963889
2024-07-01,254.8,CHHAT072-OW,25.244444,79.963889
2024-08-01,343.8,CHHAT072-OW,25.244444,79.963889
2024-09-01,305.4,CHHAT072-OW,25.244444,79.963889
2024-10-01,4.2,CHHAT072-OW,25.244444,79.963889
2024-11-01,0.1,CHHAT072-OW,25.244444,79.963889
2024-12-01,37.9,CHHAT072-OW,25.244444,79.963889
1976-01-01,23.0,CHHAT006-OW,25.193889,80.053889
1976-02-01,0.1,CHHAT006-OW,25.193889,80.053889
1976-03-01,7.1000000000000005,CHHAT006-OW,25.193889,80.053889
1976-04-01,8.8,CHHAT006-OW,25.193889,80.053889
1976-05-01,9.1,CHHAT006-OW,25.193889,80.053889
1976-06-01,61.7,CHHAT006-OW,25.193889,80.053889
1976-07-01,288.7,CHHAT006-OW,25.193889,80.053889
1976-08-01,360.0,CHHAT006-OW,25.193889,80.053889
1976-09-01,162.6,CHHAT006-OW,25.193889,80.053889
1976-10-01,0.2,CHHAT006-OW,25.193889,80.053889
1976-11-01,15.9,CHHAT006-OW,25.193889,80.053889
1976-12-01,0.0,CHHAT006-OW,25.193889,80.053889
1977-01-01,18.1,CHHAT006-OW,25.193889,80.053889
1977-02-01,2.9,CHHAT006-OW,25.193889,80.053889
1977-03-01,3.4999999999999996,CHHAT006-OW,25.193889,80.053889
1977-04-01,6.2,CHHAT006-OW,25.193889,80.053889
1977-05-01,5.2,CHHAT006-OW,25.193889,80.053889
1977-06-01,152.3,CHHAT006-OW,25.193889,80.053889
1977-07-01,388.0,CHHAT006-OW,25.193889,80.053889
1977-08-01,231.3,CHHAT006-OW,25.193889,80.053889
1977-09-01,104.89999999999999,CHHAT006-OW,25.193889,80.053889
1977-10-01,25.8,CHHAT006-OW,25.193889,80.053889
1977-11-01,7.9,CHHAT006-OW,25.193889,80.053889
1977-12-01,12.299999999999999,CHHAT006-OW,25.193889,80.053889
1978-01-01,21.2,CHHAT006-OW,25.193889,80.053889
1978-02-01,48.1,CHHAT006-OW,25.193889,80.053889
1978-03-01,24.5,CHHAT006-OW,25.193889,80.053889
1978-04-01,1.9,CHHAT006-OW,25.193889,80.053889
1978-05-01,0.0,CHHAT006-OW,25.193889,80.053889
1978-06-01,200.3,CHHAT006-OW,25.193889,80.053889
1978-07-01,253.7,CHHAT006-OW,25.193889,80.053889
1978-08-01,190.3,CHHAT006-OW,25.193889,80.053889
1978-09-01,320.3,CHHAT006-OW,25.193889,80.053889
1978-10-01,0.4,CHHAT006-OW,25.193889,80.053889
1978-11-01,26.2,CHHAT006-OW,25.193889,80.053889
1978-12-01,18.9,CHHAT006-OW,25.193889,80.053889
1979-01-01,25.2,CHHAT006-OW,25.193889,80.053889
1979-02-01,34.5,CHHAT006-OW,25.193889,80.053889
1979-03-01,4.1,CHHAT006-OW,25.193889,80.053889
1979-04-01,0.0,CHHAT006-OW,25.193889,80.053889
1979-05-01,22.2,CHHAT006-OW,25.193889,80.053889
1979-06-01,215.3,CHHAT006-OW,25.193889,80.053889
1979-07-01,261.9,CHHAT006-OW,25.193889,80.053889
1979-08-01,81.7,CHHAT006-OW,25.193889,80.053889
1979-09-01,6.5,CHHAT006-OW,25.193889,80.053889
1979-10-01,1.1,CHHAT006-OW,25.193889,80.053889
1979-11-01,66.7,CHHAT006-OW,25.193889,80.053889
1979-12-01,0.2,CHHAT006-OW,25.193889,80.053889
1980-01-01,5.9,CHHAT006-OW,25.193889,80.053889
1980-02-01,4.7,CHHAT006-OW,25.193889,80.053889
1980-03-01,1.5,CHHAT006-OW,25.193889,80.053889
1980-04-01,0.1,CHHAT006-OW,25.193889,80.053889
1980-05-01,0.5,CHHAT006-OW,25.193889,80.053889
1980-06-01,160.6,CHHAT006-OW,25.193889,80.053889
1980-07-01,393.2,CHHAT006-OW,25.193889,80.053889
1980-08-01,591.9,CHHAT006-OW,25.193889,80.053889
1980-09-01,164.5,CHHAT006-OW,25.193889,80.053889
1980-10-01,0.8,CHHAT006-OW,25.193889,80.053889
1980-11-01,0.0,CHHAT006-OW,25.193889,80.053889
1980-12-01,40.1,CHHAT006-OW,25.193889,80.053889
1981-01-01,2.2,CHHAT006-OW,25.193889,80.053889
1981-02-01,0.6,CHHAT006-OW,25.193889,80.053889
1981-03-01,10.700000000000001,CHHAT006-OW,25.193889,80.053889
1981-04-01,0.4,CHHAT006-OW,25.193889,80.053889
1981-05-01,7.199999999999999,CHHAT006-OW,25.193889,80.053889
1981-06-01,99.3,CHHAT006-OW,25.193889,80.053889
1981-07-01,243.3,CHHAT006-OW,25.193889,80.053889
1981-08-01,131.3,CHHAT006-OW,25.193889,80.053889
1981-09-01,181.60000000000002,CHHAT006-OW,25.193889,80.053889
1981-10-01,1.7,CHHAT006-OW,25.193889,80.053889
1981-11-01,3.6,CHHAT006-OW,25.193889,80.053889
1981-12-01,2.1,CHHAT006-OW,25.193889,80.053889
1982-01-01,45.6,CHHAT006-OW,25.193889,80.053889
1982-02-01,3.2,CHHAT006-OW,25.193889,80.053889
1982-03-01,6.1,CHHAT006-OW,25.193889,80.053889
1982-04-01,2.2,CHHAT006-OW,25.193889,80.053889
1982-05-01,12.1,CHHAT006-OW,25.193889,80.053889
1982-06-01,41.300000000000004,CHHAT006-OW,25.193889,80.053889
1982-07-01,246.2,CHHAT006-OW,25.193889,80.053889
1982-08-01,329.8,CHHAT006-OW,25.193889,80.053889
1982-09-01,168.4,CHHAT006-OW,25.193889,80.053889
1982-10-01,5.699999999999999,CHHAT006-OW,25.193889,80.053889
1982-11-01,36.2,CHHAT006-OW,25.193889,80.053889
1982-12-01,2.5,CHHAT006-OW,25.193889,80.053889
1983-01-01,22.8,CHHAT006-OW,25.193889,80.053889
1983-02-01,0.2,CHHAT006-OW,25.193889,80.053889
1983-03-01,0.5,CHHAT006-OW,25.193889,80.053889
1983-04-01,32.6,CHHAT006-OW,25.193889,80.053889
1983-05-01,19.3,CHHAT006-OW,25.193889,80.053889
1983-06-01,56.4,CHHAT006-OW,25.193889,80.053889
1983-07-01,297.7,CHHAT006-OW,25.193889,80.053889
1983-08-01,240.8,CHHAT006-OW,25.193889,80.053889
1983-09-01,272.1,CHHAT006-OW,25.193889,80.053889
1983-10-01,63.1,CHHAT006-OW,25.193889,80.053889
1983-11-01,0.0,CHHAT006-OW,25.193889,80.053889
1983-12-01,1.5,CHHAT006-OW,25.193889,80.053889
1984-01-01,15.7,CHHAT006-OW,25.193889,80.053889
1984-02-01,33.0,CHHAT006-OW,25.193889,80.053889
1984-03-01,0.0,CHHAT006-OW,25.193889,80.053889
1984-04-01,0.5,CHHAT006-OW,25.193889,80.053889
1984-05-01,1.2000000000000002,CHHAT006-OW,25.193889,80.053889
1984-06-01,121.8,CHHAT006-OW,25.193889,80.053889
1984-07-01,199.9,CHHAT006-OW,25.193889,80.053889
1984-08-01,293.5,CHHAT006-OW,25.193889,80.053889
1984-09-01,99.8,CHHAT006-OW,25.193889,80.053889
1984-10-01,0.9,CHHAT006-OW,25.193889,80.053889
1984-11-01,0.0,CHHAT006-OW,25.193889,80.053889
1984-12-01,5.0,CHHAT006-OW,25.193889,80.053889
1985-01-01,23.0,CHHAT006-OW,25.193889,80.053889
1985-02-01,0.0,CHHAT006-OW,25.193889,80.053889
1985-03-01,0.0,CHHAT006-OW,25.193889,80.053889
1985-04-01,4.6,CHHAT006-OW,25.193889,80.053889
1985-05-01,3.6,CHHAT006-OW,25.193889,80.053889
1985-06-01,21.6,CHHAT006-OW,25.193889,80.053889
1985-07-01,275.9,CHHAT006-OW,25.193889,80.053889
1985-08-01,157.9,CHHAT006-OW,25.193889,80.053889
1985-09-01,136.4,CHHAT006-OW,25.193889,80.053889
1985-10-01,131.4,CHHAT006-OW,25.193889,80.053889
1985-11-01,0.0,CHHAT006-OW,25.193889,80.053889
1985-12-01,0.7,CHHAT006-OW,25.193889,80.053889
1986-01-01,51.400000000000006,CHHAT006-OW,25.193889,80.053889
1986-02-01,70.1,CHHAT006-OW,25.193889,80.053889
1986-03-01,0.5,CHHAT006-OW,25.193889,80.053889
1986-04-01,1.1,CHHAT006-OW,25.193889,80.053889
1986-05-01,7.0,CHHAT006-OW,25.193889,80.053889
1986-06-01,125.6,CHHAT006-OW,25.193889,80.053889
1986-07-01,268.6,CHHAT006-OW,25.193889,80.053889
1986-08-01,203.3,CHHAT006-OW,25.193889,80.053889
1986-09-01,91.0,CHHAT006-OW,25.193889,80.053889
1986-10-01,6.6000000000000005,CHHAT006-OW,25.193889,80.053889
1986-11-01,0.0,CHHAT006-OW,25.193889,80.053889
1986-12-01,41.4,CHHAT006-OW,25.193889,80.053889
1987-01-01,37.900000000000006,CHHAT006-OW,25.193889,80.053889
1987-02-01,9.9,CHHAT006-OW,25.193889,80.053889
1987-03-01,0.8,CHHAT006-OW,25.193889,80.053889
1987-04-01,0.6,CHHAT006-OW,25.193889,80.053889
1987-05-01,0.9,CHHAT006-OW,25.193889,80.053889
1987-06-01,2.1,CHHAT006-OW,25.193889,80.053889
1987-07-01,86.6,CHHAT006-OW,25.193889,80.053889
1987-08-01,165.20000000000002,CHHAT006-OW,25.193889,80.053889
1987-09-01,319.0,CHHAT006-OW,25.193889,80.053889
1987-10-01,78.9,CHHAT006-OW,25.193889,80.053889
1987-11-01,0.0,CHHAT006-OW,25.193889,80.053889
1987-12-01,8.0,CHHAT006-OW,25.193889,80.053889
1988-01-01,5.7,CHHAT006-OW,25.193889,80.053889
1988-02-01,11.2,CHHAT006-OW,25.193889,80.053889
1988-03-01,1.4000000000000001,CHHAT006-OW,25.193889,80.053889
1988-04-01,4.1,CHHAT006-OW,25.193889,80.053889
1988-05-01,0.7,CHHAT006-OW,25.193889,80.053889
1988-06-01,162.7,CHHAT006-OW,25.193889,80.053889
1988-07-01,372.7,CHHAT006-OW,25.193889,80.053889
1988-08-01,198.9,CHHAT006-OW,25.193889,80.053889
1988-09-01,100.10000000000001,CHHAT006-OW,25.193889,80.053889
1988-10-01,48.8,CHHAT006-OW,25.193889,80.053889
1988-11-01,0.0,CHHAT006-OW,25.193889,80.053889
1988-12-01,0.1,CHHAT006-OW,25.193889,80.053889
1989-01-01,0.7,CHHAT006-OW,25.193889,80.053889
1989-02-01,0.1,CHHAT006-OW,25.193889,80.053889
1989-03-01,14.6,CHHAT006-OW,25.193889,80.053889
1989-04-01,0.5,CHHAT006-OW,25.193889,80.053889
1989-05-01,0.1,CHHAT006-OW,25.193889,80.053889
1989-06-01,307.40000000000003,CHHAT006-OW,25.193889,80.053889
1989-07-01,286.1,CHHAT006-OW,25.193889,80.053889
1989-08-01,213.4,CHHAT006-OW,25.193889,80.053889
1989-09-01,92.8,CHHAT006-OW,25.193889,80.053889
1989-10-01,1.4000000000000001,CHHAT006-OW,25.193889,80.053889
1989-11-01,1.5,CHHAT006-OW,25.193889,80.053889
1989-12-01,40.4,CHHAT006-OW,25.193889,80.053889
1990-01-01,0.5,CHHAT006-OW,25.193889,80.053889
1990-02-01,48.49999999999999,CHHAT006-OW,25.193889,80.053889
1990-03-01,5.6,CHHAT006-OW,25.193889,80.053889
1990-04-01,2.5,CHHAT006-OW,25.193889,80.053889
1990-05-01,10.0,CHHAT006-OW,25.193889,80.053889
1990-06-01,252.2,CHHAT006-OW,25.193889,80.053889
1990-07-01,316.0,CHHAT006-OW,25.193889,80.053889
1990-08-01,276.7,CHHAT006-OW,25.193889,80.053889
1990-09-01,270.7,CHHAT006-OW,25.193889,80.053889
1990-10-01,8.7,CHHAT006-OW,25.193889,80.053889
1990-11-01,0.4,CHHAT006-OW,25.193889,80.053889
1990-12-01,11.299999999999999,CHHAT006-OW,25.193889,80.053889
1991-01-01,17.3,CHHAT006-OW,25.193889,80.053889
1991-02-01,14.000000000000002,CHHAT006-OW,25.193889,80.053889
1991-03-01,10.8,CHHAT006-OW,25.193889,80.053889
1991-04-01,0.9,CHHAT006-OW,25.193889,80.053889
1991-05-01,2.3,CHHAT006-OW,25.193889,80.053889
1991-06-01,33.1,CHHAT006-OW,25.193889,80.053889
1991-07-01,240.3,CHHAT006-OW,25.193889,80.053889
1991-08-01,526.1,CHHAT006-OW,25.193889,80.053889
1991-09-01,120.8,CHHAT006-OW,25.193889,80.053889
1991-10-01,0.0,CHHAT006-OW,25.193889,80.053889
1991-11-01,1.3,CHHAT006-OW,25.193889,80.053889
1991-12-01,26.0,CHHAT006-OW,25.193889,80.053889
1992-01-01,2.1,CHHAT006-OW,25.193889,80.053889
1992-02-01,0.0,CHHAT006-OW,25.193889,80.053889
1992-03-01,2.4000000000000004,CHHAT006-OW,25.193889,80.053889
1992-04-01,0.6,CHHAT006-OW,25.193889,80.053889
1992-05-01,5.2,CHHAT006-OW,25.193889,80.053889
1992-06-01,10.1,CHHAT006-OW,25.193889,80.053889
1992-07-01,197.5,CHHAT006-OW,25.193889,80.053889
1992-08-01,388.5,CHHAT006-OW,25.193889,80.053889
1992-09-01,203.0,CHHAT006-OW,25.193889,80.053889
1992-10-01,24.099999999999998,CHHAT006-OW,25.193889,80.053889
1992-11-01,0.6,CHHAT006-OW,25.193889,80.053889
1992-12-01,0.0,CHHAT006-OW,25.193889,80.053889
1993-01-01,1.5999999999999999,CHHAT006-OW,25.193889,80.053889
1993-02-01,17.1,CHHAT006-OW,25.193889,80.053889
1993-03-01,6.300000000000001,CHHAT006-OW,25.193889,80.053889
1993-04-01,3.1999999999999997,CHHAT006-OW,25.193889,80.053889
1993-05-01,4.2,CHHAT006-OW,25.193889,80.053889
1993-06-01,134.4,CHHAT006-OW,25.193889,80.053889
1993-07-01,160.1,CHHAT006-OW,25.193889,80.053889
1993-08-01,118.4,CHHAT006-OW,25.193889,80.053889
1993-09-01,326.9,CHHAT006-OW,25.193889,80.053889
1993-10-01,1.3,CHHAT006-OW,25.193889,80.053889
1993-11-01,0.0,CHHAT006-OW,25.193889,80.053889
1993-12-01,0.0,CHHAT006-OW,25.193889,80.053889
1994-01-01,37.9,CHHAT006-OW,25.193889,80.053889
1994-02-01,35.699999999999996,CHHAT006-OW,25.193889,80.053889
1994-03-01,0.0,CHHAT006-OW,25.193889,80.053889
1994-04-01,6.800000000000001,CHHAT006-OW,25.193889,80.053889
1994-05-01,2.1,CHHAT006-OW,25.193889,80.053889
1994-06-01,127.3,CHHAT006-OW,25.193889,80.053889
1994-07-01,290.7,CHHAT006-OW,25.193889,80.053889
1994-08-01,253.6,CHHAT006-OW,25.193889,80.053889
1994-09-01,74.7,CHHAT006-OW,25.193889,80.053889
1994-10-01,4.7,CHHAT006-OW,25.193889,80.053889
1994-11-01,0.0,CHHAT006-OW,25.193889,80.053889
1994-12-01,0.0,CHHAT006-OW,25.193889,80.053889
1995-01-01,40.9,CHHAT006-OW,25.193889,80.053889
1995-02-01,6.5,CHHAT006-OW,25.193889,80.053889
1995-03-01,14.5,CHHAT006-OW,25.193889,80.053889
1995-04-01,1.7000000000000002,CHHAT006-OW,25.193889,80.053889
1995-05-01,2.1999999999999997,CHHAT006-OW,25.193889,80.053889
1995-06-01,43.1,CHHAT006-OW,25.193889,80.053889
1995-07-01,189.5,CHHAT006-OW,25.193889,80.053889
1995-08-01,543.1,CHHAT006-OW,25.193889,80.053889
1995-09-01,161.9,CHHAT006-OW,25.193889,80.053889
1995-10-01,0.7,CHHAT006-OW,25.193889,80.053889
1995-11-01,0.0,CHHAT006-OW,25.193889,80.053889
1995-12-01,18.4,CHHAT006-OW,25.193889,80.053889
1996-01-01,31.5,CHHAT006-OW,25.193889,80.053889
1996-02-01,35.4,CHHAT006-OW,25.193889,80.053889
1996-03-01,10.200000000000001,CHHAT006-OW,25.193889,80.053889
1996-04-01,4.3999999999999995,CHHAT006-OW,25.193889,80.053889
1996-05-01,1.2,CHHAT006-OW,25.193889,80.053889
1996-06-01,34.3,CHHAT006-OW,25.193889,80.053889
1996-07-01,275.0,CHHAT006-OW,25.193889,80.053889
1996-08-01,325.1,CHHAT006-OW,25.193889,80.053889
1996-09-01,165.10000000000002,CHHAT006-OW,25.193889,80.053889
1996-10-01,78.0,CHHAT006-OW,25.193889,80.053889
1996-11-01,0.0,CHHAT006-OW,25.193889,80.053889
1996-12-01,0.0,CHHAT006-OW,25.193889,80.053889
1997-01-01,3.1,CHHAT006-OW,25.193889,80.053889
1997-02-01,0.0,CHHAT006-OW,25.193889,80.053889
1997-03-01,1.3,CHHAT006-OW,25.193889,80.053889
1997-04-01,13.399999999999999,CHHAT006-OW,25.193889,80.053889
1997-05-01,6.7,CHHAT006-OW,25.193889,80.053889
1997-06-01,74.4,CHHAT006-OW,25.193889,80.053889
1997-07-01,394.3,CHHAT006-OW,25.193889,80.053889
1997-08-01,336.8,CHHAT006-OW,25.193889,80.053889
1997-09-01,125.6,CHHAT006-OW,25.193889,80.053889
1997-10-01,59.4,CHHAT006-OW,25.193889,80.053889
1997-11-01,35.5,CHHAT006-OW,25.193889,80.053889
1997-12-01,67.4,CHHAT006-OW,25.193889,80.053889
1998-01-01,0.7999999999999999,CHHAT006-OW,25.193889,80.053889
1998-02-01,1.8,CHHAT006-OW,25.193889,80.053889
1998-03-01,23.4,CHHAT006-OW,25.193889,80.053889
1998-04-01,8.7,CHHAT006-OW,25.193889,80.053889
1998-05-01,8.6,CHHAT006-OW,25.193889,80.053889
1998-06-01,70.6,CHHAT006-OW,25.193889,80.053889
1998-07-01,327.4,CHHAT006-OW,25.193889,80.053889
1998-08-01,237.70000000000002,CHHAT006-OW,25.193889,80.053889
1998-09-01,90.5,CHHAT006-OW,25.193889,80.053889
1998-10-01,12.8,CHHAT006-OW,25.193889,80.053889
1998-11-01,6.1,CHHAT006-OW,25.193889,80.053889
1998-12-01,0.0,CHHAT006-OW,25.193889,80.053889
1999-01-01,2.3000000000000003,CHHAT006-OW,25.193889,80.053889
1999-02-01,25.6,CHHAT006-OW,25.193889,80.053889
1999-03-01,0.0,CHHAT006-OW,25.193889,80.053889
1999-04-01,0.4,CHHAT006-OW,25.193889,80.053889
1999-05-01,3.0,CHHAT006-OW,25.193889,80.053889
1999-06-01,55.7,CHHAT006-OW,25.193889,80.053889
1999-07-01,292.40000000000003,CHHAT006-OW,25.193889,80.053889
1999-08-01,201.4,CHHAT006-OW,25.193889,80.053889
1999-09-01,261.5,CHHAT006-OW,25.193889,80.053889
1999-10-01,52.7,CHHAT006-OW,25.193889,80.053889
1999-11-01,0.1,CHHAT006-OW,25.193889,80.053889
1999-12-01,0.0,CHHAT006-OW,25.193889,80.053889
2000-01-01,0.4,CHHAT006-OW,25.193889,80.053889
2000-02-01,0.30000000000000004,CHHAT006-OW,25.193889,80.053889
2000-03-01,0.0,CHHAT006-OW,25.193889,80.053889
2000-04-01,1.2,CHHAT006-OW,25.193889,80.053889
2000-05-01,47.0,CHHAT006-OW,25.193889,80.053889
2000-06-01,188.2,CHHAT006-OW,25.193889,80.053889
2000-07-01,256.2,CHHAT006-OW,25.193889,80.053889
2000-08-01,145.6,CHHAT006-OW,25.193889,80.053889
2000-09-01,51.2,CHHAT006-OW,25.193889,80.053889
2000-10-01,0.0,CHHAT006-OW,25.193889,80.053889
2000-11-01,0.1,CHHAT006-OW,25.193889,80.053889
2000-12-01,2.5,CHHAT006-OW,25.193889,80.053889
2001-01-01,0.5,CHHAT006-OW,25.193889,80.053889
2001-02-01,2.5,CHHAT006-OW,25.193889,80.053889
2001-03-01,1.9,CHHAT006-OW,25.193889,80.053889
2001-04-01,13.5,CHHAT006-OW,25.193889,80.053889
2001-05-01,19.7,CHHAT006-OW,25.193889,80.053889
2001-06-01,296.6,CHHAT006-OW,25.193889,80.053889
2001-07-01,335.0,CHHAT006-OW,25.193889,80.053889
2001-08-01,154.1,CHHAT006-OW,25.193889,80.053889
2001-09-01,40.8,CHHAT006-OW,25.193889,80.053889
2001-10-01,92.2,CHHAT006-OW,25.193889,80.053889
2001-11-01,2.4000000000000004,CHHAT006-OW,25.193889,80.053889
2001-12-01,0.0,CHHAT006-OW,25.193889,80.053889
2002-01-01,14.799999999999999,CHHAT006-OW,25.193889,80.053889
2002-02-01,17.4,CHHAT006-OW,25.193889,80.053889
2002-03-01,0.1,CHHAT006-OW,25.193889,80.053889
2002-04-01,0.5,CHHAT006-OW,25.193889,80.053889
2002-05-01,8.5,CHHAT006-OW,25.193889,80.053889
2002-06-01,49.0,CHHAT006-OW,25.193889,80.053889
2002-07-01,96.6,CHHAT006-OW,25.193889,80.053889
2002-08-01,333.3,CHHAT006-OW,25.193889,80.053889
2002-09-01,143.0,CHHAT006-OW,25.193889,80.053889
2002-10-01,33.300000000000004,CHHAT006-OW,25.193889,80.053889
2002-11-01,6.8,CHHAT006-OW,25.193889,80.053889
2002-12-01,18.7,CHHAT006-OW,25.193889,80.053889
2003-01-01,13.100000000000001,CHHAT006-OW,25.193889,80.053889
2003-02-01,25.8,CHHAT006-OW,25.193889,80.053889
2003-03-01,4.3999999999999995,CHHAT006-OW,25.193889,80.053889
2003-04-01,1.6,CHHAT006-OW,25.193889,80.053889
2003-05-01,3.5,CHHAT006-OW,25.193889,80.053889
2003-06-01,83.89999999999999,CHHAT006-OW,25.193889,80.053889
2003-07-01,340.8,CHHAT006-OW,25.193889,80.053889
2003-08-01,222.6,CHHAT006-OW,25.193889,80.053889
2003-09-01,420.2,CHHAT006-OW,25.193889,80.053889
2003-10-01,0.8,CHHAT006-OW,25.193889,80.053889
2003-11-01,0.0,CHHAT006-OW,25.193889,80.053889
2003-12-01,15.0,CHHAT006-OW,25.193889,80.053889
2004-01-01,46.400000000000006,CHHAT006-OW,25.193889,80.053889
2004-02-01,0.0,CHHAT006-OW,25.193889,80.053889
2004-03-01,0.0,CHHAT006-OW,25.193889,80.053889
2004-04-01,5.6,CHHAT006-OW,25.193889,80.053889
2004-05-01,0.3,CHHAT006-OW,25.193889,80.053889
2004-06-01,139.1,CHHAT006-OW,25.193889,80.053889
2004-07-01,232.70000000000002,CHHAT006-OW,25.193889,80.053889
2004-08-01,214.1,CHHAT006-OW,25.193889,80.053889
2004-09-01,169.1,CHHAT006-OW,25.193889,80.053889
2004-10-01,6.3,CHHAT006-OW,25.193889,80.053889
2004-11-01,1.5,CHHAT006-OW,25.193889,80.053889
2004-12-01,0.0,CHHAT006-OW,25.193889,80.053889
2005-01-01,16.0,CHHAT006-OW,25.193889,80.053889
2005-02-01,0.5,CHHAT006-OW,25.193889,80.053889
2005-03-01,32.5,CHHAT006-OW,25.193889,80.053889
2005-04-01,2.2,CHHAT006-OW,25.193889,80.053889
2005-05-01,2.7,CHHAT006-OW,25.193889,80.053889
2005-06-01,113.2,CHHAT006-OW,25.193889,80.053889
2005-07-01,405.3,CHHAT006-OW,25.193889,80.053889
2005-08-01,98.4,CHHAT006-OW,25.193889,80.053889
2005-09-01,150.20000000000002,CHHAT006-OW,25.193889,80.053889
2005-10-01,5.9,CHHAT006-OW,25.193889,80.053889
2005-11-01,0.0,CHHAT006-OW,25.193889,80.053889
2005-12-01,4.3,CHHAT006-OW,25.193889,80.053889
2006-01-01,0.0,CHHAT006-OW,25.193889,80.053889
2006-02-01,0.0,CHHAT006-OW,25.193889,80.053889
2006-03-01,44.199999999999996,CHHAT006-OW,25.193889,80.053889
2006-04-01,3.0,CHHAT006-OW,25.193889,80.053889
2006-05-01,6.8,CHHAT006-OW,25.193889,80.053889
2006-06-01,65.1,CHHAT006-OW,25.193889,80.053889
2006-07-01,271.1,CHHAT006-OW,25.193889,80.053889
2006-08-01,180.7,CHHAT006-OW,25.193889,80.053889
2006-09-01,46.8,CHHAT006-OW,25.193889,80.053889
2006-10-01,4.1,CHHAT006-OW,25.193889,80.053889
2006-11-01,1.4000000000000001,CHHAT006-OW,25.193889,80.053889
2006-12-01,0.0,CHHAT006-OW,25.193889,80.053889
2007-01-01,0.0,CHHAT006-OW,25.193889,80.053889
2007-02-01,75.1,CHHAT006-OW,25.193889,80.053889
2007-03-01,2.0,CHHAT006-OW,25.193889,80.053889
2007-04-01,3.3,CHHAT006-OW,25.193889,80.053889
2007-05-01,3.4,CHHAT006-OW,25.193889,80.053889
2007-06-01,66.5,CHHAT006-OW,25.193889,80.053889
2007-07-01,166.8,CHHAT006-OW,25.193889,80.053889
2007-08-01,255.1,CHHAT006-OW,25.193889,80.053889
2007-09-01,143.6,CHHAT006-OW,25.193889,80.053889
2007-10-01,0.5,CHHAT006-OW,25.193889,80.053889
2007-11-01,0.0,CHHAT006-OW,25.193889,80.053889
2007-12-01,3.0,CHHAT006-OW,25.193889,80.053889
2008-01-01,0.8,CHHAT006-OW,25.193889,80.053889
2008-02-01,1.9,CHHAT006-OW,25.193889,80.053889
2008-03-01,1.2,CHHAT006-OW,25.193889,80.053889
2008-04-01,5.0,CHHAT006-OW,25.193889,80.053889
2008-05-01,5.1,CHHAT006-OW,25.193889,80.053889
2008-06-01,485.1,CHHAT006-OW,25.193889,80.053889
2008-07-01,357.6,CHHAT006-OW,25.193889,80.053889
2008-08-01,282.2,CHHAT006-OW,25.193889,80.053889
2008-09-01,139.0,CHHAT006-OW,25.193889,80.053889
2008-10-01,3.3,CHHAT006-OW,25.193889,80.053889
2008-11-01,3.7,CHHAT006-OW,25.193889,80.053889
2008-12-01,0.0,CHHAT006-OW,25.193889,80.053889
2009-01-01,9.2,CHHAT006-OW,25.193889,80.053889
2009-02-01,0.3,CHHAT006-OW,25.193889,80.053889
2009-03-01,5.3,CHHAT006-OW,25.193889,80.053889
2009-04-01,10.5,CHHAT006-OW,25.193889,80.053889
2009-05-01,5.5,CHHAT006-OW,25.193889,80.053889
2009-06-01,35.9,CHHAT006-OW,25.193889,80.053889
2009-07-01,236.1,CHHAT006-OW,25.193889,80.053889
2009-08-01,123.4,CHHAT006-OW,25.193889,80.053889
2009-09-01,134.5,CHHAT006-OW,25.193889,80.053889
2009-10-01,120.2,CHHAT006-OW,25.193889,80.053889
2009-11-01,56.1,CHHAT006-OW,25.193889,80.053889
2009-12-01,3.8,CHHAT006-OW,25.193889,80.053889
2010-01-01,3.9000000000000004,CHHAT006-OW,25.193889,80.053889
2010-02-01,32.2,CHHAT006-OW,25.193889,80.053889
2010-03-01,0.0,CHHAT006-OW,25.193889,80.053889
2010-04-01,1.6,CHHAT006-OW,25.193889,80.053889
2010-05-01,3.6,CHHAT006-OW,25.193889,80.053889
2010-06-01,13.2,CHHAT006-OW,25.193889,80.053889
2010-07-01,267.8,CHHAT006-OW,25.193889,80.053889
2010-08-01,265.2,CHHAT006-OW,25.193889,80.053889
2010-09-01,171.5,CHHAT006-OW,25.193889,80.053889
2010-10-01,19.3,CHHAT006-OW,25.193889,80.053889
2010-11-01,20.1,CHHAT006-OW,25.193889,80.053889
2010-12-01,2.3000000000000003,CHHAT006-OW,25.193889,80.053889
2011-01-01,0.0,CHHAT006-OW,25.193889,80.053889
2011-02-01,10.500000000000002,CHHAT006-OW,25.193889,80.053889
2011-03-01,1.4,CHHAT006-OW,25.193889,80.053889
2011-04-01,0.8,CHHAT006-OW,25.193889,80.053889
2011-05-01,5.7,CHHAT006-OW,25.193889,80.053889
2011-06-01,324.0,CHHAT006-OW,25.193889,80.053889
2011-07-01,315.1,CHHAT006-OW,25.193889,80.053889
2011-08-01,230.9,CHHAT006-OW,25.193889,80.053889
2011-09-01,125.69999999999999,CHHAT006-OW,25.193889,80.053889
2011-10-01,0.30000000000000004,CHHAT006-OW,25.193889,80.053889
2011-11-01,0.0,CHHAT006-OW,25.193889,80.053889
2011-12-01,0.0,CHHAT006-OW,25.193889,80.053889
2012-01-01,23.6,CHHAT006-OW,25.193889,80.053889
2012-02-01,9.1,CHHAT006-OW,25.193889,80.053889
2012-03-01,2.4,CHHAT006-OW,25.193889,80.053889
2012-04-01,3.3000000000000003,CHHAT006-OW,25.193889,80.053889
2012-05-01,0.2,CHHAT006-OW,25.193889,80.053889
2012-06-01,11.6,CHHAT006-OW,25.193889,80.053889
2012-07-01,459.90000000000003,CHHAT006-OW,25.193889,80.053889
2012-08-01,312.7,CHHAT006-OW,25.193889,80.053889
2012-09-01,167.9,CHHAT006-OW,25.193889,80.053889
2012-10-01,0.2,CHHAT006-OW,25.193889,80.053889
2012-11-01,0.0,CHHAT006-OW,25.193889,80.053889
2012-12-01,0.0,CHHAT006-OW,25.193889,80.053889
2013-01-01,0.1,CHHAT006-OW,25.193889,80.053889
2013-02-01,80.0,CHHAT006-OW,25.193889,80.053889
2013-03-01,3.0,CHHAT006-OW,25.193889,80.053889
2013-04-01,2.9,CHHAT006-OW,25.193889,80.053889
2013-05-01,0.0,CHHAT006-OW,25.193889,80.053889
2013-06-01,303.5,CHHAT006-OW,25.193889,80.053889
2013-07-01,367.6,CHHAT006-OW,25.193889,80.053889
2013-08-01,325.8,CHHAT006-OW,25.193889,80.053889
2013-09-01,55.3,CHHAT006-OW,25.193889,80.053889
2013-10-01,94.3,CHHAT006-OW,25.193889,80.053889
2013-11-01,0.1,CHHAT006-OW,25.193889,80.053889
2013-12-01,2.7,CHHAT006-OW,25.193889,80.053889
2014-01-01,71.39999999999999,CHHAT006-OW,25.193889,80.053889
2014-02-01,45.199999999999996,CHHAT006-OW,25.193889,80.053889
2014-03-01,6.5,CHHAT006-OW,25.193889,80.053889
2014-04-01,10.3,CHHAT006-OW,25.193889,80.053889
2014-05-01,0.1,CHHAT006-OW,25.193889,80.053889
2014-06-01,11.0,CHHAT006-OW,25.193889,80.053889
2014-07-01,387.59999999999997,CHHAT006-OW,25.193889,80.053889
2014-08-01,147.0,CHHAT006-OW,25.193889,80.053889
2014-09-01,115.7,CHHAT006-OW,25.193889,80.053889
2014-10-01,28.3,CHHAT006-OW,25.193889,80.053889
2014-11-01,0.0,CHHAT006-OW,25.193889,80.053889
2014-12-01,45.9,CHHAT006-OW,25.193889,80.053889
2015-01-01,67.3,CHHAT006-OW,25.193889,80.053889
2015-02-01,15.4,CHHAT006-OW,25.193889,80.053889
2015-03-01,96.7,CHHAT006-OW,25.193889,80.053889
2015-04-01,24.3,CHHAT006-OW,25.193889,80.053889
2015-05-01,4.8,CHHAT006-OW,25.193889,80.053889
2015-06-01,66.6,CHHAT006-OW,25.193889,80.053889
2015-07-01,126.3,CHHAT006-OW,25.193889,80.053889
2015-08-01,179.39999999999998,CHHAT006-OW,25.193889,80.053889
2015-09-01,49.099999999999994,CHHAT006-OW,25.193889,80.053889
2015-10-01,60.800000000000004,CHHAT006-OW,25.193889,80.053889
2015-11-01,2.8,CHHAT006-OW,25.193889,80.053889
2015-12-01,9.5,CHHAT006-OW,25.193889,80.053889
2016-01-01,11.9,CHHAT006-OW,25.193889,80.053889
2016-02-01,3.8,CHHAT006-OW,25.193889,80.053889
2016-03-01,26.0,CHHAT006-OW,25.193889,80.053889
2016-04-01,0.7,CHHAT006-OW,25.193889,80.053889
2016-05-01,10.200000000000001,CHHAT006-OW,25.193889,80.053889
2016-06-01,57.2,CHHAT006-OW,25.193889,80.053889
2016-07-01,427.5,CHHAT006-OW,25.193889,80.053889
2016-08-01,435.4,CHHAT006-OW,25.193889,80.053889
2016-09-01,92.4,CHHAT006-OW,25.193889,80.053889
2016-10-01,35.5,CHHAT006-OW,25.193889,80.053889
2016-11-01,0.0,CHHAT006-OW,25.193889,80.053889
2016-12-01,0.0,CHHAT006-OW,25.193889,80.053889
2017-01-01,6.7,CHHAT006-OW,25.193889,80.053889
2017-02-01,2.4,CHHAT006-OW,25.193889,80.053889
2017-03-01,2.5,CHHAT006-OW,25.193889,80.053889
2017-04-01,0.0,CHHAT006-OW,25.193889,80.053889
2017-05-01,2.7,CHHAT006-OW,25.193889,80.053889
2017-06-01,86.8,CHHAT006-OW,25.193889,80.053889
2017-07-01,417.0,CHHAT006-OW,25.193889,80.053889
2017-08-01,193.5,CHHAT006-OW,25.193889,80.053889
2017-09-01,108.69999999999999,CHHAT006-OW,25.193889,80.053889
2017-10-01,10.4,CHHAT006-OW,25.193889,80.053889
2017-11-01,0.3,CHHAT006-OW,25.193889,80.053889
2017-12-01,0.1,CHHAT006-OW,25.193889,80.053889
2018-01-01,0.1,CHHAT006-OW,25.193889,80.053889
2018-02-01,24.2,CHHAT006-OW,25.193889,80.053889
2018-03-01,2.5,CHHAT006-OW,25.193889,80.053889
2018-04-01,17.9,CHHAT006-OW,25.193889,80.053889
2018-05-01,11.799999999999999,CHHAT006-OW,25.193889,80.053889
2018-06-01,50.4,CHHAT006-OW,25.193889,80.053889
2018-07-01,453.2,CHHAT006-OW,25.193889,80.053889
2018-08-01,392.9,CHHAT006-OW,25.193889,80.053889
2018-09-01,185.9,CHHAT006-OW,25.193889,80.053889
2018-10-01,1.0,CHHAT006-OW,25.193889,80.053889
2018-11-01,0.0,CHHAT006-OW,25.193889,80.053889
2018-12-01,0.3,CHHAT006-OW,25.193889,80.053889
2019-01-01,12.5,CHHAT006-OW,25.193889,80.053889
2019-02-01,9.4,CHHAT006-OW,25.193889,80.053889
2019-03-01,9.1,CHHAT006-OW,25.193889,80.053889
2019-04-01,7.5,CHHAT006-OW,25.193889,80.053889
2019-05-01,0.0,CHHAT006-OW,25.193889,80.053889
2019-06-01,22.0,CHHAT006-OW,25.193889,80.053889
2019-07-01,386.8,CHHAT006-OW,25.193889,80.053889
2019-08-01,414.09999999999997,CHHAT006-OW,25.193889,80.053889
2019-09-01,446.6,CHHAT006-OW,25.193889,80.053889
2019-10-01,82.2,CHHAT006-OW,25.193889,80.053889
2019-11-01,3.7,CHHAT006-OW,25.193889,80.053889
2019-12-01,44.4,CHHAT006-OW,25.193889,80.053889
2020-01-01,40.5,CHHAT006-OW,25.193889,80.053889
2020-02-01,14.399999999999999,CHHAT006-OW,25.193889,80.053889
2020-03-01,13.299999999999999,CHHAT006-OW,25.193889,80.053889
2020-04-01,0.5,CHHAT006-OW,25.193889,80.053889
2020-05-01,10.9,CHHAT006-OW,25.193889,80.053889
2020-06-01,176.9,CHHAT006-OW,25.193889,80.053889
2020-07-01,324.3,CHHAT006-OW,25.193889,80.053889
2020-08-01,389.1,CHHAT006-OW,25.193889,80.053889
2020-09-01,122.8,CHHAT006-OW,25.193889,80.053889
2020-10-01,0.5,CHHAT006-OW,25.193889,80.053889
2020-11-01,6.1,CHHAT006-OW,25.193889,80.053889
2020-12-01,15.9,CHHAT006-OW,25.193889,80.053889
2021-01-01,3.7,CHHAT006-OW,25.193889,80.053889
2021-02-01,5.3999999999999995,CHHAT006-OW,25.193889,80.053889
2021-03-01,3.2,CHHAT006-OW,25.193889,80.053889
2021-04-01,0.0,CHHAT006-OW,25.193889,80.053889
2021-05-01,35.9,CHHAT006-OW,25.193889,80.053889
2021-06-01,78.2,CHHAT006-OW,25.193889,80.053889
2021-07-01,371.7,CHHAT006-OW,25.193889,80.053889
2021-08-01,292.8,CHHAT006-OW,25.193889,80.053889
2021-09-01,181.8,CHHAT006-OW,25.193889,80.053889
2021-10-01,86.1,CHHAT006-OW,25.193889,80.053889
2021-11-01,0.0,CHHAT006-OW,25.193889,80.053889
2021-12-01,2.6999999999999997,CHHAT006-OW,25.193889,80.053889
2022-01-01,97.69999999999999,CHHAT006-OW,25.193889,80.053889
2022-02-01,0.0,CHHAT006-OW,25.193889,80.053889
2022-03-01,0.2,CHHAT006-OW,25.193889,80.053889
2022-04-01,0.1,CHHAT006-OW,25.193889,80.053889
2022-05-01,2.9,CHHAT006-OW,25.193889,80.053889
2022-06-01,89.7,CHHAT006-OW,25.193889,80.053889
2022-07-01,315.4,CHHAT006-OW,25.193889,80.053889
2022-08-01,277.8,CHHAT006-OW,25.193889,80.053889
2022-09-01,247.2,CHHAT006-OW,25.193889,80.053889
2022-10-01,105.2,CHHAT006-OW,25.193889,80.053889
2022-11-01,0.0,CHHAT006-OW,25.193889,80.053889
2022-12-01,0.0,CHHAT006-OW,25.193889,80.053889
2023-01-01,24.3,CHHAT006-OW,25.193889,80.053889
2023-02-01,0.0,CHHAT006-OW,25.193889,80.053889
2023-03-01,21.1,CHHAT006-OW,25.193889,80.053889
2023-04-01,20.1,CHHAT006-OW,25.193889,80.053889
2023-05-01,28.3,CHHAT006-OW,25.193889,80.053889
2023-06-01,174.0,CHHAT006-OW,25.193889,80.053889
2023-07-01,250.0,CHHAT006-OW,25.193889,80.053889
2023-08-01,331.1,CHHAT006-OW,25.193889,80.053889
2023-09-01,188.9,CHHAT006-OW,25.193889,80.053889
2023-10-01,9.4,CHHAT006-OW,25.193889,80.053889
2023-11-01,8.7,CHHAT006-OW,25.193889,80.053889
2023-12-01,14.9,CHHAT006-OW,25.193889,80.053889
2024-01-01,42.8,CHHAT006-OW,25.193889,80.053889
2024-02-01,52.900000000000006,CHHAT006-OW,25.193889,80.053889
2024-03-01,10.9,CHHAT006-OW,25.193889,80.053889
2024-04-01,2.0,CHHAT006-OW,25.193889,80.053889
2024-05-01,1.7000000000000002,CHHAT006-OW,25.193889,80.053889
2024-06-01,104.5,CHHAT006-OW,25.193889,80.053889
2024-07-01,273.0,CHHAT006-OW,25.193889,80.053889
2024-08-01,344.5,CHHAT006-OW,25.193889,80.053889
2024-09-01,313.4,CHHAT006-OW,25.193889,80.053889
2024-10-01,8.6,CHHAT006-OW,25.193889,80.053889
2024-11-01,0.1,CHHAT006-OW,25.193889,80.053889
2024-12-01,31.1,CHHAT006-OW,25.193889,80.053889
1976-01-01,23.0,CHHAT003-OW,25.252222,80.067778
1976-02-01,0.1,CHHAT003-OW,25.252222,80.067778
1976-03-01,7.1000000000000005,CHHAT003-OW,25.252222,80.067778
1976-04-01,8.8,CHHAT003-OW,25.252222,80.067778
1976-05-01,9.1,CHHAT003-OW,25.252222,80.067778
1976-06-01,61.7,CHHAT003-OW,25.252222,80.067778
1976-07-01,288.7,CHHAT003-OW,25.252222,80.067778
1976-08-01,360.0,CHHAT003-OW,25.252222,80.067778
1976-09-01,162.6,CHHAT003-OW,25.252222,80.067778
1976-10-01,0.2,CHHAT003-OW,25.252222,80.067778
1976-11-01,15.9,CHHAT003-OW,25.252222,80.067778
1976-12-01,0.0,CHHAT003-OW,25.252222,80.067778
1977-01-01,18.1,CHHAT003-OW,25.252222,80.067778
1977-02-01,2.9,CHHAT003-OW,25.252222,80.067778
1977-03-01,3.4999999999999996,CHHAT003-OW,25.252222,80.067778
1977-04-01,6.2,CHHAT003-OW,25.252222,80.067778
1977-05-01,5.2,CHHAT003-OW,25.252222,80.067778
1977-06-01,152.3,CHHAT003-OW,25.252222,80.067778
1977-07-01,388.0,CHHAT003-OW,25.252222,80.067778
1977-08-01,231.3,CHHAT003-OW,25.252222,80.067778
1977-09-01,104.89999999999999,CHHAT003-OW,25.252222,80.067778
1977-10-01,25.8,CHHAT003-OW,25.252222,80.067778
1977-11-01,7.9,CHHAT003-OW,25.252222,80.067778
1977-12-01,12.299999999999999,CHHAT003-OW,25.252222,80.067778
1978-01-01,21.2,CHHAT003-OW,25.252222,80.067778
1978-02-01,48.1,CHHAT003-OW,25.252222,80.067778
1978-03-01,24.5,CHHAT003-OW,25.252222,80.067778
1978-04-01,1.9,CHHAT003-OW,25.252222,80.067778
1978-05-01,0.0,CHHAT003-OW,25.252222,80.067778
1978-06-01,200.3,CHHAT003-OW,25.252222,80.067778
1978-07-01,253.7,CHHAT003-OW,25.252222,80.067778
1978-08-01,190.3,CHHAT003-OW,25.252222,80.067778
1978-09-01,320.3,CHHAT003-OW,25.252222,80.067778
1978-10-01,0.4,CHHAT003-OW,25.252222,80.067778
1978-11-01,26.2,CHHAT003-OW,25.252222,80.067778
1978-12-01,18.9,CHHAT003-OW,25.252222,80.067778
1979-01-01,25.2,CHHAT003-OW,25.252222,80.067778
1979-02-01,34.5,CHHAT003-OW,25.252222,80.067778
1979-03-01,4.1,CHHAT003-OW,25.252222,80.067778
1979-04-01,0.0,CHHAT003-OW,25.252222,80.067778
1979-05-01,22.2,CHHAT003-OW,25.252222,80.067778
1979-06-01,215.3,CHHAT003-OW,25.252222,80.067778
1979-07-01,261.9,CHHAT003-OW,25.252222,80.067778
1979-08-01,81.7,CHHAT003-OW,25.252222,80.067778
1979-09-01,6.5,CHHAT003-OW,25.252222,80.067778
1979-10-01,1.1,CHHAT003-OW,25.252222,80.067778
1979-11-01,66.7,CHHAT003-OW,25.252222,80.067778
1979-12-01,0.2,CHHAT003-OW,25.252222,80.067778
1980-01-01,5.9,CHHAT003-OW,25.252222,80.067778
1980-02-01,4.7,CHHAT003-OW,25.252222,80.067778
1980-03-01,1.5,CHHAT003-OW,25.252222,80.067778
1980-04-01,0.1,CHHAT003-OW,25.252222,80.067778
1980-05-01,0.5,CHHAT003-OW,25.252222,80.067778
1980-06-01,160.6,CHHAT003-OW,25.252222,80.067778
1980-07-01,393.2,CHHAT003-OW,25.252222,80.067778
1980-08-01,591.9,CHHAT003-OW,25.252222,80.067778
1980-09-01,164.5,CHHAT003-OW,25.252222,80.067778
1980-10-01,0.8,CHHAT003-OW,25.252222,80.067778
1980-11-01,0.0,CHHAT003-OW,25.252222,80.067778
1980-12-01,40.1,CHHAT003-OW,25.252222,80.067778
1981-01-01,2.2,CHHAT003-OW,25.252222,80.067778
1981-02-01,0.6,CHHAT003-OW,25.252222,80.067778
1981-03-01,10.700000000000001,CHHAT003-OW,25.252222,80.067778
1981-04-01,0.4,CHHAT003-OW,25.252222,80.067778
1981-05-01,7.199999999999999,CHHAT003-OW,25.252222,80.067778
1981-06-01,99.3,CHHAT003-OW,25.252222,80.067778
1981-07-01,243.3,CHHAT003-OW,25.252222,80.067778
1981-08-01,131.3,CHHAT003-OW,25.252222,80.067778
1981-09-01,181.60000000000002,CHHAT003-OW,25.252222,80.067778
1981-10-01,1.7,CHHAT003-OW,25.252222,80.067778
1981-11-01,3.6,CHHAT003-OW,25.252222,80.067778
1981-12-01,2.1,CHHAT003-OW,25.252222,80.067778
1982-01-01,45.6,CHHAT003-OW,25.252222,80.067778
1982-02-01,3.2,CHHAT003-OW,25.252222,80.067778
1982-03-01,6.1,CHHAT003-OW,25.252222,80.067778
1982-04-01,2.2,CHHAT003-OW,25.252222,80.067778
1982-05-01,12.1,CHHAT003-OW,25.252222,80.067778
1982-06-01,41.300000000000004,CHHAT003-OW,25.252222,80.067778
1982-07-01,246.2,CHHAT003-OW,25.252222,80.067778
1982-08-01,329.8,CHHAT003-OW,25.252222,80.067778
1982-09-01,168.4,CHHAT003-OW,25.252222,80.067778
1982-10-01,5.699999999999999,CHHAT003-OW,25.252222,80.067778
1982-11-01,36.2,CHHAT003-OW,25.252222,80.067778
1982-12-01,2.5,CHHAT003-OW,25.252222,80.067778
1983-01-01,22.8,CHHAT003-OW,25.252222,80.067778
1983-02-01,0.2,CHHAT003-OW,25.252222,80.067778
1983-03-01,0.5,CHHAT003-OW,25.252222,80.067778
1983-04-01,32.6,CHHAT003-OW,25.252222,80.067778
1983-05-01,19.3,CHHAT003-OW,25.252222,80.067778
1983-06-01,56.4,CHHAT003-OW,25.252222,80.067778
1983-07-01,297.7,CHHAT003-OW,25.252222,80.067778
1983-08-01,240.8,CHHAT003-OW,25.252222,80.067778
1983-09-01,272.1,CHHAT003-OW,25.252222,80.067778
1983-10-01,63.1,CHHAT003-OW,25.252222,80.067778
1983-11-01,0.0,CHHAT003-OW,25.252222,80.067778
1983-12-01,1.5,CHHAT003-OW,25.252222,80.067778
1984-01-01,15.7,CHHAT003-OW,25.252222,80.067778
1984-02-01,33.0,CHHAT003-OW,25.252222,80.067778
1984-03-01,0.0,CHHAT003-OW,25.252222,80.067778
1984-04-01,0.5,CHHAT003-OW,25.252222,80.067778
1984-05-01,1.2000000000000002,CHHAT003-OW,25.252222,80.067778
1984-06-01,121.8,CHHAT003-OW,25.252222,80.067778
1984-07-01,199.9,CHHAT003-OW,25.252222,80.067778
1984-08-01,293.5,CHHAT003-OW,25.252222,80.067778
1984-09-01,99.8,CHHAT003-OW,25.252222,80.067778
1984-10-01,0.9,CHHAT003-OW,25.252222,80.067778
1984-11-01,0.0,CHHAT003-OW,25.252222,80.067778
1984-12-01,5.0,CHHAT003-OW,25.252222,80.067778
1985-01-01,23.0,CHHAT003-OW,25.252222,80.067778
1985-02-01,0.0,CHHAT003-OW,25.252222,80.067778
1985-03-01,0.0,CHHAT003-OW,25.252222,80.067778
1985-04-01,4.6,CHHAT003-OW,25.252222,80.067778
1985-05-01,3.6,CHHAT003-OW,25.252222,80.067778
1985-06-01,21.6,CHHAT003-OW,25.252222,80.067778
1985-07-01,275.9,CHHAT003-OW,25.252222,80.067778
1985-08-01,157.9,CHHAT003-OW,25.252222,80.067778
1985-09-01,136.4,CHHAT003-OW,25.252222,80.067778
1985-10-01,131.4,CHHAT003-OW,25.252222,80.067778
1985-11-01,0.0,CHHAT003-OW,25.252222,80.067778
1985-12-01,0.7,CHHAT003-OW,25.252222,80.067778
1986-01-01,51.400000000000006,CHHAT003-OW,25.252222,80.067778
1986-02-01,70.1,CHHAT003-OW,25.252222,80.067778
1986-03-01,0.5,CHHAT003-OW,25.252222,80.067778
1986-04-01,1.1,CHHAT003-OW,25.252222,80.067778
1986-05-01,7.0,CHHAT003-OW,25.252222,80.067778
1986-06-01,125.6,CHHAT003-OW,25.252222,80.067778
1986-07-01,268.6,CHHAT003-OW,25.252222,80.067778
1986-08-01,203.3,CHHAT003-OW,25.252222,80.067778
1986-09-01,91.0,CHHAT003-OW,25.252222,80.067778
1986-10-01,6.6000000000000005,CHHAT003-OW,25.252222,80.067778
1986-11-01,0.0,CHHAT003-OW,25.252222,80.067778
1986-12-01,41.4,CHHAT003-OW,25.252222,80.067778
1987-01-01,37.900000000000006,CHHAT003-OW,25.252222,80.067778
1987-02-01,9.9,CHHAT003-OW,25.252222,80.067778
1987-03-01,0.8,CHHAT003-OW,25.252222,80.067778
1987-04-01,0.6,CHHAT003-OW,25.252222,80.067778
1987-05-01,0.9,CHHAT003-OW,25.252222,80.067778
1987-06-01,2.1,CHHAT003-OW,25.252222,80.067778
1987-07-01,86.6,CHHAT003-OW,25.252222,80.067778
1987-08-01,165.20000000000002,CHHAT003-OW,25.252222,80.067778
1987-09-01,319.0,CHHAT003-OW,25.252222,80.067778
1987-10-01,78.9,CHHAT003-OW,25.252222,80.067778
1987-11-01,0.0,CHHAT003-OW,25.252222,80.067778
1987-12-01,8.0,CHHAT003-OW,25.252222,80.067778
1988-01-01,5.7,CHHAT003-OW,25.252222,80.067778
1988-02-01,11.2,CHHAT003-OW,25.252222,80.067778
1988-03-01,1.4000000000000001,CHHAT003-OW,25.252222,80.067778
1988-04-01,4.1,CHHAT003-OW,25.252222,80.067778
1988-05-01,0.7,CHHAT003-OW,25.252222,80.067778
1988-06-01,162.7,CHHAT003-OW,25.252222,80.067778
1988-07-01,372.7,CHHAT003-OW,25.252222,80.067778
1988-08-01,198.9,CHHAT003-OW,25.252222,80.067778
1988-09-01,100.10000000000001,CHHAT003-OW,25.252222,80.067778
1988-10-01,48.8,CHHAT003-OW,25.252222,80.067778
1988-11-01,0.0,CHHAT003-OW,25.252222,80.067778
1988-12-01,0.1,CHHAT003-OW,25.252222,80.067778
1989-01-01,0.7,CHHAT003-OW,25.252222,80.067778
1989-02-01,0.1,CHHAT003-OW,25.252222,80.067778
1989-03-01,14.6,CHHAT003-OW,25.252222,80.067778
1989-04-01,0.5,CHHAT003-OW,25.252222,80.067778
1989-05-01,0.1,CHHAT003-OW,25.252222,80.067778
1989-06-01,307.40000000000003,CHHAT003-OW,25.252222,80.067778
1989-07-01,286.1,CHHAT003-OW,25.252222,80.067778
1989-08-01,213.4,CHHAT003-OW,25.252222,80.067778
1989-09-01,92.8,CHHAT003-OW,25.252222,80.067778
1989-10-01,1.4000000000000001,CHHAT003-OW,25.252222,80.067778
1989-11-01,1.5,CHHAT003-OW,25.252222,80.067778
1989-12-01,40.4,CHHAT003-OW,25.252222,80.067778
1990-01-01,0.5,CHHAT003-OW,25.252222,80.067778
1990-02-01,48.49999999999999,CHHAT003-OW,25.252222,80.067778
1990-03-01,5.6,CHHAT003-OW,25.252222,80.067778
1990-04-01,2.5,CHHAT003-OW,25.252222,80.067778
1990-05-01,10.0,CHHAT003-OW,25.252222,80.067778
1990-06-01,252.2,CHHAT003-OW,25.252222,80.067778
1990-07-01,316.0,CHHAT003-OW,25.252222,80.067778
1990-08-01,276.7,CHHAT003-OW,25.252222,80.067778
1990-09-01,270.7,CHHAT003-OW,25.252222,80.067778
1990-10-01,8.7,CHHAT003-OW,25.252222,80.067778
1990-11-01,0.4,CHHAT003-OW,25.252222,80.067778
1990-12-01,11.299999999999999,CHHAT003-OW,25.252222,80.067778
1991-01-01,17.3,CHHAT003-OW,25.252222,80.067778
1991-02-01,14.000000000000002,CHHAT003-OW,25.252222,80.067778
1991-03-01,10.8,CHHAT003-OW,25.252222,80.067778
1991-04-01,0.9,CHHAT003-OW,25.252222,80.067778
1991-05-01,2.3,CHHAT003-OW,25.252222,80.067778
1991-06-01,33.1,CHHAT003-OW,25.252222,80.067778
1991-07-01,240.3,CHHAT003-OW,25.252222,80.067778
1991-08-01,526.1,CHHAT003-OW,25.252222,80.067778
1991-09-01,120.8,CHHAT003-OW,25.252222,80.067778
1991-10-01,0.0,CHHAT003-OW,25.252222,80.067778
1991-11-01,1.3,CHHAT003-OW,25.252222,80.067778
1991-12-01,26.0,CHHAT003-OW,25.252222,80.067778
1992-01-01,2.1,CHHAT003-OW,25.252222,80.067778
1992-02-01,0.0,CHHAT003-OW,25.252222,80.067778
1992-03-01,2.4000000000000004,CHHAT003-OW,25.252222,80.067778
1992-04-01,0.6,CHHAT003-OW,25.252222,80.067778
1992-05-01,5.2,CHHAT003-OW,25.252222,80.067778
1992-06-01,10.1,CHHAT003-OW,25.252222,80.067778
1992-07-01,197.5,CHHAT003-OW,25.252222,80.067778
1992-08-01,388.5,CHHAT003-OW,25.252222,80.067778
1992-09-01,203.0,CHHAT003-OW,25.252222,80.067778
1992-10-01,24.099999999999998,CHHAT003-OW,25.252222,80.067778
1992-11-01,0.6,CHHAT003-OW,25.252222,80.067778
1992-12-01,0.0,CHHAT003-OW,25.252222,80.067778
1993-01-01,1.5999999999999999,CHHAT003-OW,25.252222,80.067778
1993-02-01,17.1,CHHAT003-OW,25.252222,80.067778
1993-03-01,6.300000000000001,CHHAT003-OW,25.252222,80.067778
1993-04-01,3.1999999999999997,CHHAT003-OW,25.252222,80.067778
1993-05-01,4.2,CHHAT003-OW,25.252222,80.067778
1993-06-01,134.4,CHHAT003-OW,25.252222,80.067778
1993-07-01,160.1,CHHAT003-OW,25.252222,80.067778
1993-08-01,118.4,CHHAT003-OW,25.252222,80.067778
1993-09-01,326.9,CHHAT003-OW,25.252222,80.067778
1993-10-01,1.3,CHHAT003-OW,25.252222,80.067778
1993-11-01,0.0,CHHAT003-OW,25.252222,80.067778
1993-12-01,0.0,CHHAT003-OW,25.252222,80.067778
1994-01-01,37.9,CHHAT003-OW,25.252222,80.067778
1994-02-01,35.699999999999996,CHHAT003-OW,25.252222,80.067778
1994-03-01,0.0,CHHAT003-OW,25.252222,80.067778
1994-04-01,6.800000000000001,CHHAT003-OW,25.252222,80.067778
1994-05-01,2.1,CHHAT003-OW,25.252222,80.067778
1994-06-01,127.3,CHHAT003-OW,25.252222,80.067778
1994-07-01,290.7,CHHAT003-OW,25.252222,80.067778
1994-08-01,253.6,CHHAT003-OW,25.252222,80.067778
1994-09-01,74.7,CHHAT003-OW,25.252222,80.067778
1994-10-01,4.7,CHHAT003-OW,25.252222,80.067778
1994-11-01,0.0,CHHAT003-OW,25.252222,80.067778
1994-12-01,0.0,CHHAT003-OW,25.252222,80.067778
1995-01-01,40.9,CHHAT003-OW,25.252222,80.067778
1995-02-01,6.5,CHHAT003-OW,25.252222,80.067778
1995-03-01,14.5,CHHAT003-OW,25.252222,80.067778
1995-04-01,1.7000000000000002,CHHAT003-OW,25.252222,80.067778
1995-05-01,2.1999999999999997,CHHAT003-OW,25.252222,80.067778
1995-06-01,43.1,CHHAT003-OW,25.252222,80.067778
1995-07-01,189.5,CHHAT003-OW,25.252222,80.067778
1995-08-01,543.1,CHHAT003-OW,25.252222,80.067778
1995-09-01,161.9,CHHAT003-OW,25.252222,80.067778
1995-10-01,0.7,CHHAT003-OW,25.252222,80.067778
1995-11-01,0.0,CHHAT003-OW,25.252222,80.067778
1995-12-01,18.4,CHHAT003-OW,25.252222,80.067778
1996-01-01,31.5,CHHAT003-OW,25.252222,80.067778
1996-02-01,35.4,CHHAT003-OW,25.252222,80.067778
1996-03-01,10.200000000000001,CHHAT003-OW,25.252222,80.067778
1996-04-01,4.3999999999999995,CHHAT003-OW,25.252222,80.067778
1996-05-01,1.2,CHHAT003-OW,25.252222,80.067778
1996-06-01,34.3,CHHAT003-OW,25.252222,80.067778
1996-07-01,275.0,CHHAT003-OW,25.252222,80.067778
1996-08-01,325.1,CHHAT003-OW,25.252222,80.067778
1996-09-01,165.10000000000002,CHHAT003-OW,25.252222,80.067778
1996-10-01,78.0,CHHAT003-OW,25.252222,80.067778
1996-11-01,0.0,CHHAT003-OW,25.252222,80.067778
1996-12-01,0.0,CHHAT003-OW,25.252222,80.067778
1997-01-01,3.1,CHHAT003-OW,25.252222,80.067778
1997-02-01,0.0,CHHAT003-OW,25.252222,80.067778
1997-03-01,1.3,CHHAT003-OW,25.252222,80.067778
1997-04-01,13.399999999999999,CHHAT003-OW,25.252222,80.067778
1997-05-01,6.7,CHHAT003-OW,25.252222,80.067778
1997-06-01,74.4,CHHAT003-OW,25.252222,80.067778
1997-07-01,394.3,CHHAT003-OW,25.252222,80.067778
1997-08-01,336.8,CHHAT003-OW,25.252222,80.067778
1997-09-01,125.6,CHHAT003-OW,25.252222,80.067778
1997-10-01,59.4,CHHAT003-OW,25.252222,80.067778
1997-11-01,35.5,CHHAT003-OW,25.252222,80.067778
1997-12-01,67.4,CHHAT003-OW,25.252222,80.067778
1998-01-01,0.7999999999999999,CHHAT003-OW,25.252222,80.067778
1998-02-01,1.8,CHHAT003-OW,25.252222,80.067778
1998-03-01,23.4,CHHAT003-OW,25.252222,80.067778
1998-04-01,8.7,CHHAT003-OW,25.252222,80.067778
1998-05-01,8.6,CHHAT003-OW,25.252222,80.067778
1998-06-01,70.6,CHHAT003-OW,25.252222,80.067778
1998-07-01,327.4,CHHAT003-OW,25.252222,80.067778
1998-08-01,237.70000000000002,CHHAT003-OW,25.252222,80.067778
1998-09-01,90.5,CHHAT003-OW,25.252222,80.067778
1998-10-01,12.8,CHHAT003-OW,25.252222,80.067778
1998-11-01,6.1,CHHAT003-OW,25.252222,80.067778
1998-12-01,0.0,CHHAT003-OW,25.252222,80.067778
1999-01-01,2.3000000000000003,CHHAT003-OW,25.252222,80.067778
1999-02-01,25.6,CHHAT003-OW,25.252222,80.067778
1999-03-01,0.0,CHHAT003-OW,25.252222,80.067778
1999-04-01,0.4,CHHAT003-OW,25.252222,80.067778
1999-05-01,3.0,CHHAT003-OW,25.252222,80.067778
1999-06-01,55.7,CHHAT003-OW,25.252222,80.067778
1999-07-01,292.40000000000003,CHHAT003-OW,25.252222,80.067778
1999-08-01,201.4,CHHAT003-OW,25.252222,80.067778
1999-09-01,261.5,CHHAT003-OW,25.252222,80.067778
1999-10-01,52.7,CHHAT003-OW,25.252222,80.067778
1999-11-01,0.1,CHHAT003-OW,25.252222,80.067778
1999-12-01,0.0,CHHAT003-OW,25.252222,80.067778
2000-01-01,0.4,CHHAT003-OW,25.252222,80.067778
2000-02-01,0.30000000000000004,CHHAT003-OW,25.252222,80.067778
2000-03-01,0.0,CHHAT003-OW,25.252222,80.067778
2000-04-01,1.2,CHHAT003-OW,25.252222,80.067778
2000-05-01,47.0,CHHAT003-OW,25.252222,80.067778
2000-06-01,188.2,CHHAT003-OW,25.252222,80.067778
2000-07-01,256.2,CHHAT003-OW,25.252222,80.067778
2000-08-01,145.6,CHHAT003-OW,25.252222,80.067778
2000-09-01,51.2,CHHAT003-OW,25.252222,80.067778
2000-10-01,0.0,CHHAT003-OW,25.252222,80.067778
2000-11-01,0.1,CHHAT003-OW,25.252222,80.067778
2000-12-01,2.5,CHHAT003-OW,25.252222,80.067778
2001-01-01,0.5,CHHAT003-OW,25.252222,80.067778
2001-02-01,2.5,CHHAT003-OW,25.252222,80.067778
2001-03-01,1.9,CHHAT003-OW,25.252222,80.067778
2001-04-01,13.5,CHHAT003-OW,25.252222,80.067778
2001-05-01,19.7,CHHAT003-OW,25.252222,80.067778
2001-06-01,296.6,CHHAT003-OW,25.252222,80.067778
2001-07-01,335.0,CHHAT003-OW,25.252222,80.067778
2001-08-01,154.1,CHHAT003-OW,25.252222,80.067778
2001-09-01,40.8,CHHAT003-OW,25.252222,80.067778
2001-10-01,92.2,CHHAT003-OW,25.252222,80.067778
2001-11-01,2.4000000000000004,CHHAT003-OW,25.252222,80.067778
2001-12-01,0.0,CHHAT003-OW,25.252222,80.067778
2002-01-01,14.799999999999999,CHHAT003-OW,25.252222,80.067778
2002-02-01,17.4,CHHAT003-OW,25.252222,80.067778
2002-03-01,0.1,CHHAT003-OW,25.252222,80.067778
2002-04-01,0.5,CHHAT003-OW,25.252222,80.067778
2002-05-01,8.5,CHHAT003-OW,25.252222,80.067778
2002-06-01,49.0,CHHAT003-OW,25.252222,80.067778
2002-07-01,96.6,CHHAT003-OW,25.252222,80.067778
2002-08-01,333.3,CHHAT003-OW,25.252222,80.067778
2002-09-01,143.0,CHHAT003-OW,25.252222,80.067778
2002-10-01,33.300000000000004,CHHAT003-OW,25.252222,80.067778
2002-11-01,6.8,CHHAT003-OW,25.252222,80.067778
2002-12-01,18.7,CHHAT003-OW,25.252222,80.067778
2003-01-01,13.100000000000001,CHHAT003-OW,25.252222,80.067778
2003-02-01,25.8,CHHAT003-OW,25.252222,80.067778
2003-03-01,4.3999999999999995,CHHAT003-OW,25.252222,80.067778
2003-04-01,1.6,CHHAT003-OW,25.252222,80.067778
2003-05-01,3.5,CHHAT003-OW,25.252222,80.067778
2003-06-01,83.89999999999999,CHHAT003-OW,25.252222,80.067778
2003-07-01,340.8,CHHAT003-OW,25.252222,80.067778
2003-08-01,222.6,CHHAT003-OW,25.252222,80.067778
2003-09-01,420.2,CHHAT003-OW,25.252222,80.067778
2003-10-01,0.8,CHHAT003-OW,25.252222,80.067778
2003-11-01,0.0,CHHAT003-OW,25.252222,80.067778
2003-12-01,15.0,CHHAT003-OW,25.252222,80.067778
2004-01-01,46.400000000000006,CHHAT003-OW,25.252222,80.067778
2004-02-01,0.0,CHHAT003-OW,25.252222,80.067778
2004-03-01,0.0,CHHAT003-OW,25.252222,80.067778
2004-04-01,5.6,CHHAT003-OW,25.252222,80.067778
2004-05-01,0.3,CHHAT003-OW,25.252222,80.067778
2004-06-01,139.1,CHHAT003-OW,25.252222,80.067778
2004-07-01,232.70000000000002,CHHAT003-OW,25.252222,80.067778
2004-08-01,214.1,CHHAT003-OW,25.252222,80.067778
2004-09-01,169.1,CHHAT003-OW,25.252222,80.067778
2004-10-01,6.3,CHHAT003-OW,25.252222,80.067778
2004-11-01,1.5,CHHAT003-OW,25.252222,80.067778
2004-12-01,0.0,CHHAT003-OW,25.252222,80.067778
2005-01-01,16.0,CHHAT003-OW,25.252222,80.067778
2005-02-01,0.5,CHHAT003-OW,25.252222,80.067778
2005-03-01,32.5,CHHAT003-OW,25.252222,80.067778
2005-04-01,2.2,CHHAT003-OW,25.252222,80.067778
2005-05-01,2.7,CHHAT003-OW,25.252222,80.067778
2005-06-01,113.2,CHHAT003-OW,25.252222,80.067778
2005-07-01,405.3,CHHAT003-OW,25.252222,80.067778
2005-08-01,98.4,CHHAT003-OW,25.252222,80.067778
2005-09-01,150.20000000000002,CHHAT003-OW,25.252222,80.067778
2005-10-01,5.9,CHHAT003-OW,25.252222,80.067778
2005-11-01,0.0,CHHAT003-OW,25.252222,80.067778
2005-12-01,4.3,CHHAT003-OW,25.252222,80.067778
2006-01-01,0.0,CHHAT003-OW,25.252222,80.067778
2006-02-01,0.0,CHHAT003-OW,25.252222,80.067778
2006-03-01,44.199999999999996,CHHAT003-OW,25.252222,80.067778
2006-04-01,3.0,CHHAT003-OW,25.252222,80.067778
2006-05-01,6.8,CHHAT003-OW,25.252222,80.067778
2006-06-01,65.1,CHHAT003-OW,25.252222,80.067778
2006-07-01,271.1,CHHAT003-OW,25.252222,80.067778
2006-08-01,180.7,CHHAT003-OW,25.252222,80.067778
2006-09-01,46.8,CHHAT003-OW,25.252222,80.067778
2006-10-01,4.1,CHHAT003-OW,25.252222,80.067778
2006-11-01,1.4000000000000001,CHHAT003-OW,25.252222,80.067778
2006-12-01,0.0,CHHAT003-OW,25.252222,80.067778
2007-01-01,0.0,CHHAT003-OW,25.252222,80.067778
2007-02-01,75.1,CHHAT003-OW,25.252222,80.067778
2007-03-01,2.0,CHHAT003-OW,25.252222,80.067778
2007-04-01,3.3,CHHAT003-OW,25.252222,80.067778
2007-05-01,3.4,CHHAT003-OW,25.252222,80.067778
2007-06-01,66.5,CHHAT003-OW,25.252222,80.067778
2007-07-01,166.8,CHHAT003-OW,25.252222,80.067778
2007-08-01,255.1,CHHAT003-OW,25.252222,80.067778
2007-09-01,143.6,CHHAT003-OW,25.252222,80.067778
2007-10-01,0.5,CHHAT003-OW,25.252222,80.067778
2007-11-01,0.0,CHHAT003-OW,25.252222,80.067778
2007-12-01,3.0,CHHAT003-OW,25.252222,80.067778
2008-01-01,0.8,CHHAT003-OW,25.252222,80.067778
2008-02-01,1.9,CHHAT003-OW,25.252222,80.067778
2008-03-01,1.2,CHHAT003-OW,25.252222,80.067778
2008-04-01,5.0,CHHAT003-OW,25.252222,80.067778
2008-05-01,5.1,CHHAT003-OW,25.252222,80.067778
2008-06-01,485.1,CHHAT003-OW,25.252222,80.067778
2008-07-01,357.6,CHHAT003-OW,25.252222,80.067778
2008-08-01,282.2,CHHAT003-OW,25.252222,80.067778
2008-09-01,139.0,CHHAT003-OW,25.252222,80.067778
2008-10-01,3.3,CHHAT003-OW,25.252222,80.067778
2008-11-01,3.7,CHHAT003-OW,25.252222,80.067778
2008-12-01,0.0,CHHAT003-OW,25.252222,80.067778
2009-01-01,9.2,CHHAT003-OW,25.252222,80.067778
2009-02-01,0.3,CHHAT003-OW,25.252222,80.067778
2009-03-01,5.3,CHHAT003-OW,25.252222,80.067778
2009-04-01,10.5,CHHAT003-OW,25.252222,80.067778
2009-05-01,5.5,CHHAT003-OW,25.252222,80.067778
2009-06-01,35.9,CHHAT003-OW,25.252222,80.067778
2009-07-01,236.1,CHHAT003-OW,25.252222,80.067778
2009-08-01,123.4,CHHAT003-OW,25.252222,80.067778
2009-09-01,134.5,CHHAT003-OW,25.252222,80.067778
2009-10-01,120.2,CHHAT003-OW,25.252222,80.067778
2009-11-01,56.1,CHHAT003-OW,25.252222,80.067778
2009-12-01,3.8,CHHAT003-OW,25.252222,80.067778
2010-01-01,3.9000000000000004,CHHAT003-OW,25.252222,80.067778
2010-02-01,32.2,CHHAT003-OW,25.252222,80.067778
2010-03-01,0.0,CHHAT003-OW,25.252222,80.067778
2010-04-01,1.6,CHHAT003-OW,25.252222,80.067778
2010-05-01,3.6,CHHAT003-OW,25.252222,80.067778
2010-06-01,13.2,CHHAT003-OW,25.252222,80.067778
2010-07-01,267.8,CHHAT003-OW,25.252222,80.067778
2010-08-01,265.2,CHHAT003-OW,25.252222,80.067778
2010-09-01,171.5,CHHAT003-OW,25.252222,80.067778
2010-10-01,19.3,CHHAT003-OW,25.252222,80.067778
2010-11-01,20.1,CHHAT003-OW,25.252222,80.067778
2010-12-01,2.3000000000000003,CHHAT003-OW,25.252222,80.067778
2011-01-01,0.0,CHHAT003-OW,25.252222,80.067778
2011-02-01,10.500000000000002,CHHAT003-OW,25.252222,80.067778
2011-03-01,1.4,CHHAT003-OW,25.252222,80.067778
2011-04-01,0.8,CHHAT003-OW,25.252222,80.067778
2011-05-01,5.7,CHHAT003-OW,25.252222,80.067778
2011-06-01,324.0,CHHAT003-OW,25.252222,80.067778
2011-07-01,315.1,CHHAT003-OW,25.252222,80.067778
2011-08-01,230.9,CHHAT003-OW,25.252222,80.067778
2011-09-01,125.69999999999999,CHHAT003-OW,25.252222,80.067778
2011-10-01,0.30000000000000004,CHHAT003-OW,25.252222,80.067778
2011-11-01,0.0,CHHAT003-OW,25.252222,80.067778
2011-12-01,0.0,CHHAT003-OW,25.252222,80.067778
2012-01-01,23.6,CHHAT003-OW,25.252222,80.067778
2012-02-01,9.1,CHHAT003-OW,25.252222,80.067778
2012-03-01,2.4,CHHAT003-OW,25.252222,80.067778
2012-04-01,3.3000000000000003,CHHAT003-OW,25.252222,80.067778
2012-05-01,0.2,CHHAT003-OW,25.252222,80.067778
2012-06-01,11.6,CHHAT003-OW,25.252222,80.067778
2012-07-01,459.90000000000003,CHHAT003-OW,25.252222,80.067778
2012-08-01,312.7,CHHAT003-OW,25.252222,80.067778
2012-09-01,167.9,CHHAT003-OW,25.252222,80.067778
2012-10-01,0.2,CHHAT003-OW,25.252222,80.067778
2012-11-01,0.0,CHHAT003-OW,25.252222,80.067778
2012-12-01,0.0,CHHAT003-OW,25.252222,80.067778
2013-01-01,0.1,CHHAT003-OW,25.252222,80.067778
2013-02-01,80.0,CHHAT003-OW,25.252222,80.067778
2013-03-01,3.0,CHHAT003-OW,25.252222,80.067778
2013-04-01,2.9,CHHAT003-OW,25.252222,80.067778
2013-05-01,0.0,CHHAT003-OW,25.252222,80.067778
2013-06-01,303.5,CHHAT003-OW,25.252222,80.067778
2013-07-01,367.6,CHHAT003-OW,25.252222,80.067778
2013-08-01,325.8,CHHAT003-OW,25.252222,80.067778
2013-09-01,55.3,CHHAT003-OW,25.252222,80.067778
2013-10-01,94.3,CHHAT003-OW,25.252222,80.067778
2013-11-01,0.1,CHHAT003-OW,25.252222,80.067778
2013-12-01,2.7,CHHAT003-OW,25.252222,80.067778
2014-01-01,71.39999999999999,CHHAT003-OW,25.252222,80.067778
2014-02-01,45.199999999999996,CHHAT003-OW,25.252222,80.067778
2014-03-01,6.5,CHHAT003-OW,25.252222,80.067778
2014-04-01,10.3,CHHAT003-OW,25.252222,80.067778
2014-05-01,0.1,CHHAT003-OW,25.252222,80.067778
2014-06-01,11.0,CHHAT003-OW,25.252222,80.067778
2014-07-01,387.59999999999997,CHHAT003-OW,25.252222,80.067778
2014-08-01,147.0,CHHAT003-OW,25.252222,80.067778
2014-09-01,115.7,CHHAT003-OW,25.252222,80.067778
2014-10-01,28.3,CHHAT003-OW,25.252222,80.067778
2014-11-01,0.0,CHHAT003-OW,25.252222,80.067778
2014-12-01,45.9,CHHAT003-OW,25.252222,80.067778
2015-01-01,67.3,CHHAT003-OW,25.252222,80.067778
2015-02-01,15.4,CHHAT003-OW,25.252222,80.067778
2015-03-01,96.7,CHHAT003-OW,25.252222,80.067778
2015-04-01,24.3,CHHAT003-OW,25.252222,80.067778
2015-05-01,4.8,CHHAT003-OW,25.252222,80.067778
2015-06-01,66.6,CHHAT003-OW,25.252222,80.067778
2015-07-01,126.3,CHHAT003-OW,25.252222,80.067778
2015-08-01,179.39999999999998,CHHAT003-OW,25.252222,80.067778
2015-09-01,49.099999999999994,CHHAT003-OW,25.252222,80.067778
2015-10-01,60.800000000000004,CHHAT003-OW,25.252222,80.067778
2015-11-01,2.8,CHHAT003-OW,25.252222,80.067778
2015-12-01,9.5,CHHAT003-OW,25.252222,80.067778
2016-01-01,11.9,CHHAT003-OW,25.252222,80.067778
2016-02-01,3.8,CHHAT003-OW,25.252222,80.067778
2016-03-01,26.0,CHHAT003-OW,25.252222,80.067778
2016-04-01,0.7,CHHAT003-OW,25.252222,80.067778
2016-05-01,10.200000000000001,CHHAT003-OW,25.252222,80.067778
2016-06-01,57.2,CHHAT003-OW,25.252222,80.067778
2016-07-01,427.5,CHHAT003-OW,25.252222,80.067778
2016-08-01,435.4,CHHAT003-OW,25.252222,80.067778
2016-09-01,92.4,CHHAT003-OW,25.252222,80.067778
2016-10-01,35.5,CHHAT003-OW,25.252222,80.067778
2016-11-01,0.0,CHHAT003-OW,25.252222,80.067778
2016-12-01,0.0,CHHAT003-OW,25.252222,80.067778
2017-01-01,7.799999999999999,CHHAT003-OW,25.252222,80.067778
2017-02-01,2.4,CHHAT003-OW,25.252222,80.067778
2017-03-01,2.5,CHHAT003-OW,25.252222,80.067778
2017-04-01,0.5,CHHAT003-OW,25.252222,80.067778
2017-05-01,2.0,CHHAT003-OW,25.252222,80.067778
2017-06-01,61.5,CHHAT003-OW,25.252222,80.067778
2017-07-01,375.5,CHHAT003-OW,25.252222,80.067778
2017-08-01,185.4,CHHAT003-OW,25.252222,80.067778
2017-09-01,115.30000000000001,CHHAT003-OW,25.252222,80.067778
2017-10-01,9.4,CHHAT003-OW,25.252222,80.067778
2017-11-01,0.7,CHHAT003-OW,25.252222,80.067778
2017-12-01,0.3,CHHAT003-OW,25.252222,80.067778
2018-01-01,0.1,CHHAT003-OW,25.252222,80.067778
2018-02-01,27.5,CHHAT003-OW,25.252222,80.067778
2018-03-01,0.30000000000000004,CHHAT003-OW,25.252222,80.067778
2018-04-01,22.900000000000002,CHHAT003-OW,25.252222,80.067778
2018-05-01,14.0,CHHAT003-OW,25.252222,80.067778
2018-06-01,58.0,CHHAT003-OW,25.252222,80.067778
2018-07-01,445.9,CHHAT003-OW,25.252222,80.067778
2018-08-01,374.5,CHHAT003-OW,25.252222,80.067778
2018-09-01,186.8,CHHAT003-OW,25.252222,80.067778
2018-10-01,0.30000000000000004,CHHAT003-OW,25.252222,80.067778
2018-11-01,0.0,CHHAT003-OW,25.252222,80.067778
2018-12-01,0.3,CHHAT003-OW,25.252222,80.067778
2019-01-01,10.1,CHHAT003-OW,25.252222,80.067778
2019-02-01,13.2,CHHAT003-OW,25.252222,80.067778
2019-03-01,9.0,CHHAT003-OW,25.252222,80.067778
2019-04-01,11.8,CHHAT003-OW,25.252222,80.067778
2019-05-01,0.0,CHHAT003-OW,25.252222,80.067778
2019-06-01,27.3,CHHAT003-OW,25.252222,80.067778
2019-07-01,337.9,CHHAT003-OW,25.252222,80.067778
2019-08-01,384.1,CHHAT003-OW,25.252222,80.067778
2019-09-01,432.3,CHHAT003-OW,25.252222,80.067778
2019-10-01,84.80000000000001,CHHAT003-OW,25.252222,80.067778
2019-11-01,5.7,CHHAT003-OW,25.252222,80.067778
2019-12-01,40.1,CHHAT003-OW,25.252222,80.067778
2020-01-01,41.6,CHHAT003-OW,25.252222,80.067778
2020-02-01,16.0,CHHAT003-OW,25.252222,80.067778
2020-03-01,13.4,CHHAT003-OW,25.252222,80.067778
2020-04-01,1.5,CHHAT003-OW,25.252222,80.067778
2020-05-01,11.5,CHHAT003-OW,25.252222,80.067778
2020-06-01,168.9,CHHAT003-OW,25.252222,80.067778
2020-07-01,325.3,CHHAT003-OW,25.252222,80.067778
2020-08-01,389.9,CHHAT003-OW,25.252222,80.067778
2020-09-01,129.9,CHHAT003-OW,25.252222,80.067778
2020-10-01,0.39999999999999997,CHHAT003-OW,25.252222,80.067778
2020-11-01,5.6000000000000005,CHHAT003-OW,25.252222,80.067778
2020-12-01,21.0,CHHAT003-OW,25.252222,80.067778
2021-01-01,2.6,CHHAT003-OW,25.252222,80.067778
2021-02-01,4.1000000000000005,CHHAT003-OW,25.252222,80.067778
2021-03-01,1.9000000000000001,CHHAT003-OW,25.252222,80.067778
2021-04-01,0.0,CHHAT003-OW,25.252222,80.067778
2021-05-01,62.5,CHHAT003-OW,25.252222,80.067778
2021-06-01,68.6,CHHAT003-OW,25.252222,80.067778
2021-07-01,354.5,CHHAT003-OW,25.252222,80.067778
2021-08-01,285.4,CHHAT003-OW,25.252222,80.067778
2021-09-01,183.5,CHHAT003-OW,25.252222,80.067778
2021-10-01,71.0,CHHAT003-OW,25.252222,80.067778
2021-11-01,1.6,CHHAT003-OW,25.252222,80.067778
2021-12-01,3.1,CHHAT003-OW,25.252222,80.067778
2022-01-01,98.1,CHHAT003-OW,25.252222,80.067778
2022-02-01,0.1,CHHAT003-OW,25.252222,80.067778
2022-03-01,0.0,CHHAT003-OW,25.252222,80.067778
2022-04-01,0.0,CHHAT003-OW,25.252222,80.067778
2022-05-01,2.5,CHHAT003-OW,25.252222,80.067778
2022-06-01,89.69999999999999,CHHAT003-OW,25.252222,80.067778
2022-07-01,295.0,CHHAT003-OW,25.252222,80.067778
2022-08-01,268.2,CHHAT003-OW,25.252222,80.067778
2022-09-01,251.1,CHHAT003-OW,25.252222,80.067778
2022-10-01,107.60000000000001,CHHAT003-OW,25.252222,80.067778
2022-11-01,0.0,CHHAT003-OW,25.252222,80.067778
2022-12-01,0.2,CHHAT003-OW,25.252222,80.067778
2023-01-01,33.2,CHHAT003-OW,25.252222,80.067778
2023-02-01,0.0,CHHAT003-OW,25.252222,80.067778
2023-03-01,32.1,CHHAT003-OW,25.252222,80.067778
2023-04-01,16.7,CHHAT003-OW,25.252222,80.067778
2023-05-01,31.4,CHHAT003-OW,25.252222,80.067778
2023-06-01,166.4,CHHAT003-OW,25.252222,80.067778
2023-07-01,246.29999999999998,CHHAT003-OW,25.252222,80.067778
2023-08-01,317.0,CHHAT003-OW,25.252222,80.067778
2023-09-01,154.1,CHHAT003-OW,25.252222,80.067778
2023-10-01,7.1,CHHAT003-OW,25.252222,80.067778
2023-11-01,14.499999999999998,CHHAT003-OW,25.252222,80.067778
2023-12-01,7.3,CHHAT003-OW,25.252222,80.067778
2024-01-01,39.7,CHHAT003-OW,25.252222,80.067778
2024-02-01,57.3,CHHAT003-OW,25.252222,80.067778
2024-03-01,7.8999999999999995,CHHAT003-OW,25.252222,80.067778
2024-04-01,1.4000000000000001,CHHAT003-OW,25.252222,80.067778
2024-05-01,1.7000000000000002,CHHAT003-OW,25.252222,80.067778
2024-06-01,102.8,CHHAT003-OW,25.252222,80.067778
2024-07-01,260.3,CHHAT003-OW,25.252222,80.067778
2024-08-01,323.9,CHHAT003-OW,25.252222,80.067778
2024-09-01,321.8,CHHAT003-OW,25.252222,80.067778
2024-10-01,8.7,CHHAT003-OW,25.252222,80.067778
2024-11-01,0.1,CHHAT003-OW,25.252222,80.067778
2024-12-01,28.6,CHHAT003-OW,25.252222,80.067778
1976-01-01,18.1,PANNA077-OW,24.460833,80.325278
1976-02-01,0.2,PANNA077-OW,24.460833,80.325278
1976-03-01,2.7,PANNA077-OW,24.460833,80.325278
1976-04-01,9.3,PANNA077-OW,24.460833,80.325278
1976-05-01,7.9,PANNA077-OW,24.460833,80.325278
1976-06-01,91.1,PANNA077-OW,24.460833,80.325278
1976-07-01,366.9,PANNA077-OW,24.460833,80.325278
1976-08-01,451.90000000000003,PANNA077-OW,24.460833,80.325278
1976-09-01,200.7,PANNA077-OW,24.460833,80.325278
1976-10-01,0.4,PANNA077-OW,24.460833,80.325278
1976-11-01,6.6,PANNA077-OW,24.460833,80.325278
1976-12-01,0.2,PANNA077-OW,24.460833,80.325278
1977-01-01,28.799999999999997,PANNA077-OW,24.460833,80.325278
1977-02-01,11.9,PANNA077-OW,24.460833,80.325278
1977-03-01,13.6,PANNA077-OW,24.460833,80.325278
1977-04-01,3.5,PANNA077-OW,24.460833,80.325278
1977-05-01,5.0,PANNA077-OW,24.460833,80.325278
1977-06-01,189.6,PANNA077-OW,24.460833,80.325278
1977-07-01,606.2,PANNA077-OW,24.460833,80.325278
1977-08-01,181.6,PANNA077-OW,24.460833,80.325278
1977-09-01,91.8,PANNA077-OW,24.460833,80.325278
1977-10-01,42.0,PANNA077-OW,24.460833,80.325278
1977-11-01,28.599999999999998,PANNA077-OW,24.460833,80.325278
1977-12-01,3.0999999999999996,PANNA077-OW,24.460833,80.325278
1978-01-01,23.4,PANNA077-OW,24.460833,80.325278
1978-02-01,68.89999999999999,PANNA077-OW,24.460833,80.325278
1978-03-01,28.6,PANNA077-OW,24.460833,80.325278
1978-04-01,5.8999999999999995,PANNA077-OW,24.460833,80.325278
1978-05-01,0.2,PANNA077-OW,24.460833,80.325278
1978-06-01,238.7,PANNA077-OW,24.460833,80.325278
1978-07-01,286.2,PANNA077-OW,24.460833,80.325278
1978-08-01,263.9,PANNA077-OW,24.460833,80.325278
1978-09-01,353.4,PANNA077-OW,24.460833,80.325278
1978-10-01,0.2,PANNA077-OW,24.460833,80.325278
1978-11-01,34.9,PANNA077-OW,24.460833,80.325278
1978-12-01,24.0,PANNA077-OW,24.460833,80.325278
1979-01-01,28.7,PANNA077-OW,24.460833,80.325278
1979-02-01,45.1,PANNA077-OW,24.460833,80.325278
1979-03-01,3.1,PANNA077-OW,24.460833,80.325278
1979-04-01,2.0,PANNA077-OW,24.460833,80.325278
1979-05-01,8.1,PANNA077-OW,24.460833,80.325278
1979-06-01,161.9,PANNA077-OW,24.460833,80.325278
1979-07-01,288.9,PANNA077-OW,24.460833,80.325278
1979-08-01,131.4,PANNA077-OW,24.460833,80.325278
1979-09-01,16.700000000000003,PANNA077-OW,24.460833,80.325278
1979-10-01,0.9999999999999999,PANNA077-OW,24.460833,80.325278
1979-11-01,66.9,PANNA077-OW,24.460833,80.325278
1979-12-01,0.2,PANNA077-OW,24.460833,80.325278
1980-01-01,1.5999999999999999,PANNA077-OW,24.460833,80.325278
1980-02-01,1.9,PANNA077-OW,24.460833,80.325278
1980-03-01,2.3,PANNA077-OW,24.460833,80.325278
1980-04-01,0.0,PANNA077-OW,24.460833,80.325278
1980-05-01,2.0,PANNA077-OW,24.460833,80.325278
1980-06-01,171.1,PANNA077-OW,24.460833,80.325278
1980-07-01,387.1,PANNA077-OW,24.460833,80.325278
1980-08-01,791.7,PANNA077-OW,24.460833,80.325278
1980-09-01,190.7,PANNA077-OW,24.460833,80.325278
1980-10-01,4.3,PANNA077-OW,24.460833,80.325278
1980-11-01,0.0,PANNA077-OW,24.460833,80.325278
1980-12-01,40.3,PANNA077-OW,24.460833,80.325278
1981-01-01,3.7,PANNA077-OW,24.460833,80.325278
1981-02-01,0.7,PANNA077-OW,24.460833,80.325278
1981-03-01,21.2,PANNA077-OW,24.460833,80.325278
1981-04-01,0.0,PANNA077-OW,24.460833,80.325278
1981-05-01,5.1,PANNA077-OW,24.460833,80.325278
1981-06-01,111.0,PANNA077-OW,24.460833,80.325278
1981-07-01,255.4,PANNA077-OW,24.460833,80.325278
1981-08-01,176.5,PANNA077-OW,24.460833,80.325278
1981-09-01,147.9,PANNA077-OW,24.460833,80.325278
1981-10-01,2.3,PANNA077-OW,24.460833,80.325278
1981-11-01,0.5,PANNA077-OW,24.460833,80.325278
1981-12-01,9.4,PANNA077-OW,24.460833,80.325278
1982-01-01,43.1,PANNA077-OW,24.460833,80.325278
1982-02-01,5.8,PANNA077-OW,24.460833,80.325278
1982-03-01,11.9,PANNA077-OW,24.460833,80.325278
1982-04-01,4.2,PANNA077-OW,24.460833,80.325278
1982-05-01,15.700000000000001,PANNA077-OW,24.460833,80.325278
1982-06-01,44.1,PANNA077-OW,24.460833,80.325278
1982-07-01,218.8,PANNA077-OW,24.460833,80.325278
1982-08-01,321.7,PANNA077-OW,24.460833,80.325278
1982-09-01,283.2,PANNA077-OW,24.460833,80.325278
1982-10-01,7.2,PANNA077-OW,24.460833,80.325278
1982-11-01,36.5,PANNA077-OW,24.460833,80.325278
1982-12-01,4.7,PANNA077-OW,24.460833,80.325278
1983-01-01,7.6,PANNA077-OW,24.460833,80.325278
1983-02-01,7.999999999999999,PANNA077-OW,24.460833,80.325278
1983-03-01,0.0,PANNA077-OW,24.460833,80.325278
1983-04-01,19.7,PANNA077-OW,24.460833,80.325278
1983-05-01,13.0,PANNA077-OW,24.460833,80.325278
1983-06-01,91.4,PANNA077-OW,24.460833,80.325278
1983-07-01,333.3,PANNA077-OW,24.460833,80.325278
1983-08-01,205.5,PANNA077-OW,24.460833,80.325278
1983-09-01,271.2,PANNA077-OW,24.460833,80.325278
1983-10-01,86.8,PANNA077-OW,24.460833,80.325278
1983-11-01,0.0,PANNA077-OW,24.460833,80.325278
1983-12-01,4.0,PANNA077-OW,24.460833,80.325278
1984-01-01,37.5,PANNA077-OW,24.460833,80.325278
1984-02-01,50.6,PANNA077-OW,24.460833,80.325278
1984-03-01,0.0,PANNA077-OW,24.460833,80.325278
1984-04-01,1.6,PANNA077-OW,24.460833,80.325278
1984-05-01,1.9000000000000001,PANNA077-OW,24.460833,80.325278
1984-06-01,107.4,PANNA077-OW,24.460833,80.325278
1984-07-01,260.4,PANNA077-OW,24.460833,80.325278
1984-08-01,386.2,PANNA077-OW,24.460833,80.325278
1984-09-01,73.8,PANNA077-OW,24.460833,80.325278
1984-10-01,2.5,PANNA077-OW,24.460833,80.325278
1984-11-01,0.0,PANNA077-OW,24.460833,80.325278
1984-12-01,5.7,PANNA077-OW,24.460833,80.325278
1985-01-01,33.1,PANNA077-OW,24.460833,80.325278
1985-02-01,0.0,PANNA077-OW,24.460833,80.325278
1985-03-01,0.0,PANNA077-OW,24.460833,80.325278
1985-04-01,4.3,PANNA077-OW,24.460833,80.325278
1985-05-01,3.5,PANNA077-OW,24.460833,80.325278
1985-06-01,49.5,PANNA077-OW,24.460833,80.325278
1985-07-01,301.0,PANNA077-OW,24.460833,80.325278
1985-08-01,169.4,PANNA077-OW,24.460833,80.325278
1985-09-01,138.6,PANNA077-OW,24.460833,80.325278
1985-10-01,96.8,PANNA077-OW,24.460833,80.325278
1985-11-01,0.0,PANNA077-OW,24.460833,80.325278
1985-12-01,0.3,PANNA077-OW,24.460833,80.325278
1986-01-01,16.9,PANNA077-OW,24.460833,80.325278
1986-02-01,48.1,PANNA077-OW,24.460833,80.325278
1986-03-01,3.0,PANNA077-OW,24.460833,80.325278
1986-04-01,0.1,PANNA077-OW,24.460833,80.325278
1986-05-01,6.0,PANNA077-OW,24.460833,80.325278
1986-06-01,171.9,PANNA077-OW,24.460833,80.325278
1986-07-01,414.8,PANNA077-OW,24.460833,80.325278
1986-08-01,201.5,PANNA077-OW,24.460833,80.325278
1986-09-01,76.7,PANNA077-OW,24.460833,80.325278
1986-10-01,7.3,PANNA077-OW,24.460833,80.325278
1986-11-01,0.0,PANNA077-OW,24.460833,80.325278
1986-12-01,29.9,PANNA077-OW,24.460833,80.325278
1987-01-01,22.3,PANNA077-OW,24.460833,80.325278
1987-02-01,30.4,PANNA077-OW,24.460833,80.325278
1987-03-01,1.3,PANNA077-OW,24.460833,80.325278
1987-04-01,0.6,PANNA077-OW,24.460833,80.325278
1987-05-01,4.7,PANNA077-OW,24.460833,80.325278
1987-06-01,6.9,PANNA077-OW,24.460833,80.325278
1987-07-01,157.4,PANNA077-OW,24.460833,80.325278
1987-08-01,213.2,PANNA077-OW,24.460833,80.325278
1987-09-01,402.5,PANNA077-OW,24.460833,80.325278
1987-10-01,64.1,PANNA077-OW,24.460833,80.325278
1987-11-01,0.8,PANNA077-OW,24.460833,80.325278
1987-12-01,8.2,PANNA077-OW,24.460833,80.325278
1988-01-01,7.000000000000001,PANNA077-OW,24.460833,80.325278
1988-02-01,17.0,PANNA077-OW,24.460833,80.325278
1988-03-01,0.9,PANNA077-OW,24.460833,80.325278
1988-04-01,2.0999999999999996,PANNA077-OW,24.460833,80.325278
1988-05-01,1.7,PANNA077-OW,24.460833,80.325278
1988-06-01,370.2,PANNA077-OW,24.460833,80.325278
1988-07-01,295.3,PANNA077-OW,24.460833,80.325278
1988-08-01,242.7,PANNA077-OW,24.460833,80.325278
1988-09-01,74.6,PANNA077-OW,24.460833,80.325278
1988-10-01,30.5,PANNA077-OW,24.460833,80.325278
1988-11-01,0.0,PANNA077-OW,24.460833,80.325278
1988-12-01,2.1,PANNA077-OW,24.460833,80.325278
1989-01-01,0.8,PANNA077-OW,24.460833,80.325278
1989-02-01,0.0,PANNA077-OW,24.460833,80.325278
1989-03-01,5.1,PANNA077-OW,24.460833,80.325278
1989-04-01,0.0,PANNA077-OW,24.460833,80.325278
1989-05-01,0.4,PANNA077-OW,24.460833,80.325278
1989-06-01,288.3,PANNA077-OW,24.460833,80.325278
1989-07-01,229.20000000000002,PANNA077-OW,24.460833,80.325278
1989-08-01,273.8,PANNA077-OW,24.460833,80.325278
1989-09-01,93.60000000000001,PANNA077-OW,24.460833,80.325278
1989-10-01,0.0,PANNA077-OW,24.460833,80.325278
1989-11-01,3.6999999999999997,PANNA077-OW,24.460833,80.325278
1989-12-01,42.3,PANNA077-OW,24.460833,80.325278
1990-01-01,0.0,PANNA077-OW,24.460833,80.325278
1990-02-01,23.599999999999998,PANNA077-OW,24.460833,80.325278
1990-03-01,5.5,PANNA077-OW,24.460833,80.325278
1990-04-01,4.4,PANNA077-OW,24.460833,80.325278
1990-05-01,24.3,PANNA077-OW,24.460833,80.325278
1990-06-01,376.09999999999997,PANNA077-OW,24.460833,80.325278
1990-07-01,315.4,PANNA077-OW,24.460833,80.325278
1990-08-01,261.2,PANNA077-OW,24.460833,80.325278
1990-09-01,398.7,PANNA077-OW,24.460833,80.325278
1990-10-01,26.200000000000003,PANNA077-OW,24.460833,80.325278
1990-11-01,0.8,PANNA077-OW,24.460833,80.325278
1990-12-01,9.2,PANNA077-OW,24.460833,80.325278
1991-01-01,3.9,PANNA077-OW,24.460833,80.325278
1991-02-01,11.6,PANNA077-OW,24.460833,80.325278
1991-03-01,13.0,PANNA077-OW,24.460833,80.325278
1991-04-01,0.8,PANNA077-OW,24.460833,80.325278
1991-05-01,0.0,PANNA077-OW,24.460833,80.325278
1991-06-01,70.8,PANNA077-OW,24.460833,80.325278
1991-07-01,446.7,PANNA077-OW,24.460833,80.325278
1991-08-01,455.5,PANNA077-OW,24.460833,80.325278
1991-09-01,86.0,PANNA077-OW,24.460833,80.325278
1991-10-01,0.0,PANNA077-OW,24.460833,80.325278
1991-11-01,2.5999999999999996,PANNA077-OW,24.460833,80.325278
1991-12-01,4.9,PANNA077-OW,24.460833,80.325278
1992-01-01,0.4,PANNA077-OW,24.460833,80.325278
1992-02-01,0.0,PANNA077-OW,24.460833,80.325278
1992-03-01,6.8999999999999995,PANNA077-OW,24.460833,80.325278
1992-04-01,0.4,PANNA077-OW,24.460833,80.325278
1992-05-01,9.4,PANNA077-OW,24.460833,80.325278
1992-06-01,10.4,PANNA077-OW,24.460833,80.325278
1992-07-01,197.29999999999998,PANNA077-OW,24.460833,80.325278
1992-08-01,356.2,PANNA077-OW,24.460833,80.325278
1992-09-01,260.6,PANNA077-OW,24.460833,80.325278
1992-10-01,16.5,PANNA077-OW,24.460833,80.325278
1992-11-01,0.2,PANNA077-OW,24.460833,80.325278
1992-12-01,0.0,PANNA077-OW,24.460833,80.325278
1993-01-01,0.0,PANNA077-OW,24.460833,80.325278
1993-02-01,21.599999999999998,PANNA077-OW,24.460833,80.325278
1993-03-01,10.4,PANNA077-OW,24.460833,80.325278
1993-04-01,3.4000000000000004,PANNA077-OW,24.460833,80.325278
1993-05-01,7.300000000000001,PANNA077-OW,24.460833,80.325278
1993-06-01,165.4,PANNA077-OW,24.460833,80.325278
1993-07-01,179.79999999999998,PANNA077-OW,24.460833,80.325278
1993-08-01,174.9,PANNA077-OW,24.460833,80.325278
1993-09-01,372.9,PANNA077-OW,24.460833,80.325278
1993-10-01,1.4000000000000001,PANNA077-OW,24.460833,80.325278
1993-11-01,0.0,PANNA077-OW,24.460833,80.325278
1993-12-01,0.1,PANNA077-OW,24.460833,80.325278
1994-01-01,22.9,PANNA077-OW,24.460833,80.325278
1994-02-01,22.1,PANNA077-OW,24.460833,80.325278
1994-03-01,1.0,PANNA077-OW,24.460833,80.325278
1994-04-01,6.3,PANNA077-OW,24.460833,80.325278
1994-05-01,1.1,PANNA077-OW,24.460833,80.325278
1994-06-01,220.1,PANNA077-OW,24.460833,80.325278
1994-07-01,397.3,PANNA077-OW,24.460833,80.325278
1994-08-01,299.0,PANNA077-OW,24.460833,80.325278
1994-09-01,92.8,PANNA077-OW,24.460833,80.325278
1994-10-01,6.1,PANNA077-OW,24.460833,80.325278
1994-11-01,0.3,PANNA077-OW,24.460833,80.325278
1994-12-01,0.0,PANNA077-OW,24.460833,80.325278
1995-01-01,37.900000000000006,PANNA077-OW,24.460833,80.325278
1995-02-01,22.6,PANNA077-OW,24.460833,80.325278
1995-03-01,24.2,PANNA077-OW,24.460833,80.325278
1995-04-01,3.0999999999999996,PANNA077-OW,24.460833,80.325278
1995-05-01,0.6,PANNA077-OW,24.460833,80.325278
1995-06-01,47.9,PANNA077-OW,24.460833,80.325278
1995-07-01,215.0,PANNA077-OW,24.460833,80.325278
1995-08-01,390.3,PANNA077-OW,24.460833,80.325278
1995-09-01,147.70000000000002,PANNA077-OW,24.460833,80.325278
1995-10-01,7.5,PANNA077-OW,24.460833,80.325278
1995-11-01,0.2,PANNA077-OW,24.460833,80.325278
1995-12-01,29.5,PANNA077-OW,24.460833,80.325278
1996-01-01,25.0,PANNA077-OW,24.460833,80.325278
1996-02-01,19.2,PANNA077-OW,24.460833,80.325278
1996-03-01,6.8,PANNA077-OW,24.460833,80.325278
1996-04-01,3.8,PANNA077-OW,24.460833,80.325278
1996-05-01,5.7,PANNA077-OW,24.460833,80.325278
1996-06-01,63.6,PANNA077-OW,24.460833,80.325278
1996-07-01,271.2,PANNA077-OW,24.460833,80.325278
1996-08-01,332.4,PANNA077-OW,24.460833,80.325278
1996-09-01,100.8,PANNA077-OW,24.460833,80.325278
1996-10-01,36.1,PANNA077-OW,24.460833,80.325278
1996-11-01,0.0,PANNA077-OW,24.460833,80.325278
1996-12-01,0.0,PANNA077-OW,24.460833,80.325278
1997-01-01,5.8,PANNA077-OW,24.460833,80.325278
1997-02-01,0.0,PANNA077-OW,24.460833,80.325278
1997-03-01,1.1,PANNA077-OW,24.460833,80.325278
1997-04-01,4.9,PANNA077-OW,24.460833,80.325278
1997-05-01,12.9,PANNA077-OW,24.460833,80.325278
1997-06-01,108.2,PANNA077-OW,24.460833,80.325278
1997-07-01,487.3,PANNA077-OW,24.460833,80.325278
1997-08-01,320.9,PANNA077-OW,24.460833,80.325278
1997-09-01,166.6,PANNA077-OW,24.460833,80.325278
1997-10-01,62.3,PANNA077-OW,24.460833,80.325278
1997-11-01,90.7,PANNA077-OW,24.460833,80.325278
1997-12-01,89.89999999999999,PANNA077-OW,24.460833,80.325278
1998-01-01,1.2000000000000002,PANNA077-OW,24.460833,80.325278
1998-02-01,2.3000000000000003,PANNA077-OW,24.460833,80.325278
1998-03-01,32.2,PANNA077-OW,24.460833,80.325278
1998-04-01,6.3,PANNA077-OW,24.460833,80.325278
1998-05-01,4.7,PANNA077-OW,24.460833,80.325278
1998-06-01,124.0,PANNA077-OW,24.460833,80.325278
1998-07-01,322.3,PANNA077-OW,24.460833,80.325278
1998-08-01,305.9,PANNA077-OW,24.460833,80.325278
1998-09-01,108.3,PANNA077-OW,24.460833,80.325278
1998-10-01,24.0,PANNA077-OW,24.460833,80.325278
1998-11-01,30.400000000000002,PANNA077-OW,24.460833,80.325278
1998-12-01,0.0,PANNA077-OW,24.460833,80.325278
1999-01-01,1.3,PANNA077-OW,24.460833,80.325278
1999-02-01,55.5,PANNA077-OW,24.460833,80.325278
1999-03-01,0.0,PANNA077-OW,24.460833,80.325278
1999-04-01,0.2,PANNA077-OW,24.460833,80.325278
1999-05-01,6.1,PANNA077-OW,24.460833,80.325278
1999-06-01,78.9,PANNA077-OW,24.460833,80.325278
1999-07-01,275.7,PANNA077-OW,24.460833,80.325278
1999-08-01,256.9,PANNA077-OW,24.460833,80.325278
1999-09-01,298.9,PANNA077-OW,24.460833,80.325278
1999-10-01,52.300000000000004,PANNA077-OW,24.460833,80.325278
1999-11-01,0.9,PANNA077-OW,24.460833,80.325278
1999-12-01,1.7,PANNA077-OW,24.460833,80.325278
2000-01-01,1.1,PANNA077-OW,24.460833,80.325278
2000-02-01,0.0,PANNA077-OW,24.460833,80.325278
2000-03-01,0.0,PANNA077-OW,24.460833,80.325278
2000-04-01,4.3,PANNA077-OW,24.460833,80.325278
2000-05-01,45.1,PANNA077-OW,24.460833,80.325278
2000-06-01,192.2,PANNA077-OW,24.460833,80.325278
2000-07-01,339.9,PANNA077-OW,24.460833,80.325278
2000-08-01,135.6,PANNA077-OW,24.460833,80.325278
2000-09-01,71.5,PANNA077-OW,24.460833,80.325278
2000-10-01,0.0,PANNA077-OW,24.460833,80.325278
2000-11-01,0.0,PANNA077-OW,24.460833,80.325278
2000-12-01,6.1,PANNA077-OW,24.460833,80.325278
2001-01-01,1.7999999999999998,PANNA077-OW,24.460833,80.325278
2001-02-01,2.3,PANNA077-OW,24.460833,80.325278
2001-03-01,3.4,PANNA077-OW,24.460833,80.325278
2001-04-01,19.9,PANNA077-OW,24.460833,80.325278
2001-05-01,18.9,PANNA077-OW,24.460833,80.325278
2001-06-01,399.3,PANNA077-OW,24.460833,80.325278
2001-07-01,414.2,PANNA077-OW,24.460833,80.325278
2001-08-01,161.3,PANNA077-OW,24.460833,80.325278
2001-09-01,45.4,PANNA077-OW,24.460833,80.325278
2001-10-01,74.5,PANNA077-OW,24.460833,80.325278
2001-11-01,0.0,PANNA077-OW,24.460833,80.325278
2001-12-01,0.0,PANNA077-OW,24.460833,80.325278
2002-01-01,10.299999999999999,PANNA077-OW,24.460833,80.325278
2002-02-01,14.1,PANNA077-OW,24.460833,80.325278
2002-03-01,1.0,PANNA077-OW,24.460833,80.325278
2002-04-01,1.1,PANNA077-OW,24.460833,80.325278
2002-05-01,12.800000000000002,PANNA077-OW,24.460833,80.325278
2002-06-01,55.3,PANNA077-OW,24.460833,80.325278
2002-07-01,93.3,PANNA077-OW,24.460833,80.325278
2002-08-01,365.7,PANNA077-OW,24.460833,80.325278
2002-09-01,175.1,PANNA077-OW,24.460833,80.325278
2002-10-01,52.599999999999994,PANNA077-OW,24.460833,80.325278
2002-11-01,1.7000000000000002,PANNA077-OW,24.460833,80.325278
2002-12-01,13.9,PANNA077-OW,24.460833,80.325278
2003-01-01,2.7,PANNA077-OW,24.460833,80.325278
2003-02-01,41.7,PANNA077-OW,24.460833,80.325278
2003-03-01,5.9,PANNA077-OW,24.460833,80.325278
2003-04-01,3.8,PANNA077-OW,24.460833,80.325278
2003-05-01,3.0,PANNA077-OW,24.460833,80.325278
2003-06-01,112.9,PANNA077-OW,24.460833,80.325278
2003-07-01,479.6,PANNA077-OW,24.460833,80.325278
2003-08-01,268.7,PANNA077-OW,24.460833,80.325278
2003-09-01,456.4,PANNA077-OW,24.460833,80.325278
2003-10-01,3.5,PANNA077-OW,24.460833,80.325278
2003-11-01,0.0,PANNA077-OW,24.460833,80.325278
2003-12-01,10.299999999999999,PANNA077-OW,24.460833,80.325278
2004-01-01,56.199999999999996,PANNA077-OW,24.460833,80.325278
2004-02-01,0.0,PANNA077-OW,24.460833,80.325278
2004-03-01,0.0,PANNA077-OW,24.460833,80.325278
2004-04-01,1.9,PANNA077-OW,24.460833,80.325278
2004-05-01,0.5,PANNA077-OW,24.460833,80.325278
2004-06-01,167.2,PANNA077-OW,24.460833,80.325278
2004-07-01,269.9,PANNA077-OW,24.460833,80.325278
2004-08-01,277.8,PANNA077-OW,24.460833,80.325278
2004-09-01,137.0,PANNA077-OW,24.460833,80.325278
2004-10-01,7.0,PANNA077-OW,24.460833,80.325278
2004-11-01,1.3,PANNA077-OW,24.460833,80.325278
2004-12-01,0.4,PANNA077-OW,24.460833,80.325278
2005-01-01,15.5,PANNA077-OW,24.460833,80.325278
2005-02-01,5.8999999999999995,PANNA077-OW,24.460833,80.325278
2005-03-01,12.5,PANNA077-OW,24.460833,80.325278
2005-04-01,2.1,PANNA077-OW,24.460833,80.325278
2005-05-01,3.0,PANNA077-OW,24.460833,80.325278
2005-06-01,130.4,PANNA077-OW,24.460833,80.325278
2005-07-01,554.5,PANNA077-OW,24.460833,80.325278
2005-08-01,147.4,PANNA077-OW,24.460833,80.325278
2005-09-01,138.8,PANNA077-OW,24.460833,80.325278
2005-10-01,10.799999999999999,PANNA077-OW,24.460833,80.325278
2005-11-01,0.0,PANNA077-OW,24.460833,80.325278
2005-12-01,6.6,PANNA077-OW,24.460833,80.325278
2006-01-01,0.0,PANNA077-OW,24.460833,80.325278
2006-02-01,0.0,PANNA077-OW,24.460833,80.325278
2006-03-01,50.9,PANNA077-OW,24.460833,80.325278
2006-04-01,9.6,PANNA077-OW,24.460833,80.325278
2006-05-01,11.7,PANNA077-OW,24.460833,80.325278
2006-06-01,106.9,PANNA077-OW,24.460833,80.325278
2006-07-01,319.3,PANNA077-OW,24.460833,80.325278
2006-08-01,222.3,PANNA077-OW,24.460833,80.325278
2006-09-01,55.8,PANNA077-OW,24.460833,80.325278
2006-10-01,6.9,PANNA077-OW,24.460833,80.325278
2006-11-01,7.4,PANNA077-OW,24.460833,80.325278
2006-12-01,0.0,PANNA077-OW,24.460833,80.325278
2007-01-01,0.0,PANNA077-OW,24.460833,80.325278
2007-02-01,37.0,PANNA077-OW,24.460833,80.325278
2007-03-01,5.3,PANNA077-OW,24.460833,80.325278
2007-04-01,2.6,PANNA077-OW,24.460833,80.325278
2007-05-01,4.0,PANNA077-OW,24.460833,80.325278
2007-06-01,83.9,PANNA077-OW,24.460833,80.325278
2007-07-01,172.70000000000002,PANNA077-OW,24.460833,80.325278
2007-08-01,262.3,PANNA077-OW,24.460833,80.325278
2007-09-01,107.3,PANNA077-OW,24.460833,80.325278
2007-10-01,1.3,PANNA077-OW,24.460833,80.325278
2007-11-01,0.0,PANNA077-OW,24.460833,80.325278
2007-12-01,4.5,PANNA077-OW,24.460833,80.325278
2008-01-01,0.7000000000000001,PANNA077-OW,24.460833,80.325278
2008-02-01,2.4,PANNA077-OW,24.460833,80.325278
2008-03-01,5.3,PANNA077-OW,24.460833,80.325278
2008-04-01,5.300000000000001,PANNA077-OW,24.460833,80.325278
2008-05-01,6.7,PANNA077-OW,24.460833,80.325278
2008-06-01,627.0,PANNA077-OW,24.460833,80.325278
2008-07-01,345.8,PANNA077-OW,24.460833,80.325278
2008-08-01,254.5,PANNA077-OW,24.460833,80.325278
2008-09-01,140.7,PANNA077-OW,24.460833,80.325278
2008-10-01,3.4,PANNA077-OW,24.460833,80.325278
2008-11-01,5.9,PANNA077-OW,24.460833,80.325278
2008-12-01,0.0,PANNA077-OW,24.460833,80.325278
2009-01-01,16.5,PANNA077-OW,24.460833,80.325278
2009-02-01,0.6,PANNA077-OW,24.460833,80.325278
2009-03-01,3.4000000000000004,PANNA077-OW,24.460833,80.325278
2009-04-01,4.6000000000000005,PANNA077-OW,24.460833,80.325278
2009-05-01,2.4000000000000004,PANNA077-OW,24.460833,80.325278
2009-06-01,71.8,PANNA077-OW,24.460833,80.325278
2009-07-01,371.8,PANNA077-OW,24.460833,80.325278
2009-08-01,118.80000000000001,PANNA077-OW,24.460833,80.325278
2009-09-01,174.2,PANNA077-OW,24.460833,80.325278
2009-10-01,91.6,PANNA077-OW,24.460833,80.325278
2009-11-01,98.5,PANNA077-OW,24.460833,80.325278
2009-12-01,8.2,PANNA077-OW,24.460833,80.325278
2010-01-01,1.1,PANNA077-OW,24.460833,80.325278
2010-02-01,9.5,PANNA077-OW,24.460833,80.325278
2010-03-01,0.1,PANNA077-OW,24.460833,80.325278
2010-04-01,0.7,PANNA077-OW,24.460833,80.325278
2010-05-01,1.4,PANNA077-OW,24.460833,80.325278
2010-06-01,24.4,PANNA077-OW,24.460833,80.325278
2010-07-01,302.6,PANNA077-OW,24.460833,80.325278
2010-08-01,293.0,PANNA077-OW,24.460833,80.325278
2010-09-01,158.7,PANNA077-OW,24.460833,80.325278
2010-10-01,16.0,PANNA077-OW,24.460833,80.325278
2010-11-01,24.7,PANNA077-OW,24.460833,80.325278
2010-12-01,3.0999999999999996,PANNA077-OW,24.460833,80.325278
2011-01-01,0.1,PANNA077-OW,24.460833,80.325278
2011-02-01,4.0,PANNA077-OW,24.460833,80.325278
2011-03-01,2.4,PANNA077-OW,24.460833,80.325278
2011-04-01,1.5,PANNA077-OW,24.460833,80.325278
2011-05-01,3.4,PANNA077-OW,24.460833,80.325278
2011-06-01,350.8,PANNA077-OW,24.460833,80.325278
2011-07-01,206.9,PANNA077-OW,24.460833,80.325278
2011-08-01,305.3,PANNA077-OW,24.460833,80.325278
2011-09-01,194.8,PANNA077-OW,24.460833,80.325278
2011-10-01,0.3,PANNA077-OW,24.460833,80.325278
2011-11-01,0.0,PANNA077-OW,24.460833,80.325278
2011-12-01,2.9,PANNA077-OW,24.460833,80.325278
2012-01-01,23.3,PANNA077-OW,24.460833,80.325278
2012-02-01,2.0,PANNA077-OW,24.460833,80.325278
2012-03-01,0.2,PANNA077-OW,24.460833,80.325278
2012-04-01,2.2,PANNA077-OW,24.460833,80.325278
2012-05-01,0.9,PANNA077-OW,24.460833,80.325278
2012-06-01,9.0,PANNA077-OW,24.460833,80.325278
2012-07-01,428.4,PANNA077-OW,24.460833,80.325278
2012-08-01,444.9,PANNA077-OW,24.460833,80.325278
2012-09-01,161.4,PANNA077-OW,24.460833,80.325278
2012-10-01,13.7,PANNA077-OW,24.460833,80.325278
2012-11-01,0.0,PANNA077-OW,24.460833,80.325278
2012-12-01,0.0,PANNA077-OW,24.460833,80.325278
2013-01-01,0.3,PANNA077-OW,24.460833,80.325278
2013-02-01,60.7,PANNA077-OW,24.460833,80.325278
2013-03-01,11.7,PANNA077-OW,24.460833,80.325278
2013-04-01,12.0,PANNA077-OW,24.460833,80.325278
2013-05-01,0.0,PANNA077-OW,24.460833,80.325278
2013-06-01,330.3,PANNA077-OW,24.460833,80.325278
2013-07-01,394.3,PANNA077-OW,24.460833,80.325278
2013-08-01,359.90000000000003,PANNA077-OW,24.460833,80.325278
2013-09-01,57.5,PANNA077-OW,24.460833,80.325278
2013-10-01,114.9,PANNA077-OW,24.460833,80.325278
2013-11-01,0.1,PANNA077-OW,24.460833,80.325278
2013-12-01,0.0,PANNA077-OW,24.460833,80.325278
2014-01-01,61.8,PANNA077-OW,24.460833,80.325278
2014-02-01,88.6,PANNA077-OW,24.460833,80.325278
2014-03-01,15.0,PANNA077-OW,24.460833,80.325278
2014-04-01,5.5,PANNA077-OW,24.460833,80.325278
2014-05-01,1.0,PANNA077-OW,24.460833,80.325278
2014-06-01,27.2,PANNA077-OW,24.460833,80.325278
2014-07-01,286.6,PANNA077-OW,24.460833,80.325278
2014-08-01,169.1,PANNA077-OW,24.460833,80.325278
2014-09-01,115.3,PANNA077-OW,24.460833,80.325278
2014-10-01,59.0,PANNA077-OW,24.460833,80.325278
2014-11-01,0.0,PANNA077-OW,24.460833,80.325278
2014-12-01,49.5,PANNA077-OW,24.460833,80.325278
2015-01-01,71.7,PANNA077-OW,24.460833,80.325278
2015-02-01,11.9,PANNA077-OW,24.460833,80.325278
2015-03-01,77.0,PANNA077-OW,24.460833,80.325278
2015-04-01,25.8,PANNA077-OW,24.460833,80.325278
2015-05-01,5.3,PANNA077-OW,24.460833,80.325278
2015-06-01,127.1,PANNA077-OW,24.460833,80.325278
2015-07-01,161.0,PANNA077-OW,24.460833,80.325278
2015-08-01,241.6,PANNA077-OW,24.460833,80.325278
2015-09-01,56.2,PANNA077-OW,24.460833,80.325278
2015-10-01,48.4,PANNA077-OW,24.460833,80.325278
2015-11-01,1.7000000000000002,PANNA077-OW,24.460833,80.325278
2015-12-01,6.0,PANNA077-OW,24.460833,80.325278
2016-01-01,23.8,PANNA077-OW,24.460833,80.325278
2016-02-01,8.899999999999999,PANNA077-OW,24.460833,80.325278
2016-03-01,26.6,PANNA077-OW,24.460833,80.325278
2016-04-01,0.2,PANNA077-OW,24.460833,80.325278
2016-05-01,8.6,PANNA077-OW,24.460833,80.325278
2016-06-01,70.9,PANNA077-OW,24.460833,80.325278
2016-07-01,505.0,PANNA077-OW,24.460833,80.325278
2016-08-01,532.8,PANNA077-OW,24.460833,80.325278
2016-09-01,170.2,PANNA077-OW,24.460833,80.325278
2016-10-01,49.1,PANNA077-OW,24.460833,80.325278
2016-11-01,0.0,PANNA077-OW,24.460833,80.325278
2016-12-01,0.0,PANNA077-OW,24.460833,80.325278
2017-01-01,5.7,PANNA077-OW,24.460833,80.325278
2017-02-01,3.6,PANNA077-OW,24.460833,80.325278
2017-03-01,3.3,PANNA077-OW,24.460833,80.325278
2017-04-01,0.0,PANNA077-OW,24.460833,80.325278
2017-05-01,5.0,PANNA077-OW,24.460833,80.325278
2017-06-01,108.2,PANNA077-OW,24.460833,80.325278
2017-07-01,430.7,PANNA077-OW,24.460833,80.325278
2017-08-01,198.79999999999998,PANNA077-OW,24.460833,80.325278
2017-09-01,129.6,PANNA077-OW,24.460833,80.325278
2017-10-01,17.400000000000002,PANNA077-OW,24.460833,80.325278
2017-11-01,0.9,PANNA077-OW,24.460833,80.325278
2017-12-01,0.30000000000000004,PANNA077-OW,24.460833,80.325278
2018-01-01,0.0,PANNA077-OW,24.460833,80.325278
2018-02-01,20.400000000000002,PANNA077-OW,24.460833,80.325278
2018-03-01,1.2000000000000002,PANNA077-OW,24.460833,80.325278
2018-04-01,7.6,PANNA077-OW,24.460833,80.325278
2018-05-01,9.2,PANNA077-OW,24.460833,80.325278
2018-06-01,49.9,PANNA077-OW,24.460833,80.325278
2018-07-01,406.6,PANNA077-OW,24.460833,80.325278
2018-08-01,320.8,PANNA077-OW,24.460833,80.325278
2018-09-01,173.9,PANNA077-OW,24.460833,80.325278
2018-10-01,0.3,PANNA077-OW,24.460833,80.325278
2018-11-01,0.3,PANNA077-OW,24.460833,80.325278
2018-12-01,0.0,PANNA077-OW,24.460833,80.325278
2019-01-01,14.2,PANNA077-OW,24.460833,80.325278
2019-02-01,10.2,PANNA077-OW,24.460833,80.325278
2019-03-01,13.5,PANNA077-OW,24.460833,80.325278
2019-04-01,15.0,PANNA077-OW,24.460833,80.325278
2019-05-01,1.1,PANNA077-OW,24.460833,80.325278
2019-06-01,44.8,PANNA077-OW,24.460833,80.325278
2019-07-01,376.9,PANNA077-OW,24.460833,80.325278
2019-08-01,449.90000000000003,PANNA077-OW,24.460833,80.325278
2019-09-01,393.7,PANNA077-OW,24.460833,80.325278
2019-10-01,23.0,PANNA077-OW,24.460833,80.325278
2019-11-01,0.2,PANNA077-OW,24.460833,80.325278
2019-12-01,27.0,PANNA077-OW,24.460833,80.325278
2020-01-01,25.2,PANNA077-OW,24.460833,80.325278
2020-02-01,5.2,PANNA077-OW,24.460833,80.325278
2020-03-01,14.1,PANNA077-OW,24.460833,80.325278
2020-04-01,0.9,PANNA077-OW,24.460833,80.325278
2020-05-01,1.6,PANNA077-OW,24.460833,80.325278
2020-06-01,253.3,PANNA077-OW,24.460833,80.325278
2020-07-01,262.9,PANNA077-OW,24.460833,80.325278
2020-08-01,329.3,PANNA077-OW,24.460833,80.325278
2020-09-01,121.3,PANNA077-OW,24.460833,80.325278
2020-10-01,1.7999999999999998,PANNA077-OW,24.460833,80.325278
2020-11-01,3.9999999999999996,PANNA077-OW,24.460833,80.325278
2020-12-01,14.399999999999999,PANNA077-OW,24.460833,80.325278
2021-01-01,5.3999999999999995,PANNA077-OW,24.460833,80.325278
2021-02-01,3.0,PANNA077-OW,24.460833,80.325278
2021-03-01,3.7,PANNA077-OW,24.460833,80.325278
2021-04-01,0.0,PANNA077-OW,24.460833,80.325278
2021-05-01,41.1,PANNA077-OW,24.460833,80.325278
2021-06-01,127.7,PANNA077-OW,24.460833,80.325278
2021-07-01,301.1,PANNA077-OW,24.460833,80.325278
2021-08-01,360.3,PANNA077-OW,24.460833,80.325278
2021-09-01,205.7,PANNA077-OW,24.460833,80.325278
2021-10-01,83.3,PANNA077-OW,24.460833,80.325278
2021-11-01,0.0,PANNA077-OW,24.460833,80.325278
2021-12-01,3.0999999999999996,PANNA077-OW,24.460833,80.325278
2022-01-01,72.0,PANNA077-OW,24.460833,80.325278
2022-02-01,0.6,PANNA077-OW,24.460833,80.325278
2022-03-01,0.0,PANNA077-OW,24.460833,80.325278
2022-04-01,0.6,PANNA077-OW,24.460833,80.325278
2022-05-01,14.899999999999999,PANNA077-OW,24.460833,80.325278
2022-06-01,120.9,PANNA077-OW,24.460833,80.325278
2022-07-01,313.5,PANNA077-OW,24.460833,80.325278
2022-08-01,366.09999999999997,PANNA077-OW,24.460833,80.325278
2022-09-01,177.4,PANNA077-OW,24.460833,80.325278
2022-10-01,106.3,PANNA077-OW,24.460833,80.325278
2022-11-01,0.0,PANNA077-OW,24.460833,80.325278
2022-12-01,0.1,PANNA077-OW,24.460833,80.325278
2023-01-01,18.5,PANNA077-OW,24.460833,80.325278
2023-02-01,0.0,PANNA077-OW,24.460833,80.325278
2023-03-01,74.9,PANNA077-OW,24.460833,80.325278
2023-04-01,24.9,PANNA077-OW,24.460833,80.325278
2023-05-01,35.0,PANNA077-OW,24.460833,80.325278
2023-06-01,199.8,PANNA077-OW,24.460833,80.325278
2023-07-01,226.6,PANNA077-OW,24.460833,80.325278
2023-08-01,341.4,PANNA077-OW,24.460833,80.325278
2023-09-01,191.3,PANNA077-OW,24.460833,80.325278
2023-10-01,18.1,PANNA077-OW,24.460833,80.325278
2023-11-01,12.7,PANNA077-OW,24.460833,80.325278
2023-12-01,14.8,PANNA077-OW,24.460833,80.325278
2024-01-01,42.39999999999999,PANNA077-OW,24.460833,80.325278
2024-02-01,12.8,PANNA077-OW,24.460833,80.325278
2024-03-01,5.8,PANNA077-OW,24.460833,80.325278
2024-04-01,3.3,PANNA077-OW,24.460833,80.325278
2024-05-01,5.0,PANNA077-OW,24.460833,80.325278
2024-06-01,107.6,PANNA077-OW,24.460833,80.325278
2024-07-01,308.59999999999997,PANNA077-OW,24.460833,80.325278
2024-08-01,371.6,PANNA077-OW,24.460833,80.325278
2024-09-01,256.1,PANNA077-OW,24.460833,80.325278
2024-10-01,4.2,PANNA077-OW,24.460833,80.325278
2024-11-01,0.0,PANNA077-OW,24.460833,80.325278
2024-12-01,27.8,PANNA077-OW,24.460833,80.325278
1976-01-01,28.0,PANNA011-OW,24.703611,80.125833
1976-02-01,0.2,PANNA011-OW,24.703611,80.125833
1976-03-01,5.6,PANNA011-OW,24.703611,80.125833
1976-04-01,9.2,PANNA011-OW,24.703611,80.125833
1976-05-01,7.4,PANNA011-OW,24.703611,80.125833
1976-06-01,66.39999999999999,PANNA011-OW,24.703611,80.125833
1976-07-01,374.9,PANNA011-OW,24.703611,80.125833
1976-08-01,414.9,PANNA011-OW,24.703611,80.125833
1976-09-01,220.2,PANNA011-OW,24.703611,80.125833
1976-10-01,0.3,PANNA011-OW,24.703611,80.125833
1976-11-01,10.5,PANNA011-OW,24.703611,80.125833
1976-12-01,0.5,PANNA011-OW,24.703611,80.125833
1977-01-01,26.6,PANNA011-OW,24.703611,80.125833
1977-02-01,12.6,PANNA011-OW,24.703611,80.125833
1977-03-01,10.7,PANNA011-OW,24.703611,80.125833
1977-04-01,4.2,PANNA011-OW,24.703611,80.125833
1977-05-01,5.9,PANNA011-OW,24.703611,80.125833
1977-06-01,185.3,PANNA011-OW,24.703611,80.125833
1977-07-01,515.4,PANNA011-OW,24.703611,80.125833
1977-08-01,191.5,PANNA011-OW,24.703611,80.125833
1977-09-01,94.3,PANNA011-OW,24.703611,80.125833
1977-10-01,48.0,PANNA011-OW,24.703611,80.125833
1977-11-01,21.2,PANNA011-OW,24.703611,80.125833
1977-12-01,5.0,PANNA011-OW,24.703611,80.125833
1978-01-01,25.6,PANNA011-OW,24.703611,80.125833
1978-02-01,61.2,PANNA011-OW,24.703611,80.125833
1978-03-01,31.0,PANNA011-OW,24.703611,80.125833
1978-04-01,3.1,PANNA011-OW,24.703611,80.125833
1978-05-01,0.0,PANNA011-OW,24.703611,80.125833
1978-06-01,229.3,PANNA011-OW,24.703611,80.125833
1978-07-01,284.9,PANNA011-OW,24.703611,80.125833
1978-08-01,270.8,PANNA011-OW,24.703611,80.125833
1978-09-01,401.0,PANNA011-OW,24.703611,80.125833
1978-10-01,0.6000000000000001,PANNA011-OW,24.703611,80.125833
1978-11-01,32.9,PANNA011-OW,24.703611,80.125833
1978-12-01,23.5,PANNA011-OW,24.703611,80.125833
1979-01-01,33.3,PANNA011-OW,24.703611,80.125833
1979-02-01,34.9,PANNA011-OW,24.703611,80.125833
1979-03-01,3.8,PANNA011-OW,24.703611,80.125833
1979-04-01,1.9000000000000001,PANNA011-OW,24.703611,80.125833
1979-05-01,14.200000000000001,PANNA011-OW,24.703611,80.125833
1979-06-01,172.4,PANNA011-OW,24.703611,80.125833
1979-07-01,326.59999999999997,PANNA011-OW,24.703611,80.125833
1979-08-01,121.8,PANNA011-OW,24.703611,80.125833
1979-09-01,8.3,PANNA011-OW,24.703611,80.125833
1979-10-01,0.5,PANNA011-OW,24.703611,80.125833
1979-11-01,68.6,PANNA011-OW,24.703611,80.125833
1979-12-01,0.1,PANNA011-OW,24.703611,80.125833
1980-01-01,2.2,PANNA011-OW,24.703611,80.125833
1980-02-01,4.9,PANNA011-OW,24.703611,80.125833
1980-03-01,1.3,PANNA011-OW,24.703611,80.125833
1980-04-01,0.0,PANNA011-OW,24.703611,80.125833
1980-05-01,1.0,PANNA011-OW,24.703611,80.125833
1980-06-01,173.6,PANNA011-OW,24.703611,80.125833
1980-07-01,423.2,PANNA011-OW,24.703611,80.125833
1980-08-01,729.9,PANNA011-OW,24.703611,80.125833
1980-09-01,200.9,PANNA011-OW,24.703611,80.125833
1980-10-01,3.5999999999999996,PANNA011-OW,24.703611,80.125833
1980-11-01,0.0,PANNA011-OW,24.703611,80.125833
1980-12-01,39.6,PANNA011-OW,24.703611,80.125833
1981-01-01,3.3,PANNA011-OW,24.703611,80.125833
1981-02-01,0.4,PANNA011-OW,24.703611,80.125833
1981-03-01,16.2,PANNA011-OW,24.703611,80.125833
1981-04-01,0.0,PANNA011-OW,24.703611,80.125833
1981-05-01,6.4,PANNA011-OW,24.703611,80.125833
1981-06-01,106.4,PANNA011-OW,24.703611,80.125833
1981-07-01,270.8,PANNA011-OW,24.703611,80.125833
1981-08-01,177.3,PANNA011-OW,24.703611,80.125833
1981-09-01,151.3,PANNA011-OW,24.703611,80.125833
1981-10-01,1.8,PANNA011-OW,24.703611,80.125833
1981-11-01,0.2,PANNA011-OW,24.703611,80.125833
1981-12-01,8.8,PANNA011-OW,24.703611,80.125833
1982-01-01,47.400000000000006,PANNA011-OW,24.703611,80.125833
1982-02-01,1.4,PANNA011-OW,24.703611,80.125833
1982-03-01,13.9,PANNA011-OW,24.703611,80.125833
1982-04-01,3.1,PANNA011-OW,24.703611,80.125833
1982-05-01,17.7,PANNA011-OW,24.703611,80.125833
1982-06-01,59.1,PANNA011-OW,24.703611,80.125833
1982-07-01,199.0,PANNA011-OW,24.703611,80.125833
1982-08-01,366.5,PANNA011-OW,24.703611,80.125833
1982-09-01,230.79999999999998,PANNA011-OW,24.703611,80.125833
1982-10-01,5.2,PANNA011-OW,24.703611,80.125833
1982-11-01,36.4,PANNA011-OW,24.703611,80.125833
1982-12-01,6.8,PANNA011-OW,24.703611,80.125833
1983-01-01,12.7,PANNA011-OW,24.703611,80.125833
1983-02-01,8.2,PANNA011-OW,24.703611,80.125833
1983-03-01,0.0,PANNA011-OW,24.703611,80.125833
1983-04-01,21.8,PANNA011-OW,24.703611,80.125833
1983-05-01,10.0,PANNA011-OW,24.703611,80.125833
1983-06-01,93.0,PANNA011-OW,24.703611,80.125833
1983-07-01,395.7,PANNA011-OW,24.703611,80.125833
1983-08-01,241.6,PANNA011-OW,24.703611,80.125833
1983-09-01,275.0,PANNA011-OW,24.703611,80.125833
1983-10-01,76.7,PANNA011-OW,24.703611,80.125833
1983-11-01,0.0,PANNA011-OW,24.703611,80.125833
1983-12-01,3.2,PANNA011-OW,24.703611,80.125833
1984-01-01,30.3,PANNA011-OW,24.703611,80.125833
1984-02-01,56.400000000000006,PANNA011-OW,24.703611,80.125833
1984-03-01,0.0,PANNA011-OW,24.703611,80.125833
1984-04-01,3.9,PANNA011-OW,24.703611,80.125833
1984-05-01,1.9,PANNA011-OW,24.703611,80.125833
1984-06-01,106.4,PANNA011-OW,24.703611,80.125833
1984-07-01,238.4,PANNA011-OW,24.703611,80.125833
1984-08-01,345.40000000000003,PANNA011-OW,24.703611,80.125833
1984-09-01,96.7,PANNA011-OW,24.703611,80.125833
1984-10-01,2.3,PANNA011-OW,24.703611,80.125833
1984-11-01,0.0,PANNA011-OW,24.703611,80.125833
1984-12-01,4.7,PANNA011-OW,24.703611,80.125833
1985-01-01,34.4,PANNA011-OW,24.703611,80.125833
1985-02-01,0.0,PANNA011-OW,24.703611,80.125833
1985-03-01,0.3,PANNA011-OW,24.703611,80.125833
1985-04-01,3.6999999999999997,PANNA011-OW,24.703611,80.125833
1985-05-01,3.9000000000000004,PANNA011-OW,24.703611,80.125833
1985-06-01,37.699999999999996,PANNA011-OW,24.703611,80.125833
1985-07-01,310.5,PANNA011-OW,24.703611,80.125833
1985-08-01,151.2,PANNA011-OW,24.703611,80.125833
1985-09-01,139.3,PANNA011-OW,24.703611,80.125833
1985-10-01,111.7,PANNA011-OW,24.703611,80.125833
1985-11-01,0.0,PANNA011-OW,24.703611,80.125833
1985-12-01,0.6000000000000001,PANNA011-OW,24.703611,80.125833
1986-01-01,33.8,PANNA011-OW,24.703611,80.125833
1986-02-01,63.1,PANNA011-OW,24.703611,80.125833
1986-03-01,3.9000000000000004,PANNA011-OW,24.703611,80.125833
1986-04-01,0.30000000000000004,PANNA011-OW,24.703611,80.125833
1986-05-01,7.1,PANNA011-OW,24.703611,80.125833
1986-06-01,160.2,PANNA011-OW,24.703611,80.125833
1986-07-01,377.7,PANNA011-OW,24.703611,80.125833
1986-08-01,214.5,PANNA011-OW,24.703611,80.125833
1986-09-01,84.3,PANNA011-OW,24.703611,80.125833
1986-10-01,13.700000000000001,PANNA011-OW,24.703611,80.125833
1986-11-01,0.0,PANNA011-OW,24.703611,80.125833
1986-12-01,34.2,PANNA011-OW,24.703611,80.125833
1987-01-01,26.3,PANNA011-OW,24.703611,80.125833
1987-02-01,25.3,PANNA011-OW,24.703611,80.125833
1987-03-01,2.5,PANNA011-OW,24.703611,80.125833
1987-04-01,0.4,PANNA011-OW,24.703611,80.125833
1987-05-01,5.7,PANNA011-OW,24.703611,80.125833
1987-06-01,3.7,PANNA011-OW,24.703611,80.125833
1987-07-01,123.60000000000001,PANNA011-OW,24.703611,80.125833
1987-08-01,207.3,PANNA011-OW,24.703611,80.125833
1987-09-01,346.8,PANNA011-OW,24.703611,80.125833
1987-10-01,92.5,PANNA011-OW,24.703611,80.125833
1987-11-01,0.2,PANNA011-OW,24.703611,80.125833
1987-12-01,7.7,PANNA011-OW,24.703611,80.125833
1988-01-01,6.5,PANNA011-OW,24.703611,80.125833
1988-02-01,16.0,PANNA011-OW,24.703611,80.125833
1988-03-01,2.1,PANNA011-OW,24.703611,80.125833
1988-04-01,2.0,PANNA011-OW,24.703611,80.125833
1988-05-01,3.2,PANNA011-OW,24.703611,80.125833
1988-06-01,356.0,PANNA011-OW,24.703611,80.125833
1988-07-01,322.1,PANNA011-OW,24.703611,80.125833
1988-08-01,243.7,PANNA011-OW,24.703611,80.125833
1988-09-01,80.7,PANNA011-OW,24.703611,80.125833
1988-10-01,23.0,PANNA011-OW,24.703611,80.125833
1988-11-01,0.0,PANNA011-OW,24.703611,80.125833
1988-12-01,2.2,PANNA011-OW,24.703611,80.125833
1989-01-01,1.0,PANNA011-OW,24.703611,80.125833
1989-02-01,0.0,PANNA011-OW,24.703611,80.125833
1989-03-01,9.1,PANNA011-OW,24.703611,80.125833
1989-04-01,0.0,PANNA011-OW,24.703611,80.125833
1989-05-01,0.30000000000000004,PANNA011-OW,24.703611,80.125833
1989-06-01,309.9,PANNA011-OW,24.703611,80.125833
1989-07-01,235.2,PANNA011-OW,24.703611,80.125833
1989-08-01,281.7,PANNA011-OW,24.703611,80.125833
1989-09-01,88.2,PANNA011-OW,24.703611,80.125833
1989-10-01,1.5,PANNA011-OW,24.703611,80.125833
1989-11-01,2.1,PANNA011-OW,24.703611,80.125833
1989-12-01,40.8,PANNA011-OW,24.703611,80.125833
1990-01-01,0.0,PANNA011-OW,24.703611,80.125833
1990-02-01,27.1,PANNA011-OW,24.703611,80.125833
1990-03-01,6.0,PANNA011-OW,24.703611,80.125833
1990-04-01,4.7,PANNA011-OW,24.703611,80.125833
1990-05-01,22.2,PANNA011-OW,24.703611,80.125833
1990-06-01,308.5,PANNA011-OW,24.703611,80.125833
1990-07-01,364.4,PANNA011-OW,24.703611,80.125833
1990-08-01,336.4,PANNA011-OW,24.703611,80.125833
1990-09-01,375.7,PANNA011-OW,24.703611,80.125833
1990-10-01,26.0,PANNA011-OW,24.703611,80.125833
1990-11-01,1.3,PANNA011-OW,24.703611,80.125833
1990-12-01,5.6,PANNA011-OW,24.703611,80.125833
1991-01-01,8.799999999999999,PANNA011-OW,24.703611,80.125833
1991-02-01,14.8,PANNA011-OW,24.703611,80.125833
1991-03-01,15.299999999999999,PANNA011-OW,24.703611,80.125833
1991-04-01,2.2,PANNA011-OW,24.703611,80.125833
1991-05-01,0.1,PANNA011-OW,24.703611,80.125833
1991-06-01,67.4,PANNA011-OW,24.703611,80.125833
1991-07-01,377.8,PANNA011-OW,24.703611,80.125833
1991-08-01,502.6,PANNA011-OW,24.703611,80.125833
1991-09-01,107.7,PANNA011-OW,24.703611,80.125833
1991-10-01,0.0,PANNA011-OW,24.703611,80.125833
1991-11-01,3.7,PANNA011-OW,24.703611,80.125833
1991-12-01,13.2,PANNA011-OW,24.703611,80.125833
1992-01-01,1.0,PANNA011-OW,24.703611,80.125833
1992-02-01,0.0,PANNA011-OW,24.703611,80.125833
1992-03-01,5.1,PANNA011-OW,24.703611,80.125833
1992-04-01,1.0,PANNA011-OW,24.703611,80.125833
1992-05-01,5.1,PANNA011-OW,24.703611,80.125833
1992-06-01,9.9,PANNA011-OW,24.703611,80.125833
1992-07-01,198.2,PANNA011-OW,24.703611,80.125833
1992-08-01,379.5,PANNA011-OW,24.703611,80.125833
1992-09-01,289.6,PANNA011-OW,24.703611,80.125833
1992-10-01,17.400000000000002,PANNA011-OW,24.703611,80.125833
1992-11-01,0.2,PANNA011-OW,24.703611,80.125833
1992-12-01,0.0,PANNA011-OW,24.703611,80.125833
1993-01-01,0.0,PANNA011-OW,24.703611,80.125833
1993-02-01,14.3,PANNA011-OW,24.703611,80.125833
1993-03-01,7.1,PANNA011-OW,24.703611,80.125833
1993-04-01,3.1,PANNA011-OW,24.703611,80.125833
1993-05-01,4.2,PANNA011-OW,24.703611,80.125833
1993-06-01,149.1,PANNA011-OW,24.703611,80.125833
1993-07-01,185.9,PANNA011-OW,24.703611,80.125833
1993-08-01,170.2,PANNA011-OW,24.703611,80.125833
1993-09-01,370.3,PANNA011-OW,24.703611,80.125833
1993-10-01,0.9,PANNA011-OW,24.703611,80.125833
1993-11-01,0.0,PANNA011-OW,24.703611,80.125833
1993-12-01,0.0,PANNA011-OW,24.703611,80.125833
1994-01-01,29.8,PANNA011-OW,24.703611,80.125833
1994-02-01,26.8,PANNA011-OW,24.703611,80.125833
1994-03-01,2.8,PANNA011-OW,24.703611,80.125833
1994-04-01,4.7,PANNA011-OW,24.703611,80.125833
1994-05-01,2.8,PANNA011-OW,24.703611,80.125833
1994-06-01,219.8,PANNA011-OW,24.703611,80.125833
1994-07-01,383.8,PANNA011-OW,24.703611,80.125833
1994-08-01,311.0,PANNA011-OW,24.703611,80.125833
1994-09-01,82.8,PANNA011-OW,24.703611,80.125833
1994-10-01,8.3,PANNA011-OW,24.703611,80.125833
1994-11-01,0.0,PANNA011-OW,24.703611,80.125833
1994-12-01,0.0,PANNA011-OW,24.703611,80.125833
1995-01-01,44.7,PANNA011-OW,24.703611,80.125833
1995-02-01,15.700000000000001,PANNA011-OW,24.703611,80.125833
1995-03-01,23.7,PANNA011-OW,24.703611,80.125833
1995-04-01,1.7,PANNA011-OW,24.703611,80.125833
1995-05-01,1.5,PANNA011-OW,24.703611,80.125833
1995-06-01,53.5,PANNA011-OW,24.703611,80.125833
1995-07-01,183.8,PANNA011-OW,24.703611,80.125833
1995-08-01,453.7,PANNA011-OW,24.703611,80.125833
1995-09-01,159.3,PANNA011-OW,24.703611,80.125833
1995-10-01,6.5,PANNA011-OW,24.703611,80.125833
1995-11-01,0.2,PANNA011-OW,24.703611,80.125833
1995-12-01,32.3,PANNA011-OW,24.703611,80.125833
1996-01-01,28.7,PANNA011-OW,24.703611,80.125833
1996-02-01,24.1,PANNA011-OW,24.703611,80.125833
1996-03-01,7.999999999999999,PANNA011-OW,24.703611,80.125833
1996-04-01,3.4,PANNA011-OW,24.703611,80.125833
1996-05-01,6.0,PANNA011-OW,24.703611,80.125833
1996-06-01,39.5,PANNA011-OW,24.703611,80.125833
1996-07-01,275.5,PANNA011-OW,24.703611,80.125833
1996-08-01,364.5,PANNA011-OW,24.703611,80.125833
1996-09-01,123.6,PANNA011-OW,24.703611,80.125833
1996-10-01,50.3,PANNA011-OW,24.703611,80.125833
1996-11-01,0.0,PANNA011-OW,24.703611,80.125833
1996-12-01,0.0,PANNA011-OW,24.703611,80.125833
1997-01-01,5.6,PANNA011-OW,24.703611,80.125833
1997-02-01,0.0,PANNA011-OW,24.703611,80.125833
1997-03-01,1.7999999999999998,PANNA011-OW,24.703611,80.125833
1997-04-01,7.8,PANNA011-OW,24.703611,80.125833
1997-05-01,9.9,PANNA011-OW,24.703611,80.125833
1997-06-01,86.1,PANNA011-OW,24.703611,80.125833
1997-07-01,496.8,PANNA011-OW,24.703611,80.125833
1997-08-01,325.0,PANNA011-OW,24.703611,80.125833
1997-09-01,174.3,PANNA011-OW,24.703611,80.125833
1997-10-01,53.3,PANNA011-OW,24.703611,80.125833
1997-11-01,76.6,PANNA011-OW,24.703611,80.125833
1997-12-01,81.0,PANNA011-OW,24.703611,80.125833
1998-01-01,0.5,PANNA011-OW,24.703611,80.125833
1998-02-01,2.4,PANNA011-OW,24.703611,80.125833
1998-03-01,28.3,PANNA011-OW,24.703611,80.125833
1998-04-01,9.6,PANNA011-OW,24.703611,80.125833
1998-05-01,5.8,PANNA011-OW,24.703611,80.125833
1998-06-01,126.4,PANNA011-OW,24.703611,80.125833
1998-07-01,302.5,PANNA011-OW,24.703611,80.125833
1998-08-01,320.8,PANNA011-OW,24.703611,80.125833
1998-09-01,105.89999999999999,PANNA011-OW,24.703611,80.125833
1998-10-01,17.1,PANNA011-OW,24.703611,80.125833
1998-11-01,20.4,PANNA011-OW,24.703611,80.125833
1998-12-01,0.0,PANNA011-OW,24.703611,80.125833
1999-01-01,1.5,PANNA011-OW,24.703611,80.125833
1999-02-01,47.5,PANNA011-OW,24.703611,80.125833
1999-03-01,0.0,PANNA011-OW,24.703611,80.125833
1999-04-01,0.0,PANNA011-OW,24.703611,80.125833
1999-05-01,5.5,PANNA011-OW,24.703611,80.125833
1999-06-01,71.1,PANNA011-OW,24.703611,80.125833
1999-07-01,250.2,PANNA011-OW,24.703611,80.125833
1999-08-01,272.1,PANNA011-OW,24.703611,80.125833
1999-09-01,311.1,PANNA011-OW,24.703611,80.125833
1999-10-01,50.6,PANNA011-OW,24.703611,80.125833
1999-11-01,0.5,PANNA011-OW,24.703611,80.125833
1999-12-01,1.0,PANNA011-OW,24.703611,80.125833
2000-01-01,0.8,PANNA011-OW,24.703611,80.125833
2000-02-01,0.1,PANNA011-OW,24.703611,80.125833
2000-03-01,0.0,PANNA011-OW,24.703611,80.125833
2000-04-01,3.9,PANNA011-OW,24.703611,80.125833
2000-05-01,43.3,PANNA011-OW,24.703611,80.125833
2000-06-01,177.8,PANNA011-OW,24.703611,80.125833
2000-07-01,301.2,PANNA011-OW,24.703611,80.125833
2000-08-01,147.6,PANNA011-OW,24.703611,80.125833
2000-09-01,71.1,PANNA011-OW,24.703611,80.125833
2000-10-01,0.0,PANNA011-OW,24.703611,80.125833
2000-11-01,0.0,PANNA011-OW,24.703611,80.125833
2000-12-01,3.9,PANNA011-OW,24.703611,80.125833
2001-01-01,0.5,PANNA011-OW,24.703611,80.125833
2001-02-01,1.9,PANNA011-OW,24.703611,80.125833
2001-03-01,3.2,PANNA011-OW,24.703611,80.125833
2001-04-01,21.8,PANNA011-OW,24.703611,80.125833
2001-05-01,22.6,PANNA011-OW,24.703611,80.125833
2001-06-01,371.1,PANNA011-OW,24.703611,80.125833
2001-07-01,410.7,PANNA011-OW,24.703611,80.125833
2001-08-01,156.5,PANNA011-OW,24.703611,80.125833
2001-09-01,52.8,PANNA011-OW,24.703611,80.125833
2001-10-01,84.2,PANNA011-OW,24.703611,80.125833
2001-11-01,0.39999999999999997,PANNA011-OW,24.703611,80.125833
2001-12-01,0.0,PANNA011-OW,24.703611,80.125833
2002-01-01,12.499999999999998,PANNA011-OW,24.703611,80.125833
2002-02-01,19.1,PANNA011-OW,24.703611,80.125833
2002-03-01,1.5999999999999999,PANNA011-OW,24.703611,80.125833
2002-04-01,0.4,PANNA011-OW,24.703611,80.125833
2002-05-01,7.2,PANNA011-OW,24.703611,80.125833
2002-06-01,37.800000000000004,PANNA011-OW,24.703611,80.125833
2002-07-01,97.4,PANNA011-OW,24.703611,80.125833
2002-08-01,398.5,PANNA011-OW,24.703611,80.125833
2002-09-01,221.0,PANNA011-OW,24.703611,80.125833
2002-10-01,57.5,PANNA011-OW,24.703611,80.125833
2002-11-01,2.5,PANNA011-OW,24.703611,80.125833
2002-12-01,16.799999999999997,PANNA011-OW,24.703611,80.125833
2003-01-01,6.1000000000000005,PANNA011-OW,24.703611,80.125833
2003-02-01,23.6,PANNA011-OW,24.703611,80.125833
2003-03-01,3.3,PANNA011-OW,24.703611,80.125833
2003-04-01,5.8,PANNA011-OW,24.703611,80.125833
2003-05-01,3.0,PANNA011-OW,24.703611,80.125833
2003-06-01,83.39999999999999,PANNA011-OW,24.703611,80.125833
2003-07-01,455.9,PANNA011-OW,24.703611,80.125833
2003-08-01,260.4,PANNA011-OW,24.703611,80.125833
2003-09-01,444.7,PANNA011-OW,24.703611,80.125833
2003-10-01,2.3,PANNA011-OW,24.703611,80.125833
2003-11-01,0.0,PANNA011-OW,24.703611,80.125833
2003-12-01,11.700000000000001,PANNA011-OW,24.703611,80.125833
2004-01-01,59.5,PANNA011-OW,24.703611,80.125833
2004-02-01,0.0,PANNA011-OW,24.703611,80.125833
2004-03-01,0.0,PANNA011-OW,24.703611,80.125833
2004-04-01,2.8,PANNA011-OW,24.703611,80.125833
2004-05-01,0.0,PANNA011-OW,24.703611,80.125833
2004-06-01,156.5,PANNA011-OW,24.703611,80.125833
2004-07-01,303.8,PANNA011-OW,24.703611,80.125833
2004-08-01,326.9,PANNA011-OW,24.703611,80.125833
2004-09-01,140.2,PANNA011-OW,24.703611,80.125833
2004-10-01,7.1,PANNA011-OW,24.703611,80.125833
2004-11-01,1.6,PANNA011-OW,24.703611,80.125833
2004-12-01,0.2,PANNA011-OW,24.703611,80.125833
2005-01-01,10.6,PANNA011-OW,24.703611,80.125833
2005-02-01,3.8000000000000003,PANNA011-OW,24.703611,80.125833
2005-03-01,19.1,PANNA011-OW,24.703611,80.125833
2005-04-01,2.5,PANNA011-OW,24.703611,80.125833
2005-05-01,0.1,PANNA011-OW,24.703611,80.125833
2005-06-01,120.60000000000001,PANNA011-OW,24.703611,80.125833
2005-07-01,523.4,PANNA011-OW,24.703611,80.125833
2005-08-01,135.7,PANNA011-OW,24.703611,80.125833
2005-09-01,149.3,PANNA011-OW,24.703611,80.125833
2005-10-01,11.5,PANNA011-OW,24.703611,80.125833
2005-11-01,0.0,PANNA011-OW,24.703611,80.125833
2005-12-01,7.3,PANNA011-OW,24.703611,80.125833
2006-01-01,0.0,PANNA011-OW,24.703611,80.125833
2006-02-01,0.0,PANNA011-OW,24.703611,80.125833
2006-03-01,55.4,PANNA011-OW,24.703611,80.125833
2006-04-01,9.2,PANNA011-OW,24.703611,80.125833
2006-05-01,8.1,PANNA011-OW,24.703611,80.125833
2006-06-01,114.5,PANNA011-OW,24.703611,80.125833
2006-07-01,345.4,PANNA011-OW,24.703611,80.125833
2006-08-01,240.0,PANNA011-OW,24.703611,80.125833
2006-09-01,41.2,PANNA011-OW,24.703611,80.125833
2006-10-01,7.3,PANNA011-OW,24.703611,80.125833
2006-11-01,7.1,PANNA011-OW,24.703611,80.125833
2006-12-01,0.0,PANNA011-OW,24.703611,80.125833
2007-01-01,0.1,PANNA011-OW,24.703611,80.125833
2007-02-01,54.0,PANNA011-OW,24.703611,80.125833
2007-03-01,7.2,PANNA011-OW,24.703611,80.125833
2007-04-01,0.9,PANNA011-OW,24.703611,80.125833
2007-05-01,4.3,PANNA011-OW,24.703611,80.125833
2007-06-01,74.5,PANNA011-OW,24.703611,80.125833
2007-07-01,167.5,PANNA011-OW,24.703611,80.125833
2007-08-01,241.4,PANNA011-OW,24.703611,80.125833
2007-09-01,110.3,PANNA011-OW,24.703611,80.125833
2007-10-01,2.8,PANNA011-OW,24.703611,80.125833
2007-11-01,0.0,PANNA011-OW,24.703611,80.125833
2007-12-01,3.6,PANNA011-OW,24.703611,80.125833
2008-01-01,0.0,PANNA011-OW,24.703611,80.125833
2008-02-01,3.0,PANNA011-OW,24.703611,80.125833
2008-03-01,3.4,PANNA011-OW,24.703611,80.125833
2008-04-01,5.1,PANNA011-OW,24.703611,80.125833
2008-05-01,4.9,PANNA011-OW,24.703611,80.125833
2008-06-01,561.7,PANNA011-OW,24.703611,80.125833
2008-07-01,349.7,PANNA011-OW,24.703611,80.125833
2008-08-01,258.2,PANNA011-OW,24.703611,80.125833
2008-09-01,153.0,PANNA011-OW,24.703611,80.125833
2008-10-01,2.5,PANNA011-OW,24.703611,80.125833
2008-11-01,6.6,PANNA011-OW,24.703611,80.125833
2008-12-01,0.0,PANNA011-OW,24.703611,80.125833
2009-01-01,19.700000000000003,PANNA011-OW,24.703611,80.125833
2009-02-01,0.5,PANNA011-OW,24.703611,80.125833
2009-03-01,2.6,PANNA011-OW,24.703611,80.125833
2009-04-01,7.8999999999999995,PANNA011-OW,24.703611,80.125833
2009-05-01,4.9,PANNA011-OW,24.703611,80.125833
2009-06-01,66.4,PANNA011-OW,24.703611,80.125833
2009-07-01,323.2,PANNA011-OW,24.703611,80.125833
2009-08-01,115.4,PANNA011-OW,24.703611,80.125833
2009-09-01,186.4,PANNA011-OW,24.703611,80.125833
2009-10-01,98.60000000000001,PANNA011-OW,24.703611,80.125833
2009-11-01,77.7,PANNA011-OW,24.703611,80.125833
2009-12-01,7.3,PANNA011-OW,24.703611,80.125833
2010-01-01,2.1,PANNA011-OW,24.703611,80.125833
2010-02-01,15.7,PANNA011-OW,24.703611,80.125833
2010-03-01,0.0,PANNA011-OW,24.703611,80.125833
2010-04-01,1.5,PANNA011-OW,24.703611,80.125833
2010-05-01,2.4,PANNA011-OW,24.703611,80.125833
2010-06-01,20.5,PANNA011-OW,24.703611,80.125833
2010-07-01,297.5,PANNA011-OW,24.703611,80.125833
2010-08-01,314.6,PANNA011-OW,24.703611,80.125833
2010-09-01,159.9,PANNA011-OW,24.703611,80.125833
2010-10-01,17.9,PANNA011-OW,24.703611,80.125833
2010-11-01,18.7,PANNA011-OW,24.703611,80.125833
2010-12-01,2.2,PANNA011-OW,24.703611,80.125833
2011-01-01,0.0,PANNA011-OW,24.703611,80.125833
2011-02-01,5.6000000000000005,PANNA011-OW,24.703611,80.125833
2011-03-01,1.2,PANNA011-OW,24.703611,80.125833
2011-04-01,0.7,PANNA011-OW,24.703611,80.125833
2011-05-01,8.9,PANNA011-OW,24.703611,80.125833
2011-06-01,353.8,PANNA011-OW,24.703611,80.125833
2011-07-01,240.4,PANNA011-OW,24.703611,80.125833
2011-08-01,315.0,PANNA011-OW,24.703611,80.125833
2011-09-01,166.9,PANNA011-OW,24.703611,80.125833
2011-10-01,0.8,PANNA011-OW,24.703611,80.125833
2011-11-01,0.0,PANNA011-OW,24.703611,80.125833
2011-12-01,1.2,PANNA011-OW,24.703611,80.125833
2012-01-01,25.4,PANNA011-OW,24.703611,80.125833
2012-02-01,3.4000000000000004,PANNA011-OW,24.703611,80.125833
2012-03-01,0.6,PANNA011-OW,24.703611,80.125833
2012-04-01,3.5,PANNA011-OW,24.703611,80.125833
2012-05-01,1.3,PANNA011-OW,24.703611,80.125833
2012-06-01,9.2,PANNA011-OW,24.703611,80.125833
2012-07-01,453.9,PANNA011-OW,24.703611,80.125833
2012-08-01,404.6,PANNA011-OW,24.703611,80.125833
2012-09-01,171.1,PANNA011-OW,24.703611,80.125833
2012-10-01,12.299999999999999,PANNA011-OW,24.703611,80.125833
2012-11-01,0.0,PANNA011-OW,24.703611,80.125833
2012-12-01,0.3,PANNA011-OW,24.703611,80.125833
2013-01-01,0.0,PANNA011-OW,24.703611,80.125833
2013-02-01,46.4,PANNA011-OW,24.703611,80.125833
2013-03-01,11.8,PANNA011-OW,24.703611,80.125833
2013-04-01,11.7,PANNA011-OW,24.703611,80.125833
2013-05-01,0.0,PANNA011-OW,24.703611,80.125833
2013-06-01,311.7,PANNA011-OW,24.703611,80.125833
2013-07-01,404.7,PANNA011-OW,24.703611,80.125833
2013-08-01,374.2,PANNA011-OW,24.703611,80.125833
2013-09-01,61.900000000000006,PANNA011-OW,24.703611,80.125833
2013-10-01,113.7,PANNA011-OW,24.703611,80.125833
2013-11-01,0.2,PANNA011-OW,24.703611,80.125833
2013-12-01,0.4,PANNA011-OW,24.703611,80.125833
2014-01-01,72.0,PANNA011-OW,24.703611,80.125833
2014-02-01,87.1,PANNA011-OW,24.703611,80.125833
2014-03-01,13.0,PANNA011-OW,24.703611,80.125833
2014-04-01,5.9,PANNA011-OW,24.703611,80.125833
2014-05-01,0.6,PANNA011-OW,24.703611,80.125833
2014-06-01,17.0,PANNA011-OW,24.703611,80.125833
2014-07-01,374.8,PANNA011-OW,24.703611,80.125833
2014-08-01,189.3,PANNA011-OW,24.703611,80.125833
2014-09-01,110.3,PANNA011-OW,24.703611,80.125833
2014-10-01,61.099999999999994,PANNA011-OW,24.703611,80.125833
2014-11-01,0.0,PANNA011-OW,24.703611,80.125833
2014-12-01,45.1,PANNA011-OW,24.703611,80.125833
2015-01-01,85.2,PANNA011-OW,24.703611,80.125833
2015-02-01,11.7,PANNA011-OW,24.703611,80.125833
2015-03-01,78.5,PANNA011-OW,24.703611,80.125833
2015-04-01,32.1,PANNA011-OW,24.703611,80.125833
2015-05-01,5.5,PANNA011-OW,24.703611,80.125833
2015-06-01,108.2,PANNA011-OW,24.703611,80.125833
2015-07-01,147.8,PANNA011-OW,24.703611,80.125833
2015-08-01,251.8,PANNA011-OW,24.703611,80.125833
2015-09-01,48.9,PANNA011-OW,24.703611,80.125833
2015-10-01,54.6,PANNA011-OW,24.703611,80.125833
2015-11-01,1.4000000000000001,PANNA011-OW,24.703611,80.125833
2015-12-01,7.8,PANNA011-OW,24.703611,80.125833
2016-01-01,21.599999999999998,PANNA011-OW,24.703611,80.125833
2016-02-01,10.6,PANNA011-OW,24.703611,80.125833
2016-03-01,27.2,PANNA011-OW,24.703611,80.125833
2016-04-01,0.8,PANNA011-OW,24.703611,80.125833
2016-05-01,10.3,PANNA011-OW,24.703611,80.125833
2016-06-01,66.9,PANNA011-OW,24.703611,80.125833
2016-07-01,496.3,PANNA011-OW,24.703611,80.125833
2016-08-01,556.4,PANNA011-OW,24.703611,80.125833
2016-09-01,169.8,PANNA011-OW,24.703611,80.125833
2016-10-01,46.4,PANNA011-OW,24.703611,80.125833
2016-11-01,0.0,PANNA011-OW,24.703611,80.125833
2016-12-01,0.0,PANNA011-OW,24.703611,80.125833
2017-01-01,5.2,PANNA011-OW,24.703611,80.125833
2017-02-01,2.7,PANNA011-OW,24.703611,80.125833
2017-03-01,6.2,PANNA011-OW,24.703611,80.125833
2017-04-01,0.9,PANNA011-OW,24.703611,80.125833
2017-05-01,3.3000000000000003,PANNA011-OW,24.703611,80.125833
2017-06-01,100.60000000000001,PANNA011-OW,24.703611,80.125833
2017-07-01,434.9,PANNA011-OW,24.703611,80.125833
2017-08-01,202.5,PANNA011-OW,24.703611,80.125833
2017-09-01,125.3,PANNA011-OW,24.703611,80.125833
2017-10-01,10.3,PANNA011-OW,24.703611,80.125833
2017-11-01,1.5,PANNA011-OW,24.703611,80.125833
2017-12-01,2.0,PANNA011-OW,24.703611,80.125833
2018-01-01,0.0,PANNA011-OW,24.703611,80.125833
2018-02-01,41.0,PANNA011-OW,24.703611,80.125833
2018-03-01,3.5,PANNA011-OW,24.703611,80.125833
2018-04-01,15.299999999999999,PANNA011-OW,24.703611,80.125833
2018-05-01,16.599999999999998,PANNA011-OW,24.703611,80.125833
2018-06-01,59.7,PANNA011-OW,24.703611,80.125833
2018-07-01,524.5,PANNA011-OW,24.703611,80.125833
2018-08-01,355.0,PANNA011-OW,24.703611,80.125833
2018-09-01,257.2,PANNA011-OW,24.703611,80.125833
2018-10-01,1.4,PANNA011-OW,24.703611,80.125833
2018-11-01,0.2,PANNA011-OW,24.703611,80.125833
2018-12-01,0.0,PANNA011-OW,24.703611,80.125833
2019-01-01,26.099999999999998,PANNA011-OW,24.703611,80.125833
2019-02-01,10.4,PANNA011-OW,24.703611,80.125833
2019-03-01,18.400000000000002,PANNA011-OW,24.703611,80.125833
2019-04-01,27.8,PANNA011-OW,24.703611,80.125833
2019-05-01,0.1,PANNA011-OW,24.703611,80.125833
2019-06-01,49.1,PANNA011-OW,24.703611,80.125833
2019-07-01,344.6,PANNA011-OW,24.703611,80.125833
2019-08-01,377.2,PANNA011-OW,24.703611,80.125833
2019-09-01,472.9,PANNA011-OW,24.703611,80.125833
2019-10-01,20.6,PANNA011-OW,24.703611,80.125833
2019-11-01,1.2,PANNA011-OW,24.703611,80.125833
2019-12-01,50.3,PANNA011-OW,24.703611,80.125833
2020-01-01,38.7,PANNA011-OW,24.703611,80.125833
2020-02-01,10.299999999999999,PANNA011-OW,24.703611,80.125833
2020-03-01,20.7,PANNA011-OW,24.703611,80.125833
2020-04-01,0.8,PANNA011-OW,24.703611,80.125833
2020-05-01,3.0,PANNA011-OW,24.703611,80.125833
2020-06-01,249.60000000000002,PANNA011-OW,24.703611,80.125833
2020-07-01,271.8,PANNA011-OW,24.703611,80.125833
2020-08-01,388.40000000000003,PANNA011-OW,24.703611,80.125833
2020-09-01,157.4,PANNA011-OW,24.703611,80.125833
2020-10-01,2.7,PANNA011-OW,24.703611,80.125833
2020-11-01,6.1,PANNA011-OW,24.703611,80.125833
2020-12-01,17.799999999999997,PANNA011-OW,24.703611,80.125833
2021-01-01,3.3000000000000003,PANNA011-OW,24.703611,80.125833
2021-02-01,5.1,PANNA011-OW,24.703611,80.125833
2021-03-01,5.800000000000001,PANNA011-OW,24.703611,80.125833
2021-04-01,0.0,PANNA011-OW,24.703611,80.125833
2021-05-01,30.3,PANNA011-OW,24.703611,80.125833
2021-06-01,114.4,PANNA011-OW,24.703611,80.125833
2021-07-01,389.4,PANNA011-OW,24.703611,80.125833
2021-08-01,361.9,PANNA011-OW,24.703611,80.125833
2021-09-01,204.8,PANNA011-OW,24.703611,80.125833
2021-10-01,50.2,PANNA011-OW,24.703611,80.125833
2021-11-01,0.0,PANNA011-OW,24.703611,80.125833
2021-12-01,8.6,PANNA011-OW,24.703611,80.125833
2022-01-01,100.0,PANNA011-OW,24.703611,80.125833
2022-02-01,2.0,PANNA011-OW,24.703611,80.125833
2022-03-01,0.3,PANNA011-OW,24.703611,80.125833
2022-04-01,0.5,PANNA011-OW,24.703611,80.125833
2022-05-01,4.2,PANNA011-OW,24.703611,80.125833
2022-06-01,121.3,PANNA011-OW,24.703611,80.125833
2022-07-01,321.3,PANNA011-OW,24.703611,80.125833
2022-08-01,320.7,PANNA011-OW,24.703611,80.125833
2022-09-01,222.1,PANNA011-OW,24.703611,80.125833
2022-10-01,140.1,PANNA011-OW,24.703611,80.125833
2022-11-01,0.0,PANNA011-OW,24.703611,80.125833
2022-12-01,0.2,PANNA011-OW,24.703611,80.125833
2023-01-01,45.9,PANNA011-OW,24.703611,80.125833
2023-02-01,0.0,PANNA011-OW,24.703611,80.125833
2023-03-01,56.3,PANNA011-OW,24.703611,80.125833
2023-04-01,21.9,PANNA011-OW,24.703611,80.125833
2023-05-01,37.0,PANNA011-OW,24.703611,80.125833
2023-06-01,194.6,PANNA011-OW,24.703611,80.125833
2023-07-01,260.0,PANNA011-OW,24.703611,80.125833
2023-08-01,319.6,PANNA011-OW,24.703611,80.125833
2023-09-01,168.9,PANNA011-OW,24.703611,80.125833
2023-10-01,14.399999999999999,PANNA011-OW,24.703611,80.125833
2023-11-01,9.9,PANNA011-OW,24.703611,80.125833
2023-12-01,38.9,PANNA011-OW,24.703611,80.125833
2024-01-01,15.0,PANNA011-OW,24.703611,80.125833
2024-02-01,27.4,PANNA011-OW,24.703611,80.125833
2024-03-01,25.900000000000002,PANNA011-OW,24.703611,80.125833
2024-04-01,6.0,PANNA011-OW,24.703611,80.125833
2024-05-01,2.8,PANNA011-OW,24.703611,80.125833
2024-06-01,83.7,PANNA011-OW,24.703611,80.125833
2024-07-01,358.9,PANNA011-OW,24.703611,80.125833
2024-08-01,362.3,PANNA011-OW,24.703611,80.125833
2024-09-01,252.9,PANNA011-OW,24.703611,80.125833
2024-10-01,5.2,PANNA011-OW,24.703611,80.125833
2024-11-01,0.0,PANNA011-OW,24.703611,80.125833
2024-12-01,34.0,PANNA011-OW,24.703611,80.125833
1976-01-01,30.3,PANNA005-OW,24.9725,80.431944
1976-02-01,0.30000000000000004,PANNA005-OW,24.9725,80.431944
1976-03-01,6.6,PANNA005-OW,24.9725,80.431944
1976-04-01,10.7,PANNA005-OW,24.9725,80.431944
1976-05-01,5.8,PANNA005-OW,24.9725,80.431944
1976-06-01,62.2,PANNA005-OW,24.9725,80.431944
1976-07-01,341.4,PANNA005-OW,24.9725,80.431944
1976-08-01,372.7,PANNA005-OW,24.9725,80.431944
1976-09-01,207.5,PANNA005-OW,24.9725,80.431944
1976-10-01,0.4,PANNA005-OW,24.9725,80.431944
1976-11-01,10.399999999999999,PANNA005-OW,24.9725,80.431944
1976-12-01,0.3,PANNA005-OW,24.9725,80.431944
1977-01-01,27.6,PANNA005-OW,24.9725,80.431944
1977-02-01,8.5,PANNA005-OW,24.9725,80.431944
1977-03-01,5.1,PANNA005-OW,24.9725,80.431944
1977-04-01,6.800000000000001,PANNA005-OW,24.9725,80.431944
1977-05-01,8.1,PANNA005-OW,24.9725,80.431944
1977-06-01,166.1,PANNA005-OW,24.9725,80.431944
1977-07-01,473.4,PANNA005-OW,24.9725,80.431944
1977-08-01,250.0,PANNA005-OW,24.9725,80.431944
1977-09-01,101.2,PANNA005-OW,24.9725,80.431944
1977-10-01,55.800000000000004,PANNA005-OW,24.9725,80.431944
1977-11-01,14.4,PANNA005-OW,24.9725,80.431944
1977-12-01,9.3,PANNA005-OW,24.9725,80.431944
1978-01-01,23.3,PANNA005-OW,24.9725,80.431944
1978-02-01,57.300000000000004,PANNA005-OW,24.9725,80.431944
1978-03-01,30.2,PANNA005-OW,24.9725,80.431944
1978-04-01,2.4,PANNA005-OW,24.9725,80.431944
1978-05-01,0.0,PANNA005-OW,24.9725,80.431944
1978-06-01,245.6,PANNA005-OW,24.9725,80.431944
1978-07-01,282.4,PANNA005-OW,24.9725,80.431944
1978-08-01,271.2,PANNA005-OW,24.9725,80.431944
1978-09-01,458.40000000000003,PANNA005-OW,24.9725,80.431944
1978-10-01,0.8,PANNA005-OW,24.9725,80.431944
1978-11-01,28.4,PANNA005-OW,24.9725,80.431944
1978-12-01,19.700000000000003,PANNA005-OW,24.9725,80.431944
1979-01-01,35.6,PANNA005-OW,24.9725,80.431944
1979-02-01,33.5,PANNA005-OW,24.9725,80.431944
1979-03-01,3.8,PANNA005-OW,24.9725,80.431944
1979-04-01,2.0,PANNA005-OW,24.9725,80.431944
1979-05-01,15.0,PANNA005-OW,24.9725,80.431944
1979-06-01,180.4,PANNA005-OW,24.9725,80.431944
1979-07-01,304.6,PANNA005-OW,24.9725,80.431944
1979-08-01,103.89999999999999,PANNA005-OW,24.9725,80.431944
1979-09-01,5.3999999999999995,PANNA005-OW,24.9725,80.431944
1979-10-01,0.1,PANNA005-OW,24.9725,80.431944
1979-11-01,70.0,PANNA005-OW,24.9725,80.431944
1979-12-01,0.0,PANNA005-OW,24.9725,80.431944
1980-01-01,5.2,PANNA005-OW,24.9725,80.431944
1980-02-01,8.0,PANNA005-OW,24.9725,80.431944
1980-03-01,1.6,PANNA005-OW,24.9725,80.431944
1980-04-01,0.0,PANNA005-OW,24.9725,80.431944
1980-05-01,1.1,PANNA005-OW,24.9725,80.431944
1980-06-01,148.1,PANNA005-OW,24.9725,80.431944
1980-07-01,449.6,PANNA005-OW,24.9725,80.431944
1980-08-01,694.3,PANNA005-OW,24.9725,80.431944
1980-09-01,200.1,PANNA005-OW,24.9725,80.431944
1980-10-01,3.6999999999999997,PANNA005-OW,24.9725,80.431944
1980-11-01,0.0,PANNA005-OW,24.9725,80.431944
1980-12-01,34.0,PANNA005-OW,24.9725,80.431944
1981-01-01,4.6,PANNA005-OW,24.9725,80.431944
1981-02-01,0.3,PANNA005-OW,24.9725,80.431944
1981-03-01,13.6,PANNA005-OW,24.9725,80.431944
1981-04-01,0.1,PANNA005-OW,24.9725,80.431944
1981-05-01,9.9,PANNA005-OW,24.9725,80.431944
1981-06-01,106.8,PANNA005-OW,24.9725,80.431944
1981-07-01,249.7,PANNA005-OW,24.9725,80.431944
1981-08-01,164.4,PANNA005-OW,24.9725,80.431944
1981-09-01,162.29999999999998,PANNA005-OW,24.9725,80.431944
1981-10-01,0.9,PANNA005-OW,24.9725,80.431944
1981-11-01,0.4,PANNA005-OW,24.9725,80.431944
1981-12-01,4.7,PANNA005-OW,24.9725,80.431944
1982-01-01,45.6,PANNA005-OW,24.9725,80.431944
1982-02-01,1.0999999999999999,PANNA005-OW,24.9725,80.431944
1982-03-01,14.899999999999999,PANNA005-OW,24.9725,80.431944
1982-04-01,1.8,PANNA005-OW,24.9725,80.431944
1982-05-01,18.2,PANNA005-OW,24.9725,80.431944
1982-06-01,87.6,PANNA005-OW,24.9725,80.431944
1982-07-01,206.8,PANNA005-OW,24.9725,80.431944
1982-08-01,452.4,PANNA005-OW,24.9725,80.431944
1982-09-01,194.5,PANNA005-OW,24.9725,80.431944
1982-10-01,4.2,PANNA005-OW,24.9725,80.431944
1982-11-01,32.9,PANNA005-OW,24.9725,80.431944
1982-12-01,8.2,PANNA005-OW,24.9725,80.431944
1983-01-01,21.0,PANNA005-OW,24.9725,80.431944
1983-02-01,6.9,PANNA005-OW,24.9725,80.431944
1983-03-01,0.0,PANNA005-OW,24.9725,80.431944
1983-04-01,25.7,PANNA005-OW,24.9725,80.431944
1983-05-01,16.1,PANNA005-OW,24.9725,80.431944
1983-06-01,89.9,PANNA005-OW,24.9725,80.431944
1983-07-01,403.5,PANNA005-OW,24.9725,80.431944
1983-08-01,291.8,PANNA005-OW,24.9725,80.431944
1983-09-01,261.1,PANNA005-OW,24.9725,80.431944
1983-10-01,64.8,PANNA005-OW,24.9725,80.431944
1983-11-01,0.0,PANNA005-OW,24.9725,80.431944
1983-12-01,4.2,PANNA005-OW,24.9725,80.431944
1984-01-01,24.3,PANNA005-OW,24.9725,80.431944
1984-02-01,54.8,PANNA005-OW,24.9725,80.431944
1984-03-01,0.0,PANNA005-OW,24.9725,80.431944
1984-04-01,7.0,PANNA005-OW,24.9725,80.431944
1984-05-01,1.1,PANNA005-OW,24.9725,80.431944
1984-06-01,107.8,PANNA005-OW,24.9725,80.431944
1984-07-01,217.0,PANNA005-OW,24.9725,80.431944
1984-08-01,337.1,PANNA005-OW,24.9725,80.431944
1984-09-01,119.2,PANNA005-OW,24.9725,80.431944
1984-10-01,2.7,PANNA005-OW,24.9725,80.431944
1984-11-01,0.0,PANNA005-OW,24.9725,80.431944
1984-12-01,4.9,PANNA005-OW,24.9725,80.431944
1985-01-01,31.7,PANNA005-OW,24.9725,80.431944
1985-02-01,0.0,PANNA005-OW,24.9725,80.431944
1985-03-01,0.5,PANNA005-OW,24.9725,80.431944
1985-04-01,2.6,PANNA005-OW,24.9725,80.431944
1985-05-01,3.4,PANNA005-OW,24.9725,80.431944
1985-06-01,29.7,PANNA005-OW,24.9725,80.431944
1985-07-01,319.5,PANNA005-OW,24.9725,80.431944
1985-08-01,136.3,PANNA005-OW,24.9725,80.431944
1985-09-01,152.0,PANNA005-OW,24.9725,80.431944
1985-10-01,117.4,PANNA005-OW,24.9725,80.431944
1985-11-01,0.0,PANNA005-OW,24.9725,80.431944
1985-12-01,0.8999999999999999,PANNA005-OW,24.9725,80.431944
1986-01-01,41.2,PANNA005-OW,24.9725,80.431944
1986-02-01,67.4,PANNA005-OW,24.9725,80.431944
1986-03-01,2.9,PANNA005-OW,24.9725,80.431944
1986-04-01,0.39999999999999997,PANNA005-OW,24.9725,80.431944
1986-05-01,5.5,PANNA005-OW,24.9725,80.431944
1986-06-01,126.89999999999999,PANNA005-OW,24.9725,80.431944
1986-07-01,303.7,PANNA005-OW,24.9725,80.431944
1986-08-01,205.7,PANNA005-OW,24.9725,80.431944
1986-09-01,111.6,PANNA005-OW,24.9725,80.431944
1986-10-01,16.3,PANNA005-OW,24.9725,80.431944
1986-11-01,0.0,PANNA005-OW,24.9725,80.431944
1986-12-01,43.099999999999994,PANNA005-OW,24.9725,80.431944
1987-01-01,27.2,PANNA005-OW,24.9725,80.431944
1987-02-01,19.1,PANNA005-OW,24.9725,80.431944
1987-03-01,3.4,PANNA005-OW,24.9725,80.431944
1987-04-01,0.7999999999999999,PANNA005-OW,24.9725,80.431944
1987-05-01,6.6,PANNA005-OW,24.9725,80.431944
1987-06-01,2.4,PANNA005-OW,24.9725,80.431944
1987-07-01,109.80000000000001,PANNA005-OW,24.9725,80.431944
1987-08-01,193.1,PANNA005-OW,24.9725,80.431944
1987-09-01,344.2,PANNA005-OW,24.9725,80.431944
1987-10-01,109.80000000000001,PANNA005-OW,24.9725,80.431944
1987-11-01,0.0,PANNA005-OW,24.9725,80.431944
1987-12-01,8.7,PANNA005-OW,24.9725,80.431944
1988-01-01,6.3999999999999995,PANNA005-OW,24.9725,80.431944
1988-02-01,12.2,PANNA005-OW,24.9725,80.431944
1988-03-01,3.3,PANNA005-OW,24.9725,80.431944
1988-04-01,3.4,PANNA005-OW,24.9725,80.431944
1988-05-01,3.8,PANNA005-OW,24.9725,80.431944
1988-06-01,247.6,PANNA005-OW,24.9725,80.431944
1988-07-01,344.3,PANNA005-OW,24.9725,80.431944
1988-08-01,246.6,PANNA005-OW,24.9725,80.431944
1988-09-01,91.10000000000001,PANNA005-OW,24.9725,80.431944
1988-10-01,28.5,PANNA005-OW,24.9725,80.431944
1988-11-01,0.0,PANNA005-OW,24.9725,80.431944
1988-12-01,4.6,PANNA005-OW,24.9725,80.431944
1989-01-01,1.2000000000000002,PANNA005-OW,24.9725,80.431944
1989-02-01,0.0,PANNA005-OW,24.9725,80.431944
1989-03-01,13.2,PANNA005-OW,24.9725,80.431944
1989-04-01,0.6,PANNA005-OW,24.9725,80.431944
1989-05-01,0.2,PANNA005-OW,24.9725,80.431944
1989-06-01,280.4,PANNA005-OW,24.9725,80.431944
1989-07-01,245.1,PANNA005-OW,24.9725,80.431944
1989-08-01,256.9,PANNA005-OW,24.9725,80.431944
1989-09-01,97.7,PANNA005-OW,24.9725,80.431944
1989-10-01,3.3000000000000003,PANNA005-OW,24.9725,80.431944
1989-11-01,1.1,PANNA005-OW,24.9725,80.431944
1989-12-01,39.6,PANNA005-OW,24.9725,80.431944
1990-01-01,0.0,PANNA005-OW,24.9725,80.431944
1990-02-01,31.3,PANNA005-OW,24.9725,80.431944
1990-03-01,7.6,PANNA005-OW,24.9725,80.431944
1990-04-01,6.2,PANNA005-OW,24.9725,80.431944
1990-05-01,18.3,PANNA005-OW,24.9725,80.431944
1990-06-01,208.4,PANNA005-OW,24.9725,80.431944
1990-07-01,397.7,PANNA005-OW,24.9725,80.431944
1990-08-01,351.40000000000003,PANNA005-OW,24.9725,80.431944
1990-09-01,332.59999999999997,PANNA005-OW,24.9725,80.431944
1990-10-01,23.8,PANNA005-OW,24.9725,80.431944
1990-11-01,0.8,PANNA005-OW,24.9725,80.431944
1990-12-01,3.0,PANNA005-OW,24.9725,80.431944
1991-01-01,14.0,PANNA005-OW,24.9725,80.431944
1991-02-01,16.0,PANNA005-OW,24.9725,80.431944
1991-03-01,13.1,PANNA005-OW,24.9725,80.431944
1991-04-01,3.4,PANNA005-OW,24.9725,80.431944
1991-05-01,0.7000000000000001,PANNA005-OW,24.9725,80.431944
1991-06-01,74.89999999999999,PANNA005-OW,24.9725,80.431944
1991-07-01,291.0,PANNA005-OW,24.9725,80.431944
1991-08-01,506.8,PANNA005-OW,24.9725,80.431944
1991-09-01,114.4,PANNA005-OW,24.9725,80.431944
1991-10-01,0.0,PANNA005-OW,24.9725,80.431944
1991-11-01,3.1,PANNA005-OW,24.9725,80.431944
1991-12-01,18.9,PANNA005-OW,24.9725,80.431944
1992-01-01,1.5,PANNA005-OW,24.9725,80.431944
1992-02-01,0.0,PANNA005-OW,24.9725,80.431944
1992-03-01,2.9,PANNA005-OW,24.9725,80.431944
1992-04-01,0.7,PANNA005-OW,24.9725,80.431944
1992-05-01,4.5,PANNA005-OW,24.9725,80.431944
1992-06-01,12.1,PANNA005-OW,24.9725,80.431944
1992-07-01,186.7,PANNA005-OW,24.9725,80.431944
1992-08-01,361.3,PANNA005-OW,24.9725,80.431944
1992-09-01,426.8,PANNA005-OW,24.9725,80.431944
1992-10-01,24.400000000000002,PANNA005-OW,24.9725,80.431944
1992-11-01,0.9,PANNA005-OW,24.9725,80.431944
1992-12-01,0.0,PANNA005-OW,24.9725,80.431944
1993-01-01,0.9,PANNA005-OW,24.9725,80.431944
1993-02-01,13.0,PANNA005-OW,24.9725,80.431944
1993-03-01,5.8,PANNA005-OW,24.9725,80.431944
1993-04-01,1.9,PANNA005-OW,24.9725,80.431944
1993-05-01,2.5,PANNA005-OW,24.9725,80.431944
1993-06-01,142.4,PANNA005-OW,24.9725,80.431944
1993-07-01,156.6,PANNA005-OW,24.9725,80.431944
1993-08-01,150.4,PANNA005-OW,24.9725,80.431944
1993-09-01,318.5,PANNA005-OW,24.9725,80.431944
1993-10-01,0.9,PANNA005-OW,24.9725,80.431944
1993-11-01,0.0,PANNA005-OW,24.9725,80.431944
1993-12-01,0.0,PANNA005-OW,24.9725,80.431944
1994-01-01,32.2,PANNA005-OW,24.9725,80.431944
1994-02-01,29.700000000000003,PANNA005-OW,24.9725,80.431944
1994-03-01,3.0,PANNA005-OW,24.9725,80.431944
1994-04-01,4.7,PANNA005-OW,24.9725,80.431944
1994-05-01,4.3,PANNA005-OW,24.9725,80.431944
1994-06-01,188.1,PANNA005-OW,24.9725,80.431944
1994-07-01,325.4,PANNA005-OW,24.9725,80.431944
1994-08-01,324.2,PANNA005-OW,24.9725,80.431944
1994-09-01,71.4,PANNA005-OW,24.9725,80.431944
1994-10-01,7.2,PANNA005-OW,24.9725,80.431944
1994-11-01,0.1,PANNA005-OW,24.9725,80.431944
1994-12-01,0.0,PANNA005-OW,24.9725,80.431944
1995-01-01,46.3,PANNA005-OW,24.9725,80.431944
1995-02-01,12.4,PANNA005-OW,24.9725,80.431944
1995-03-01,20.400000000000002,PANNA005-OW,24.9725,80.431944
1995-04-01,0.8,PANNA005-OW,24.9725,80.431944
1995-05-01,1.5,PANNA005-OW,24.9725,80.431944
1995-06-01,59.3,PANNA005-OW,24.9725,80.431944
1995-07-01,158.2,PANNA005-OW,24.9725,80.431944
1995-08-01,537.2,PANNA005-OW,24.9725,80.431944
1995-09-01,175.7,PANNA005-OW,24.9725,80.431944
1995-10-01,3.6999999999999997,PANNA005-OW,24.9725,80.431944
1995-11-01,0.2,PANNA005-OW,24.9725,80.431944
1995-12-01,26.599999999999998,PANNA005-OW,24.9725,80.431944
1996-01-01,41.2,PANNA005-OW,24.9725,80.431944
1996-02-01,31.3,PANNA005-OW,24.9725,80.431944
1996-03-01,10.0,PANNA005-OW,24.9725,80.431944
1996-04-01,3.5,PANNA005-OW,24.9725,80.431944
1996-05-01,3.3000000000000003,PANNA005-OW,24.9725,80.431944
1996-06-01,60.0,PANNA005-OW,24.9725,80.431944
1996-07-01,258.9,PANNA005-OW,24.9725,80.431944
1996-08-01,325.1,PANNA005-OW,24.9725,80.431944
1996-09-01,148.4,PANNA005-OW,24.9725,80.431944
1996-10-01,64.9,PANNA005-OW,24.9725,80.431944
1996-11-01,0.0,PANNA005-OW,24.9725,80.431944
1996-12-01,0.0,PANNA005-OW,24.9725,80.431944
1997-01-01,7.3,PANNA005-OW,24.9725,80.431944
1997-02-01,0.0,PANNA005-OW,24.9725,80.431944
1997-03-01,1.9,PANNA005-OW,24.9725,80.431944
1997-04-01,11.600000000000001,PANNA005-OW,24.9725,80.431944
1997-05-01,8.3,PANNA005-OW,24.9725,80.431944
1997-06-01,76.0,PANNA005-OW,24.9725,80.431944
1997-07-01,426.9,PANNA005-OW,24.9725,80.431944
1997-08-01,332.90000000000003,PANNA005-OW,24.9725,80.431944
1997-09-01,207.5,PANNA005-OW,24.9725,80.431944
1997-10-01,50.7,PANNA005-OW,24.9725,80.431944
1997-11-01,56.1,PANNA005-OW,24.9725,80.431944
1997-12-01,73.60000000000001,PANNA005-OW,24.9725,80.431944
1998-01-01,0.5,PANNA005-OW,24.9725,80.431944
1998-02-01,2.4000000000000004,PANNA005-OW,24.9725,80.431944
1998-03-01,28.1,PANNA005-OW,24.9725,80.431944
1998-04-01,9.0,PANNA005-OW,24.9725,80.431944
1998-05-01,8.6,PANNA005-OW,24.9725,80.431944
1998-06-01,107.4,PANNA005-OW,24.9725,80.431944
1998-07-01,261.8,PANNA005-OW,24.9725,80.431944
1998-08-01,278.2,PANNA005-OW,24.9725,80.431944
1998-09-01,105.2,PANNA005-OW,24.9725,80.431944
1998-10-01,12.8,PANNA005-OW,24.9725,80.431944
1998-11-01,10.9,PANNA005-OW,24.9725,80.431944
1998-12-01,0.0,PANNA005-OW,24.9725,80.431944
1999-01-01,1.9,PANNA005-OW,24.9725,80.431944
1999-02-01,43.9,PANNA005-OW,24.9725,80.431944
1999-03-01,0.0,PANNA005-OW,24.9725,80.431944
1999-04-01,0.2,PANNA005-OW,24.9725,80.431944
1999-05-01,4.8,PANNA005-OW,24.9725,80.431944
1999-06-01,59.6,PANNA005-OW,24.9725,80.431944
1999-07-01,224.6,PANNA005-OW,24.9725,80.431944
1999-08-01,246.6,PANNA005-OW,24.9725,80.431944
1999-09-01,263.5,PANNA005-OW,24.9725,80.431944
1999-10-01,54.1,PANNA005-OW,24.9725,80.431944
1999-11-01,0.2,PANNA005-OW,24.9725,80.431944
1999-12-01,0.2,PANNA005-OW,24.9725,80.431944
2000-01-01,0.6,PANNA005-OW,24.9725,80.431944
2000-02-01,0.3,PANNA005-OW,24.9725,80.431944
2000-03-01,0.0,PANNA005-OW,24.9725,80.431944
2000-04-01,2.9000000000000004,PANNA005-OW,24.9725,80.431944
2000-05-01,33.7,PANNA005-OW,24.9725,80.431944
2000-06-01,195.6,PANNA005-OW,24.9725,80.431944
2000-07-01,247.5,PANNA005-OW,24.9725,80.431944
2000-08-01,152.8,PANNA005-OW,24.9725,80.431944
2000-09-01,75.9,PANNA005-OW,24.9725,80.431944
2000-10-01,0.3,PANNA005-OW,24.9725,80.431944
2000-11-01,0.0,PANNA005-OW,24.9725,80.431944
2000-12-01,2.6,PANNA005-OW,24.9725,80.431944
2001-01-01,0.4,PANNA005-OW,24.9725,80.431944
2001-02-01,2.4,PANNA005-OW,24.9725,80.431944
2001-03-01,6.0,PANNA005-OW,24.9725,80.431944
2001-04-01,15.2,PANNA005-OW,24.9725,80.431944
2001-05-01,21.8,PANNA005-OW,24.9725,80.431944
2001-06-01,344.7,PANNA005-OW,24.9725,80.431944
2001-07-01,363.4,PANNA005-OW,24.9725,80.431944
2001-08-01,147.29999999999998,PANNA005-OW,24.9725,80.431944
2001-09-01,65.1,PANNA005-OW,24.9725,80.431944
2001-10-01,105.0,PANNA005-OW,24.9725,80.431944
2001-11-01,0.6,PANNA005-OW,24.9725,80.431944
2001-12-01,0.0,PANNA005-OW,24.9725,80.431944
2002-01-01,14.5,PANNA005-OW,24.9725,80.431944
2002-02-01,21.099999999999998,PANNA005-OW,24.9725,80.431944
2002-03-01,2.0,PANNA005-OW,24.9725,80.431944
2002-04-01,0.2,PANNA005-OW,24.9725,80.431944
2002-05-01,6.8,PANNA005-OW,24.9725,80.431944
2002-06-01,27.4,PANNA005-OW,24.9725,80.431944
2002-07-01,85.5,PANNA005-OW,24.9725,80.431944
2002-08-01,398.3,PANNA005-OW,24.9725,80.431944
2002-09-01,268.0,PANNA005-OW,24.9725,80.431944
2002-10-01,50.3,PANNA005-OW,24.9725,80.431944
2002-11-01,1.7000000000000002,PANNA005-OW,24.9725,80.431944
2002-12-01,20.1,PANNA005-OW,24.9725,80.431944
2003-01-01,10.5,PANNA005-OW,24.9725,80.431944
2003-02-01,20.0,PANNA005-OW,24.9725,80.431944
2003-03-01,5.3,PANNA005-OW,24.9725,80.431944
2003-04-01,9.4,PANNA005-OW,24.9725,80.431944
2003-05-01,2.4,PANNA005-OW,24.9725,80.431944
2003-06-01,90.5,PANNA005-OW,24.9725,80.431944
2003-07-01,334.0,PANNA005-OW,24.9725,80.431944
2003-08-01,265.0,PANNA005-OW,24.9725,80.431944
2003-09-01,484.1,PANNA005-OW,24.9725,80.431944
2003-10-01,1.5,PANNA005-OW,24.9725,80.431944
2003-11-01,0.0,PANNA005-OW,24.9725,80.431944
2003-12-01,14.6,PANNA005-OW,24.9725,80.431944
2004-01-01,57.5,PANNA005-OW,24.9725,80.431944
2004-02-01,0.0,PANNA005-OW,24.9725,80.431944
2004-03-01,0.0,PANNA005-OW,24.9725,80.431944
2004-04-01,4.9,PANNA005-OW,24.9725,80.431944
2004-05-01,0.2,PANNA005-OW,24.9725,80.431944
2004-06-01,181.5,PANNA005-OW,24.9725,80.431944
2004-07-01,286.0,PANNA005-OW,24.9725,80.431944
2004-08-01,343.1,PANNA005-OW,24.9725,80.431944
2004-09-01,129.0,PANNA005-OW,24.9725,80.431944
2004-10-01,6.6000000000000005,PANNA005-OW,24.9725,80.431944
2004-11-01,1.5,PANNA005-OW,24.9725,80.431944
2004-12-01,0.0,PANNA005-OW,24.9725,80.431944
2005-01-01,12.8,PANNA005-OW,24.9725,80.431944
2005-02-01,4.7,PANNA005-OW,24.9725,80.431944
2005-03-01,25.799999999999997,PANNA005-OW,24.9725,80.431944
2005-04-01,4.300000000000001,PANNA005-OW,24.9725,80.431944
2005-05-01,1.0,PANNA005-OW,24.9725,80.431944
2005-06-01,105.8,PANNA005-OW,24.9725,80.431944
2005-07-01,436.3,PANNA005-OW,24.9725,80.431944
2005-08-01,141.8,PANNA005-OW,24.9725,80.431944
2005-09-01,166.4,PANNA005-OW,24.9725,80.431944
2005-10-01,11.2,PANNA005-OW,24.9725,80.431944
2005-11-01,0.0,PANNA005-OW,24.9725,80.431944
2005-12-01,7.1,PANNA005-OW,24.9725,80.431944
2006-01-01,0.0,PANNA005-OW,24.9725,80.431944
2006-02-01,0.0,PANNA005-OW,24.9725,80.431944
2006-03-01,53.4,PANNA005-OW,24.9725,80.431944
2006-04-01,8.1,PANNA005-OW,24.9725,80.431944
2006-05-01,6.8999999999999995,PANNA005-OW,24.9725,80.431944
2006-06-01,102.9,PANNA005-OW,24.9725,80.431944
2006-07-01,346.1,PANNA005-OW,24.9725,80.431944
2006-08-01,232.1,PANNA005-OW,24.9725,80.431944
2006-09-01,29.5,PANNA005-OW,24.9725,80.431944
2006-10-01,6.0,PANNA005-OW,24.9725,80.431944
2006-11-01,5.3999999999999995,PANNA005-OW,24.9725,80.431944
2006-12-01,0.8,PANNA005-OW,24.9725,80.431944
2007-01-01,0.1,PANNA005-OW,24.9725,80.431944
2007-02-01,73.7,PANNA005-OW,24.9725,80.431944
2007-03-01,9.2,PANNA005-OW,24.9725,80.431944
2007-04-01,1.6,PANNA005-OW,24.9725,80.431944
2007-05-01,2.4,PANNA005-OW,24.9725,80.431944
2007-06-01,64.0,PANNA005-OW,24.9725,80.431944
2007-07-01,169.5,PANNA005-OW,24.9725,80.431944
2007-08-01,248.6,PANNA005-OW,24.9725,80.431944
2007-09-01,124.4,PANNA005-OW,24.9725,80.431944
2007-10-01,4.6,PANNA005-OW,24.9725,80.431944
2007-11-01,0.0,PANNA005-OW,24.9725,80.431944
2007-12-01,2.0,PANNA005-OW,24.9725,80.431944
2008-01-01,0.4,PANNA005-OW,24.9725,80.431944
2008-02-01,6.2,PANNA005-OW,24.9725,80.431944
2008-03-01,2.4,PANNA005-OW,24.9725,80.431944
2008-04-01,6.4,PANNA005-OW,24.9725,80.431944
2008-05-01,2.8,PANNA005-OW,24.9725,80.431944
2008-06-01,453.7,PANNA005-OW,24.9725,80.431944
2008-07-01,372.7,PANNA005-OW,24.9725,80.431944
2008-08-01,257.4,PANNA005-OW,24.9725,80.431944
2008-09-01,161.3,PANNA005-OW,24.9725,80.431944
2008-10-01,3.4,PANNA005-OW,24.9725,80.431944
2008-11-01,6.300000000000001,PANNA005-OW,24.9725,80.431944
2008-12-01,0.0,PANNA005-OW,24.9725,80.431944
2009-01-01,11.8,PANNA005-OW,24.9725,80.431944
2009-02-01,0.3,PANNA005-OW,24.9725,80.431944
2009-03-01,2.8000000000000003,PANNA005-OW,24.9725,80.431944
2009-04-01,9.2,PANNA005-OW,24.9725,80.431944
2009-05-01,4.9,PANNA005-OW,24.9725,80.431944
2009-06-01,62.2,PANNA005-OW,24.9725,80.431944
2009-07-01,264.0,PANNA005-OW,24.9725,80.431944
2009-08-01,136.8,PANNA005-OW,24.9725,80.431944
2009-09-01,226.9,PANNA005-OW,24.9725,80.431944
2009-10-01,106.4,PANNA005-OW,24.9725,80.431944
2009-11-01,64.5,PANNA005-OW,24.9725,80.431944
2009-12-01,5.4,PANNA005-OW,24.9725,80.431944
2010-01-01,3.5,PANNA005-OW,24.9725,80.431944
2010-02-01,22.8,PANNA005-OW,24.9725,80.431944
2010-03-01,0.0,PANNA005-OW,24.9725,80.431944
2010-04-01,2.1999999999999997,PANNA005-OW,24.9725,80.431944
2010-05-01,5.0,PANNA005-OW,24.9725,80.431944
2010-06-01,14.3,PANNA005-OW,24.9725,80.431944
2010-07-01,288.2,PANNA005-OW,24.9725,80.431944
2010-08-01,308.6,PANNA005-OW,24.9725,80.431944
2010-09-01,169.20000000000002,PANNA005-OW,24.9725,80.431944
2010-10-01,19.8,PANNA005-OW,24.9725,80.431944
2010-11-01,13.700000000000001,PANNA005-OW,24.9725,80.431944
2010-12-01,1.8,PANNA005-OW,24.9725,80.431944
2011-01-01,0.0,PANNA005-OW,24.9725,80.431944
2011-02-01,5.8,PANNA005-OW,24.9725,80.431944
2011-03-01,0.7999999999999999,PANNA005-OW,24.9725,80.431944
2011-04-01,0.30000000000000004,PANNA005-OW,24.9725,80.431944
2011-05-01,10.1,PANNA005-OW,24.9725,80.431944
2011-06-01,342.9,PANNA005-OW,24.9725,80.431944
2011-07-01,280.4,PANNA005-OW,24.9725,80.431944
2011-08-01,276.8,PANNA005-OW,24.9725,80.431944
2011-09-01,153.6,PANNA005-OW,24.9725,80.431944
2011-10-01,1.3,PANNA005-OW,24.9725,80.431944
2011-11-01,0.0,PANNA005-OW,24.9725,80.431944
2011-12-01,0.8,PANNA005-OW,24.9725,80.431944
2012-01-01,26.6,PANNA005-OW,24.9725,80.431944
2012-02-01,4.1,PANNA005-OW,24.9725,80.431944
2012-03-01,1.7,PANNA005-OW,24.9725,80.431944
2012-04-01,5.6,PANNA005-OW,24.9725,80.431944
2012-05-01,0.7,PANNA005-OW,24.9725,80.431944
2012-06-01,10.4,PANNA005-OW,24.9725,80.431944
2012-07-01,426.0,PANNA005-OW,24.9725,80.431944
2012-08-01,346.90000000000003,PANNA005-OW,24.9725,80.431944
2012-09-01,189.4,PANNA005-OW,24.9725,80.431944
2012-10-01,10.700000000000001,PANNA005-OW,24.9725,80.431944
2012-11-01,0.0,PANNA005-OW,24.9725,80.431944
2012-12-01,0.3,PANNA005-OW,24.9725,80.431944
2013-01-01,0.6,PANNA005-OW,24.9725,80.431944
2013-02-01,47.2,PANNA005-OW,24.9725,80.431944
2013-03-01,8.9,PANNA005-OW,24.9725,80.431944
2013-04-01,6.9,PANNA005-OW,24.9725,80.431944
2013-05-01,0.0,PANNA005-OW,24.9725,80.431944
2013-06-01,286.4,PANNA005-OW,24.9725,80.431944
2013-07-01,374.8,PANNA005-OW,24.9725,80.431944
2013-08-01,331.7,PANNA005-OW,24.9725,80.431944
2013-09-01,62.4,PANNA005-OW,24.9725,80.431944
2013-10-01,119.9,PANNA005-OW,24.9725,80.431944
2013-11-01,0.2,PANNA005-OW,24.9725,80.431944
2013-12-01,0.3,PANNA005-OW,24.9725,80.431944
2014-01-01,74.6,PANNA005-OW,24.9725,80.431944
2014-02-01,76.7,PANNA005-OW,24.9725,80.431944
2014-03-01,7.7,PANNA005-OW,24.9725,80.431944
2014-04-01,7.1,PANNA005-OW,24.9725,80.431944
2014-05-01,1.5,PANNA005-OW,24.9725,80.431944
2014-06-01,14.700000000000001,PANNA005-OW,24.9725,80.431944
2014-07-01,464.3,PANNA005-OW,24.9725,80.431944
2014-08-01,192.0,PANNA005-OW,24.9725,80.431944
2014-09-01,116.0,PANNA005-OW,24.9725,80.431944
2014-10-01,75.5,PANNA005-OW,24.9725,80.431944
2014-11-01,0.0,PANNA005-OW,24.9725,80.431944
2014-12-01,38.5,PANNA005-OW,24.9725,80.431944
2015-01-01,88.4,PANNA005-OW,24.9725,80.431944
2015-02-01,10.6,PANNA005-OW,24.9725,80.431944
2015-03-01,81.1,PANNA005-OW,24.9725,80.431944
2015-04-01,37.5,PANNA005-OW,24.9725,80.431944
2015-05-01,5.0,PANNA005-OW,24.9725,80.431944
2015-06-01,90.1,PANNA005-OW,24.9725,80.431944
2015-07-01,124.8,PANNA005-OW,24.9725,80.431944
2015-08-01,223.4,PANNA005-OW,24.9725,80.431944
2015-09-01,42.1,PANNA005-OW,24.9725,80.431944
2015-10-01,59.0,PANNA005-OW,24.9725,80.431944
2015-11-01,1.2000000000000002,PANNA005-OW,24.9725,80.431944
2015-12-01,7.8,PANNA005-OW,24.9725,80.431944
2016-01-01,17.900000000000002,PANNA005-OW,24.9725,80.431944
2016-02-01,8.1,PANNA005-OW,24.9725,80.431944
2016-03-01,27.0,PANNA005-OW,24.9725,80.431944
2016-04-01,0.9,PANNA005-OW,24.9725,80.431944
2016-05-01,13.6,PANNA005-OW,24.9725,80.431944
2016-06-01,64.0,PANNA005-OW,24.9725,80.431944
2016-07-01,450.90000000000003,PANNA005-OW,24.9725,80.431944
2016-08-01,544.2,PANNA005-OW,24.9725,80.431944
2016-09-01,156.2,PANNA005-OW,24.9725,80.431944
2016-10-01,40.0,PANNA005-OW,24.9725,80.431944
2016-11-01,0.0,PANNA005-OW,24.9725,80.431944
2016-12-01,0.0,PANNA005-OW,24.9725,80.431944
2017-01-01,6.6,PANNA005-OW,24.9725,80.431944
2017-02-01,0.2,PANNA005-OW,24.9725,80.431944
2017-03-01,7.6,PANNA005-OW,24.9725,80.431944
2017-04-01,0.0,PANNA005-OW,24.9725,80.431944
2017-05-01,6.3,PANNA005-OW,24.9725,80.431944
2017-06-01,112.1,PANNA005-OW,24.9725,80.431944
2017-07-01,459.9,PANNA005-OW,24.9725,80.431944
2017-08-01,149.3,PANNA005-OW,24.9725,80.431944
2017-09-01,91.9,PANNA005-OW,24.9725,80.431944
2017-10-01,8.4,PANNA005-OW,24.9725,80.431944
2017-11-01,0.2,PANNA005-OW,24.9725,80.431944
2017-12-01,0.30000000000000004,PANNA005-OW,24.9725,80.431944
2018-01-01,0.0,PANNA005-OW,24.9725,80.431944
2018-02-01,23.3,PANNA005-OW,24.9725,80.431944
2018-03-01,1.7000000000000002,PANNA005-OW,24.9725,80.431944
2018-04-01,20.7,PANNA005-OW,24.9725,80.431944
2018-05-01,15.6,PANNA005-OW,24.9725,80.431944
2018-06-01,50.4,PANNA005-OW,24.9725,80.431944
2018-07-01,438.7,PANNA005-OW,24.9725,80.431944
2018-08-01,407.7,PANNA005-OW,24.9725,80.431944
2018-09-01,182.0,PANNA005-OW,24.9725,80.431944
2018-10-01,1.0,PANNA005-OW,24.9725,80.431944
2018-11-01,0.0,PANNA005-OW,24.9725,80.431944
2018-12-01,0.0,PANNA005-OW,24.9725,80.431944
2019-01-01,19.400000000000002,PANNA005-OW,24.9725,80.431944
2019-02-01,11.9,PANNA005-OW,24.9725,80.431944
2019-03-01,13.3,PANNA005-OW,24.9725,80.431944
2019-04-01,8.799999999999999,PANNA005-OW,24.9725,80.431944
2019-05-01,0.0,PANNA005-OW,24.9725,80.431944
2019-06-01,25.9,PANNA005-OW,24.9725,80.431944
2019-07-01,385.3,PANNA005-OW,24.9725,80.431944
2019-08-01,448.3,PANNA005-OW,24.9725,80.431944
2019-09-01,466.5,PANNA005-OW,24.9725,80.431944
2019-10-01,30.200000000000003,PANNA005-OW,24.9725,80.431944
2019-11-01,1.2,PANNA005-OW,24.9725,80.431944
2019-12-01,52.5,PANNA005-OW,24.9725,80.431944
2020-01-01,34.7,PANNA005-OW,24.9725,80.431944
2020-02-01,14.100000000000001,PANNA005-OW,24.9725,80.431944
2020-03-01,9.9,PANNA005-OW,24.9725,80.431944
2020-04-01,1.0,PANNA005-OW,24.9725,80.431944
2020-05-01,3.8,PANNA005-OW,24.9725,80.431944
2020-06-01,293.0,PANNA005-OW,24.9725,80.431944
2020-07-01,331.8,PANNA005-OW,24.9725,80.431944
2020-08-01,334.4,PANNA005-OW,24.9725,80.431944
2020-09-01,141.29999999999998,PANNA005-OW,24.9725,80.431944
2020-10-01,0.5,PANNA005-OW,24.9725,80.431944
2020-11-01,2.2,PANNA005-OW,24.9725,80.431944
2020-12-01,8.7,PANNA005-OW,24.9725,80.431944
2021-01-01,1.4,PANNA005-OW,24.9725,80.431944
2021-02-01,0.30000000000000004,PANNA005-OW,24.9725,80.431944
2021-03-01,11.799999999999999,PANNA005-OW,24.9725,80.431944
2021-04-01,0.0,PANNA005-OW,24.9725,80.431944
2021-05-01,33.0,PANNA005-OW,24.9725,80.431944
2021-06-01,133.2,PANNA005-OW,24.9725,80.431944
2021-07-01,396.8,PANNA005-OW,24.9725,80.431944
2021-08-01,293.59999999999997,PANNA005-OW,24.9725,80.431944
2021-09-01,210.2,PANNA005-OW,24.9725,80.431944
2021-10-01,64.9,PANNA005-OW,24.9725,80.431944
2021-11-01,0.5,PANNA005-OW,24.9725,80.431944
2021-12-01,6.4,PANNA005-OW,24.9725,80.431944
2022-01-01,90.2,PANNA005-OW,24.9725,80.431944
2022-02-01,0.0,PANNA005-OW,24.9725,80.431944
2022-03-01,0.0,PANNA005-OW,24.9725,80.431944
2022-04-01,0.0,PANNA005-OW,24.9725,80.431944
2022-05-01,1.9000000000000001,PANNA005-OW,24.9725,80.431944
2022-06-01,112.7,PANNA005-OW,24.9725,80.431944
2022-07-01,290.5,PANNA005-OW,24.9725,80.431944
2022-08-01,286.1,PANNA005-OW,24.9725,80.431944
2022-09-01,214.9,PANNA005-OW,24.9725,80.431944
2022-10-01,108.5,PANNA005-OW,24.9725,80.431944
2022-11-01,0.2,PANNA005-OW,24.9725,80.431944
2022-12-01,0.1,PANNA005-OW,24.9725,80.431944
2023-01-01,15.8,PANNA005-OW,24.9725,80.431944
2023-02-01,0.0,PANNA005-OW,24.9725,80.431944
2023-03-01,42.9,PANNA005-OW,24.9725,80.431944
2023-04-01,22.8,PANNA005-OW,24.9725,80.431944
2023-05-01,34.7,PANNA005-OW,24.9725,80.431944
2023-06-01,177.5,PANNA005-OW,24.9725,80.431944
2023-07-01,234.5,PANNA005-OW,24.9725,80.431944
2023-08-01,350.8,PANNA005-OW,24.9725,80.431944
2023-09-01,195.2,PANNA005-OW,24.9725,80.431944
2023-10-01,10.7,PANNA005-OW,24.9725,80.431944
2023-11-01,6.800000000000001,PANNA005-OW,24.9725,80.431944
2023-12-01,13.3,PANNA005-OW,24.9725,80.431944
2024-01-01,8.7,PANNA005-OW,24.9725,80.431944
2024-02-01,47.9,PANNA005-OW,24.9725,80.431944
2024-03-01,13.700000000000001,PANNA005-OW,24.9725,80.431944
2024-04-01,2.7,PANNA005-OW,24.9725,80.431944
2024-05-01,1.7999999999999998,PANNA005-OW,24.9725,80.431944
2024-06-01,97.6,PANNA005-OW,24.9725,80.431944
2024-07-01,310.4,PANNA005-OW,24.9725,80.431944
2024-08-01,347.5,PANNA005-OW,24.9725,80.431944
2024-09-01,285.90000000000003,PANNA005-OW,24.9725,80.431944
2024-10-01,2.1,PANNA005-OW,24.9725,80.431944
2024-11-01,0.1,PANNA005-OW,24.9725,80.431944
2024-12-01,14.4,PANNA005-OW,24.9725,80.431944
1976-01-01,13.6,SGR030-OW,23.788333,78.391111
1976-02-01,0.7999999999999999,SGR030-OW,23.788333,78.391111
1976-03-01,7.199999999999999,SGR030-OW,23.788333,78.391111
1976-04-01,7.5,SGR030-OW,23.788333,78.391111
1976-05-01,2.6,SGR030-OW,23.788333,78.391111
1976-06-01,167.8,SGR030-OW,23.788333,78.391111
1976-07-01,276.5,SGR030-OW,23.788333,78.391111
1976-08-01,386.1,SGR030-OW,23.788333,78.391111
1976-09-01,129.4,SGR030-OW,23.788333,78.391111
1976-10-01,0.1,SGR030-OW,23.788333,78.391111
1976-11-01,34.1,SGR030-OW,23.788333,78.391111
1976-12-01,0.7,SGR030-OW,23.788333,78.391111
1977-01-01,7.2,SGR030-OW,23.788333,78.391111
1977-02-01,6.3,SGR030-OW,23.788333,78.391111
1977-03-01,8.3,SGR030-OW,23.788333,78.391111
1977-04-01,6.3,SGR030-OW,23.788333,78.391111
1977-05-01,18.6,SGR030-OW,23.788333,78.391111
1977-06-01,194.9,SGR030-OW,23.788333,78.391111
1977-07-01,536.1,SGR030-OW,23.788333,78.391111
1977-08-01,303.7,SGR030-OW,23.788333,78.391111
1977-09-01,204.9,SGR030-OW,23.788333,78.391111
1977-10-01,28.199999999999996,SGR030-OW,23.788333,78.391111
1977-11-01,35.0,SGR030-OW,23.788333,78.391111
1977-12-01,0.3,SGR030-OW,23.788333,78.391111
1978-01-01,15.399999999999999,SGR030-OW,23.788333,78.391111
1978-02-01,105.5,SGR030-OW,23.788333,78.391111
1978-03-01,22.7,SGR030-OW,23.788333,78.391111
1978-04-01,4.9,SGR030-OW,23.788333,78.391111
1978-05-01,0.0,SGR030-OW,23.788333,78.391111
1978-06-01,171.6,SGR030-OW,23.788333,78.391111
1978-07-01,233.6,SGR030-OW,23.788333,78.391111
1978-08-01,305.1,SGR030-OW,23.788333,78.391111
1978-09-01,128.8,SGR030-OW,23.788333,78.391111
1978-10-01,0.0,SGR030-OW,23.788333,78.391111
1978-11-01,37.2,SGR030-OW,23.788333,78.391111
1978-12-01,17.3,SGR030-OW,23.788333,78.391111
1979-01-01,43.4,SGR030-OW,23.788333,78.391111
1979-02-01,64.89999999999999,SGR030-OW,23.788333,78.391111
1979-03-01,4.1,SGR030-OW,23.788333,78.391111
1979-04-01,0.0,SGR030-OW,23.788333,78.391111
1979-05-01,23.5,SGR030-OW,23.788333,78.391111
1979-06-01,109.10000000000001,SGR030-OW,23.788333,78.391111
1979-07-01,280.2,SGR030-OW,23.788333,78.391111
1979-08-01,141.5,SGR030-OW,23.788333,78.391111
1979-09-01,16.900000000000002,SGR030-OW,23.788333,78.391111
1979-10-01,2.2,SGR030-OW,23.788333,78.391111
1979-11-01,89.69999999999999,SGR030-OW,23.788333,78.391111
1979-12-01,0.1,SGR030-OW,23.788333,78.391111
1980-01-01,0.6000000000000001,SGR030-OW,23.788333,78.391111
1980-02-01,3.2,SGR030-OW,23.788333,78.391111
1980-03-01,0.39999999999999997,SGR030-OW,23.788333,78.391111
1980-04-01,1.7,SGR030-OW,23.788333,78.391111
1980-05-01,0.7,SGR030-OW,23.788333,78.391111
1980-06-01,500.2,SGR030-OW,23.788333,78.391111
1980-07-01,284.5,SGR030-OW,23.788333,78.391111
1980-08-01,338.1,SGR030-OW,23.788333,78.391111
1980-09-01,33.1,SGR030-OW,23.788333,78.391111
1980-10-01,0.30000000000000004,SGR030-OW,23.788333,78.391111
1980-11-01,0.0,SGR030-OW,23.788333,78.391111
1980-12-01,37.0,SGR030-OW,23.788333,78.391111
1981-01-01,4.2,SGR030-OW,23.788333,78.391111
1981-02-01,0.7,SGR030-OW,23.788333,78.391111
1981-03-01,33.6,SGR030-OW,23.788333,78.391111
1981-04-01,0.9,SGR030-OW,23.788333,78.391111
1981-05-01,7.0,SGR030-OW,23.788333,78.391111
1981-06-01,167.1,SGR030-OW,23.788333,78.391111
1981-07-01,262.2,SGR030-OW,23.788333,78.391111
1981-08-01,211.6,SGR030-OW,23.788333,78.391111
1981-09-01,149.7,SGR030-OW,23.788333,78.391111
1981-10-01,1.5,SGR030-OW,23.788333,78.391111
1981-11-01,8.299999999999999,SGR030-OW,23.788333,78.391111
1981-12-01,13.3,SGR030-OW,23.788333,78.391111
1982-01-01,85.2,SGR030-OW,23.788333,78.391111
1982-02-01,4.6000000000000005,SGR030-OW,23.788333,78.391111
1982-03-01,3.4,SGR030-OW,23.788333,78.391111
1982-04-01,0.4,SGR030-OW,23.788333,78.391111
1982-05-01,7.7,SGR030-OW,23.788333,78.391111
1982-06-01,23.1,SGR030-OW,23.788333,78.391111
1982-07-01,352.1,SGR030-OW,23.788333,78.391111
1982-08-01,457.8,SGR030-OW,23.788333,78.391111
1982-09-01,149.3,SGR030-OW,23.788333,78.391111
1982-10-01,28.7,SGR030-OW,23.788333,78.391111
1982-11-01,43.1,SGR030-OW,23.788333,78.391111
1982-12-01,0.0,SGR030-OW,23.788333,78.391111
1983-01-01,24.0,SGR030-OW,23.788333,78.391111
1983-02-01,0.0,SGR030-OW,23.788333,78.391111
1983-03-01,0.0,SGR030-OW,23.788333,78.391111
1983-04-01,11.6,SGR030-OW,23.788333,78.391111
1983-05-01,9.6,SGR030-OW,23.788333,78.391111
1983-06-01,151.6,SGR030-OW,23.788333,78.391111
1983-07-01,209.3,SGR030-OW,23.788333,78.391111
1983-08-01,373.0,SGR030-OW,23.788333,78.391111
1983-09-01,160.6,SGR030-OW,23.788333,78.391111
1983-10-01,53.4,SGR030-OW,23.788333,78.391111
1983-11-01,0.0,SGR030-OW,23.788333,78.391111
1983-12-01,2.0,SGR030-OW,23.788333,78.391111
1984-01-01,32.800000000000004,SGR030-OW,23.788333,78.391111
1984-02-01,45.0,SGR030-OW,23.788333,78.391111
1984-03-01,0.2,SGR030-OW,23.788333,78.391111
1984-04-01,0.5,SGR030-OW,23.788333,78.391111
1984-05-01,0.2,SGR030-OW,23.788333,78.391111
1984-06-01,72.4,SGR030-OW,23.788333,78.391111
1984-07-01,268.7,SGR030-OW,23.788333,78.391111
1984-08-01,443.7,SGR030-OW,23.788333,78.391111
1984-09-01,71.7,SGR030-OW,23.788333,78.391111
1984-10-01,0.0,SGR030-OW,23.788333,78.391111
1984-11-01,0.0,SGR030-OW,23.788333,78.391111
1984-12-01,4.5,SGR030-OW,23.788333,78.391111
1985-01-01,21.299999999999997,SGR030-OW,23.788333,78.391111
1985-02-01,0.0,SGR030-OW,23.788333,78.391111
1985-03-01,1.8,SGR030-OW,23.788333,78.391111
1985-04-01,2.5,SGR030-OW,23.788333,78.391111
1985-05-01,2.2,SGR030-OW,23.788333,78.391111
1985-06-01,31.8,SGR030-OW,23.788333,78.391111
1985-07-01,310.2,SGR030-OW,23.788333,78.391111
1985-08-01,321.0,SGR030-OW,23.788333,78.391111
1985-09-01,152.5,SGR030-OW,23.788333,78.391111
1985-10-01,103.4,SGR030-OW,23.788333,78.391111
1985-11-01,0.0,SGR030-OW,23.788333,78.391111
1985-12-01,0.0,SGR030-OW,23.788333,78.391111
1986-01-01,4.699999999999999,SGR030-OW,23.788333,78.391111
1986-02-01,95.5,SGR030-OW,23.788333,78.391111
1986-03-01,3.6,SGR030-OW,23.788333,78.391111
1986-04-01,0.7,SGR030-OW,23.788333,78.391111
1986-05-01,9.3,SGR030-OW,23.788333,78.391111
1986-06-01,183.7,SGR030-OW,23.788333,78.391111
1986-07-01,655.2,SGR030-OW,23.788333,78.391111
1986-08-01,214.1,SGR030-OW,23.788333,78.391111
1986-09-01,60.7,SGR030-OW,23.788333,78.391111
1986-10-01,0.5,SGR030-OW,23.788333,78.391111
1986-11-01,0.0,SGR030-OW,23.788333,78.391111
1986-12-01,20.0,SGR030-OW,23.788333,78.391111
1987-01-01,43.7,SGR030-OW,23.788333,78.391111
1987-02-01,18.6,SGR030-OW,23.788333,78.391111
1987-03-01,4.9,SGR030-OW,23.788333,78.391111
1987-04-01,0.0,SGR030-OW,23.788333,78.391111
1987-05-01,8.0,SGR030-OW,23.788333,78.391111
1987-06-01,35.0,SGR030-OW,23.788333,78.391111
1987-07-01,133.3,SGR030-OW,23.788333,78.391111
1987-08-01,416.4,SGR030-OW,23.788333,78.391111
1987-09-01,114.30000000000001,SGR030-OW,23.788333,78.391111
1987-10-01,66.4,SGR030-OW,23.788333,78.391111
1987-11-01,1.4,SGR030-OW,23.788333,78.391111
1987-12-01,13.0,SGR030-OW,23.788333,78.391111
1988-01-01,16.1,SGR030-OW,23.788333,78.391111
1988-02-01,4.6,SGR030-OW,23.788333,78.391111
1988-03-01,0.4,SGR030-OW,23.788333,78.391111
1988-04-01,8.1,SGR030-OW,23.788333,78.391111
1988-05-01,4.6,SGR030-OW,23.788333,78.391111
1988-06-01,227.9,SGR030-OW,23.788333,78.391111
1988-07-01,507.2,SGR030-OW,23.788333,78.391111
1988-08-01,249.6,SGR030-OW,23.788333,78.391111
1988-09-01,69.6,SGR030-OW,23.788333,78.391111
1988-10-01,27.2,SGR030-OW,23.788333,78.391111
1988-11-01,1.6,SGR030-OW,23.788333,78.391111
1988-12-01,0.0,SGR030-OW,23.788333,78.391111
1989-01-01,0.0,SGR030-OW,23.788333,78.391111
1989-02-01,0.0,SGR030-OW,23.788333,78.391111
1989-03-01,31.5,SGR030-OW,23.788333,78.391111
1989-04-01,0.0,SGR030-OW,23.788333,78.391111
1989-05-01,3.8000000000000003,SGR030-OW,23.788333,78.391111
1989-06-01,110.7,SGR030-OW,23.788333,78.391111
1989-07-01,194.0,SGR030-OW,23.788333,78.391111
1989-08-01,300.0,SGR030-OW,23.788333,78.391111
1989-09-01,58.6,SGR030-OW,23.788333,78.391111
1989-10-01,0.0,SGR030-OW,23.788333,78.391111
1989-11-01,4.8,SGR030-OW,23.788333,78.391111
1989-12-01,18.0,SGR030-OW,23.788333,78.391111
1990-01-01,0.3,SGR030-OW,23.788333,78.391111
1990-02-01,30.299999999999997,SGR030-OW,23.788333,78.391111
1990-03-01,1.6,SGR030-OW,23.788333,78.391111
1990-04-01,2.0,SGR030-OW,23.788333,78.391111
1990-05-01,39.400000000000006,SGR030-OW,23.788333,78.391111
1990-06-01,384.0,SGR030-OW,23.788333,78.391111
1990-07-01,314.5,SGR030-OW,23.788333,78.391111
1990-08-01,235.6,SGR030-OW,23.788333,78.391111
1990-09-01,323.8,SGR030-OW,23.788333,78.391111
1990-10-01,17.0,SGR030-OW,23.788333,78.391111
1990-11-01,3.1,SGR030-OW,23.788333,78.391111
1990-12-01,32.9,SGR030-OW,23.788333,78.391111
1991-01-01,0.7000000000000001,SGR030-OW,23.788333,78.391111
1991-02-01,8.1,SGR030-OW,23.788333,78.391111
1991-03-01,7.5,SGR030-OW,23.788333,78.391111
1991-04-01,2.7,SGR030-OW,23.788333,78.391111
1991-05-01,0.0,SGR030-OW,23.788333,78.391111
1991-06-01,35.0,SGR030-OW,23.788333,78.391111
1991-07-01,541.5,SGR030-OW,23.788333,78.391111
1991-08-01,701.0,SGR030-OW,23.788333,78.391111
1991-09-01,19.5,SGR030-OW,23.788333,78.391111
1991-10-01,0.0,SGR030-OW,23.788333,78.391111
1991-11-01,5.9,SGR030-OW,23.788333,78.391111
1991-12-01,0.0,SGR030-OW,23.788333,78.391111
1992-01-01,1.8,SGR030-OW,23.788333,78.391111
1992-02-01,0.0,SGR030-OW,23.788333,78.391111
1992-03-01,0.2,SGR030-OW,23.788333,78.391111
1992-04-01,3.0,SGR030-OW,23.788333,78.391111
1992-05-01,7.3,SGR030-OW,23.788333,78.391111
1992-06-01,31.7,SGR030-OW,23.788333,78.391111
1992-07-01,257.2,SGR030-OW,23.788333,78.391111
1992-08-01,326.1,SGR030-OW,23.788333,78.391111
1992-09-01,87.3,SGR030-OW,23.788333,78.391111
1992-10-01,22.599999999999998,SGR030-OW,23.788333,78.391111
1992-11-01,0.9,SGR030-OW,23.788333,78.391111
1992-12-01,0.0,SGR030-OW,23.788333,78.391111
1993-01-01,0.0,SGR030-OW,23.788333,78.391111
1993-02-01,28.4,SGR030-OW,23.788333,78.391111
1993-03-01,3.4,SGR030-OW,23.788333,78.391111
1993-04-01,1.6,SGR030-OW,23.788333,78.391111
1993-05-01,9.5,SGR030-OW,23.788333,78.391111
1993-06-01,142.70000000000002,SGR030-OW,23.788333,78.391111
1993-07-01,281.1,SGR030-OW,23.788333,78.391111
1993-08-01,245.3,SGR030-OW,23.788333,78.391111
1993-09-01,273.09999999999997,SGR030-OW,23.788333,78.391111
1993-10-01,3.1,SGR030-OW,23.788333,78.391111
1993-11-01,0.1,SGR030-OW,23.788333,78.391111
1993-12-01,0.0,SGR030-OW,23.788333,78.391111
1994-01-01,32.6,SGR030-OW,23.788333,78.391111
1994-02-01,31.1,SGR030-OW,23.788333,78.391111
1994-03-01,0.0,SGR030-OW,23.788333,78.391111
1994-04-01,16.2,SGR030-OW,23.788333,78.391111
1994-05-01,3.1,SGR030-OW,23.788333,78.391111
1994-06-01,149.7,SGR030-OW,23.788333,78.391111
1994-07-01,475.8,SGR030-OW,23.788333,78.391111
1994-08-01,261.6,SGR030-OW,23.788333,78.391111
1994-09-01,124.0,SGR030-OW,23.788333,78.391111
1994-10-01,19.9,SGR030-OW,23.788333,78.391111
1994-11-01,0.0,SGR030-OW,23.788333,78.391111
1994-12-01,0.0,SGR030-OW,23.788333,78.391111
1995-01-01,41.1,SGR030-OW,23.788333,78.391111
1995-02-01,5.7,SGR030-OW,23.788333,78.391111
1995-03-01,32.8,SGR030-OW,23.788333,78.391111
1995-04-01,2.1,SGR030-OW,23.788333,78.391111
1995-05-01,0.0,SGR030-OW,23.788333,78.391111
1995-06-01,26.2,SGR030-OW,23.788333,78.391111
1995-07-01,307.40000000000003,SGR030-OW,23.788333,78.391111
1995-08-01,287.3,SGR030-OW,23.788333,78.391111
1995-09-01,112.10000000000001,SGR030-OW,23.788333,78.391111
1995-10-01,14.6,SGR030-OW,23.788333,78.391111
1995-11-01,0.4,SGR030-OW,23.788333,78.391111
1995-12-01,26.5,SGR030-OW,23.788333,78.391111
1996-01-01,25.599999999999998,SGR030-OW,23.788333,78.391111
1996-02-01,11.700000000000001,SGR030-OW,23.788333,78.391111
1996-03-01,12.2,SGR030-OW,23.788333,78.391111
1996-04-01,5.4,SGR030-OW,23.788333,78.391111
1996-05-01,4.3,SGR030-OW,23.788333,78.391111
1996-06-01,44.2,SGR030-OW,23.788333,78.391111
1996-07-01,255.6,SGR030-OW,23.788333,78.391111
1996-08-01,689.6,SGR030-OW,23.788333,78.391111
1996-09-01,121.2,SGR030-OW,23.788333,78.391111
1996-10-01,51.800000000000004,SGR030-OW,23.788333,78.391111
1996-11-01,0.7,SGR030-OW,23.788333,78.391111
1996-12-01,0.0,SGR030-OW,23.788333,78.391111
1997-01-01,4.4,SGR030-OW,23.788333,78.391111
1997-02-01,0.0,SGR030-OW,23.788333,78.391111
1997-03-01,0.0,SGR030-OW,23.788333,78.391111
1997-04-01,7.9,SGR030-OW,23.788333,78.391111
1997-05-01,2.4,SGR030-OW,23.788333,78.391111
1997-06-01,63.8,SGR030-OW,23.788333,78.391111
1997-07-01,654.6,SGR030-OW,23.788333,78.391111
1997-08-01,354.5,SGR030-OW,23.788333,78.391111
1997-09-01,76.3,SGR030-OW,23.788333,78.391111
1997-10-01,64.5,SGR030-OW,23.788333,78.391111
1997-11-01,76.5,SGR030-OW,23.788333,78.391111
1997-12-01,101.9,SGR030-OW,23.788333,78.391111
1998-01-01,1.3,SGR030-OW,23.788333,78.391111
1998-02-01,0.4,SGR030-OW,23.788333,78.391111
1998-03-01,12.7,SGR030-OW,23.788333,78.391111
1998-04-01,4.9,SGR030-OW,23.788333,78.391111
1998-05-01,1.0999999999999999,SGR030-OW,23.788333,78.391111
1998-06-01,62.0,SGR030-OW,23.788333,78.391111
1998-07-01,261.5,SGR030-OW,23.788333,78.391111
1998-08-01,231.2,SGR030-OW,23.788333,78.391111
1998-09-01,119.5,SGR030-OW,23.788333,78.391111
1998-10-01,32.5,SGR030-OW,23.788333,78.391111
1998-11-01,65.8,SGR030-OW,23.788333,78.391111
1998-12-01,0.0,SGR030-OW,23.788333,78.391111
1999-01-01,1.6,SGR030-OW,23.788333,78.391111
1999-02-01,83.9,SGR030-OW,23.788333,78.391111
1999-03-01,0.0,SGR030-OW,23.788333,78.391111
1999-04-01,0.0,SGR030-OW,23.788333,78.391111
1999-05-01,5.0,SGR030-OW,23.788333,78.391111
1999-06-01,138.4,SGR030-OW,23.788333,78.391111
1999-07-01,519.7,SGR030-OW,23.788333,78.391111
1999-08-01,288.1,SGR030-OW,23.788333,78.391111
1999-09-01,245.1,SGR030-OW,23.788333,78.391111
1999-10-01,82.8,SGR030-OW,23.788333,78.391111
1999-11-01,0.0,SGR030-OW,23.788333,78.391111
1999-12-01,0.0,SGR030-OW,23.788333,78.391111
2000-01-01,0.0,SGR030-OW,23.788333,78.391111
2000-02-01,0.0,SGR030-OW,23.788333,78.391111
2000-03-01,0.0,SGR030-OW,23.788333,78.391111
2000-04-01,3.8,SGR030-OW,23.788333,78.391111
2000-05-01,54.6,SGR030-OW,23.788333,78.391111
2000-06-01,117.9,SGR030-OW,23.788333,78.391111
2000-07-01,432.1,SGR030-OW,23.788333,78.391111
2000-08-01,155.6,SGR030-OW,23.788333,78.391111
2000-09-01,48.8,SGR030-OW,23.788333,78.391111
2000-10-01,0.2,SGR030-OW,23.788333,78.391111
2000-11-01,0.0,SGR030-OW,23.788333,78.391111
2000-12-01,8.5,SGR030-OW,23.788333,78.391111
2001-01-01,0.1,SGR030-OW,23.788333,78.391111
2001-02-01,1.4,SGR030-OW,23.788333,78.391111
2001-03-01,4.6,SGR030-OW,23.788333,78.391111
2001-04-01,5.9,SGR030-OW,23.788333,78.391111
2001-05-01,23.900000000000002,SGR030-OW,23.788333,78.391111
2001-06-01,197.1,SGR030-OW,23.788333,78.391111
2001-07-01,577.3,SGR030-OW,23.788333,78.391111
2001-08-01,209.1,SGR030-OW,23.788333,78.391111
2001-09-01,8.399999999999999,SGR030-OW,23.788333,78.391111
2001-10-01,38.9,SGR030-OW,23.788333,78.391111
2001-11-01,0.0,SGR030-OW,23.788333,78.391111
2001-12-01,0.0,SGR030-OW,23.788333,78.391111
2002-01-01,1.8,SGR030-OW,23.788333,78.391111
2002-02-01,13.7,SGR030-OW,23.788333,78.391111
2002-03-01,1.6,SGR030-OW,23.788333,78.391111
2002-04-01,4.1,SGR030-OW,23.788333,78.391111
2002-05-01,5.7,SGR030-OW,23.788333,78.391111
2002-06-01,123.4,SGR030-OW,23.788333,78.391111
2002-07-01,63.6,SGR030-OW,23.788333,78.391111
2002-08-01,537.3000000000001,SGR030-OW,23.788333,78.391111
2002-09-01,143.5,SGR030-OW,23.788333,78.391111
2002-10-01,37.9,SGR030-OW,23.788333,78.391111
2002-11-01,27.2,SGR030-OW,23.788333,78.391111
2002-12-01,1.3,SGR030-OW,23.788333,78.391111
2003-01-01,1.0,SGR030-OW,23.788333,78.391111
2003-02-01,61.0,SGR030-OW,23.788333,78.391111
2003-03-01,2.5,SGR030-OW,23.788333,78.391111
2003-04-01,1.7,SGR030-OW,23.788333,78.391111
2003-05-01,0.0,SGR030-OW,23.788333,78.391111
2003-06-01,116.6,SGR030-OW,23.788333,78.391111
2003-07-01,299.6,SGR030-OW,23.788333,78.391111
2003-08-01,309.0,SGR030-OW,23.788333,78.391111
2003-09-01,555.0,SGR030-OW,23.788333,78.391111
2003-10-01,2.0,SGR030-OW,23.788333,78.391111
2003-11-01,0.0,SGR030-OW,23.788333,78.391111
2003-12-01,12.1,SGR030-OW,23.788333,78.391111
2004-01-01,11.2,SGR030-OW,23.788333,78.391111
2004-02-01,0.0,SGR030-OW,23.788333,78.391111
2004-03-01,0.0,SGR030-OW,23.788333,78.391111
2004-04-01,1.9,SGR030-OW,23.788333,78.391111
2004-05-01,8.0,SGR030-OW,23.788333,78.391111
2004-06-01,232.0,SGR030-OW,23.788333,78.391111
2004-07-01,212.3,SGR030-OW,23.788333,78.391111
2004-08-01,481.7,SGR030-OW,23.788333,78.391111
2004-09-01,59.9,SGR030-OW,23.788333,78.391111
2004-10-01,17.2,SGR030-OW,23.788333,78.391111
2004-11-01,1.9,SGR030-OW,23.788333,78.391111
2004-12-01,0.0,SGR030-OW,23.788333,78.391111
2005-01-01,17.3,SGR030-OW,23.788333,78.391111
2005-02-01,1.2000000000000002,SGR030-OW,23.788333,78.391111
2005-03-01,31.3,SGR030-OW,23.788333,78.391111
2005-04-01,0.7000000000000001,SGR030-OW,23.788333,78.391111
2005-05-01,3.3000000000000003,SGR030-OW,23.788333,78.391111
2005-06-01,101.0,SGR030-OW,23.788333,78.391111
2005-07-01,477.1,SGR030-OW,23.788333,78.391111
2005-08-01,120.0,SGR030-OW,23.788333,78.391111
2005-09-01,191.4,SGR030-OW,23.788333,78.391111
2005-10-01,7.4,SGR030-OW,23.788333,78.391111
2005-11-01,0.0,SGR030-OW,23.788333,78.391111
2005-12-01,0.3,SGR030-OW,23.788333,78.391111
2006-01-01,0.0,SGR030-OW,23.788333,78.391111
2006-02-01,0.6,SGR030-OW,23.788333,78.391111
2006-03-01,55.7,SGR030-OW,23.788333,78.391111
2006-04-01,1.4,SGR030-OW,23.788333,78.391111
2006-05-01,12.0,SGR030-OW,23.788333,78.391111
2006-06-01,72.0,SGR030-OW,23.788333,78.391111
2006-07-01,570.3,SGR030-OW,23.788333,78.391111
2006-08-01,334.8,SGR030-OW,23.788333,78.391111
2006-09-01,136.2,SGR030-OW,23.788333,78.391111
2006-10-01,4.6,SGR030-OW,23.788333,78.391111
2006-11-01,10.8,SGR030-OW,23.788333,78.391111
2006-12-01,0.0,SGR030-OW,23.788333,78.391111
2007-01-01,0.0,SGR030-OW,23.788333,78.391111
2007-02-01,18.4,SGR030-OW,23.788333,78.391111
2007-03-01,3.4000000000000004,SGR030-OW,23.788333,78.391111
2007-04-01,7.0,SGR030-OW,23.788333,78.391111
2007-05-01,2.7,SGR030-OW,23.788333,78.391111
2007-06-01,124.5,SGR030-OW,23.788333,78.391111
2007-07-01,207.0,SGR030-OW,23.788333,78.391111
2007-08-01,210.4,SGR030-OW,23.788333,78.391111
2007-09-01,141.3,SGR030-OW,23.788333,78.391111
2007-10-01,0.0,SGR030-OW,23.788333,78.391111
2007-11-01,0.0,SGR030-OW,23.788333,78.391111
2007-12-01,1.7000000000000002,SGR030-OW,23.788333,78.391111
2008-01-01,0.0,SGR030-OW,23.788333,78.391111
2008-02-01,0.0,SGR030-OW,23.788333,78.391111
2008-03-01,5.6,SGR030-OW,23.788333,78.391111
2008-04-01,2.0999999999999996,SGR030-OW,23.788333,78.391111
2008-05-01,3.3,SGR030-OW,23.788333,78.391111
2008-06-01,497.0,SGR030-OW,23.788333,78.391111
2008-07-01,220.8,SGR030-OW,23.788333,78.391111
2008-08-01,210.9,SGR030-OW,23.788333,78.391111
2008-09-01,125.5,SGR030-OW,23.788333,78.391111
2008-10-01,7.9,SGR030-OW,23.788333,78.391111
2008-11-01,0.7,SGR030-OW,23.788333,78.391111
2008-12-01,0.0,SGR030-OW,23.788333,78.391111
2009-01-01,19.6,SGR030-OW,23.788333,78.391111
2009-02-01,0.1,SGR030-OW,23.788333,78.391111
2009-03-01,2.6999999999999997,SGR030-OW,23.788333,78.391111
2009-04-01,3.0,SGR030-OW,23.788333,78.391111
2009-05-01,2.8,SGR030-OW,23.788333,78.391111
2009-06-01,72.6,SGR030-OW,23.788333,78.391111
2009-07-01,278.5,SGR030-OW,23.788333,78.391111
2009-08-01,197.8,SGR030-OW,23.788333,78.391111
2009-09-01,184.3,SGR030-OW,23.788333,78.391111
2009-10-01,111.4,SGR030-OW,23.788333,78.391111
2009-11-01,126.8,SGR030-OW,23.788333,78.391111
2009-12-01,21.7,SGR030-OW,23.788333,78.391111
2010-01-01,1.2,SGR030-OW,23.788333,78.391111
2010-02-01,7.499999999999999,SGR030-OW,23.788333,78.391111
2010-03-01,0.0,SGR030-OW,23.788333,78.391111
2010-04-01,0.1,SGR030-OW,23.788333,78.391111
2010-05-01,0.0,SGR030-OW,23.788333,78.391111
2010-06-01,34.6,SGR030-OW,23.788333,78.391111
2010-07-01,278.2,SGR030-OW,23.788333,78.391111
2010-08-01,311.1,SGR030-OW,23.788333,78.391111
2010-09-01,145.5,SGR030-OW,23.788333,78.391111
2010-10-01,23.1,SGR030-OW,23.788333,78.391111
2010-11-01,29.9,SGR030-OW,23.788333,78.391111
2010-12-01,2.5999999999999996,SGR030-OW,23.788333,78.391111
2011-01-01,0.0,SGR030-OW,23.788333,78.391111
2011-02-01,5.5,SGR030-OW,23.788333,78.391111
2011-03-01,2.1,SGR030-OW,23.788333,78.391111
2011-04-01,6.5,SGR030-OW,23.788333,78.391111
2011-05-01,2.8,SGR030-OW,23.788333,78.391111
2011-06-01,619.4,SGR030-OW,23.788333,78.391111
2011-07-01,501.0,SGR030-OW,23.788333,78.391111
2011-08-01,384.8,SGR030-OW,23.788333,78.391111
2011-09-01,185.0,SGR030-OW,23.788333,78.391111
2011-10-01,0.0,SGR030-OW,23.788333,78.391111
2011-11-01,0.0,SGR030-OW,23.788333,78.391111
2011-12-01,2.9,SGR030-OW,23.788333,78.391111
2012-01-01,28.599999999999998,SGR030-OW,23.788333,78.391111
2012-02-01,0.0,SGR030-OW,23.788333,78.391111
2012-03-01,0.5,SGR030-OW,23.788333,78.391111
2012-04-01,5.4,SGR030-OW,23.788333,78.391111
2012-05-01,10.7,SGR030-OW,23.788333,78.391111
2012-06-01,26.7,SGR030-OW,23.788333,78.391111
2012-07-01,518.6,SGR030-OW,23.788333,78.391111
2012-08-01,406.0,SGR030-OW,23.788333,78.391111
2012-09-01,108.8,SGR030-OW,23.788333,78.391111
2012-10-01,2.5,SGR030-OW,23.788333,78.391111
2012-11-01,0.0,SGR030-OW,23.788333,78.391111
2012-12-01,0.0,SGR030-OW,23.788333,78.391111
2013-01-01,1.1,SGR030-OW,23.788333,78.391111
2013-02-01,75.4,SGR030-OW,23.788333,78.391111
2013-03-01,19.400000000000002,SGR030-OW,23.788333,78.391111
2013-04-01,8.1,SGR030-OW,23.788333,78.391111
2013-05-01,0.0,SGR030-OW,23.788333,78.391111
2013-06-01,309.6,SGR030-OW,23.788333,78.391111
2013-07-01,645.3,SGR030-OW,23.788333,78.391111
2013-08-01,677.2,SGR030-OW,23.788333,78.391111
2013-09-01,59.400000000000006,SGR030-OW,23.788333,78.391111
2013-10-01,46.0,SGR030-OW,23.788333,78.391111
2013-11-01,3.4,SGR030-OW,23.788333,78.391111
2013-12-01,0.1,SGR030-OW,23.788333,78.391111
2014-01-01,37.9,SGR030-OW,23.788333,78.391111
2014-02-01,130.79999999999998,SGR030-OW,23.788333,78.391111
2014-03-01,4.1,SGR030-OW,23.788333,78.391111
2014-04-01,3.2,SGR030-OW,23.788333,78.391111
2014-05-01,0.8,SGR030-OW,23.788333,78.391111
2014-06-01,16.5,SGR030-OW,23.788333,78.391111
2014-07-01,244.0,SGR030-OW,23.788333,78.391111
2014-08-01,352.5,SGR030-OW,23.788333,78.391111
2014-09-01,136.60000000000002,SGR030-OW,23.788333,78.391111
2014-10-01,12.0,SGR030-OW,23.788333,78.391111
2014-11-01,0.0,SGR030-OW,23.788333,78.391111
2014-12-01,27.7,SGR030-OW,23.788333,78.391111
2015-01-01,69.0,SGR030-OW,23.788333,78.391111
2015-02-01,14.5,SGR030-OW,23.788333,78.391111
2015-03-01,79.1,SGR030-OW,23.788333,78.391111
2015-04-01,41.800000000000004,SGR030-OW,23.788333,78.391111
2015-05-01,5.300000000000001,SGR030-OW,23.788333,78.391111
2015-06-01,159.3,SGR030-OW,23.788333,78.391111
2015-07-01,396.5,SGR030-OW,23.788333,78.391111
2015-08-01,259.5,SGR030-OW,23.788333,78.391111
2015-09-01,42.4,SGR030-OW,23.788333,78.391111
2015-10-01,55.800000000000004,SGR030-OW,23.788333,78.391111
2015-11-01,3.2,SGR030-OW,23.788333,78.391111
2015-12-01,0.0,SGR030-OW,23.788333,78.391111
2016-01-01,23.200000000000003,SGR030-OW,23.788333,78.391111
2016-02-01,2.9,SGR030-OW,23.788333,78.391111
2016-03-01,11.6,SGR030-OW,23.788333,78.391111
2016-04-01,1.2000000000000002,SGR030-OW,23.788333,78.391111
2016-05-01,6.0,SGR030-OW,23.788333,78.391111
2016-06-01,113.2,SGR030-OW,23.788333,78.391111
2016-07-01,542.7,SGR030-OW,23.788333,78.391111
2016-08-01,487.3,SGR030-OW,23.788333,78.391111
2016-09-01,91.9,SGR030-OW,23.788333,78.391111
2016-10-01,30.7,SGR030-OW,23.788333,78.391111
2016-11-01,0.0,SGR030-OW,23.788333,78.391111
2016-12-01,0.0,SGR030-OW,23.788333,78.391111
2017-01-01,2.1,SGR030-OW,23.788333,78.391111
2017-02-01,10.5,SGR030-OW,23.788333,78.391111
2017-03-01,1.0,SGR030-OW,23.788333,78.391111
2017-04-01,0.4,SGR030-OW,23.788333,78.391111
2017-05-01,9.5,SGR030-OW,23.788333,78.391111
2017-06-01,112.2,SGR030-OW,23.788333,78.391111
2017-07-01,442.2,SGR030-OW,23.788333,78.391111
2017-08-01,260.5,SGR030-OW,23.788333,78.391111
2017-09-01,369.5,SGR030-OW,23.788333,78.391111
2017-10-01,12.8,SGR030-OW,23.788333,78.391111
2017-11-01,3.4,SGR030-OW,23.788333,78.391111
2017-12-01,2.2,SGR030-OW,23.788333,78.391111
2018-01-01,0.0,SGR030-OW,23.788333,78.391111
2018-02-01,26.900000000000002,SGR030-OW,23.788333,78.391111
2018-03-01,4.6,SGR030-OW,23.788333,78.391111
2018-04-01,8.0,SGR030-OW,23.788333,78.391111
2018-05-01,3.5,SGR030-OW,23.788333,78.391111
2018-06-01,115.7,SGR030-OW,23.788333,78.391111
2018-07-01,457.8,SGR030-OW,23.788333,78.391111
2018-08-01,375.1,SGR030-OW,23.788333,78.391111
2018-09-01,222.6,SGR030-OW,23.788333,78.391111
2018-10-01,0.2,SGR030-OW,23.788333,78.391111
2018-11-01,0.4,SGR030-OW,23.788333,78.391111
2018-12-01,0.0,SGR030-OW,23.788333,78.391111
2019-01-01,6.4,SGR030-OW,23.788333,78.391111
2019-02-01,1.4000000000000001,SGR030-OW,23.788333,78.391111
2019-03-01,1.6,SGR030-OW,23.788333,78.391111
2019-04-01,5.5,SGR030-OW,23.788333,78.391111
2019-05-01,0.1,SGR030-OW,23.788333,78.391111
2019-06-01,57.3,SGR030-OW,23.788333,78.391111
2019-07-01,519.2,SGR030-OW,23.788333,78.391111
2019-08-01,631.1999999999999,SGR030-OW,23.788333,78.391111
2019-09-01,411.09999999999997,SGR030-OW,23.788333,78.391111
2019-10-01,35.3,SGR030-OW,23.788333,78.391111
2019-11-01,8.4,SGR030-OW,23.788333,78.391111
2019-12-01,33.8,SGR030-OW,23.788333,78.391111
2020-01-01,25.3,SGR030-OW,23.788333,78.391111
2020-02-01,1.2,SGR030-OW,23.788333,78.391111
2020-03-01,18.2,SGR030-OW,23.788333,78.391111
2020-04-01,0.3,SGR030-OW,23.788333,78.391111
2020-05-01,0.0,SGR030-OW,23.788333,78.391111
2020-06-01,284.5,SGR030-OW,23.788333,78.391111
2020-07-01,199.8,SGR030-OW,23.788333,78.391111
2020-08-01,524.2,SGR030-OW,23.788333,78.391111
2020-09-01,155.5,SGR030-OW,23.788333,78.391111
2020-10-01,6.7,SGR030-OW,23.788333,78.391111
2020-11-01,5.3999999999999995,SGR030-OW,23.788333,78.391111
2020-12-01,35.9,SGR030-OW,23.788333,78.391111
2021-01-01,5.6000000000000005,SGR030-OW,23.788333,78.391111
2021-02-01,0.8999999999999999,SGR030-OW,23.788333,78.391111
2021-03-01,1.8,SGR030-OW,23.788333,78.391111
2021-04-01,0.5,SGR030-OW,23.788333,78.391111
2021-05-01,27.0,SGR030-OW,23.788333,78.391111
2021-06-01,85.89999999999999,SGR030-OW,23.788333,78.391111
2021-07-01,330.7,SGR030-OW,23.788333,78.391111
2021-08-01,561.2,SGR030-OW,23.788333,78.391111
2021-09-01,276.8,SGR030-OW,23.788333,78.391111
2021-10-01,27.2,SGR030-OW,23.788333,78.391111
2021-11-01,0.1,SGR030-OW,23.788333,78.391111
2021-12-01,9.9,SGR030-OW,23.788333,78.391111
2022-01-01,77.89999999999999,SGR030-OW,23.788333,78.391111
2022-02-01,0.3,SGR030-OW,23.788333,78.391111
2022-03-01,0.1,SGR030-OW,23.788333,78.391111
2022-04-01,0.0,SGR030-OW,23.788333,78.391111
2022-05-01,7.4,SGR030-OW,23.788333,78.391111
2022-06-01,128.1,SGR030-OW,23.788333,78.391111
2022-07-01,488.2,SGR030-OW,23.788333,78.391111
2022-08-01,598.0,SGR030-OW,23.788333,78.391111
2022-09-01,192.1,SGR030-OW,23.788333,78.391111
2022-10-01,76.1,SGR030-OW,23.788333,78.391111
2022-11-01,0.0,SGR030-OW,23.788333,78.391111
2022-12-01,4.5,SGR030-OW,23.788333,78.391111
2023-01-01,34.6,SGR030-OW,23.788333,78.391111
2023-02-01,0.0,SGR030-OW,23.788333,78.391111
2023-03-01,10.7,SGR030-OW,23.788333,78.391111
2023-04-01,14.8,SGR030-OW,23.788333,78.391111
2023-05-01,38.2,SGR030-OW,23.788333,78.391111
2023-06-01,163.1,SGR030-OW,23.788333,78.391111
2023-07-01,356.6,SGR030-OW,23.788333,78.391111
2023-08-01,224.20000000000002,SGR030-OW,23.788333,78.391111
2023-09-01,214.39999999999998,SGR030-OW,23.788333,78.391111
2023-10-01,2.4,SGR030-OW,23.788333,78.391111
2023-11-01,17.5,SGR030-OW,23.788333,78.391111
2023-12-01,13.3,SGR030-OW,23.788333,78.391111
2024-01-01,10.8,SGR030-OW,23.788333,78.391111
2024-02-01,1.5999999999999999,SGR030-OW,23.788333,78.391111
2024-03-01,1.6,SGR030-OW,23.788333,78.391111
2024-04-01,13.7,SGR030-OW,23.788333,78.391111
2024-05-01,1.0,SGR030-OW,23.788333,78.391111
2024-06-01,122.5,SGR030-OW,23.788333,78.391111
2024-07-01,454.6,SGR030-OW,23.788333,78.391111
2024-08-01,415.8,SGR030-OW,23.788333,78.391111
2024-09-01,309.1,SGR030-OW,23.788333,78.391111
2024-10-01,9.8,SGR030-OW,23.788333,78.391111
2024-11-01,0.0,SGR030-OW,23.788333,78.391111
2024-12-01,22.8,SGR030-OW,23.788333,78.391111
1976-01-01,13.6,SGR035-OW,23.677778,78.414722
1976-02-01,0.7999999999999999,SGR035-OW,23.677778,78.414722
1976-03-01,7.199999999999999,SGR035-OW,23.677778,78.414722
1976-04-01,7.5,SGR035-OW,23.677778,78.414722
1976-05-01,2.6,SGR035-OW,23.677778,78.414722
1976-06-01,167.8,SGR035-OW,23.677778,78.414722
1976-07-01,276.5,SGR035-OW,23.677778,78.414722
1976-08-01,386.1,SGR035-OW,23.677778,78.414722
1976-09-01,129.4,SGR035-OW,23.677778,78.414722
1976-10-01,0.1,SGR035-OW,23.677778,78.414722
1976-11-01,34.1,SGR035-OW,23.677778,78.414722
1976-12-01,0.7,SGR035-OW,23.677778,78.414722
1977-01-01,7.2,SGR035-OW,23.677778,78.414722
1977-02-01,6.3,SGR035-OW,23.677778,78.414722
1977-03-01,8.3,SGR035-OW,23.677778,78.414722
1977-04-01,6.3,SGR035-OW,23.677778,78.414722
1977-05-01,18.6,SGR035-OW,23.677778,78.414722
1977-06-01,194.9,SGR035-OW,23.677778,78.414722
1977-07-01,536.1,SGR035-OW,23.677778,78.414722
1977-08-01,303.7,SGR035-OW,23.677778,78.414722
1977-09-01,204.9,SGR035-OW,23.677778,78.414722
1977-10-01,28.199999999999996,SGR035-OW,23.677778,78.414722
1977-11-01,35.0,SGR035-OW,23.677778,78.414722
1977-12-01,0.3,SGR035-OW,23.677778,78.414722
1978-01-01,15.399999999999999,SGR035-OW,23.677778,78.414722
1978-02-01,105.5,SGR035-OW,23.677778,78.414722
1978-03-01,22.7,SGR035-OW,23.677778,78.414722
1978-04-01,4.9,SGR035-OW,23.677778,78.414722
1978-05-01,0.0,SGR035-OW,23.677778,78.414722
1978-06-01,171.6,SGR035-OW,23.677778,78.414722
1978-07-01,233.6,SGR035-OW,23.677778,78.414722
1978-08-01,305.1,SGR035-OW,23.677778,78.414722
1978-09-01,128.8,SGR035-OW,23.677778,78.414722
1978-10-01,0.0,SGR035-OW,23.677778,78.414722
1978-11-01,37.2,SGR035-OW,23.677778,78.414722
1978-12-01,17.3,SGR035-OW,23.677778,78.414722
1979-01-01,43.4,SGR035-OW,23.677778,78.414722
1979-02-01,64.89999999999999,SGR035-OW,23.677778,78.414722
1979-03-01,4.1,SGR035-OW,23.677778,78.414722
1979-04-01,0.0,SGR035-OW,23.677778,78.414722
1979-05-01,23.5,SGR035-OW,23.677778,78.414722
1979-06-01,109.10000000000001,SGR035-OW,23.677778,78.414722
1979-07-01,280.2,SGR035-OW,23.677778,78.414722
1979-08-01,141.5,SGR035-OW,23.677778,78.414722
1979-09-01,16.900000000000002,SGR035-OW,23.677778,78.414722
1979-10-01,2.2,SGR035-OW,23.677778,78.414722
1979-11-01,89.69999999999999,SGR035-OW,23.677778,78.414722
1979-12-01,0.1,SGR035-OW,23.677778,78.414722
1980-01-01,0.6000000000000001,SGR035-OW,23.677778,78.414722
1980-02-01,3.2,SGR035-OW,23.677778,78.414722
1980-03-01,0.39999999999999997,SGR035-OW,23.677778,78.414722
1980-04-01,1.7,SGR035-OW,23.677778,78.414722
1980-05-01,0.7,SGR035-OW,23.677778,78.414722
1980-06-01,500.2,SGR035-OW,23.677778,78.414722
1980-07-01,284.5,SGR035-OW,23.677778,78.414722
1980-08-01,338.1,SGR035-OW,23.677778,78.414722
1980-09-01,33.1,SGR035-OW,23.677778,78.414722
1980-10-01,0.30000000000000004,SGR035-OW,23.677778,78.414722
1980-11-01,0.0,SGR035-OW,23.677778,78.414722
1980-12-01,37.0,SGR035-OW,23.677778,78.414722
1981-01-01,4.2,SGR035-OW,23.677778,78.414722
1981-02-01,0.7,SGR035-OW,23.677778,78.414722
1981-03-01,33.6,SGR035-OW,23.677778,78.414722
1981-04-01,0.9,SGR035-OW,23.677778,78.414722
1981-05-01,7.0,SGR035-OW,23.677778,78.414722
1981-06-01,167.1,SGR035-OW,23.677778,78.414722
1981-07-01,262.2,SGR035-OW,23.677778,78.414722
1981-08-01,211.6,SGR035-OW,23.677778,78.414722
1981-09-01,149.7,SGR035-OW,23.677778,78.414722
1981-10-01,1.5,SGR035-OW,23.677778,78.414722
1981-11-01,8.299999999999999,SGR035-OW,23.677778,78.414722
1981-12-01,13.3,SGR035-OW,23.677778,78.414722
1982-01-01,85.2,SGR035-OW,23.677778,78.414722
1982-02-01,4.6000000000000005,SGR035-OW,23.677778,78.414722
1982-03-01,3.4,SGR035-OW,23.677778,78.414722
1982-04-01,0.4,SGR035-OW,23.677778,78.414722
1982-05-01,7.7,SGR035-OW,23.677778,78.414722
1982-06-01,23.1,SGR035-OW,23.677778,78.414722
1982-07-01,352.1,SGR035-OW,23.677778,78.414722
1982-08-01,457.8,SGR035-OW,23.677778,78.414722
1982-09-01,149.3,SGR035-OW,23.677778,78.414722
1982-10-01,28.7,SGR035-OW,23.677778,78.414722
1982-11-01,43.1,SGR035-OW,23.677778,78.414722
1982-12-01,0.0,SGR035-OW,23.677778,78.414722
1983-01-01,24.0,SGR035-OW,23.677778,78.414722
1983-02-01,0.0,SGR035-OW,23.677778,78.414722
1983-03-01,0.0,SGR035-OW,23.677778,78.414722
1983-04-01,11.6,SGR035-OW,23.677778,78.414722
1983-05-01,9.6,SGR035-OW,23.677778,78.414722
1983-06-01,151.6,SGR035-OW,23.677778,78.414722
1983-07-01,209.3,SGR035-OW,23.677778,78.414722
1983-08-01,373.0,SGR035-OW,23.677778,78.414722
1983-09-01,160.6,SGR035-OW,23.677778,78.414722
1983-10-01,53.4,SGR035-OW,23.677778,78.414722
1983-11-01,0.0,SGR035-OW,23.677778,78.414722
1983-12-01,2.0,SGR035-OW,23.677778,78.414722
1984-01-01,32.800000000000004,SGR035-OW,23.677778,78.414722
1984-02-01,45.0,SGR035-OW,23.677778,78.414722
1984-03-01,0.2,SGR035-OW,23.677778,78.414722
1984-04-01,0.5,SGR035-OW,23.677778,78.414722
1984-05-01,0.2,SGR035-OW,23.677778,78.414722
1984-06-01,72.4,SGR035-OW,23.677778,78.414722
1984-07-01,268.7,SGR035-OW,23.677778,78.414722
1984-08-01,443.7,SGR035-OW,23.677778,78.414722
1984-09-01,71.7,SGR035-OW,23.677778,78.414722
1984-10-01,0.0,SGR035-OW,23.677778,78.414722
1984-11-01,0.0,SGR035-OW,23.677778,78.414722
1984-12-01,4.5,SGR035-OW,23.677778,78.414722
1985-01-01,21.299999999999997,SGR035-OW,23.677778,78.414722
1985-02-01,0.0,SGR035-OW,23.677778,78.414722
1985-03-01,1.8,SGR035-OW,23.677778,78.414722
1985-04-01,2.5,SGR035-OW,23.677778,78.414722
1985-05-01,2.2,SGR035-OW,23.677778,78.414722
1985-06-01,31.8,SGR035-OW,23.677778,78.414722
1985-07-01,310.2,SGR035-OW,23.677778,78.414722
1985-08-01,321.0,SGR035-OW,23.677778,78.414722
1985-09-01,152.5,SGR035-OW,23.677778,78.414722
1985-10-01,103.4,SGR035-OW,23.677778,78.414722
1985-11-01,0.0,SGR035-OW,23.677778,78.414722
1985-12-01,0.0,SGR035-OW,23.677778,78.414722
1986-01-01,4.699999999999999,SGR035-OW,23.677778,78.414722
1986-02-01,95.5,SGR035-OW,23.677778,78.414722
1986-03-01,3.6,SGR035-OW,23.677778,78.414722
1986-04-01,0.7,SGR035-OW,23.677778,78.414722
1986-05-01,9.3,SGR035-OW,23.677778,78.414722
1986-06-01,183.7,SGR035-OW,23.677778,78.414722
1986-07-01,655.2,SGR035-OW,23.677778,78.414722
1986-08-01,214.1,SGR035-OW,23.677778,78.414722
1986-09-01,60.7,SGR035-OW,23.677778,78.414722
1986-10-01,0.5,SGR035-OW,23.677778,78.414722
1986-11-01,0.0,SGR035-OW,23.677778,78.414722
1986-12-01,20.0,SGR035-OW,23.677778,78.414722
1987-01-01,43.7,SGR035-OW,23.677778,78.414722
1987-02-01,18.6,SGR035-OW,23.677778,78.414722
1987-03-01,4.9,SGR035-OW,23.677778,78.414722
1987-04-01,0.0,SGR035-OW,23.677778,78.414722
1987-05-01,8.0,SGR035-OW,23.677778,78.414722
1987-06-01,35.0,SGR035-OW,23.677778,78.414722
1987-07-01,133.3,SGR035-OW,23.677778,78.414722
1987-08-01,416.4,SGR035-OW,23.677778,78.414722
1987-09-01,114.30000000000001,SGR035-OW,23.677778,78.414722
1987-10-01,66.4,SGR035-OW,23.677778,78.414722
1987-11-01,1.4,SGR035-OW,23.677778,78.414722
1987-12-01,13.0,SGR035-OW,23.677778,78.414722
1988-01-01,16.1,SGR035-OW,23.677778,78.414722
1988-02-01,4.6,SGR035-OW,23.677778,78.414722
1988-03-01,0.4,SGR035-OW,23.677778,78.414722
1988-04-01,8.1,SGR035-OW,23.677778,78.414722
1988-05-01,4.6,SGR035-OW,23.677778,78.414722
1988-06-01,227.9,SGR035-OW,23.677778,78.414722
1988-07-01,507.2,SGR035-OW,23.677778,78.414722
1988-08-01,249.6,SGR035-OW,23.677778,78.414722
1988-09-01,69.6,SGR035-OW,23.677778,78.414722
1988-10-01,27.2,SGR035-OW,23.677778,78.414722
1988-11-01,1.6,SGR035-OW,23.677778,78.414722
1988-12-01,0.0,SGR035-OW,23.677778,78.414722
1989-01-01,0.0,SGR035-OW,23.677778,78.414722
1989-02-01,0.0,SGR035-OW,23.677778,78.414722
1989-03-01,31.5,SGR035-OW,23.677778,78.414722
1989-04-01,0.0,SGR035-OW,23.677778,78.414722
1989-05-01,3.8000000000000003,SGR035-OW,23.677778,78.414722
1989-06-01,110.7,SGR035-OW,23.677778,78.414722
1989-07-01,194.0,SGR035-OW,23.677778,78.414722
1989-08-01,300.0,SGR035-OW,23.677778,78.414722
1989-09-01,58.6,SGR035-OW,23.677778,78.414722
1989-10-01,0.0,SGR035-OW,23.677778,78.414722
1989-11-01,4.8,SGR035-OW,23.677778,78.414722
1989-12-01,18.0,SGR035-OW,23.677778,78.414722
1990-01-01,0.3,SGR035-OW,23.677778,78.414722
1990-02-01,30.299999999999997,SGR035-OW,23.677778,78.414722
1990-03-01,1.6,SGR035-OW,23.677778,78.414722
1990-04-01,2.0,SGR035-OW,23.677778,78.414722
1990-05-01,39.400000000000006,SGR035-OW,23.677778,78.414722
1990-06-01,384.0,SGR035-OW,23.677778,78.414722
1990-07-01,314.5,SGR035-OW,23.677778,78.414722
1990-08-01,235.6,SGR035-OW,23.677778,78.414722
1990-09-01,323.8,SGR035-OW,23.677778,78.414722
1990-10-01,17.0,SGR035-OW,23.677778,78.414722
1990-11-01,3.1,SGR035-OW,23.677778,78.414722
1990-12-01,32.9,SGR035-OW,23.677778,78.414722
1991-01-01,0.7000000000000001,SGR035-OW,23.677778,78.414722
1991-02-01,8.1,SGR035-OW,23.677778,78.414722
1991-03-01,7.5,SGR035-OW,23.677778,78.414722
1991-04-01,2.7,SGR035-OW,23.677778,78.414722
1991-05-01,0.0,SGR035-OW,23.677778,78.414722
1991-06-01,35.0,SGR035-OW,23.677778,78.414722
1991-07-01,541.5,SGR035-OW,23.677778,78.414722
1991-08-01,701.0,SGR035-OW,23.677778,78.414722
1991-09-01,19.5,SGR035-OW,23.677778,78.414722
1991-10-01,0.0,SGR035-OW,23.677778,78.414722
1991-11-01,5.9,SGR035-OW,23.677778,78.414722
1991-12-01,0.0,SGR035-OW,23.677778,78.414722
1992-01-01,1.8,SGR035-OW,23.677778,78.414722
1992-02-01,0.0,SGR035-OW,23.677778,78.414722
1992-03-01,0.2,SGR035-OW,23.677778,78.414722
1992-04-01,3.0,SGR035-OW,23.677778,78.414722
1992-05-01,7.3,SGR035-OW,23.677778,78.414722
1992-06-01,31.7,SGR035-OW,23.677778,78.414722
1992-07-01,257.2,SGR035-OW,23.677778,78.414722
1992-08-01,326.1,SGR035-OW,23.677778,78.414722
1992-09-01,87.3,SGR035-OW,23.677778,78.414722
1992-10-01,22.599999999999998,SGR035-OW,23.677778,78.414722
1992-11-01,0.9,SGR035-OW,23.677778,78.414722
1992-12-01,0.0,SGR035-OW,23.677778,78.414722
1993-01-01,0.0,SGR035-OW,23.677778,78.414722
1993-02-01,28.4,SGR035-OW,23.677778,78.414722
1993-03-01,3.4,SGR035-OW,23.677778,78.414722
1993-04-01,1.6,SGR035-OW,23.677778,78.414722
1993-05-01,9.5,SGR035-OW,23.677778,78.414722
1993-06-01,142.70000000000002,SGR035-OW,23.677778,78.414722
1993-07-01,281.1,SGR035-OW,23.677778,78.414722
1993-08-01,245.3,SGR035-OW,23.677778,78.414722
1993-09-01,273.09999999999997,SGR035-OW,23.677778,78.414722
1993-10-01,3.1,SGR035-OW,23.677778,78.414722
1993-11-01,0.1,SGR035-OW,23.677778,78.414722
1993-12-01,0.0,SGR035-OW,23.677778,78.414722
1994-01-01,32.6,SGR035-OW,23.677778,78.414722
1994-02-01,31.1,SGR035-OW,23.677778,78.414722
1994-03-01,0.0,SGR035-OW,23.677778,78.414722
1994-04-01,16.2,SGR035-OW,23.677778,78.414722
1994-05-01,3.1,SGR035-OW,23.677778,78.414722
1994-06-01,149.7,SGR035-OW,23.677778,78.414722
1994-07-01,475.8,SGR035-OW,23.677778,78.414722
1994-08-01,261.6,SGR035-OW,23.677778,78.414722
1994-09-01,124.0,SGR035-OW,23.677778,78.414722
1994-10-01,19.9,SGR035-OW,23.677778,78.414722
1994-11-01,0.0,SGR035-OW,23.677778,78.414722
1994-12-01,0.0,SGR035-OW,23.677778,78.414722
1995-01-01,41.1,SGR035-OW,23.677778,78.414722
1995-02-01,5.7,SGR035-OW,23.677778,78.414722
1995-03-01,32.8,SGR035-OW,23.677778,78.414722
1995-04-01,2.1,SGR035-OW,23.677778,78.414722
1995-05-01,0.0,SGR035-OW,23.677778,78.414722
1995-06-01,26.2,SGR035-OW,23.677778,78.414722
1995-07-01,307.40000000000003,SGR035-OW,23.677778,78.414722
1995-08-01,287.3,SGR035-OW,23.677778,78.414722
1995-09-01,112.10000000000001,SGR035-OW,23.677778,78.414722
1995-10-01,14.6,SGR035-OW,23.677778,78.414722
1995-11-01,0.4,SGR035-OW,23.677778,78.414722
1995-12-01,26.5,SGR035-OW,23.677778,78.414722
1996-01-01,25.599999999999998,SGR035-OW,23.677778,78.414722
1996-02-01,11.700000000000001,SGR035-OW,23.677778,78.414722
1996-03-01,12.2,SGR035-OW,23.677778,78.414722
1996-04-01,5.4,SGR035-OW,23.677778,78.414722
1996-05-01,4.3,SGR035-OW,23.677778,78.414722
1996-06-01,44.2,SGR035-OW,23.677778,78.414722
1996-07-01,255.6,SGR035-OW,23.677778,78.414722
1996-08-01,689.6,SGR035-OW,23.677778,78.414722
1996-09-01,121.2,SGR035-OW,23.677778,78.414722
1996-10-01,51.800000000000004,SGR035-OW,23.677778,78.414722
1996-11-01,0.7,SGR035-OW,23.677778,78.414722
1996-12-01,0.0,SGR035-OW,23.677778,78.414722
1997-01-01,4.4,SGR035-OW,23.677778,78.414722
1997-02-01,0.0,SGR035-OW,23.677778,78.414722
1997-03-01,0.0,SGR035-OW,23.677778,78.414722
1997-04-01,7.9,SGR035-OW,23.677778,78.414722
1997-05-01,2.4,SGR035-OW,23.677778,78.414722
1997-06-01,63.8,SGR035-OW,23.677778,78.414722
1997-07-01,654.6,SGR035-OW,23.677778,78.414722
1997-08-01,354.5,SGR035-OW,23.677778,78.414722
1997-09-01,76.3,SGR035-OW,23.677778,78.414722
1997-10-01,64.5,SGR035-OW,23.677778,78.414722
1997-11-01,76.5,SGR035-OW,23.677778,78.414722
1997-12-01,101.9,SGR035-OW,23.677778,78.414722
1998-01-01,1.3,SGR035-OW,23.677778,78.414722
1998-02-01,0.4,SGR035-OW,23.677778,78.414722
1998-03-01,12.7,SGR035-OW,23.677778,78.414722
1998-04-01,4.9,SGR035-OW,23.677778,78.414722
1998-05-01,1.0999999999999999,SGR035-OW,23.677778,78.414722
1998-06-01,62.0,SGR035-OW,23.677778,78.414722
1998-07-01,261.5,SGR035-OW,23.677778,78.414722
1998-08-01,231.2,SGR035-OW,23.677778,78.414722
1998-09-01,119.5,SGR035-OW,23.677778,78.414722
1998-10-01,32.5,SGR035-OW,23.677778,78.414722
1998-11-01,65.8,SGR035-OW,23.677778,78.414722
1998-12-01,0.0,SGR035-OW,23.677778,78.414722
1999-01-01,1.6,SGR035-OW,23.677778,78.414722
1999-02-01,83.9,SGR035-OW,23.677778,78.414722
1999-03-01,0.0,SGR035-OW,23.677778,78.414722
1999-04-01,0.0,SGR035-OW,23.677778,78.414722
1999-05-01,5.0,SGR035-OW,23.677778,78.414722
1999-06-01,138.4,SGR035-OW,23.677778,78.414722
1999-07-01,519.7,SGR035-OW,23.677778,78.414722
1999-08-01,288.1,SGR035-OW,23.677778,78.414722
1999-09-01,245.1,SGR035-OW,23.677778,78.414722
1999-10-01,82.8,SGR035-OW,23.677778,78.414722
1999-11-01,0.0,SGR035-OW,23.677778,78.414722
1999-12-01,0.0,SGR035-OW,23.677778,78.414722
2000-01-01,0.0,SGR035-OW,23.677778,78.414722
2000-02-01,0.0,SGR035-OW,23.677778,78.414722
2000-03-01,0.0,SGR035-OW,23.677778,78.414722
2000-04-01,3.8,SGR035-OW,23.677778,78.414722
2000-05-01,54.6,SGR035-OW,23.677778,78.414722
2000-06-01,117.9,SGR035-OW,23.677778,78.414722
2000-07-01,432.1,SGR035-OW,23.677778,78.414722
2000-08-01,155.6,SGR035-OW,23.677778,78.414722
2000-09-01,48.8,SGR035-OW,23.677778,78.414722
2000-10-01,0.2,SGR035-OW,23.677778,78.414722
2000-11-01,0.0,SGR035-OW,23.677778,78.414722
2000-12-01,8.5,SGR035-OW,23.677778,78.414722
2001-01-01,0.1,SGR035-OW,23.677778,78.414722
2001-02-01,1.4,SGR035-OW,23.677778,78.414722
2001-03-01,4.6,SGR035-OW,23.677778,78.414722
2001-04-01,5.9,SGR035-OW,23.677778,78.414722
2001-05-01,23.900000000000002,SGR035-OW,23.677778,78.414722
2001-06-01,197.1,SGR035-OW,23.677778,78.414722
2001-07-01,577.3,SGR035-OW,23.677778,78.414722
2001-08-01,209.1,SGR035-OW,23.677778,78.414722
2001-09-01,8.399999999999999,SGR035-OW,23.677778,78.414722
2001-10-01,38.9,SGR035-OW,23.677778,78.414722
2001-11-01,0.0,SGR035-OW,23.677778,78.414722
2001-12-01,0.0,SGR035-OW,23.677778,78.414722
2002-01-01,1.8,SGR035-OW,23.677778,78.414722
2002-02-01,13.7,SGR035-OW,23.677778,78.414722
2002-03-01,1.6,SGR035-OW,23.677778,78.414722
2002-04-01,4.1,SGR035-OW,23.677778,78.414722
2002-05-01,5.7,SGR035-OW,23.677778,78.414722
2002-06-01,123.4,SGR035-OW,23.677778,78.414722
2002-07-01,63.6,SGR035-OW,23.677778,78.414722
2002-08-01,537.3000000000001,SGR035-OW,23.677778,78.414722
2002-09-01,143.5,SGR035-OW,23.677778,78.414722
2002-10-01,37.9,SGR035-OW,23.677778,78.414722
2002-11-01,27.2,SGR035-OW,23.677778,78.414722
2002-12-01,1.3,SGR035-OW,23.677778,78.414722
2003-01-01,1.0,SGR035-OW,23.677778,78.414722
2003-02-01,61.0,SGR035-OW,23.677778,78.414722
2003-03-01,2.5,SGR035-OW,23.677778,78.414722
2003-04-01,1.7,SGR035-OW,23.677778,78.414722
2003-05-01,0.0,SGR035-OW,23.677778,78.414722
2003-06-01,116.6,SGR035-OW,23.677778,78.414722
2003-07-01,299.6,SGR035-OW,23.677778,78.414722
2003-08-01,309.0,SGR035-OW,23.677778,78.414722
2003-09-01,555.0,SGR035-OW,23.677778,78.414722
2003-10-01,2.0,SGR035-OW,23.677778,78.414722
2003-11-01,0.0,SGR035-OW,23.677778,78.414722
2003-12-01,12.1,SGR035-OW,23.677778,78.414722
2004-01-01,11.2,SGR035-OW,23.677778,78.414722
2004-02-01,0.0,SGR035-OW,23.677778,78.414722
2004-03-01,0.0,SGR035-OW,23.677778,78.414722
2004-04-01,1.9,SGR035-OW,23.677778,78.414722
2004-05-01,8.0,SGR035-OW,23.677778,78.414722
2004-06-01,232.0,SGR035-OW,23.677778,78.414722
2004-07-01,212.3,SGR035-OW,23.677778,78.414722
2004-08-01,481.7,SGR035-OW,23.677778,78.414722
2004-09-01,59.9,SGR035-OW,23.677778,78.414722
2004-10-01,17.2,SGR035-OW,23.677778,78.414722
2004-11-01,1.9,SGR035-OW,23.677778,78.414722
2004-12-01,0.0,SGR035-OW,23.677778,78.414722
2005-01-01,17.3,SGR035-OW,23.677778,78.414722
2005-02-01,1.2000000000000002,SGR035-OW,23.677778,78.414722
2005-03-01,31.3,SGR035-OW,23.677778,78.414722
2005-04-01,0.7000000000000001,SGR035-OW,23.677778,78.414722
2005-05-01,3.3000000000000003,SGR035-OW,23.677778,78.414722
2005-06-01,101.0,SGR035-OW,23.677778,78.414722
2005-07-01,477.1,SGR035-OW,23.677778,78.414722
2005-08-01,120.0,SGR035-OW,23.677778,78.414722
2005-09-01,191.4,SGR035-OW,23.677778,78.414722
2005-10-01,7.4,SGR035-OW,23.677778,78.414722
2005-11-01,0.0,SGR035-OW,23.677778,78.414722
2005-12-01,0.3,SGR035-OW,23.677778,78.414722
2006-01-01,0.0,SGR035-OW,23.677778,78.414722
2006-02-01,0.6,SGR035-OW,23.677778,78.414722
2006-03-01,55.7,SGR035-OW,23.677778,78.414722
2006-04-01,1.4,SGR035-OW,23.677778,78.414722
2006-05-01,12.0,SGR035-OW,23.677778,78.414722
2006-06-01,72.0,SGR035-OW,23.677778,78.414722
2006-07-01,570.3,SGR035-OW,23.677778,78.414722
2006-08-01,334.8,SGR035-OW,23.677778,78.414722
2006-09-01,136.2,SGR035-OW,23.677778,78.414722
2006-10-01,4.6,SGR035-OW,23.677778,78.414722
2006-11-01,10.8,SGR035-OW,23.677778,78.414722
2006-12-01,0.0,SGR035-OW,23.677778,78.414722
2007-01-01,0.0,SGR035-OW,23.677778,78.414722
2007-02-01,18.4,SGR035-OW,23.677778,78.414722
2007-03-01,3.4000000000000004,SGR035-OW,23.677778,78.414722
2007-04-01,7.0,SGR035-OW,23.677778,78.414722
2007-05-01,2.7,SGR035-OW,23.677778,78.414722
2007-06-01,124.5,SGR035-OW,23.677778,78.414722
2007-07-01,207.0,SGR035-OW,23.677778,78.414722
2007-08-01,210.4,SGR035-OW,23.677778,78.414722
2007-09-01,141.3,SGR035-OW,23.677778,78.414722
2007-10-01,0.0,SGR035-OW,23.677778,78.414722
2007-11-01,0.0,SGR035-OW,23.677778,78.414722
2007-12-01,1.7000000000000002,SGR035-OW,23.677778,78.414722
2008-01-01,0.0,SGR035-OW,23.677778,78.414722
2008-02-01,0.0,SGR035-OW,23.677778,78.414722
2008-03-01,5.6,SGR035-OW,23.677778,78.414722
2008-04-01,2.0999999999999996,SGR035-OW,23.677778,78.414722
2008-05-01,3.3,SGR035-OW,23.677778,78.414722
2008-06-01,497.0,SGR035-OW,23.677778,78.414722
2008-07-01,220.8,SGR035-OW,23.677778,78.414722
2008-08-01,210.9,SGR035-OW,23.677778,78.414722
2008-09-01,125.5,SGR035-OW,23.677778,78.414722
2008-10-01,7.9,SGR035-OW,23.677778,78.414722
2008-11-01,0.7,SGR035-OW,23.677778,78.414722
2008-12-01,0.0,SGR035-OW,23.677778,78.414722
2009-01-01,19.6,SGR035-OW,23.677778,78.414722
2009-02-01,0.1,SGR035-OW,23.677778,78.414722
2009-03-01,2.6999999999999997,SGR035-OW,23.677778,78.414722
2009-04-01,3.0,SGR035-OW,23.677778,78.414722
2009-05-01,2.8,SGR035-OW,23.677778,78.414722
2009-06-01,72.6,SGR035-OW,23.677778,78.414722
2009-07-01,278.5,SGR035-OW,23.677778,78.414722
2009-08-01,197.8,SGR035-OW,23.677778,78.414722
2009-09-01,184.3,SGR035-OW,23.677778,78.414722
2009-10-01,111.4,SGR035-OW,23.677778,78.414722
2009-11-01,126.8,SGR035-OW,23.677778,78.414722
2009-12-01,21.7,SGR035-OW,23.677778,78.414722
2010-01-01,1.2,SGR035-OW,23.677778,78.414722
2010-02-01,7.499999999999999,SGR035-OW,23.677778,78.414722
2010-03-01,0.0,SGR035-OW,23.677778,78.414722
2010-04-01,0.1,SGR035-OW,23.677778,78.414722
2010-05-01,0.0,SGR035-OW,23.677778,78.414722
2010-06-01,34.6,SGR035-OW,23.677778,78.414722
2010-07-01,278.2,SGR035-OW,23.677778,78.414722
2010-08-01,311.1,SGR035-OW,23.677778,78.414722
2010-09-01,145.5,SGR035-OW,23.677778,78.414722
2010-10-01,23.1,SGR035-OW,23.677778,78.414722
2010-11-01,29.9,SGR035-OW,23.677778,78.414722
2010-12-01,2.5999999999999996,SGR035-OW,23.677778,78.414722
2011-01-01,0.0,SGR035-OW,23.677778,78.414722
2011-02-01,5.5,SGR035-OW,23.677778,78.414722
2011-03-01,2.1,SGR035-OW,23.677778,78.414722
2011-04-01,6.5,SGR035-OW,23.677778,78.414722
2011-05-01,2.8,SGR035-OW,23.677778,78.414722
2011-06-01,619.4,SGR035-OW,23.677778,78.414722
2011-07-01,501.0,SGR035-OW,23.677778,78.414722
2011-08-01,384.8,SGR035-OW,23.677778,78.414722
2011-09-01,185.0,SGR035-OW,23.677778,78.414722
2011-10-01,0.0,SGR035-OW,23.677778,78.414722
2011-11-01,0.0,SGR035-OW,23.677778,78.414722
2011-12-01,2.9,SGR035-OW,23.677778,78.414722
2012-01-01,28.599999999999998,SGR035-OW,23.677778,78.414722
2012-02-01,0.0,SGR035-OW,23.677778,78.414722
2012-03-01,0.5,SGR035-OW,23.677778,78.414722
2012-04-01,5.4,SGR035-OW,23.677778,78.414722
2012-05-01,10.7,SGR035-OW,23.677778,78.414722
2012-06-01,26.7,SGR035-OW,23.677778,78.414722
2012-07-01,518.6,SGR035-OW,23.677778,78.414722
2012-08-01,406.0,SGR035-OW,23.677778,78.414722
2012-09-01,108.8,SGR035-OW,23.677778,78.414722
2012-10-01,2.5,SGR035-OW,23.677778,78.414722
2012-11-01,0.0,SGR035-OW,23.677778,78.414722
2012-12-01,0.0,SGR035-OW,23.677778,78.414722
2013-01-01,1.1,SGR035-OW,23.677778,78.414722
2013-02-01,75.4,SGR035-OW,23.677778,78.414722
2013-03-01,19.400000000000002,SGR035-OW,23.677778,78.414722
2013-04-01,8.1,SGR035-OW,23.677778,78.414722
2013-05-01,0.0,SGR035-OW,23.677778,78.414722
2013-06-01,309.6,SGR035-OW,23.677778,78.414722
2013-07-01,645.3,SGR035-OW,23.677778,78.414722
2013-08-01,677.2,SGR035-OW,23.677778,78.414722
2013-09-01,59.400000000000006,SGR035-OW,23.677778,78.414722
2013-10-01,46.0,SGR035-OW,23.677778,78.414722
2013-11-01,3.4,SGR035-OW,23.677778,78.414722
2013-12-01,0.1,SGR035-OW,23.677778,78.414722
2014-01-01,37.9,SGR035-OW,23.677778,78.414722
2014-02-01,130.79999999999998,SGR035-OW,23.677778,78.414722
2014-03-01,4.1,SGR035-OW,23.677778,78.414722
2014-04-01,3.2,SGR035-OW,23.677778,78.414722
2014-05-01,0.8,SGR035-OW,23.677778,78.414722
2014-06-01,16.5,SGR035-OW,23.677778,78.414722
2014-07-01,244.0,SGR035-OW,23.677778,78.414722
2014-08-01,352.5,SGR035-OW,23.677778,78.414722
2014-09-01,136.60000000000002,SGR035-OW,23.677778,78.414722
2014-10-01,12.0,SGR035-OW,23.677778,78.414722
2014-11-01,0.0,SGR035-OW,23.677778,78.414722
2014-12-01,27.7,SGR035-OW,23.677778,78.414722
2015-01-01,69.0,SGR035-OW,23.677778,78.414722
2015-02-01,14.5,SGR035-OW,23.677778,78.414722
2015-03-01,79.1,SGR035-OW,23.677778,78.414722
2015-04-01,41.800000000000004,SGR035-OW,23.677778,78.414722
2015-05-01,5.300000000000001,SGR035-OW,23.677778,78.414722
2015-06-01,159.3,SGR035-OW,23.677778,78.414722
2015-07-01,396.5,SGR035-OW,23.677778,78.414722
2015-08-01,259.5,SGR035-OW,23.677778,78.414722
2015-09-01,42.4,SGR035-OW,23.677778,78.414722
2015-10-01,55.800000000000004,SGR035-OW,23.677778,78.414722
2015-11-01,3.2,SGR035-OW,23.677778,78.414722
2015-12-01,0.0,SGR035-OW,23.677778,78.414722
2016-01-01,23.200000000000003,SGR035-OW,23.677778,78.414722
2016-02-01,2.9,SGR035-OW,23.677778,78.414722
2016-03-01,11.6,SGR035-OW,23.677778,78.414722
2016-04-01,1.2000000000000002,SGR035-OW,23.677778,78.414722
2016-05-01,6.0,SGR035-OW,23.677778,78.414722
2016-06-01,113.2,SGR035-OW,23.677778,78.414722
2016-07-01,542.7,SGR035-OW,23.677778,78.414722
2016-08-01,487.3,SGR035-OW,23.677778,78.414722
2016-09-01,91.9,SGR035-OW,23.677778,78.414722
2016-10-01,30.7,SGR035-OW,23.677778,78.414722
2016-11-01,0.0,SGR035-OW,23.677778,78.414722
2016-12-01,0.0,SGR035-OW,23.677778,78.414722
2017-01-01,3.7,SGR035-OW,23.677778,78.414722
2017-02-01,13.6,SGR035-OW,23.677778,78.414722
2017-03-01,2.7,SGR035-OW,23.677778,78.414722
2017-04-01,0.3,SGR035-OW,23.677778,78.414722
2017-05-01,7.3999999999999995,SGR035-OW,23.677778,78.414722
2017-06-01,109.1,SGR035-OW,23.677778,78.414722
2017-07-01,475.2,SGR035-OW,23.677778,78.414722
2017-08-01,213.8,SGR035-OW,23.677778,78.414722
2017-09-01,299.5,SGR035-OW,23.677778,78.414722
2017-10-01,18.799999999999997,SGR035-OW,23.677778,78.414722
2017-11-01,2.3,SGR035-OW,23.677778,78.414722
2017-12-01,1.9000000000000001,SGR035-OW,23.677778,78.414722
2018-01-01,0.0,SGR035-OW,23.677778,78.414722
2018-02-01,25.099999999999998,SGR035-OW,23.677778,78.414722
2018-03-01,3.3,SGR035-OW,23.677778,78.414722
2018-04-01,11.4,SGR035-OW,23.677778,78.414722
2018-05-01,0.7,SGR035-OW,23.677778,78.414722
2018-06-01,120.6,SGR035-OW,23.677778,78.414722
2018-07-01,464.6,SGR035-OW,23.677778,78.414722
2018-08-01,364.9,SGR035-OW,23.677778,78.414722
2018-09-01,178.4,SGR035-OW,23.677778,78.414722
2018-10-01,0.9,SGR035-OW,23.677778,78.414722
2018-11-01,1.0,SGR035-OW,23.677778,78.414722
2018-12-01,0.0,SGR035-OW,23.677778,78.414722
2019-01-01,2.6,SGR035-OW,23.677778,78.414722
2019-02-01,2.3,SGR035-OW,23.677778,78.414722
2019-03-01,1.8,SGR035-OW,23.677778,78.414722
2019-04-01,3.9,SGR035-OW,23.677778,78.414722
2019-05-01,0.0,SGR035-OW,23.677778,78.414722
2019-06-01,60.0,SGR035-OW,23.677778,78.414722
2019-07-01,414.3,SGR035-OW,23.677778,78.414722
2019-08-01,577.6,SGR035-OW,23.677778,78.414722
2019-09-01,434.3,SGR035-OW,23.677778,78.414722
2019-10-01,43.8,SGR035-OW,23.677778,78.414722
2019-11-01,6.4,SGR035-OW,23.677778,78.414722
2019-12-01,37.5,SGR035-OW,23.677778,78.414722
2020-01-01,27.6,SGR035-OW,23.677778,78.414722
2020-02-01,2.8,SGR035-OW,23.677778,78.414722
2020-03-01,14.4,SGR035-OW,23.677778,78.414722
2020-04-01,1.2,SGR035-OW,23.677778,78.414722
2020-05-01,0.0,SGR035-OW,23.677778,78.414722
2020-06-01,333.3,SGR035-OW,23.677778,78.414722
2020-07-01,218.79999999999998,SGR035-OW,23.677778,78.414722
2020-08-01,553.2,SGR035-OW,23.677778,78.414722
2020-09-01,181.4,SGR035-OW,23.677778,78.414722
2020-10-01,7.1000000000000005,SGR035-OW,23.677778,78.414722
2020-11-01,2.1,SGR035-OW,23.677778,78.414722
2020-12-01,41.5,SGR035-OW,23.677778,78.414722
2021-01-01,4.4,SGR035-OW,23.677778,78.414722
2021-02-01,0.8,SGR035-OW,23.677778,78.414722
2021-03-01,2.5000000000000004,SGR035-OW,23.677778,78.414722
2021-04-01,0.8,SGR035-OW,23.677778,78.414722
2021-05-01,26.0,SGR035-OW,23.677778,78.414722
2021-06-01,97.9,SGR035-OW,23.677778,78.414722
2021-07-01,322.1,SGR035-OW,23.677778,78.414722
2021-08-01,502.0,SGR035-OW,23.677778,78.414722
2021-09-01,245.8,SGR035-OW,23.677778,78.414722
2021-10-01,26.7,SGR035-OW,23.677778,78.414722
2021-11-01,0.0,SGR035-OW,23.677778,78.414722
2021-12-01,5.4,SGR035-OW,23.677778,78.414722
2022-01-01,95.9,SGR035-OW,23.677778,78.414722
2022-02-01,0.5,SGR035-OW,23.677778,78.414722
2022-03-01,0.5,SGR035-OW,23.677778,78.414722
2022-04-01,0.0,SGR035-OW,23.677778,78.414722
2022-05-01,6.6,SGR035-OW,23.677778,78.414722
2022-06-01,103.5,SGR035-OW,23.677778,78.414722
2022-07-01,458.2,SGR035-OW,23.677778,78.414722
2022-08-01,647.6,SGR035-OW,23.677778,78.414722
2022-09-01,144.1,SGR035-OW,23.677778,78.414722
2022-10-01,59.2,SGR035-OW,23.677778,78.414722
2022-11-01,0.0,SGR035-OW,23.677778,78.414722
2022-12-01,3.4,SGR035-OW,23.677778,78.414722
2023-01-01,18.4,SGR035-OW,23.677778,78.414722
2023-02-01,0.0,SGR035-OW,23.677778,78.414722
2023-03-01,8.4,SGR035-OW,23.677778,78.414722
2023-04-01,20.6,SGR035-OW,23.677778,78.414722
2023-05-01,25.4,SGR035-OW,23.677778,78.414722
2023-06-01,173.8,SGR035-OW,23.677778,78.414722
2023-07-01,314.4,SGR035-OW,23.677778,78.414722
2023-08-01,238.5,SGR035-OW,23.677778,78.414722
2023-09-01,220.4,SGR035-OW,23.677778,78.414722
2023-10-01,19.599999999999998,SGR035-OW,23.677778,78.414722
2023-11-01,13.8,SGR035-OW,23.677778,78.414722
2023-12-01,8.3,SGR035-OW,23.677778,78.414722
2024-01-01,41.3,SGR035-OW,23.677778,78.414722
2024-02-01,0.9,SGR035-OW,23.677778,78.414722
2024-03-01,5.2,SGR035-OW,23.677778,78.414722
2024-04-01,11.7,SGR035-OW,23.677778,78.414722
2024-05-01,1.3,SGR035-OW,23.677778,78.414722
2024-06-01,107.80000000000001,SGR035-OW,23.677778,78.414722
2024-07-01,463.4,SGR035-OW,23.677778,78.414722
2024-08-01,412.6,SGR035-OW,23.677778,78.414722
2024-09-01,318.0,SGR035-OW,23.677778,78.414722
2024-10-01,35.5,SGR035-OW,23.677778,78.414722
2024-11-01,0.0,SGR035-OW,23.677778,78.414722
2024-12-01,27.8,SGR035-OW,23.677778,78.414722
1976-01-01,13.799999999999999,SAGAR006-PZ,23.629167,78.833889
1976-02-01,0.6000000000000001,SAGAR006-PZ,23.629167,78.833889
1976-03-01,9.100000000000001,SAGAR006-PZ,23.629167,78.833889
1976-04-01,9.5,SAGAR006-PZ,23.629167,78.833889
1976-05-01,2.7,SAGAR006-PZ,23.629167,78.833889
1976-06-01,160.5,SAGAR006-PZ,23.629167,78.833889
1976-07-01,248.8,SAGAR006-PZ,23.629167,78.833889
1976-08-01,370.8,SAGAR006-PZ,23.629167,78.833889
1976-09-01,125.0,SAGAR006-PZ,23.629167,78.833889
1976-10-01,0.2,SAGAR006-PZ,23.629167,78.833889
1976-11-01,31.5,SAGAR006-PZ,23.629167,78.833889
1976-12-01,0.9,SAGAR006-PZ,23.629167,78.833889
1977-01-01,11.7,SAGAR006-PZ,23.629167,78.833889
1977-02-01,7.1,SAGAR006-PZ,23.629167,78.833889
1977-03-01,13.0,SAGAR006-PZ,23.629167,78.833889
1977-04-01,11.1,SAGAR006-PZ,23.629167,78.833889
1977-05-01,23.8,SAGAR006-PZ,23.629167,78.833889
1977-06-01,205.1,SAGAR006-PZ,23.629167,78.833889
1977-07-01,470.9,SAGAR006-PZ,23.629167,78.833889
1977-08-01,292.6,SAGAR006-PZ,23.629167,78.833889
1977-09-01,176.9,SAGAR006-PZ,23.629167,78.833889
1977-10-01,29.0,SAGAR006-PZ,23.629167,78.833889
1977-11-01,34.6,SAGAR006-PZ,23.629167,78.833889
1977-12-01,0.2,SAGAR006-PZ,23.629167,78.833889
1978-01-01,18.6,SAGAR006-PZ,23.629167,78.833889
1978-02-01,111.0,SAGAR006-PZ,23.629167,78.833889
1978-03-01,20.3,SAGAR006-PZ,23.629167,78.833889
1978-04-01,7.3,SAGAR006-PZ,23.629167,78.833889
1978-05-01,0.0,SAGAR006-PZ,23.629167,78.833889
1978-06-01,205.3,SAGAR006-PZ,23.629167,78.833889
1978-07-01,237.8,SAGAR006-PZ,23.629167,78.833889
1978-08-01,311.9,SAGAR006-PZ,23.629167,78.833889
1978-09-01,130.1,SAGAR006-PZ,23.629167,78.833889
1978-10-01,0.0,SAGAR006-PZ,23.629167,78.833889
1978-11-01,35.2,SAGAR006-PZ,23.629167,78.833889
1978-12-01,21.7,SAGAR006-PZ,23.629167,78.833889
1979-01-01,52.8,SAGAR006-PZ,23.629167,78.833889
1979-02-01,67.0,SAGAR006-PZ,23.629167,78.833889
1979-03-01,3.0,SAGAR006-PZ,23.629167,78.833889
1979-04-01,0.0,SAGAR006-PZ,23.629167,78.833889
1979-05-01,19.6,SAGAR006-PZ,23.629167,78.833889
1979-06-01,116.7,SAGAR006-PZ,23.629167,78.833889
1979-07-01,287.4,SAGAR006-PZ,23.629167,78.833889
1979-08-01,123.4,SAGAR006-PZ,23.629167,78.833889
1979-09-01,19.4,SAGAR006-PZ,23.629167,78.833889
1979-10-01,2.2,SAGAR006-PZ,23.629167,78.833889
1979-11-01,93.10000000000001,SAGAR006-PZ,23.629167,78.833889
1979-12-01,0.1,SAGAR006-PZ,23.629167,78.833889
1980-01-01,0.1,SAGAR006-PZ,23.629167,78.833889
1980-02-01,2.0,SAGAR006-PZ,23.629167,78.833889
1980-03-01,0.7,SAGAR006-PZ,23.629167,78.833889
1980-04-01,1.3,SAGAR006-PZ,23.629167,78.833889
1980-05-01,1.9,SAGAR006-PZ,23.629167,78.833889
1980-06-01,624.5,SAGAR006-PZ,23.629167,78.833889
1980-07-01,309.8,SAGAR006-PZ,23.629167,78.833889
1980-08-01,335.7,SAGAR006-PZ,23.629167,78.833889
1980-09-01,43.2,SAGAR006-PZ,23.629167,78.833889
1980-10-01,0.30000000000000004,SAGAR006-PZ,23.629167,78.833889
1980-11-01,0.0,SAGAR006-PZ,23.629167,78.833889
1980-12-01,43.199999999999996,SAGAR006-PZ,23.629167,78.833889
1981-01-01,4.8,SAGAR006-PZ,23.629167,78.833889
1981-02-01,1.1,SAGAR006-PZ,23.629167,78.833889
1981-03-01,31.6,SAGAR006-PZ,23.629167,78.833889
1981-04-01,1.5,SAGAR006-PZ,23.629167,78.833889
1981-05-01,8.8,SAGAR006-PZ,23.629167,78.833889
1981-06-01,142.3,SAGAR006-PZ,23.629167,78.833889
1981-07-01,250.6,SAGAR006-PZ,23.629167,78.833889
1981-08-01,208.5,SAGAR006-PZ,23.629167,78.833889
1981-09-01,164.7,SAGAR006-PZ,23.629167,78.833889
1981-10-01,2.0,SAGAR006-PZ,23.629167,78.833889
1981-11-01,8.6,SAGAR006-PZ,23.629167,78.833889
1981-12-01,13.1,SAGAR006-PZ,23.629167,78.833889
1982-01-01,97.89999999999999,SAGAR006-PZ,23.629167,78.833889
1982-02-01,7.7,SAGAR006-PZ,23.629167,78.833889
1982-03-01,3.1,SAGAR006-PZ,23.629167,78.833889
1982-04-01,0.6,SAGAR006-PZ,23.629167,78.833889
1982-05-01,8.2,SAGAR006-PZ,23.629167,78.833889
1982-06-01,32.8,SAGAR006-PZ,23.629167,78.833889
1982-07-01,315.3,SAGAR006-PZ,23.629167,78.833889
1982-08-01,380.0,SAGAR006-PZ,23.629167,78.833889
1982-09-01,167.29999999999998,SAGAR006-PZ,23.629167,78.833889
1982-10-01,22.3,SAGAR006-PZ,23.629167,78.833889
1982-11-01,38.7,SAGAR006-PZ,23.629167,78.833889
1982-12-01,0.0,SAGAR006-PZ,23.629167,78.833889
1983-01-01,21.8,SAGAR006-PZ,23.629167,78.833889
1983-02-01,0.2,SAGAR006-PZ,23.629167,78.833889
1983-03-01,0.1,SAGAR006-PZ,23.629167,78.833889
1983-04-01,11.399999999999999,SAGAR006-PZ,23.629167,78.833889
1983-05-01,11.9,SAGAR006-PZ,23.629167,78.833889
1983-06-01,159.9,SAGAR006-PZ,23.629167,78.833889
1983-07-01,212.7,SAGAR006-PZ,23.629167,78.833889
1983-08-01,319.4,SAGAR006-PZ,23.629167,78.833889
1983-09-01,144.0,SAGAR006-PZ,23.629167,78.833889
1983-10-01,55.5,SAGAR006-PZ,23.629167,78.833889
1983-11-01,0.0,SAGAR006-PZ,23.629167,78.833889
1983-12-01,1.8,SAGAR006-PZ,23.629167,78.833889
1984-01-01,38.1,SAGAR006-PZ,23.629167,78.833889
1984-02-01,46.5,SAGAR006-PZ,23.629167,78.833889
1984-03-01,0.9,SAGAR006-PZ,23.629167,78.833889
1984-04-01,0.6,SAGAR006-PZ,23.629167,78.833889
1984-05-01,0.2,SAGAR006-PZ,23.629167,78.833889
1984-06-01,79.5,SAGAR006-PZ,23.629167,78.833889
1984-07-01,213.2,SAGAR006-PZ,23.629167,78.833889
1984-08-01,469.1,SAGAR006-PZ,23.629167,78.833889
1984-09-01,57.900000000000006,SAGAR006-PZ,23.629167,78.833889
1984-10-01,0.0,SAGAR006-PZ,23.629167,78.833889
1984-11-01,0.0,SAGAR006-PZ,23.629167,78.833889
1984-12-01,7.6,SAGAR006-PZ,23.629167,78.833889
1985-01-01,29.7,SAGAR006-PZ,23.629167,78.833889
1985-02-01,0.0,SAGAR006-PZ,23.629167,78.833889
1985-03-01,2.1,SAGAR006-PZ,23.629167,78.833889
1985-04-01,4.6,SAGAR006-PZ,23.629167,78.833889
1985-05-01,3.6,SAGAR006-PZ,23.629167,78.833889
1985-06-01,38.9,SAGAR006-PZ,23.629167,78.833889
1985-07-01,328.9,SAGAR006-PZ,23.629167,78.833889
1985-08-01,314.09999999999997,SAGAR006-PZ,23.629167,78.833889
1985-09-01,149.79999999999998,SAGAR006-PZ,23.629167,78.833889
1985-10-01,116.5,SAGAR006-PZ,23.629167,78.833889
1985-11-01,0.0,SAGAR006-PZ,23.629167,78.833889
1985-12-01,0.0,SAGAR006-PZ,23.629167,78.833889
1986-01-01,6.6,SAGAR006-PZ,23.629167,78.833889
1986-02-01,96.39999999999999,SAGAR006-PZ,23.629167,78.833889
1986-03-01,7.5,SAGAR006-PZ,23.629167,78.833889
1986-04-01,0.4,SAGAR006-PZ,23.629167,78.833889
1986-05-01,12.4,SAGAR006-PZ,23.629167,78.833889
1986-06-01,152.1,SAGAR006-PZ,23.629167,78.833889
1986-07-01,581.7,SAGAR006-PZ,23.629167,78.833889
1986-08-01,200.0,SAGAR006-PZ,23.629167,78.833889
1986-09-01,77.7,SAGAR006-PZ,23.629167,78.833889
1986-10-01,2.5999999999999996,SAGAR006-PZ,23.629167,78.833889
1986-11-01,0.0,SAGAR006-PZ,23.629167,78.833889
1986-12-01,19.9,SAGAR006-PZ,23.629167,78.833889
1987-01-01,31.9,SAGAR006-PZ,23.629167,78.833889
1987-02-01,27.5,SAGAR006-PZ,23.629167,78.833889
1987-03-01,7.0,SAGAR006-PZ,23.629167,78.833889
1987-04-01,0.2,SAGAR006-PZ,23.629167,78.833889
1987-05-01,11.9,SAGAR006-PZ,23.629167,78.833889
1987-06-01,41.6,SAGAR006-PZ,23.629167,78.833889
1987-07-01,150.7,SAGAR006-PZ,23.629167,78.833889
1987-08-01,296.0,SAGAR006-PZ,23.629167,78.833889
1987-09-01,134.79999999999998,SAGAR006-PZ,23.629167,78.833889
1987-10-01,55.6,SAGAR006-PZ,23.629167,78.833889
1987-11-01,2.7,SAGAR006-PZ,23.629167,78.833889
1987-12-01,11.899999999999999,SAGAR006-PZ,23.629167,78.833889
1988-01-01,14.9,SAGAR006-PZ,23.629167,78.833889
1988-02-01,11.0,SAGAR006-PZ,23.629167,78.833889
1988-03-01,0.2,SAGAR006-PZ,23.629167,78.833889
1988-04-01,8.0,SAGAR006-PZ,23.629167,78.833889
1988-05-01,3.4,SAGAR006-PZ,23.629167,78.833889
1988-06-01,236.6,SAGAR006-PZ,23.629167,78.833889
1988-07-01,483.6,SAGAR006-PZ,23.629167,78.833889
1988-08-01,221.5,SAGAR006-PZ,23.629167,78.833889
1988-09-01,77.3,SAGAR006-PZ,23.629167,78.833889
1988-10-01,24.7,SAGAR006-PZ,23.629167,78.833889
1988-11-01,1.1,SAGAR006-PZ,23.629167,78.833889
1988-12-01,0.0,SAGAR006-PZ,23.629167,78.833889
1989-01-01,0.0,SAGAR006-PZ,23.629167,78.833889
1989-02-01,0.0,SAGAR006-PZ,23.629167,78.833889
1989-03-01,28.400000000000002,SAGAR006-PZ,23.629167,78.833889
1989-04-01,1.0,SAGAR006-PZ,23.629167,78.833889
1989-05-01,2.9,SAGAR006-PZ,23.629167,78.833889
1989-06-01,123.1,SAGAR006-PZ,23.629167,78.833889
1989-07-01,188.6,SAGAR006-PZ,23.629167,78.833889
1989-08-01,264.3,SAGAR006-PZ,23.629167,78.833889
1989-09-01,61.199999999999996,SAGAR006-PZ,23.629167,78.833889
1989-10-01,0.0,SAGAR006-PZ,23.629167,78.833889
1989-11-01,6.3,SAGAR006-PZ,23.629167,78.833889
1989-12-01,24.3,SAGAR006-PZ,23.629167,78.833889
1990-01-01,0.2,SAGAR006-PZ,23.629167,78.833889
1990-02-01,27.2,SAGAR006-PZ,23.629167,78.833889
1990-03-01,2.5,SAGAR006-PZ,23.629167,78.833889
1990-04-01,2.8000000000000003,SAGAR006-PZ,23.629167,78.833889
1990-05-01,33.9,SAGAR006-PZ,23.629167,78.833889
1990-06-01,364.0,SAGAR006-PZ,23.629167,78.833889
1990-07-01,274.3,SAGAR006-PZ,23.629167,78.833889
1990-08-01,219.2,SAGAR006-PZ,23.629167,78.833889
1990-09-01,314.7,SAGAR006-PZ,23.629167,78.833889
1990-10-01,18.3,SAGAR006-PZ,23.629167,78.833889
1990-11-01,1.2,SAGAR006-PZ,23.629167,78.833889
1990-12-01,34.5,SAGAR006-PZ,23.629167,78.833889
1991-01-01,0.8999999999999999,SAGAR006-PZ,23.629167,78.833889
1991-02-01,8.6,SAGAR006-PZ,23.629167,78.833889
1991-03-01,7.2,SAGAR006-PZ,23.629167,78.833889
1991-04-01,2.7,SAGAR006-PZ,23.629167,78.833889
1991-05-01,0.0,SAGAR006-PZ,23.629167,78.833889
1991-06-01,40.1,SAGAR006-PZ,23.629167,78.833889
1991-07-01,531.0,SAGAR006-PZ,23.629167,78.833889
1991-08-01,699.0,SAGAR006-PZ,23.629167,78.833889
1991-09-01,19.1,SAGAR006-PZ,23.629167,78.833889
1991-10-01,0.0,SAGAR006-PZ,23.629167,78.833889
1991-11-01,6.2,SAGAR006-PZ,23.629167,78.833889
1991-12-01,0.4,SAGAR006-PZ,23.629167,78.833889
1992-01-01,2.5999999999999996,SAGAR006-PZ,23.629167,78.833889
1992-02-01,0.0,SAGAR006-PZ,23.629167,78.833889
1992-03-01,1.7999999999999998,SAGAR006-PZ,23.629167,78.833889
1992-04-01,3.4,SAGAR006-PZ,23.629167,78.833889
1992-05-01,5.8,SAGAR006-PZ,23.629167,78.833889
1992-06-01,35.3,SAGAR006-PZ,23.629167,78.833889
1992-07-01,261.5,SAGAR006-PZ,23.629167,78.833889
1992-08-01,362.2,SAGAR006-PZ,23.629167,78.833889
1992-09-01,87.39999999999999,SAGAR006-PZ,23.629167,78.833889
1992-10-01,24.1,SAGAR006-PZ,23.629167,78.833889
1992-11-01,0.6000000000000001,SAGAR006-PZ,23.629167,78.833889
1992-12-01,0.0,SAGAR006-PZ,23.629167,78.833889
1993-01-01,0.0,SAGAR006-PZ,23.629167,78.833889
1993-02-01,33.6,SAGAR006-PZ,23.629167,78.833889
1993-03-01,3.9,SAGAR006-PZ,23.629167,78.833889
1993-04-01,5.9,SAGAR006-PZ,23.629167,78.833889
1993-05-01,12.5,SAGAR006-PZ,23.629167,78.833889
1993-06-01,169.7,SAGAR006-PZ,23.629167,78.833889
1993-07-01,234.29999999999998,SAGAR006-PZ,23.629167,78.833889
1993-08-01,212.6,SAGAR006-PZ,23.629167,78.833889
1993-09-01,266.7,SAGAR006-PZ,23.629167,78.833889
1993-10-01,2.4000000000000004,SAGAR006-PZ,23.629167,78.833889
1993-11-01,0.2,SAGAR006-PZ,23.629167,78.833889
1993-12-01,0.0,SAGAR006-PZ,23.629167,78.833889
1994-01-01,30.9,SAGAR006-PZ,23.629167,78.833889
1994-02-01,28.8,SAGAR006-PZ,23.629167,78.833889
1994-03-01,0.1,SAGAR006-PZ,23.629167,78.833889
1994-04-01,20.4,SAGAR006-PZ,23.629167,78.833889
1994-05-01,1.8,SAGAR006-PZ,23.629167,78.833889
1994-06-01,142.1,SAGAR006-PZ,23.629167,78.833889
1994-07-01,403.7,SAGAR006-PZ,23.629167,78.833889
1994-08-01,237.70000000000002,SAGAR006-PZ,23.629167,78.833889
1994-09-01,114.3,SAGAR006-PZ,23.629167,78.833889
1994-10-01,15.700000000000001,SAGAR006-PZ,23.629167,78.833889
1994-11-01,0.0,SAGAR006-PZ,23.629167,78.833889
1994-12-01,0.0,SAGAR006-PZ,23.629167,78.833889
1995-01-01,44.9,SAGAR006-PZ,23.629167,78.833889
1995-02-01,7.1,SAGAR006-PZ,23.629167,78.833889
1995-03-01,38.599999999999994,SAGAR006-PZ,23.629167,78.833889
1995-04-01,5.1000000000000005,SAGAR006-PZ,23.629167,78.833889
1995-05-01,0.0,SAGAR006-PZ,23.629167,78.833889
1995-06-01,23.2,SAGAR006-PZ,23.629167,78.833889
1995-07-01,301.2,SAGAR006-PZ,23.629167,78.833889
1995-08-01,294.8,SAGAR006-PZ,23.629167,78.833889
1995-09-01,125.9,SAGAR006-PZ,23.629167,78.833889
1995-10-01,11.5,SAGAR006-PZ,23.629167,78.833889
1995-11-01,0.0,SAGAR006-PZ,23.629167,78.833889
1995-12-01,31.0,SAGAR006-PZ,23.629167,78.833889
1996-01-01,32.3,SAGAR006-PZ,23.629167,78.833889
1996-02-01,15.600000000000001,SAGAR006-PZ,23.629167,78.833889
1996-03-01,11.5,SAGAR006-PZ,23.629167,78.833889
1996-04-01,7.1000000000000005,SAGAR006-PZ,23.629167,78.833889
1996-05-01,6.6,SAGAR006-PZ,23.629167,78.833889
1996-06-01,30.9,SAGAR006-PZ,23.629167,78.833889
1996-07-01,289.1,SAGAR006-PZ,23.629167,78.833889
1996-08-01,606.1,SAGAR006-PZ,23.629167,78.833889
1996-09-01,118.5,SAGAR006-PZ,23.629167,78.833889
1996-10-01,58.0,SAGAR006-PZ,23.629167,78.833889
1996-11-01,0.5,SAGAR006-PZ,23.629167,78.833889
1996-12-01,0.0,SAGAR006-PZ,23.629167,78.833889
1997-01-01,3.9,SAGAR006-PZ,23.629167,78.833889
1997-02-01,0.0,SAGAR006-PZ,23.629167,78.833889
1997-03-01,0.0,SAGAR006-PZ,23.629167,78.833889
1997-04-01,9.0,SAGAR006-PZ,23.629167,78.833889
1997-05-01,6.6,SAGAR006-PZ,23.629167,78.833889
1997-06-01,69.8,SAGAR006-PZ,23.629167,78.833889
1997-07-01,644.5,SAGAR006-PZ,23.629167,78.833889
1997-08-01,357.6,SAGAR006-PZ,23.629167,78.833889
1997-09-01,94.1,SAGAR006-PZ,23.629167,78.833889
1997-10-01,91.1,SAGAR006-PZ,23.629167,78.833889
1997-11-01,81.3,SAGAR006-PZ,23.629167,78.833889
1997-12-01,97.3,SAGAR006-PZ,23.629167,78.833889
1998-01-01,1.2,SAGAR006-PZ,23.629167,78.833889
1998-02-01,0.7,SAGAR006-PZ,23.629167,78.833889
1998-03-01,18.8,SAGAR006-PZ,23.629167,78.833889
1998-04-01,8.1,SAGAR006-PZ,23.629167,78.833889
1998-05-01,0.8,SAGAR006-PZ,23.629167,78.833889
1998-06-01,65.7,SAGAR006-PZ,23.629167,78.833889
1998-07-01,255.3,SAGAR006-PZ,23.629167,78.833889
1998-08-01,266.8,SAGAR006-PZ,23.629167,78.833889
1998-09-01,110.0,SAGAR006-PZ,23.629167,78.833889
1998-10-01,39.099999999999994,SAGAR006-PZ,23.629167,78.833889
1998-11-01,53.2,SAGAR006-PZ,23.629167,78.833889
1998-12-01,0.0,SAGAR006-PZ,23.629167,78.833889
1999-01-01,2.5,SAGAR006-PZ,23.629167,78.833889
1999-02-01,90.39999999999999,SAGAR006-PZ,23.629167,78.833889
1999-03-01,0.0,SAGAR006-PZ,23.629167,78.833889
1999-04-01,0.1,SAGAR006-PZ,23.629167,78.833889
1999-05-01,8.3,SAGAR006-PZ,23.629167,78.833889
1999-06-01,111.9,SAGAR006-PZ,23.629167,78.833889
1999-07-01,395.7,SAGAR006-PZ,23.629167,78.833889
1999-08-01,265.1,SAGAR006-PZ,23.629167,78.833889
1999-09-01,278.2,SAGAR006-PZ,23.629167,78.833889
1999-10-01,97.6,SAGAR006-PZ,23.629167,78.833889
1999-11-01,0.0,SAGAR006-PZ,23.629167,78.833889
1999-12-01,0.0,SAGAR006-PZ,23.629167,78.833889
2000-01-01,0.2,SAGAR006-PZ,23.629167,78.833889
2000-02-01,0.0,SAGAR006-PZ,23.629167,78.833889
2000-03-01,0.0,SAGAR006-PZ,23.629167,78.833889
2000-04-01,4.5,SAGAR006-PZ,23.629167,78.833889
2000-05-01,52.5,SAGAR006-PZ,23.629167,78.833889
2000-06-01,159.0,SAGAR006-PZ,23.629167,78.833889
2000-07-01,480.4,SAGAR006-PZ,23.629167,78.833889
2000-08-01,147.1,SAGAR006-PZ,23.629167,78.833889
2000-09-01,44.2,SAGAR006-PZ,23.629167,78.833889
2000-10-01,0.2,SAGAR006-PZ,23.629167,78.833889
2000-11-01,0.0,SAGAR006-PZ,23.629167,78.833889
2000-12-01,9.299999999999999,SAGAR006-PZ,23.629167,78.833889
2001-01-01,0.7999999999999999,SAGAR006-PZ,23.629167,78.833889
2001-02-01,3.0,SAGAR006-PZ,23.629167,78.833889
2001-03-01,4.5,SAGAR006-PZ,23.629167,78.833889
2001-04-01,8.6,SAGAR006-PZ,23.629167,78.833889
2001-05-01,28.4,SAGAR006-PZ,23.629167,78.833889
2001-06-01,208.2,SAGAR006-PZ,23.629167,78.833889
2001-07-01,553.1,SAGAR006-PZ,23.629167,78.833889
2001-08-01,214.3,SAGAR006-PZ,23.629167,78.833889
2001-09-01,12.3,SAGAR006-PZ,23.629167,78.833889
2001-10-01,63.6,SAGAR006-PZ,23.629167,78.833889
2001-11-01,0.0,SAGAR006-PZ,23.629167,78.833889
2001-12-01,0.0,SAGAR006-PZ,23.629167,78.833889
2002-01-01,3.1,SAGAR006-PZ,23.629167,78.833889
2002-02-01,14.6,SAGAR006-PZ,23.629167,78.833889
2002-03-01,1.9,SAGAR006-PZ,23.629167,78.833889
2002-04-01,4.8,SAGAR006-PZ,23.629167,78.833889
2002-05-01,12.0,SAGAR006-PZ,23.629167,78.833889
2002-06-01,131.2,SAGAR006-PZ,23.629167,78.833889
2002-07-01,66.6,SAGAR006-PZ,23.629167,78.833889
2002-08-01,454.3,SAGAR006-PZ,23.629167,78.833889
2002-09-01,155.79999999999998,SAGAR006-PZ,23.629167,78.833889
2002-10-01,29.7,SAGAR006-PZ,23.629167,78.833889
2002-11-01,19.0,SAGAR006-PZ,23.629167,78.833889
2002-12-01,2.9,SAGAR006-PZ,23.629167,78.833889
2003-01-01,1.0,SAGAR006-PZ,23.629167,78.833889
2003-02-01,68.4,SAGAR006-PZ,23.629167,78.833889
2003-03-01,4.199999999999999,SAGAR006-PZ,23.629167,78.833889
2003-04-01,2.5,SAGAR006-PZ,23.629167,78.833889
2003-05-01,0.6,SAGAR006-PZ,23.629167,78.833889
2003-06-01,120.5,SAGAR006-PZ,23.629167,78.833889
2003-07-01,304.6,SAGAR006-PZ,23.629167,78.833889
2003-08-01,278.2,SAGAR006-PZ,23.629167,78.833889
2003-09-01,449.3,SAGAR006-PZ,23.629167,78.833889
2003-10-01,2.6,SAGAR006-PZ,23.629167,78.833889
2003-11-01,0.0,SAGAR006-PZ,23.629167,78.833889
2003-12-01,10.4,SAGAR006-PZ,23.629167,78.833889
2004-01-01,15.6,SAGAR006-PZ,23.629167,78.833889
2004-02-01,0.0,SAGAR006-PZ,23.629167,78.833889
2004-03-01,0.0,SAGAR006-PZ,23.629167,78.833889
2004-04-01,3.9000000000000004,SAGAR006-PZ,23.629167,78.833889
2004-05-01,9.299999999999999,SAGAR006-PZ,23.629167,78.833889
2004-06-01,231.4,SAGAR006-PZ,23.629167,78.833889
2004-07-01,213.6,SAGAR006-PZ,23.629167,78.833889
2004-08-01,372.5,SAGAR006-PZ,23.629167,78.833889
2004-09-01,70.9,SAGAR006-PZ,23.629167,78.833889
2004-10-01,18.5,SAGAR006-PZ,23.629167,78.833889
2004-11-01,1.7999999999999998,SAGAR006-PZ,23.629167,78.833889
2004-12-01,0.0,SAGAR006-PZ,23.629167,78.833889
2005-01-01,19.3,SAGAR006-PZ,23.629167,78.833889
2005-02-01,1.1,SAGAR006-PZ,23.629167,78.833889
2005-03-01,31.599999999999998,SAGAR006-PZ,23.629167,78.833889
2005-04-01,4.1000000000000005,SAGAR006-PZ,23.629167,78.833889
2005-05-01,3.3,SAGAR006-PZ,23.629167,78.833889
2005-06-01,137.4,SAGAR006-PZ,23.629167,78.833889
2005-07-01,457.6,SAGAR006-PZ,23.629167,78.833889
2005-08-01,125.5,SAGAR006-PZ,23.629167,78.833889
2005-09-01,168.8,SAGAR006-PZ,23.629167,78.833889
2005-10-01,8.1,SAGAR006-PZ,23.629167,78.833889
2005-11-01,0.0,SAGAR006-PZ,23.629167,78.833889
2005-12-01,1.4,SAGAR006-PZ,23.629167,78.833889
2006-01-01,0.0,SAGAR006-PZ,23.629167,78.833889
2006-02-01,1.1,SAGAR006-PZ,23.629167,78.833889
2006-03-01,55.9,SAGAR006-PZ,23.629167,78.833889
2006-04-01,1.7999999999999998,SAGAR006-PZ,23.629167,78.833889
2006-05-01,12.9,SAGAR006-PZ,23.629167,78.833889
2006-06-01,62.3,SAGAR006-PZ,23.629167,78.833889
2006-07-01,567.3,SAGAR006-PZ,23.629167,78.833889
2006-08-01,295.7,SAGAR006-PZ,23.629167,78.833889
2006-09-01,120.69999999999999,SAGAR006-PZ,23.629167,78.833889
2006-10-01,6.3,SAGAR006-PZ,23.629167,78.833889
2006-11-01,12.0,SAGAR006-PZ,23.629167,78.833889
2006-12-01,0.0,SAGAR006-PZ,23.629167,78.833889
2007-01-01,0.0,SAGAR006-PZ,23.629167,78.833889
2007-02-01,15.8,SAGAR006-PZ,23.629167,78.833889
2007-03-01,4.699999999999999,SAGAR006-PZ,23.629167,78.833889
2007-04-01,7.4,SAGAR006-PZ,23.629167,78.833889
2007-05-01,6.1,SAGAR006-PZ,23.629167,78.833889
2007-06-01,126.4,SAGAR006-PZ,23.629167,78.833889
2007-07-01,217.8,SAGAR006-PZ,23.629167,78.833889
2007-08-01,229.4,SAGAR006-PZ,23.629167,78.833889
2007-09-01,161.8,SAGAR006-PZ,23.629167,78.833889
2007-10-01,0.0,SAGAR006-PZ,23.629167,78.833889
2007-11-01,0.0,SAGAR006-PZ,23.629167,78.833889
2007-12-01,7.9,SAGAR006-PZ,23.629167,78.833889
2008-01-01,0.0,SAGAR006-PZ,23.629167,78.833889
2008-02-01,0.2,SAGAR006-PZ,23.629167,78.833889
2008-03-01,5.3,SAGAR006-PZ,23.629167,78.833889
2008-04-01,4.3999999999999995,SAGAR006-PZ,23.629167,78.833889
2008-05-01,4.0,SAGAR006-PZ,23.629167,78.833889
2008-06-01,481.5,SAGAR006-PZ,23.629167,78.833889
2008-07-01,227.0,SAGAR006-PZ,23.629167,78.833889
2008-08-01,203.5,SAGAR006-PZ,23.629167,78.833889
2008-09-01,130.2,SAGAR006-PZ,23.629167,78.833889
2008-10-01,11.8,SAGAR006-PZ,23.629167,78.833889
2008-11-01,0.4,SAGAR006-PZ,23.629167,78.833889
2008-12-01,0.0,SAGAR006-PZ,23.629167,78.833889
2009-01-01,19.0,SAGAR006-PZ,23.629167,78.833889
2009-02-01,0.0,SAGAR006-PZ,23.629167,78.833889
2009-03-01,4.6,SAGAR006-PZ,23.629167,78.833889
2009-04-01,3.0999999999999996,SAGAR006-PZ,23.629167,78.833889
2009-05-01,3.9,SAGAR006-PZ,23.629167,78.833889
2009-06-01,73.5,SAGAR006-PZ,23.629167,78.833889
2009-07-01,274.5,SAGAR006-PZ,23.629167,78.833889
2009-08-01,191.5,SAGAR006-PZ,23.629167,78.833889
2009-09-01,175.8,SAGAR006-PZ,23.629167,78.833889
2009-10-01,90.10000000000001,SAGAR006-PZ,23.629167,78.833889
2009-11-01,123.1,SAGAR006-PZ,23.629167,78.833889
2009-12-01,20.2,SAGAR006-PZ,23.629167,78.833889
2010-01-01,0.5,SAGAR006-PZ,23.629167,78.833889
2010-02-01,8.5,SAGAR006-PZ,23.629167,78.833889
2010-03-01,0.1,SAGAR006-PZ,23.629167,78.833889
2010-04-01,0.5,SAGAR006-PZ,23.629167,78.833889
2010-05-01,0.39999999999999997,SAGAR006-PZ,23.629167,78.833889
2010-06-01,42.9,SAGAR006-PZ,23.629167,78.833889
2010-07-01,279.2,SAGAR006-PZ,23.629167,78.833889
2010-08-01,305.1,SAGAR006-PZ,23.629167,78.833889
2010-09-01,152.0,SAGAR006-PZ,23.629167,78.833889
2010-10-01,22.299999999999997,SAGAR006-PZ,23.629167,78.833889
2010-11-01,35.5,SAGAR006-PZ,23.629167,78.833889
2010-12-01,2.7,SAGAR006-PZ,23.629167,78.833889
2011-01-01,0.0,SAGAR006-PZ,23.629167,78.833889
2011-02-01,9.600000000000001,SAGAR006-PZ,23.629167,78.833889
2011-03-01,5.1,SAGAR006-PZ,23.629167,78.833889
2011-04-01,5.8,SAGAR006-PZ,23.629167,78.833889
2011-05-01,4.4,SAGAR006-PZ,23.629167,78.833889
2011-06-01,684.2,SAGAR006-PZ,23.629167,78.833889
2011-07-01,446.0,SAGAR006-PZ,23.629167,78.833889
2011-08-01,379.59999999999997,SAGAR006-PZ,23.629167,78.833889
2011-09-01,192.1,SAGAR006-PZ,23.629167,78.833889
2011-10-01,0.1,SAGAR006-PZ,23.629167,78.833889
2011-11-01,0.0,SAGAR006-PZ,23.629167,78.833889
2011-12-01,4.5,SAGAR006-PZ,23.629167,78.833889
2012-01-01,32.6,SAGAR006-PZ,23.629167,78.833889
2012-02-01,0.0,SAGAR006-PZ,23.629167,78.833889
2012-03-01,0.7,SAGAR006-PZ,23.629167,78.833889
2012-04-01,5.1,SAGAR006-PZ,23.629167,78.833889
2012-05-01,12.5,SAGAR006-PZ,23.629167,78.833889
2012-06-01,34.199999999999996,SAGAR006-PZ,23.629167,78.833889
2012-07-01,502.6,SAGAR006-PZ,23.629167,78.833889
2012-08-01,399.6,SAGAR006-PZ,23.629167,78.833889
2012-09-01,109.39999999999999,SAGAR006-PZ,23.629167,78.833889
2012-10-01,3.4,SAGAR006-PZ,23.629167,78.833889
2012-11-01,0.0,SAGAR006-PZ,23.629167,78.833889
2012-12-01,0.0,SAGAR006-PZ,23.629167,78.833889
2013-01-01,1.5,SAGAR006-PZ,23.629167,78.833889
2013-02-01,82.8,SAGAR006-PZ,23.629167,78.833889
2013-03-01,18.2,SAGAR006-PZ,23.629167,78.833889
2013-04-01,9.6,SAGAR006-PZ,23.629167,78.833889
2013-05-01,0.0,SAGAR006-PZ,23.629167,78.833889
2013-06-01,310.8,SAGAR006-PZ,23.629167,78.833889
2013-07-01,520.7,SAGAR006-PZ,23.629167,78.833889
2013-08-01,601.3,SAGAR006-PZ,23.629167,78.833889
2013-09-01,59.7,SAGAR006-PZ,23.629167,78.833889
2013-10-01,53.9,SAGAR006-PZ,23.629167,78.833889
2013-11-01,4.8,SAGAR006-PZ,23.629167,78.833889
2013-12-01,0.0,SAGAR006-PZ,23.629167,78.833889
2014-01-01,40.699999999999996,SAGAR006-PZ,23.629167,78.833889
2014-02-01,150.0,SAGAR006-PZ,23.629167,78.833889
2014-03-01,6.1,SAGAR006-PZ,23.629167,78.833889
2014-04-01,4.8,SAGAR006-PZ,23.629167,78.833889
2014-05-01,3.3,SAGAR006-PZ,23.629167,78.833889
2014-06-01,24.999999999999996,SAGAR006-PZ,23.629167,78.833889
2014-07-01,229.2,SAGAR006-PZ,23.629167,78.833889
2014-08-01,344.8,SAGAR006-PZ,23.629167,78.833889
2014-09-01,131.6,SAGAR006-PZ,23.629167,78.833889
2014-10-01,14.799999999999999,SAGAR006-PZ,23.629167,78.833889
2014-11-01,0.0,SAGAR006-PZ,23.629167,78.833889
2014-12-01,32.2,SAGAR006-PZ,23.629167,78.833889
2015-01-01,66.1,SAGAR006-PZ,23.629167,78.833889
2015-02-01,18.2,SAGAR006-PZ,23.629167,78.833889
2015-03-01,79.7,SAGAR006-PZ,23.629167,78.833889
2015-04-01,39.5,SAGAR006-PZ,23.629167,78.833889
2015-05-01,5.8999999999999995,SAGAR006-PZ,23.629167,78.833889
2015-06-01,161.3,SAGAR006-PZ,23.629167,78.833889
2015-07-01,351.9,SAGAR006-PZ,23.629167,78.833889
2015-08-01,260.9,SAGAR006-PZ,23.629167,78.833889
2015-09-01,44.6,SAGAR006-PZ,23.629167,78.833889
2015-10-01,74.8,SAGAR006-PZ,23.629167,78.833889
2015-11-01,3.8,SAGAR006-PZ,23.629167,78.833889
2015-12-01,0.3,SAGAR006-PZ,23.629167,78.833889
2016-01-01,27.4,SAGAR006-PZ,23.629167,78.833889
2016-02-01,3.8000000000000003,SAGAR006-PZ,23.629167,78.833889
2016-03-01,16.200000000000003,SAGAR006-PZ,23.629167,78.833889
2016-04-01,0.6,SAGAR006-PZ,23.629167,78.833889
2016-05-01,7.1,SAGAR006-PZ,23.629167,78.833889
2016-06-01,107.7,SAGAR006-PZ,23.629167,78.833889
2016-07-01,550.3,SAGAR006-PZ,23.629167,78.833889
2016-08-01,459.8,SAGAR006-PZ,23.629167,78.833889
2016-09-01,92.9,SAGAR006-PZ,23.629167,78.833889
2016-10-01,42.5,SAGAR006-PZ,23.629167,78.833889
2016-11-01,0.0,SAGAR006-PZ,23.629167,78.833889
2016-12-01,0.0,SAGAR006-PZ,23.629167,78.833889
2017-01-01,6.8999999999999995,SAGAR006-PZ,23.629167,78.833889
2017-02-01,12.2,SAGAR006-PZ,23.629167,78.833889
2017-03-01,1.2,SAGAR006-PZ,23.629167,78.833889
2017-04-01,0.1,SAGAR006-PZ,23.629167,78.833889
2017-05-01,13.6,SAGAR006-PZ,23.629167,78.833889
2017-06-01,105.0,SAGAR006-PZ,23.629167,78.833889
2017-07-01,468.90000000000003,SAGAR006-PZ,23.629167,78.833889
2017-08-01,323.8,SAGAR006-PZ,23.629167,78.833889
2017-09-01,295.9,SAGAR006-PZ,23.629167,78.833889
2017-10-01,16.9,SAGAR006-PZ,23.629167,78.833889
2017-11-01,8.3,SAGAR006-PZ,23.629167,78.833889
2017-12-01,1.1,SAGAR006-PZ,23.629167,78.833889
2018-01-01,0.0,SAGAR006-PZ,23.629167,78.833889
2018-02-01,31.9,SAGAR006-PZ,23.629167,78.833889
2018-03-01,2.6,SAGAR006-PZ,23.629167,78.833889
2018-04-01,8.399999999999999,SAGAR006-PZ,23.629167,78.833889
2018-05-01,3.4000000000000004,SAGAR006-PZ,23.629167,78.833889
2018-06-01,130.2,SAGAR006-PZ,23.629167,78.833889
2018-07-01,396.7,SAGAR006-PZ,23.629167,78.833889
2018-08-01,359.7,SAGAR006-PZ,23.629167,78.833889
2018-09-01,152.2,SAGAR006-PZ,23.629167,78.833889
2018-10-01,0.3,SAGAR006-PZ,23.629167,78.833889
2018-11-01,0.8,SAGAR006-PZ,23.629167,78.833889
2018-12-01,0.0,SAGAR006-PZ,23.629167,78.833889
2019-01-01,2.7,SAGAR006-PZ,23.629167,78.833889
2019-02-01,8.7,SAGAR006-PZ,23.629167,78.833889
2019-03-01,4.9,SAGAR006-PZ,23.629167,78.833889
2019-04-01,8.4,SAGAR006-PZ,23.629167,78.833889
2019-05-01,0.2,SAGAR006-PZ,23.629167,78.833889
2019-06-01,74.7,SAGAR006-PZ,23.629167,78.833889
2019-07-01,457.7,SAGAR006-PZ,23.629167,78.833889
2019-08-01,569.3,SAGAR006-PZ,23.629167,78.833889
2019-09-01,435.6,SAGAR006-PZ,23.629167,78.833889
2019-10-01,44.300000000000004,SAGAR006-PZ,23.629167,78.833889
2019-11-01,1.7,SAGAR006-PZ,23.629167,78.833889
2019-12-01,31.7,SAGAR006-PZ,23.629167,78.833889
2020-01-01,25.6,SAGAR006-PZ,23.629167,78.833889
2020-02-01,3.7,SAGAR006-PZ,23.629167,78.833889
2020-03-01,24.1,SAGAR006-PZ,23.629167,78.833889
2020-04-01,0.4,SAGAR006-PZ,23.629167,78.833889
2020-05-01,0.4,SAGAR006-PZ,23.629167,78.833889
2020-06-01,192.6,SAGAR006-PZ,23.629167,78.833889
2020-07-01,206.6,SAGAR006-PZ,23.629167,78.833889
2020-08-01,576.6,SAGAR006-PZ,23.629167,78.833889
2020-09-01,196.20000000000002,SAGAR006-PZ,23.629167,78.833889
2020-10-01,5.6,SAGAR006-PZ,23.629167,78.833889
2020-11-01,3.9000000000000004,SAGAR006-PZ,23.629167,78.833889
2020-12-01,40.5,SAGAR006-PZ,23.629167,78.833889
2021-01-01,4.9,SAGAR006-PZ,23.629167,78.833889
2021-02-01,1.6,SAGAR006-PZ,23.629167,78.833889
2021-03-01,6.8,SAGAR006-PZ,23.629167,78.833889
2021-04-01,1.0,SAGAR006-PZ,23.629167,78.833889
2021-05-01,38.900000000000006,SAGAR006-PZ,23.629167,78.833889
2021-06-01,85.4,SAGAR006-PZ,23.629167,78.833889
2021-07-01,335.3,SAGAR006-PZ,23.629167,78.833889
2021-08-01,383.1,SAGAR006-PZ,23.629167,78.833889
2021-09-01,239.0,SAGAR006-PZ,23.629167,78.833889
2021-10-01,33.5,SAGAR006-PZ,23.629167,78.833889
2021-11-01,0.0,SAGAR006-PZ,23.629167,78.833889
2021-12-01,16.6,SAGAR006-PZ,23.629167,78.833889
2022-01-01,35.800000000000004,SAGAR006-PZ,23.629167,78.833889
2022-02-01,0.5,SAGAR006-PZ,23.629167,78.833889
2022-03-01,1.3,SAGAR006-PZ,23.629167,78.833889
2022-04-01,0.0,SAGAR006-PZ,23.629167,78.833889
2022-05-01,18.4,SAGAR006-PZ,23.629167,78.833889
2022-06-01,183.0,SAGAR006-PZ,23.629167,78.833889
2022-07-01,421.3,SAGAR006-PZ,23.629167,78.833889
2022-08-01,580.4,SAGAR006-PZ,23.629167,78.833889
2022-09-01,151.1,SAGAR006-PZ,23.629167,78.833889
2022-10-01,93.3,SAGAR006-PZ,23.629167,78.833889
2022-11-01,0.0,SAGAR006-PZ,23.629167,78.833889
2022-12-01,25.3,SAGAR006-PZ,23.629167,78.833889
2023-01-01,9.8,SAGAR006-PZ,23.629167,78.833889
2023-02-01,0.0,SAGAR006-PZ,23.629167,78.833889
2023-03-01,25.6,SAGAR006-PZ,23.629167,78.833889
2023-04-01,37.800000000000004,SAGAR006-PZ,23.629167,78.833889
2023-05-01,26.2,SAGAR006-PZ,23.629167,78.833889
2023-06-01,178.7,SAGAR006-PZ,23.629167,78.833889
2023-07-01,342.2,SAGAR006-PZ,23.629167,78.833889
2023-08-01,195.5,SAGAR006-PZ,23.629167,78.833889
2023-09-01,245.2,SAGAR006-PZ,23.629167,78.833889
2023-10-01,3.9999999999999996,SAGAR006-PZ,23.629167,78.833889
2023-11-01,8.0,SAGAR006-PZ,23.629167,78.833889
2023-12-01,4.300000000000001,SAGAR006-PZ,23.629167,78.833889
2024-01-01,50.50000000000001,SAGAR006-PZ,23.629167,78.833889
2024-02-01,0.9,SAGAR006-PZ,23.629167,78.833889
2024-03-01,4.1,SAGAR006-PZ,23.629167,78.833889
2024-04-01,26.000000000000004,SAGAR006-PZ,23.629167,78.833889
2024-05-01,0.6000000000000001,SAGAR006-PZ,23.629167,78.833889
2024-06-01,103.3,SAGAR006-PZ,23.629167,78.833889
2024-07-01,486.3,SAGAR006-PZ,23.629167,78.833889
2024-08-01,404.3,SAGAR006-PZ,23.629167,78.833889
2024-09-01,324.8,SAGAR006-PZ,23.629167,78.833889
2024-10-01,22.1,SAGAR006-PZ,23.629167,78.833889
2024-11-01,0.0,SAGAR006-PZ,23.629167,78.833889
2024-12-01,22.500000000000004,SAGAR006-PZ,23.629167,78.833889
1976-01-01,16.8,SGUN069-OW 2016,24.091944,77.263611
1976-02-01,0.8,SGUN069-OW 2016,24.091944,77.263611
1976-03-01,3.0,SGUN069-OW 2016,24.091944,77.263611
1976-04-01,5.5,SGUN069-OW 2016,24.091944,77.263611
1976-05-01,2.9000000000000004,SGUN069-OW 2016,24.091944,77.263611
1976-06-01,169.8,SGUN069-OW 2016,24.091944,77.263611
1976-07-01,264.1,SGUN069-OW 2016,24.091944,77.263611
1976-08-01,480.3,SGUN069-OW 2016,24.091944,77.263611
1976-09-01,132.4,SGUN069-OW 2016,24.091944,77.263611
1976-10-01,0.2,SGUN069-OW 2016,24.091944,77.263611
1976-11-01,51.0,SGUN069-OW 2016,24.091944,77.263611
1976-12-01,1.0,SGUN069-OW 2016,24.091944,77.263611
1977-01-01,0.5,SGUN069-OW 2016,24.091944,77.263611
1977-02-01,4.1,SGUN069-OW 2016,24.091944,77.263611
1977-03-01,5.8999999999999995,SGUN069-OW 2016,24.091944,77.263611
1977-04-01,8.0,SGUN069-OW 2016,24.091944,77.263611
1977-05-01,13.200000000000001,SGUN069-OW 2016,24.091944,77.263611
1977-06-01,245.1,SGUN069-OW 2016,24.091944,77.263611
1977-07-01,614.7,SGUN069-OW 2016,24.091944,77.263611
1977-08-01,263.7,SGUN069-OW 2016,24.091944,77.263611
1977-09-01,156.9,SGUN069-OW 2016,24.091944,77.263611
1977-10-01,1.0,SGUN069-OW 2016,24.091944,77.263611
1977-11-01,121.5,SGUN069-OW 2016,24.091944,77.263611
1977-12-01,0.5,SGUN069-OW 2016,24.091944,77.263611
1978-01-01,1.2000000000000002,SGUN069-OW 2016,24.091944,77.263611
1978-02-01,40.699999999999996,SGUN069-OW 2016,24.091944,77.263611
1978-03-01,5.1,SGUN069-OW 2016,24.091944,77.263611
1978-04-01,3.5,SGUN069-OW 2016,24.091944,77.263611
1978-05-01,0.0,SGUN069-OW 2016,24.091944,77.263611
1978-06-01,130.1,SGUN069-OW 2016,24.091944,77.263611
1978-07-01,267.4,SGUN069-OW 2016,24.091944,77.263611
1978-08-01,295.0,SGUN069-OW 2016,24.091944,77.263611
1978-09-01,57.8,SGUN069-OW 2016,24.091944,77.263611
1978-10-01,0.4,SGUN069-OW 2016,24.091944,77.263611
1978-11-01,60.599999999999994,SGUN069-OW 2016,24.091944,77.263611
1978-12-01,10.2,SGUN069-OW 2016,24.091944,77.263611
1979-01-01,23.5,SGUN069-OW 2016,24.091944,77.263611
1979-02-01,58.1,SGUN069-OW 2016,24.091944,77.263611
1979-03-01,5.5,SGUN069-OW 2016,24.091944,77.263611
1979-04-01,0.0,SGUN069-OW 2016,24.091944,77.263611
1979-05-01,6.9,SGUN069-OW 2016,24.091944,77.263611
1979-06-01,112.3,SGUN069-OW 2016,24.091944,77.263611
1979-07-01,198.5,SGUN069-OW 2016,24.091944,77.263611
1979-08-01,193.0,SGUN069-OW 2016,24.091944,77.263611
1979-09-01,11.5,SGUN069-OW 2016,24.091944,77.263611
1979-10-01,0.1,SGUN069-OW 2016,24.091944,77.263611
1979-11-01,80.5,SGUN069-OW 2016,24.091944,77.263611
1979-12-01,0.4,SGUN069-OW 2016,24.091944,77.263611
1980-01-01,0.4,SGUN069-OW 2016,24.091944,77.263611
1980-02-01,0.7,SGUN069-OW 2016,24.091944,77.263611
1980-03-01,0.1,SGUN069-OW 2016,24.091944,77.263611
1980-04-01,0.2,SGUN069-OW 2016,24.091944,77.263611
1980-05-01,2.1,SGUN069-OW 2016,24.091944,77.263611
1980-06-01,305.90000000000003,SGUN069-OW 2016,24.091944,77.263611
1980-07-01,191.4,SGUN069-OW 2016,24.091944,77.263611
1980-08-01,284.0,SGUN069-OW 2016,24.091944,77.263611
1980-09-01,27.0,SGUN069-OW 2016,24.091944,77.263611
1980-10-01,0.30000000000000004,SGUN069-OW 2016,24.091944,77.263611
1980-11-01,0.0,SGUN069-OW 2016,24.091944,77.263611
1980-12-01,31.5,SGUN069-OW 2016,24.091944,77.263611
1981-01-01,4.1,SGUN069-OW 2016,24.091944,77.263611
1981-02-01,0.0,SGUN069-OW 2016,24.091944,77.263611
1981-03-01,23.3,SGUN069-OW 2016,24.091944,77.263611
1981-04-01,0.4,SGUN069-OW 2016,24.091944,77.263611
1981-05-01,9.1,SGUN069-OW 2016,24.091944,77.263611
1981-06-01,133.1,SGUN069-OW 2016,24.091944,77.263611
1981-07-01,264.9,SGUN069-OW 2016,24.091944,77.263611
1981-08-01,194.2,SGUN069-OW 2016,24.091944,77.263611
1981-09-01,80.5,SGUN069-OW 2016,24.091944,77.263611
1981-10-01,8.8,SGUN069-OW 2016,24.091944,77.263611
1981-11-01,12.399999999999999,SGUN069-OW 2016,24.091944,77.263611
1981-12-01,14.3,SGUN069-OW 2016,24.091944,77.263611
1982-01-01,55.0,SGUN069-OW 2016,24.091944,77.263611
1982-02-01,4.4,SGUN069-OW 2016,24.091944,77.263611
1982-03-01,2.0,SGUN069-OW 2016,24.091944,77.263611
1982-04-01,1.5,SGUN069-OW 2016,24.091944,77.263611
1982-05-01,9.299999999999999,SGUN069-OW 2016,24.091944,77.263611
1982-06-01,28.7,SGUN069-OW 2016,24.091944,77.263611
1982-07-01,328.7,SGUN069-OW 2016,24.091944,77.263611
1982-08-01,609.2,SGUN069-OW 2016,24.091944,77.263611
1982-09-01,50.8,SGUN069-OW 2016,24.091944,77.263611
1982-10-01,17.0,SGUN069-OW 2016,24.091944,77.263611
1982-11-01,74.0,SGUN069-OW 2016,24.091944,77.263611
1982-12-01,1.7,SGUN069-OW 2016,24.091944,77.263611
1983-01-01,20.4,SGUN069-OW 2016,24.091944,77.263611
1983-02-01,0.0,SGUN069-OW 2016,24.091944,77.263611
1983-03-01,0.0,SGUN069-OW 2016,24.091944,77.263611
1983-04-01,18.7,SGUN069-OW 2016,24.091944,77.263611
1983-05-01,11.1,SGUN069-OW 2016,24.091944,77.263611
1983-06-01,142.10000000000002,SGUN069-OW 2016,24.091944,77.263611
1983-07-01,205.4,SGUN069-OW 2016,24.091944,77.263611
1983-08-01,325.59999999999997,SGUN069-OW 2016,24.091944,77.263611
1983-09-01,187.0,SGUN069-OW 2016,24.091944,77.263611
1983-10-01,42.6,SGUN069-OW 2016,24.091944,77.263611
1983-11-01,0.0,SGUN069-OW 2016,24.091944,77.263611
1983-12-01,0.8,SGUN069-OW 2016,24.091944,77.263611
1984-01-01,12.200000000000001,SGUN069-OW 2016,24.091944,77.263611
1984-02-01,14.700000000000001,SGUN069-OW 2016,24.091944,77.263611
1984-03-01,0.0,SGUN069-OW 2016,24.091944,77.263611
1984-04-01,0.0,SGUN069-OW 2016,24.091944,77.263611
1984-05-01,0.1,SGUN069-OW 2016,24.091944,77.263611
1984-06-01,97.6,SGUN069-OW 2016,24.091944,77.263611
1984-07-01,159.7,SGUN069-OW 2016,24.091944,77.263611
1984-08-01,469.9,SGUN069-OW 2016,24.091944,77.263611
1984-09-01,66.1,SGUN069-OW 2016,24.091944,77.263611
1984-10-01,0.0,SGUN069-OW 2016,24.091944,77.263611
1984-11-01,0.0,SGUN069-OW 2016,24.091944,77.263611
1984-12-01,0.8,SGUN069-OW 2016,24.091944,77.263611
1985-01-01,6.4,SGUN069-OW 2016,24.091944,77.263611
1985-02-01,0.0,SGUN069-OW 2016,24.091944,77.263611
1985-03-01,0.30000000000000004,SGUN069-OW 2016,24.091944,77.263611
1985-04-01,0.0,SGUN069-OW 2016,24.091944,77.263611
1985-05-01,3.0,SGUN069-OW 2016,24.091944,77.263611
1985-06-01,7.5,SGUN069-OW 2016,24.091944,77.263611
1985-07-01,211.0,SGUN069-OW 2016,24.091944,77.263611
1985-08-01,476.6,SGUN069-OW 2016,24.091944,77.263611
1985-09-01,175.4,SGUN069-OW 2016,24.091944,77.263611
1985-10-01,101.10000000000001,SGUN069-OW 2016,24.091944,77.263611
1985-11-01,0.0,SGUN069-OW 2016,24.091944,77.263611
1985-12-01,0.4,SGUN069-OW 2016,24.091944,77.263611
1986-01-01,8.100000000000001,SGUN069-OW 2016,24.091944,77.263611
1986-02-01,60.5,SGUN069-OW 2016,24.091944,77.263611
1986-03-01,4.8,SGUN069-OW 2016,24.091944,77.263611
1986-04-01,0.5,SGUN069-OW 2016,24.091944,77.263611
1986-05-01,3.8000000000000003,SGUN069-OW 2016,24.091944,77.263611
1986-06-01,128.6,SGUN069-OW 2016,24.091944,77.263611
1986-07-01,610.1,SGUN069-OW 2016,24.091944,77.263611
1986-08-01,186.5,SGUN069-OW 2016,24.091944,77.263611
1986-09-01,5.5,SGUN069-OW 2016,24.091944,77.263611
1986-10-01,0.2,SGUN069-OW 2016,24.091944,77.263611
1986-11-01,0.0,SGUN069-OW 2016,24.091944,77.263611
1986-12-01,0.6,SGUN069-OW 2016,24.091944,77.263611
1987-01-01,27.5,SGUN069-OW 2016,24.091944,77.263611
1987-02-01,11.0,SGUN069-OW 2016,24.091944,77.263611
1987-03-01,0.6,SGUN069-OW 2016,24.091944,77.263611
1987-04-01,0.1,SGUN069-OW 2016,24.091944,77.263611
1987-05-01,7.1,SGUN069-OW 2016,24.091944,77.263611
1987-06-01,32.9,SGUN069-OW 2016,24.091944,77.263611
1987-07-01,86.3,SGUN069-OW 2016,24.091944,77.263611
1987-08-01,387.0,SGUN069-OW 2016,24.091944,77.263611
1987-09-01,51.0,SGUN069-OW 2016,24.091944,77.263611
1987-10-01,84.60000000000001,SGUN069-OW 2016,24.091944,77.263611
1987-11-01,0.0,SGUN069-OW 2016,24.091944,77.263611
1987-12-01,16.8,SGUN069-OW 2016,24.091944,77.263611
1988-01-01,3.8000000000000003,SGUN069-OW 2016,24.091944,77.263611
1988-02-01,1.0,SGUN069-OW 2016,24.091944,77.263611
1988-03-01,0.0,SGUN069-OW 2016,24.091944,77.263611
1988-04-01,4.199999999999999,SGUN069-OW 2016,24.091944,77.263611
1988-05-01,6.0,SGUN069-OW 2016,24.091944,77.263611
1988-06-01,145.6,SGUN069-OW 2016,24.091944,77.263611
1988-07-01,540.1,SGUN069-OW 2016,24.091944,77.263611
1988-08-01,235.5,SGUN069-OW 2016,24.091944,77.263611
1988-09-01,72.9,SGUN069-OW 2016,24.091944,77.263611
1988-10-01,20.1,SGUN069-OW 2016,24.091944,77.263611
1988-11-01,2.4,SGUN069-OW 2016,24.091944,77.263611
1988-12-01,0.0,SGUN069-OW 2016,24.091944,77.263611
1989-01-01,0.5,SGUN069-OW 2016,24.091944,77.263611
1989-02-01,0.0,SGUN069-OW 2016,24.091944,77.263611
1989-03-01,14.2,SGUN069-OW 2016,24.091944,77.263611
1989-04-01,0.0,SGUN069-OW 2016,24.091944,77.263611
1989-05-01,1.6,SGUN069-OW 2016,24.091944,77.263611
1989-06-01,108.1,SGUN069-OW 2016,24.091944,77.263611
1989-07-01,166.4,SGUN069-OW 2016,24.091944,77.263611
1989-08-01,318.1,SGUN069-OW 2016,24.091944,77.263611
1989-09-01,83.0,SGUN069-OW 2016,24.091944,77.263611
1989-10-01,0.0,SGUN069-OW 2016,24.091944,77.263611
1989-11-01,1.7,SGUN069-OW 2016,24.091944,77.263611
1989-12-01,6.7,SGUN069-OW 2016,24.091944,77.263611
1990-01-01,0.0,SGUN069-OW 2016,24.091944,77.263611
1990-02-01,11.1,SGUN069-OW 2016,24.091944,77.263611
1990-03-01,0.5,SGUN069-OW 2016,24.091944,77.263611
1990-04-01,2.2,SGUN069-OW 2016,24.091944,77.263611
1990-05-01,37.0,SGUN069-OW 2016,24.091944,77.263611
1990-06-01,391.7,SGUN069-OW 2016,24.091944,77.263611
1990-07-01,598.9,SGUN069-OW 2016,24.091944,77.263611
1990-08-01,331.0,SGUN069-OW 2016,24.091944,77.263611
1990-09-01,291.2,SGUN069-OW 2016,24.091944,77.263611
1990-10-01,3.5,SGUN069-OW 2016,24.091944,77.263611
1990-11-01,12.8,SGUN069-OW 2016,24.091944,77.263611
1990-12-01,18.3,SGUN069-OW 2016,24.091944,77.263611
1991-01-01,0.1,SGUN069-OW 2016,24.091944,77.263611
1991-02-01,1.5,SGUN069-OW 2016,24.091944,77.263611
1991-03-01,21.7,SGUN069-OW 2016,24.091944,77.263611
1991-04-01,1.7000000000000002,SGUN069-OW 2016,24.091944,77.263611
1991-05-01,0.2,SGUN069-OW 2016,24.091944,77.263611
1991-06-01,33.4,SGUN069-OW 2016,24.091944,77.263611
1991-07-01,475.8,SGUN069-OW 2016,24.091944,77.263611
1991-08-01,495.4,SGUN069-OW 2016,24.091944,77.263611
1991-09-01,25.2,SGUN069-OW 2016,24.091944,77.263611
1991-10-01,0.0,SGUN069-OW 2016,24.091944,77.263611
1991-11-01,5.1,SGUN069-OW 2016,24.091944,77.263611
1991-12-01,0.0,SGUN069-OW 2016,24.091944,77.263611
1992-01-01,0.6,SGUN069-OW 2016,24.091944,77.263611
1992-02-01,0.0,SGUN069-OW 2016,24.091944,77.263611
1992-03-01,0.0,SGUN069-OW 2016,24.091944,77.263611
1992-04-01,3.1,SGUN069-OW 2016,24.091944,77.263611
1992-05-01,5.6,SGUN069-OW 2016,24.091944,77.263611
1992-06-01,18.5,SGUN069-OW 2016,24.091944,77.263611
1992-07-01,405.3,SGUN069-OW 2016,24.091944,77.263611
1992-08-01,277.8,SGUN069-OW 2016,24.091944,77.263611
1992-09-01,52.3,SGUN069-OW 2016,24.091944,77.263611
1992-10-01,32.3,SGUN069-OW 2016,24.091944,77.263611
1992-11-01,0.0,SGUN069-OW 2016,24.091944,77.263611
1992-12-01,0.0,SGUN069-OW 2016,24.091944,77.263611
1993-01-01,0.0,SGUN069-OW 2016,24.091944,77.263611
1993-02-01,15.5,SGUN069-OW 2016,24.091944,77.263611
1993-03-01,4.0,SGUN069-OW 2016,24.091944,77.263611
1993-04-01,0.8999999999999999,SGUN069-OW 2016,24.091944,77.263611
1993-05-01,2.7,SGUN069-OW 2016,24.091944,77.263611
1993-06-01,133.7,SGUN069-OW 2016,24.091944,77.263611
1993-07-01,347.3,SGUN069-OW 2016,24.091944,77.263611
1993-08-01,255.39999999999998,SGUN069-OW 2016,24.091944,77.263611
1993-09-01,334.40000000000003,SGUN069-OW 2016,24.091944,77.263611
1993-10-01,15.200000000000001,SGUN069-OW 2016,24.091944,77.263611
1993-11-01,0.4,SGUN069-OW 2016,24.091944,77.263611
1993-12-01,0.0,SGUN069-OW 2016,24.091944,77.263611
1994-01-01,21.1,SGUN069-OW 2016,24.091944,77.263611
1994-02-01,20.2,SGUN069-OW 2016,24.091944,77.263611
1994-03-01,0.0,SGUN069-OW 2016,24.091944,77.263611
1994-04-01,8.5,SGUN069-OW 2016,24.091944,77.263611
1994-05-01,3.8,SGUN069-OW 2016,24.091944,77.263611
1994-06-01,193.1,SGUN069-OW 2016,24.091944,77.263611
1994-07-01,281.2,SGUN069-OW 2016,24.091944,77.263611
1994-08-01,266.7,SGUN069-OW 2016,24.091944,77.263611
1994-09-01,140.0,SGUN069-OW 2016,24.091944,77.263611
1994-10-01,3.2,SGUN069-OW 2016,24.091944,77.263611
1994-11-01,0.2,SGUN069-OW 2016,24.091944,77.263611
1994-12-01,0.0,SGUN069-OW 2016,24.091944,77.263611
1995-01-01,35.9,SGUN069-OW 2016,24.091944,77.263611
1995-02-01,4.8,SGUN069-OW 2016,24.091944,77.263611
1995-03-01,20.6,SGUN069-OW 2016,24.091944,77.263611
1995-04-01,2.7,SGUN069-OW 2016,24.091944,77.263611
1995-05-01,0.0,SGUN069-OW 2016,24.091944,77.263611
1995-06-01,7.4,SGUN069-OW 2016,24.091944,77.263611
1995-07-01,434.9,SGUN069-OW 2016,24.091944,77.263611
1995-08-01,278.5,SGUN069-OW 2016,24.091944,77.263611
1995-09-01,77.89999999999999,SGUN069-OW 2016,24.091944,77.263611
1995-10-01,14.4,SGUN069-OW 2016,24.091944,77.263611
1995-11-01,0.2,SGUN069-OW 2016,24.091944,77.263611
1995-12-01,24.1,SGUN069-OW 2016,24.091944,77.263611
1996-01-01,20.7,SGUN069-OW 2016,24.091944,77.263611
1996-02-01,9.8,SGUN069-OW 2016,24.091944,77.263611
1996-03-01,5.9,SGUN069-OW 2016,24.091944,77.263611
1996-04-01,0.4,SGUN069-OW 2016,24.091944,77.263611
1996-05-01,3.5,SGUN069-OW 2016,24.091944,77.263611
1996-06-01,40.1,SGUN069-OW 2016,24.091944,77.263611
1996-07-01,370.09999999999997,SGUN069-OW 2016,24.091944,77.263611
1996-08-01,544.4,SGUN069-OW 2016,24.091944,77.263611
1996-09-01,106.5,SGUN069-OW 2016,24.091944,77.263611
1996-10-01,60.7,SGUN069-OW 2016,24.091944,77.263611
1996-11-01,0.4,SGUN069-OW 2016,24.091944,77.263611
1996-12-01,0.0,SGUN069-OW 2016,24.091944,77.263611
1997-01-01,1.4000000000000001,SGUN069-OW 2016,24.091944,77.263611
1997-02-01,0.0,SGUN069-OW 2016,24.091944,77.263611
1997-03-01,0.1,SGUN069-OW 2016,24.091944,77.263611
1997-04-01,4.5,SGUN069-OW 2016,24.091944,77.263611
1997-05-01,9.8,SGUN069-OW 2016,24.091944,77.263611
1997-06-01,53.9,SGUN069-OW 2016,24.091944,77.263611
1997-07-01,383.7,SGUN069-OW 2016,24.091944,77.263611
1997-08-01,399.3,SGUN069-OW 2016,24.091944,77.263611
1997-09-01,87.7,SGUN069-OW 2016,24.091944,77.263611
1997-10-01,32.1,SGUN069-OW 2016,24.091944,77.263611
1997-11-01,94.8,SGUN069-OW 2016,24.091944,77.263611
1997-12-01,102.9,SGUN069-OW 2016,24.091944,77.263611
1998-01-01,0.5,SGUN069-OW 2016,24.091944,77.263611
1998-02-01,0.5,SGUN069-OW 2016,24.091944,77.263611
1998-03-01,11.5,SGUN069-OW 2016,24.091944,77.263611
1998-04-01,2.0,SGUN069-OW 2016,24.091944,77.263611
1998-05-01,0.3,SGUN069-OW 2016,24.091944,77.263611
1998-06-01,122.5,SGUN069-OW 2016,24.091944,77.263611
1998-07-01,225.2,SGUN069-OW 2016,24.091944,77.263611
1998-08-01,151.6,SGUN069-OW 2016,24.091944,77.263611
1998-09-01,130.6,SGUN069-OW 2016,24.091944,77.263611
1998-10-01,11.3,SGUN069-OW 2016,24.091944,77.263611
1998-11-01,13.5,SGUN069-OW 2016,24.091944,77.263611
1998-12-01,0.0,SGUN069-OW 2016,24.091944,77.263611
1999-01-01,0.0,SGUN069-OW 2016,24.091944,77.263611
1999-02-01,32.7,SGUN069-OW 2016,24.091944,77.263611
1999-03-01,0.0,SGUN069-OW 2016,24.091944,77.263611
1999-04-01,0.0,SGUN069-OW 2016,24.091944,77.263611
1999-05-01,6.2,SGUN069-OW 2016,24.091944,77.263611
1999-06-01,121.3,SGUN069-OW 2016,24.091944,77.263611
1999-07-01,341.8,SGUN069-OW 2016,24.091944,77.263611
1999-08-01,310.0,SGUN069-OW 2016,24.091944,77.263611
1999-09-01,170.2,SGUN069-OW 2016,24.091944,77.263611
1999-10-01,34.5,SGUN069-OW 2016,24.091944,77.263611
1999-11-01,0.0,SGUN069-OW 2016,24.091944,77.263611
1999-12-01,0.0,SGUN069-OW 2016,24.091944,77.263611
2000-01-01,0.0,SGUN069-OW 2016,24.091944,77.263611
2000-02-01,0.1,SGUN069-OW 2016,24.091944,77.263611
2000-03-01,0.0,SGUN069-OW 2016,24.091944,77.263611
2000-04-01,1.9,SGUN069-OW 2016,24.091944,77.263611
2000-05-01,33.5,SGUN069-OW 2016,24.091944,77.263611
2000-06-01,47.0,SGUN069-OW 2016,24.091944,77.263611
2000-07-01,506.6,SGUN069-OW 2016,24.091944,77.263611
2000-08-01,143.3,SGUN069-OW 2016,24.091944,77.263611
2000-09-01,55.7,SGUN069-OW 2016,24.091944,77.263611
2000-10-01,0.0,SGUN069-OW 2016,24.091944,77.263611
2000-11-01,0.0,SGUN069-OW 2016,24.091944,77.263611
2000-12-01,5.3,SGUN069-OW 2016,24.091944,77.263611
2001-01-01,0.3,SGUN069-OW 2016,24.091944,77.263611
2001-02-01,0.4,SGUN069-OW 2016,24.091944,77.263611
2001-03-01,5.3,SGUN069-OW 2016,24.091944,77.263611
2001-04-01,2.5,SGUN069-OW 2016,24.091944,77.263611
2001-05-01,37.3,SGUN069-OW 2016,24.091944,77.263611
2001-06-01,222.2,SGUN069-OW 2016,24.091944,77.263611
2001-07-01,429.2,SGUN069-OW 2016,24.091944,77.263611
2001-08-01,211.8,SGUN069-OW 2016,24.091944,77.263611
2001-09-01,15.2,SGUN069-OW 2016,24.091944,77.263611
2001-10-01,30.8,SGUN069-OW 2016,24.091944,77.263611
2001-11-01,0.0,SGUN069-OW 2016,24.091944,77.263611
2001-12-01,0.0,SGUN069-OW 2016,24.091944,77.263611
2002-01-01,0.8999999999999999,SGUN069-OW 2016,24.091944,77.263611
2002-02-01,47.6,SGUN069-OW 2016,24.091944,77.263611
2002-03-01,0.5,SGUN069-OW 2016,24.091944,77.263611
2002-04-01,0.8,SGUN069-OW 2016,24.091944,77.263611
2002-05-01,10.200000000000001,SGUN069-OW 2016,24.091944,77.263611
2002-06-01,133.9,SGUN069-OW 2016,24.091944,77.263611
2002-07-01,46.3,SGUN069-OW 2016,24.091944,77.263611
2002-08-01,365.4,SGUN069-OW 2016,24.091944,77.263611
2002-09-01,76.0,SGUN069-OW 2016,24.091944,77.263611
2002-10-01,7.6000000000000005,SGUN069-OW 2016,24.091944,77.263611
2002-11-01,5.8,SGUN069-OW 2016,24.091944,77.263611
2002-12-01,1.9,SGUN069-OW 2016,24.091944,77.263611
2003-01-01,5.5,SGUN069-OW 2016,24.091944,77.263611
2003-02-01,30.7,SGUN069-OW 2016,24.091944,77.263611
2003-03-01,1.7,SGUN069-OW 2016,24.091944,77.263611
2003-04-01,0.6,SGUN069-OW 2016,24.091944,77.263611
2003-05-01,0.2,SGUN069-OW 2016,24.091944,77.263611
2003-06-01,121.8,SGUN069-OW 2016,24.091944,77.263611
2003-07-01,291.1,SGUN069-OW 2016,24.091944,77.263611
2003-08-01,195.3,SGUN069-OW 2016,24.091944,77.263611
2003-09-01,213.9,SGUN069-OW 2016,24.091944,77.263611
2003-10-01,1.6,SGUN069-OW 2016,24.091944,77.263611
2003-11-01,0.2,SGUN069-OW 2016,24.091944,77.263611
2003-12-01,1.8,SGUN069-OW 2016,24.091944,77.263611
2004-01-01,8.9,SGUN069-OW 2016,24.091944,77.263611
2004-02-01,0.0,SGUN069-OW 2016,24.091944,77.263611
2004-03-01,0.0,SGUN069-OW 2016,24.091944,77.263611
2004-04-01,0.1,SGUN069-OW 2016,24.091944,77.263611
2004-05-01,6.6000000000000005,SGUN069-OW 2016,24.091944,77.263611
2004-06-01,152.7,SGUN069-OW 2016,24.091944,77.263611
2004-07-01,307.0,SGUN069-OW 2016,24.091944,77.263611
2004-08-01,571.7,SGUN069-OW 2016,24.091944,77.263611
2004-09-01,22.0,SGUN069-OW 2016,24.091944,77.263611
2004-10-01,37.6,SGUN069-OW 2016,24.091944,77.263611
2004-11-01,1.5999999999999999,SGUN069-OW 2016,24.091944,77.263611
2004-12-01,0.0,SGUN069-OW 2016,24.091944,77.263611
2005-01-01,4.6,SGUN069-OW 2016,24.091944,77.263611
2005-02-01,0.5,SGUN069-OW 2016,24.091944,77.263611
2005-03-01,7.5,SGUN069-OW 2016,24.091944,77.263611
2005-04-01,1.1,SGUN069-OW 2016,24.091944,77.263611
2005-05-01,3.8,SGUN069-OW 2016,24.091944,77.263611
2005-06-01,175.79999999999998,SGUN069-OW 2016,24.091944,77.263611
2005-07-01,404.59999999999997,SGUN069-OW 2016,24.091944,77.263611
2005-08-01,102.5,SGUN069-OW 2016,24.091944,77.263611
2005-09-01,190.5,SGUN069-OW 2016,24.091944,77.263611
2005-10-01,0.0,SGUN069-OW 2016,24.091944,77.263611
2005-11-01,0.0,SGUN069-OW 2016,24.091944,77.263611
2005-12-01,0.0,SGUN069-OW 2016,24.091944,77.263611
2006-01-01,0.0,SGUN069-OW 2016,24.091944,77.263611
2006-02-01,0.2,SGUN069-OW 2016,24.091944,77.263611
2006-03-01,34.5,SGUN069-OW 2016,24.091944,77.263611
2006-04-01,1.2,SGUN069-OW 2016,24.091944,77.263611
2006-05-01,16.5,SGUN069-OW 2016,24.091944,77.263611
2006-06-01,91.6,SGUN069-OW 2016,24.091944,77.263611
2006-07-01,369.5,SGUN069-OW 2016,24.091944,77.263611
2006-08-01,446.5,SGUN069-OW 2016,24.091944,77.263611
2006-09-01,115.0,SGUN069-OW 2016,24.091944,77.263611
2006-10-01,5.8,SGUN069-OW 2016,24.091944,77.263611
2006-11-01,2.6,SGUN069-OW 2016,24.091944,77.263611
2006-12-01,0.0,SGUN069-OW 2016,24.091944,77.263611
2007-01-01,0.1,SGUN069-OW 2016,24.091944,77.263611
2007-02-01,20.4,SGUN069-OW 2016,24.091944,77.263611
2007-03-01,0.30000000000000004,SGUN069-OW 2016,24.091944,77.263611
2007-04-01,3.5,SGUN069-OW 2016,24.091944,77.263611
2007-05-01,5.199999999999999,SGUN069-OW 2016,24.091944,77.263611
2007-06-01,95.7,SGUN069-OW 2016,24.091944,77.263611
2007-07-01,341.40000000000003,SGUN069-OW 2016,24.091944,77.263611
2007-08-01,234.7,SGUN069-OW 2016,24.091944,77.263611
2007-09-01,113.0,SGUN069-OW 2016,24.091944,77.263611
2007-10-01,0.0,SGUN069-OW 2016,24.091944,77.263611
2007-11-01,0.1,SGUN069-OW 2016,24.091944,77.263611
2007-12-01,0.3,SGUN069-OW 2016,24.091944,77.263611
2008-01-01,0.0,SGUN069-OW 2016,24.091944,77.263611
2008-02-01,0.2,SGUN069-OW 2016,24.091944,77.263611
2008-03-01,11.399999999999999,SGUN069-OW 2016,24.091944,77.263611
2008-04-01,2.7,SGUN069-OW 2016,24.091944,77.263611
2008-05-01,2.6,SGUN069-OW 2016,24.091944,77.263611
2008-06-01,342.1,SGUN069-OW 2016,24.091944,77.263611
2008-07-01,229.9,SGUN069-OW 2016,24.091944,77.263611
2008-08-01,173.6,SGUN069-OW 2016,24.091944,77.263611
2008-09-01,118.2,SGUN069-OW 2016,24.091944,77.263611
2008-10-01,3.1,SGUN069-OW 2016,24.091944,77.263611
2008-11-01,4.3,SGUN069-OW 2016,24.091944,77.263611
2008-12-01,2.9,SGUN069-OW 2016,24.091944,77.263611
2009-01-01,18.3,SGUN069-OW 2016,24.091944,77.263611
2009-02-01,0.0,SGUN069-OW 2016,24.091944,77.263611
2009-03-01,0.2,SGUN069-OW 2016,24.091944,77.263611
2009-04-01,5.7,SGUN069-OW 2016,24.091944,77.263611
2009-05-01,2.2,SGUN069-OW 2016,24.091944,77.263611
2009-06-01,65.8,SGUN069-OW 2016,24.091944,77.263611
2009-07-01,297.5,SGUN069-OW 2016,24.091944,77.263611
2009-08-01,213.1,SGUN069-OW 2016,24.091944,77.263611
2009-09-01,114.0,SGUN069-OW 2016,24.091944,77.263611
2009-10-01,116.4,SGUN069-OW 2016,24.091944,77.263611
2009-11-01,94.1,SGUN069-OW 2016,24.091944,77.263611
2009-12-01,9.0,SGUN069-OW 2016,24.091944,77.263611
2010-01-01,6.9,SGUN069-OW 2016,24.091944,77.263611
2010-02-01,5.2,SGUN069-OW 2016,24.091944,77.263611
2010-03-01,0.1,SGUN069-OW 2016,24.091944,77.263611
2010-04-01,0.0,SGUN069-OW 2016,24.091944,77.263611
2010-05-01,0.0,SGUN069-OW 2016,24.091944,77.263611
2010-06-01,21.2,SGUN069-OW 2016,24.091944,77.263611
2010-07-01,255.2,SGUN069-OW 2016,24.091944,77.263611
2010-08-01,310.8,SGUN069-OW 2016,24.091944,77.263611
2010-09-01,143.7,SGUN069-OW 2016,24.091944,77.263611
2010-10-01,14.200000000000001,SGUN069-OW 2016,24.091944,77.263611
2010-11-01,45.1,SGUN069-OW 2016,24.091944,77.263611
2010-12-01,1.9000000000000001,SGUN069-OW 2016,24.091944,77.263611
2011-01-01,0.0,SGUN069-OW 2016,24.091944,77.263611
2011-02-01,1.9000000000000001,SGUN069-OW 2016,24.091944,77.263611
2011-03-01,0.8,SGUN069-OW 2016,24.091944,77.263611
2011-04-01,0.1,SGUN069-OW 2016,24.091944,77.263611
2011-05-01,1.5,SGUN069-OW 2016,24.091944,77.263611
2011-06-01,385.5,SGUN069-OW 2016,24.091944,77.263611
2011-07-01,500.6,SGUN069-OW 2016,24.091944,77.263611
2011-08-01,363.4,SGUN069-OW 2016,24.091944,77.263611
2011-09-01,150.0,SGUN069-OW 2016,24.091944,77.263611
2011-10-01,0.0,SGUN069-OW 2016,24.091944,77.263611
2011-11-01,0.0,SGUN069-OW 2016,24.091944,77.263611
2011-12-01,0.3,SGUN069-OW 2016,24.091944,77.263611
2012-01-01,13.0,SGUN069-OW 2016,24.091944,77.263611
2012-02-01,0.3,SGUN069-OW 2016,24.091944,77.263611
2012-03-01,0.0,SGUN069-OW 2016,24.091944,77.263611
2012-04-01,1.7999999999999998,SGUN069-OW 2016,24.091944,77.263611
2012-05-01,5.3,SGUN069-OW 2016,24.091944,77.263611
2012-06-01,16.8,SGUN069-OW 2016,24.091944,77.263611
2012-07-01,495.5,SGUN069-OW 2016,24.091944,77.263611
2012-08-01,478.6,SGUN069-OW 2016,24.091944,77.263611
2012-09-01,129.1,SGUN069-OW 2016,24.091944,77.263611
2012-10-01,0.0,SGUN069-OW 2016,24.091944,77.263611
2012-11-01,0.0,SGUN069-OW 2016,24.091944,77.263611
2012-12-01,0.0,SGUN069-OW 2016,24.091944,77.263611
2013-01-01,0.4,SGUN069-OW 2016,24.091944,77.263611
2013-02-01,93.8,SGUN069-OW 2016,24.091944,77.263611
2013-03-01,11.999999999999998,SGUN069-OW 2016,24.091944,77.263611
2013-04-01,6.4,SGUN069-OW 2016,24.091944,77.263611
2013-05-01,0.0,SGUN069-OW 2016,24.091944,77.263611
2013-06-01,264.3,SGUN069-OW 2016,24.091944,77.263611
2013-07-01,576.1,SGUN069-OW 2016,24.091944,77.263611
2013-08-01,515.4,SGUN069-OW 2016,24.091944,77.263611
2013-09-01,46.5,SGUN069-OW 2016,24.091944,77.263611
2013-10-01,34.6,SGUN069-OW 2016,24.091944,77.263611
2013-11-01,0.1,SGUN069-OW 2016,24.091944,77.263611
2013-12-01,4.1000000000000005,SGUN069-OW 2016,24.091944,77.263611
2014-01-01,57.1,SGUN069-OW 2016,24.091944,77.263611
2014-02-01,91.6,SGUN069-OW 2016,24.091944,77.263611
2014-03-01,3.7,SGUN069-OW 2016,24.091944,77.263611
2014-04-01,2.2,SGUN069-OW 2016,24.091944,77.263611
2014-05-01,0.0,SGUN069-OW 2016,24.091944,77.263611
2014-06-01,12.0,SGUN069-OW 2016,24.091944,77.263611
2014-07-01,256.1,SGUN069-OW 2016,24.091944,77.263611
2014-08-01,317.5,SGUN069-OW 2016,24.091944,77.263611
2014-09-01,140.1,SGUN069-OW 2016,24.091944,77.263611
2014-10-01,5.0,SGUN069-OW 2016,24.091944,77.263611
2014-11-01,0.2,SGUN069-OW 2016,24.091944,77.263611
2014-12-01,29.400000000000002,SGUN069-OW 2016,24.091944,77.263611
2015-01-01,55.9,SGUN069-OW 2016,24.091944,77.263611
2015-02-01,9.1,SGUN069-OW 2016,24.091944,77.263611
2015-03-01,48.6,SGUN069-OW 2016,24.091944,77.263611
2015-04-01,22.3,SGUN069-OW 2016,24.091944,77.263611
2015-05-01,2.7,SGUN069-OW 2016,24.091944,77.263611
2015-06-01,199.2,SGUN069-OW 2016,24.091944,77.263611
2015-07-01,471.6,SGUN069-OW 2016,24.091944,77.263611
2015-08-01,374.4,SGUN069-OW 2016,24.091944,77.263611
2015-09-01,36.6,SGUN069-OW 2016,24.091944,77.263611
2015-10-01,15.0,SGUN069-OW 2016,24.091944,77.263611
2015-11-01,5.0,SGUN069-OW 2016,24.091944,77.263611
2015-12-01,0.1,SGUN069-OW 2016,24.091944,77.263611
2016-01-01,12.3,SGUN069-OW 2016,24.091944,77.263611
2016-02-01,0.7,SGUN069-OW 2016,24.091944,77.263611
2016-03-01,9.8,SGUN069-OW 2016,24.091944,77.263611
2016-04-01,0.0,SGUN069-OW 2016,24.091944,77.263611
2016-05-01,5.8999999999999995,SGUN069-OW 2016,24.091944,77.263611
2016-06-01,133.7,SGUN069-OW 2016,24.091944,77.263611
2016-07-01,440.6,SGUN069-OW 2016,24.091944,77.263611
2016-08-01,495.4,SGUN069-OW 2016,24.091944,77.263611
2016-09-01,78.7,SGUN069-OW 2016,24.091944,77.263611
2016-10-01,20.5,SGUN069-OW 2016,24.091944,77.263611
2016-11-01,0.0,SGUN069-OW 2016,24.091944,77.263611
2016-12-01,0.0,SGUN069-OW 2016,24.091944,77.263611
2017-01-01,1.6,SGUN069-OW 2016,24.091944,77.263611
2017-02-01,2.5,SGUN069-OW 2016,24.091944,77.263611
2017-03-01,2.0,SGUN069-OW 2016,24.091944,77.263611
2017-04-01,5.4,SGUN069-OW 2016,24.091944,77.263611
2017-05-01,4.8,SGUN069-OW 2016,24.091944,77.263611
2017-06-01,76.3,SGUN069-OW 2016,24.091944,77.263611
2017-07-01,329.1,SGUN069-OW 2016,24.091944,77.263611
2017-08-01,164.5,SGUN069-OW 2016,24.091944,77.263611
2017-09-01,182.3,SGUN069-OW 2016,24.091944,77.263611
2017-10-01,4.3999999999999995,SGUN069-OW 2016,24.091944,77.263611
2017-11-01,0.9,SGUN069-OW 2016,24.091944,77.263611
2017-12-01,5.5,SGUN069-OW 2016,24.091944,77.263611
2018-01-01,0.0,SGUN069-OW 2016,24.091944,77.263611
2018-02-01,5.6,SGUN069-OW 2016,24.091944,77.263611
2018-03-01,2.6,SGUN069-OW 2016,24.091944,77.263611
2018-04-01,10.8,SGUN069-OW 2016,24.091944,77.263611
2018-05-01,2.1,SGUN069-OW 2016,24.091944,77.263611
2018-06-01,190.0,SGUN069-OW 2016,24.091944,77.263611
2018-07-01,421.2,SGUN069-OW 2016,24.091944,77.263611
2018-08-01,380.5,SGUN069-OW 2016,24.091944,77.263611
2018-09-01,263.3,SGUN069-OW 2016,24.091944,77.263611
2018-10-01,0.0,SGUN069-OW 2016,24.091944,77.263611
2018-11-01,0.0,SGUN069-OW 2016,24.091944,77.263611
2018-12-01,0.0,SGUN069-OW 2016,24.091944,77.263611
2019-01-01,4.4,SGUN069-OW 2016,24.091944,77.263611
2019-02-01,4.5,SGUN069-OW 2016,24.091944,77.263611
2019-03-01,0.7,SGUN069-OW 2016,24.091944,77.263611
2019-04-01,29.2,SGUN069-OW 2016,24.091944,77.263611
2019-05-01,0.0,SGUN069-OW 2016,24.091944,77.263611
2019-06-01,44.0,SGUN069-OW 2016,24.091944,77.263611
2019-07-01,697.8,SGUN069-OW 2016,24.091944,77.263611
2019-08-01,551.9,SGUN069-OW 2016,24.091944,77.263611
2019-09-01,452.9,SGUN069-OW 2016,24.091944,77.263611
2019-10-01,48.8,SGUN069-OW 2016,24.091944,77.263611
2019-11-01,28.8,SGUN069-OW 2016,24.091944,77.263611
2019-12-01,16.4,SGUN069-OW 2016,24.091944,77.263611
2020-01-01,21.1,SGUN069-OW 2016,24.091944,77.263611
2020-02-01,0.5,SGUN069-OW 2016,24.091944,77.263611
2020-03-01,21.0,SGUN069-OW 2016,24.091944,77.263611
2020-04-01,0.9,SGUN069-OW 2016,24.091944,77.263611
2020-05-01,0.0,SGUN069-OW 2016,24.091944,77.263611
2020-06-01,207.4,SGUN069-OW 2016,24.091944,77.263611
2020-07-01,220.4,SGUN069-OW 2016,24.091944,77.263611
2020-08-01,554.2,SGUN069-OW 2016,24.091944,77.263611
2020-09-01,125.6,SGUN069-OW 2016,24.091944,77.263611
2020-10-01,5.8,SGUN069-OW 2016,24.091944,77.263611
2020-11-01,3.4,SGUN069-OW 2016,24.091944,77.263611
2020-12-01,45.0,SGUN069-OW 2016,24.091944,77.263611
2021-01-01,23.599999999999998,SGUN069-OW 2016,24.091944,77.263611
2021-02-01,1.0,SGUN069-OW 2016,24.091944,77.263611
2021-03-01,3.4,SGUN069-OW 2016,24.091944,77.263611
2021-04-01,0.2,SGUN069-OW 2016,24.091944,77.263611
2021-05-01,42.0,SGUN069-OW 2016,24.091944,77.263611
2021-06-01,48.9,SGUN069-OW 2016,24.091944,77.263611
2021-07-01,426.4,SGUN069-OW 2016,24.091944,77.263611
2021-08-01,782.0,SGUN069-OW 2016,24.091944,77.263611
2021-09-01,244.4,SGUN069-OW 2016,24.091944,77.263611
2021-10-01,36.4,SGUN069-OW 2016,24.091944,77.263611
2021-11-01,0.0,SGUN069-OW 2016,24.091944,77.263611
2021-12-01,12.7,SGUN069-OW 2016,24.091944,77.263611
2022-01-01,28.4,SGUN069-OW 2016,24.091944,77.263611
2022-02-01,0.0,SGUN069-OW 2016,24.091944,77.263611
2022-03-01,1.8,SGUN069-OW 2016,24.091944,77.263611
2022-04-01,0.1,SGUN069-OW 2016,24.091944,77.263611
2022-05-01,0.5,SGUN069-OW 2016,24.091944,77.263611
2022-06-01,95.8,SGUN069-OW 2016,24.091944,77.263611
2022-07-01,495.6,SGUN069-OW 2016,24.091944,77.263611
2022-08-01,468.2,SGUN069-OW 2016,24.091944,77.263611
2022-09-01,194.6,SGUN069-OW 2016,24.091944,77.263611
2022-10-01,60.8,SGUN069-OW 2016,24.091944,77.263611
2022-11-01,0.0,SGUN069-OW 2016,24.091944,77.263611
2022-12-01,1.3,SGUN069-OW 2016,24.091944,77.263611
2023-01-01,8.6,SGUN069-OW 2016,24.091944,77.263611
2023-02-01,0.0,SGUN069-OW 2016,24.091944,77.263611
2023-03-01,25.3,SGUN069-OW 2016,24.091944,77.263611
2023-04-01,23.3,SGUN069-OW 2016,24.091944,77.263611
2023-05-01,11.299999999999999,SGUN069-OW 2016,24.091944,77.263611
2023-06-01,126.2,SGUN069-OW 2016,24.091944,77.263611
2023-07-01,402.3,SGUN069-OW 2016,24.091944,77.263611
2023-08-01,167.6,SGUN069-OW 2016,24.091944,77.263611
2023-09-01,165.7,SGUN069-OW 2016,24.091944,77.263611
2023-10-01,6.3,SGUN069-OW 2016,24.091944,77.263611
2023-11-01,9.6,SGUN069-OW 2016,24.091944,77.263611
2023-12-01,2.0,SGUN069-OW 2016,24.091944,77.263611
2024-01-01,6.3,SGUN069-OW 2016,24.091944,77.263611
2024-02-01,1.7000000000000002,SGUN069-OW 2016,24.091944,77.263611
2024-03-01,3.9,SGUN069-OW 2016,24.091944,77.263611
2024-04-01,9.299999999999999,SGUN069-OW 2016,24.091944,77.263611
2024-05-01,0.7,SGUN069-OW 2016,24.091944,77.263611
2024-06-01,141.89999999999998,SGUN069-OW 2016,24.091944,77.263611
2024-07-01,402.3,SGUN069-OW 2016,24.091944,77.263611
2024-08-01,411.1,SGUN069-OW 2016,24.091944,77.263611
2024-09-01,233.2,SGUN069-OW 2016,24.091944,77.263611
2024-10-01,13.8,SGUN069-OW 2016,24.091944,77.263611
2024-11-01,0.0,SGUN069-OW 2016,24.091944,77.263611
2024-12-01,23.3,SGUN069-OW 2016,24.091944,77.263611
1976-01-01,16.4,SGUN006A-OW,24.746667,77.035
1976-02-01,0.6,SGUN006A-OW,24.746667,77.035
1976-03-01,0.7,SGUN006A-OW,24.746667,77.035
1976-04-01,3.0,SGUN006A-OW,24.746667,77.035
1976-05-01,3.2,SGUN006A-OW,24.746667,77.035
1976-06-01,160.2,SGUN006A-OW,24.746667,77.035
1976-07-01,240.9,SGUN006A-OW,24.746667,77.035
1976-08-01,380.7,SGUN006A-OW,24.746667,77.035
1976-09-01,133.1,SGUN006A-OW,24.746667,77.035
1976-10-01,0.0,SGUN006A-OW,24.746667,77.035
1976-11-01,61.400000000000006,SGUN006A-OW,24.746667,77.035
1976-12-01,0.3,SGUN006A-OW,24.746667,77.035
1977-01-01,5.1,SGUN006A-OW,24.746667,77.035
1977-02-01,1.1,SGUN006A-OW,24.746667,77.035
1977-03-01,3.8,SGUN006A-OW,24.746667,77.035
1977-04-01,2.2,SGUN006A-OW,24.746667,77.035
1977-05-01,11.0,SGUN006A-OW,24.746667,77.035
1977-06-01,135.4,SGUN006A-OW,24.746667,77.035
1977-07-01,463.4,SGUN006A-OW,24.746667,77.035
1977-08-01,206.0,SGUN006A-OW,24.746667,77.035
1977-09-01,142.29999999999998,SGUN006A-OW,24.746667,77.035
1977-10-01,0.7999999999999999,SGUN006A-OW,24.746667,77.035
1977-11-01,25.4,SGUN006A-OW,24.746667,77.035
1977-12-01,4.699999999999999,SGUN006A-OW,24.746667,77.035
1978-01-01,0.3,SGUN006A-OW,24.746667,77.035
1978-02-01,8.700000000000001,SGUN006A-OW,24.746667,77.035
1978-03-01,5.3,SGUN006A-OW,24.746667,77.035
1978-04-01,4.4,SGUN006A-OW,24.746667,77.035
1978-05-01,0.0,SGUN006A-OW,24.746667,77.035
1978-06-01,124.1,SGUN006A-OW,24.746667,77.035
1978-07-01,285.1,SGUN006A-OW,24.746667,77.035
1978-08-01,360.8,SGUN006A-OW,24.746667,77.035
1978-09-01,78.7,SGUN006A-OW,24.746667,77.035
1978-10-01,0.30000000000000004,SGUN006A-OW,24.746667,77.035
1978-11-01,29.7,SGUN006A-OW,24.746667,77.035
1978-12-01,14.1,SGUN006A-OW,24.746667,77.035
1979-01-01,26.599999999999998,SGUN006A-OW,24.746667,77.035
1979-02-01,53.5,SGUN006A-OW,24.746667,77.035
1979-03-01,2.9,SGUN006A-OW,24.746667,77.035
1979-04-01,0.0,SGUN006A-OW,24.746667,77.035
1979-05-01,6.8999999999999995,SGUN006A-OW,24.746667,77.035
1979-06-01,89.3,SGUN006A-OW,24.746667,77.035
1979-07-01,406.3,SGUN006A-OW,24.746667,77.035
1979-08-01,124.3,SGUN006A-OW,24.746667,77.035
1979-09-01,3.3,SGUN006A-OW,24.746667,77.035
1979-10-01,1.2000000000000002,SGUN006A-OW,24.746667,77.035
1979-11-01,84.8,SGUN006A-OW,24.746667,77.035
1979-12-01,0.30000000000000004,SGUN006A-OW,24.746667,77.035
1980-01-01,1.4,SGUN006A-OW,24.746667,77.035
1980-02-01,1.4,SGUN006A-OW,24.746667,77.035
1980-03-01,0.0,SGUN006A-OW,24.746667,77.035
1980-04-01,0.0,SGUN006A-OW,24.746667,77.035
1980-05-01,1.5,SGUN006A-OW,24.746667,77.035
1980-06-01,200.70000000000002,SGUN006A-OW,24.746667,77.035
1980-07-01,210.4,SGUN006A-OW,24.746667,77.035
1980-08-01,188.1,SGUN006A-OW,24.746667,77.035
1980-09-01,16.5,SGUN006A-OW,24.746667,77.035
1980-10-01,0.0,SGUN006A-OW,24.746667,77.035
1980-11-01,0.0,SGUN006A-OW,24.746667,77.035
1980-12-01,34.4,SGUN006A-OW,24.746667,77.035
1981-01-01,3.5999999999999996,SGUN006A-OW,24.746667,77.035
1981-02-01,0.0,SGUN006A-OW,24.746667,77.035
1981-03-01,12.200000000000001,SGUN006A-OW,24.746667,77.035
1981-04-01,0.0,SGUN006A-OW,24.746667,77.035
1981-05-01,5.3,SGUN006A-OW,24.746667,77.035
1981-06-01,83.1,SGUN006A-OW,24.746667,77.035
1981-07-01,190.29999999999998,SGUN006A-OW,24.746667,77.035
1981-08-01,147.1,SGUN006A-OW,24.746667,77.035
1981-09-01,36.0,SGUN006A-OW,24.746667,77.035
1981-10-01,24.7,SGUN006A-OW,24.746667,77.035
1981-11-01,30.400000000000002,SGUN006A-OW,24.746667,77.035
1981-12-01,14.299999999999999,SGUN006A-OW,24.746667,77.035
1982-01-01,30.8,SGUN006A-OW,24.746667,77.035
1982-02-01,2.6999999999999997,SGUN006A-OW,24.746667,77.035
1982-03-01,3.6,SGUN006A-OW,24.746667,77.035
1982-04-01,4.3,SGUN006A-OW,24.746667,77.035
1982-05-01,19.6,SGUN006A-OW,24.746667,77.035
1982-06-01,9.3,SGUN006A-OW,24.746667,77.035
1982-07-01,262.8,SGUN006A-OW,24.746667,77.035
1982-08-01,241.4,SGUN006A-OW,24.746667,77.035
1982-09-01,19.3,SGUN006A-OW,24.746667,77.035
1982-10-01,6.2,SGUN006A-OW,24.746667,77.035
1982-11-01,57.7,SGUN006A-OW,24.746667,77.035
1982-12-01,3.4,SGUN006A-OW,24.746667,77.035
1983-01-01,19.8,SGUN006A-OW,24.746667,77.035
1983-02-01,0.0,SGUN006A-OW,24.746667,77.035
1983-03-01,0.1,SGUN006A-OW,24.746667,77.035
1983-04-01,23.1,SGUN006A-OW,24.746667,77.035
1983-05-01,15.5,SGUN006A-OW,24.746667,77.035
1983-06-01,117.0,SGUN006A-OW,24.746667,77.035
1983-07-01,141.5,SGUN006A-OW,24.746667,77.035
1983-08-01,229.20000000000002,SGUN006A-OW,24.746667,77.035
1983-09-01,135.3,SGUN006A-OW,24.746667,77.035
1983-10-01,27.6,SGUN006A-OW,24.746667,77.035
1983-11-01,0.0,SGUN006A-OW,24.746667,77.035
1983-12-01,0.0,SGUN006A-OW,24.746667,77.035
1984-01-01,11.6,SGUN006A-OW,24.746667,77.035
1984-02-01,7.0,SGUN006A-OW,24.746667,77.035
1984-03-01,0.2,SGUN006A-OW,24.746667,77.035
1984-04-01,0.0,SGUN006A-OW,24.746667,77.035
1984-05-01,0.0,SGUN006A-OW,24.746667,77.035
1984-06-01,43.5,SGUN006A-OW,24.746667,77.035
1984-07-01,156.0,SGUN006A-OW,24.746667,77.035
1984-08-01,301.59999999999997,SGUN006A-OW,24.746667,77.035
1984-09-01,72.5,SGUN006A-OW,24.746667,77.035
1984-10-01,0.0,SGUN006A-OW,24.746667,77.035
1984-11-01,0.0,SGUN006A-OW,24.746667,77.035
1984-12-01,0.3,SGUN006A-OW,24.746667,77.035
1985-01-01,0.7999999999999999,SGUN006A-OW,24.746667,77.035
1985-02-01,0.0,SGUN006A-OW,24.746667,77.035
1985-03-01,0.1,SGUN006A-OW,24.746667,77.035
1985-04-01,0.0,SGUN006A-OW,24.746667,77.035
1985-05-01,2.0,SGUN006A-OW,24.746667,77.035
1985-06-01,3.5,SGUN006A-OW,24.746667,77.035
1985-07-01,192.7,SGUN006A-OW,24.746667,77.035
1985-08-01,347.8,SGUN006A-OW,24.746667,77.035
1985-09-01,94.9,SGUN006A-OW,24.746667,77.035
1985-10-01,131.3,SGUN006A-OW,24.746667,77.035
1985-11-01,0.0,SGUN006A-OW,24.746667,77.035
1985-12-01,6.0,SGUN006A-OW,24.746667,77.035
1986-01-01,10.2,SGUN006A-OW,24.746667,77.035
1986-02-01,38.7,SGUN006A-OW,24.746667,77.035
1986-03-01,2.3,SGUN006A-OW,24.746667,77.035
1986-04-01,0.4,SGUN006A-OW,24.746667,77.035
1986-05-01,8.3,SGUN006A-OW,24.746667,77.035
1986-06-01,84.8,SGUN006A-OW,24.746667,77.035
1986-07-01,570.4,SGUN006A-OW,24.746667,77.035
1986-08-01,140.3,SGUN006A-OW,24.746667,77.035
1986-09-01,5.5,SGUN006A-OW,24.746667,77.035
1986-10-01,0.1,SGUN006A-OW,24.746667,77.035
1986-11-01,0.0,SGUN006A-OW,24.746667,77.035
1986-12-01,0.3,SGUN006A-OW,24.746667,77.035
1987-01-01,20.4,SGUN006A-OW,24.746667,77.035
1987-02-01,6.8,SGUN006A-OW,24.746667,77.035
1987-03-01,3.1999999999999997,SGUN006A-OW,24.746667,77.035
1987-04-01,0.0,SGUN006A-OW,24.746667,77.035
1987-05-01,5.800000000000001,SGUN006A-OW,24.746667,77.035
1987-06-01,18.5,SGUN006A-OW,24.746667,77.035
1987-07-01,59.3,SGUN006A-OW,24.746667,77.035
1987-08-01,443.79999999999995,SGUN006A-OW,24.746667,77.035
1987-09-01,38.3,SGUN006A-OW,24.746667,77.035
1987-10-01,35.199999999999996,SGUN006A-OW,24.746667,77.035
1987-11-01,0.0,SGUN006A-OW,24.746667,77.035
1987-12-01,21.800000000000004,SGUN006A-OW,24.746667,77.035
1988-01-01,1.5,SGUN006A-OW,24.746667,77.035
1988-02-01,0.2,SGUN006A-OW,24.746667,77.035
1988-03-01,1.0,SGUN006A-OW,24.746667,77.035
1988-04-01,0.4,SGUN006A-OW,24.746667,77.035
1988-05-01,4.8,SGUN006A-OW,24.746667,77.035
1988-06-01,136.10000000000002,SGUN006A-OW,24.746667,77.035
1988-07-01,535.4,SGUN006A-OW,24.746667,77.035
1988-08-01,277.3,SGUN006A-OW,24.746667,77.035
1988-09-01,50.800000000000004,SGUN006A-OW,24.746667,77.035
1988-10-01,31.6,SGUN006A-OW,24.746667,77.035
1988-11-01,0.1,SGUN006A-OW,24.746667,77.035
1988-12-01,0.0,SGUN006A-OW,24.746667,77.035
1989-01-01,1.9,SGUN006A-OW,24.746667,77.035
1989-02-01,0.0,SGUN006A-OW,24.746667,77.035
1989-03-01,8.1,SGUN006A-OW,24.746667,77.035
1989-04-01,0.0,SGUN006A-OW,24.746667,77.035
1989-05-01,1.2999999999999998,SGUN006A-OW,24.746667,77.035
1989-06-01,54.7,SGUN006A-OW,24.746667,77.035
1989-07-01,153.0,SGUN006A-OW,24.746667,77.035
1989-08-01,289.2,SGUN006A-OW,24.746667,77.035
1989-09-01,62.900000000000006,SGUN006A-OW,24.746667,77.035
1989-10-01,0.0,SGUN006A-OW,24.746667,77.035
1989-11-01,0.5,SGUN006A-OW,24.746667,77.035
1989-12-01,9.399999999999999,SGUN006A-OW,24.746667,77.035
1990-01-01,0.0,SGUN006A-OW,24.746667,77.035
1990-02-01,31.6,SGUN006A-OW,24.746667,77.035
1990-03-01,0.4,SGUN006A-OW,24.746667,77.035
1990-04-01,0.0,SGUN006A-OW,24.746667,77.035
1990-05-01,19.0,SGUN006A-OW,24.746667,77.035
1990-06-01,343.1,SGUN006A-OW,24.746667,77.035
1990-07-01,387.3,SGUN006A-OW,24.746667,77.035
1990-08-01,260.9,SGUN006A-OW,24.746667,77.035
1990-09-01,224.4,SGUN006A-OW,24.746667,77.035
1990-10-01,3.2,SGUN006A-OW,24.746667,77.035
1990-11-01,5.3999999999999995,SGUN006A-OW,24.746667,77.035
1990-12-01,7.1,SGUN006A-OW,24.746667,77.035
1991-01-01,0.1,SGUN006A-OW,24.746667,77.035
1991-02-01,6.2,SGUN006A-OW,24.746667,77.035
1991-03-01,8.8,SGUN006A-OW,24.746667,77.035
1991-04-01,1.5,SGUN006A-OW,24.746667,77.035
1991-05-01,1.9,SGUN006A-OW,24.746667,77.035
1991-06-01,15.0,SGUN006A-OW,24.746667,77.035
1991-07-01,759.9,SGUN006A-OW,24.746667,77.035
1991-08-01,327.2,SGUN006A-OW,24.746667,77.035
1991-09-01,16.2,SGUN006A-OW,24.746667,77.035
1991-10-01,0.0,SGUN006A-OW,24.746667,77.035
1991-11-01,6.0,SGUN006A-OW,24.746667,77.035
1991-12-01,2.1,SGUN006A-OW,24.746667,77.035
1992-01-01,7.8,SGUN006A-OW,24.746667,77.035
1992-02-01,0.0,SGUN006A-OW,24.746667,77.035
1992-03-01,0.0,SGUN006A-OW,24.746667,77.035
1992-04-01,0.30000000000000004,SGUN006A-OW,24.746667,77.035
1992-05-01,10.799999999999999,SGUN006A-OW,24.746667,77.035
1992-06-01,14.0,SGUN006A-OW,24.746667,77.035
1992-07-01,642.5,SGUN006A-OW,24.746667,77.035
1992-08-01,258.4,SGUN006A-OW,24.746667,77.035
1992-09-01,45.0,SGUN006A-OW,24.746667,77.035
1992-10-01,42.8,SGUN006A-OW,24.746667,77.035
1992-11-01,0.1,SGUN006A-OW,24.746667,77.035
1992-12-01,0.0,SGUN006A-OW,24.746667,77.035
1993-01-01,0.0,SGUN006A-OW,24.746667,77.035
1993-02-01,8.6,SGUN006A-OW,24.746667,77.035
1993-03-01,7.0,SGUN006A-OW,24.746667,77.035
1993-04-01,2.7,SGUN006A-OW,24.746667,77.035
1993-05-01,4.0,SGUN006A-OW,24.746667,77.035
1993-06-01,98.0,SGUN006A-OW,24.746667,77.035
1993-07-01,215.6,SGUN006A-OW,24.746667,77.035
1993-08-01,202.1,SGUN006A-OW,24.746667,77.035
1993-09-01,309.0,SGUN006A-OW,24.746667,77.035
1993-10-01,8.0,SGUN006A-OW,24.746667,77.035
1993-11-01,0.3,SGUN006A-OW,24.746667,77.035
1993-12-01,1.2,SGUN006A-OW,24.746667,77.035
1994-01-01,29.0,SGUN006A-OW,24.746667,77.035
1994-02-01,10.100000000000001,SGUN006A-OW,24.746667,77.035
1994-03-01,0.0,SGUN006A-OW,24.746667,77.035
1994-04-01,4.5,SGUN006A-OW,24.746667,77.035
1994-05-01,1.3,SGUN006A-OW,24.746667,77.035
1994-06-01,161.4,SGUN006A-OW,24.746667,77.035
1994-07-01,369.6,SGUN006A-OW,24.746667,77.035
1994-08-01,321.8,SGUN006A-OW,24.746667,77.035
1994-09-01,87.5,SGUN006A-OW,24.746667,77.035
1994-10-01,3.6,SGUN006A-OW,24.746667,77.035
1994-11-01,0.0,SGUN006A-OW,24.746667,77.035
1994-12-01,0.0,SGUN006A-OW,24.746667,77.035
1995-01-01,28.7,SGUN006A-OW,24.746667,77.035
1995-02-01,1.4,SGUN006A-OW,24.746667,77.035
1995-03-01,7.1,SGUN006A-OW,24.746667,77.035
1995-04-01,2.2,SGUN006A-OW,24.746667,77.035
1995-05-01,1.1,SGUN006A-OW,24.746667,77.035
1995-06-01,6.0,SGUN006A-OW,24.746667,77.035
1995-07-01,367.4,SGUN006A-OW,24.746667,77.035
1995-08-01,322.1,SGUN006A-OW,24.746667,77.035
1995-09-01,82.5,SGUN006A-OW,24.746667,77.035
1995-10-01,13.2,SGUN006A-OW,24.746667,77.035
1995-11-01,0.2,SGUN006A-OW,24.746667,77.035
1995-12-01,25.7,SGUN006A-OW,24.746667,77.035
1996-01-01,14.6,SGUN006A-OW,24.746667,77.035
1996-02-01,4.3,SGUN006A-OW,24.746667,77.035
1996-03-01,5.0,SGUN006A-OW,24.746667,77.035
1996-04-01,0.1,SGUN006A-OW,24.746667,77.035
1996-05-01,4.3,SGUN006A-OW,24.746667,77.035
1996-06-01,17.0,SGUN006A-OW,24.746667,77.035
1996-07-01,370.2,SGUN006A-OW,24.746667,77.035
1996-08-01,590.3000000000001,SGUN006A-OW,24.746667,77.035
1996-09-01,110.7,SGUN006A-OW,24.746667,77.035
1996-10-01,68.2,SGUN006A-OW,24.746667,77.035
1996-11-01,0.3,SGUN006A-OW,24.746667,77.035
1996-12-01,0.0,SGUN006A-OW,24.746667,77.035
1997-01-01,1.9,SGUN006A-OW,24.746667,77.035
1997-02-01,0.0,SGUN006A-OW,24.746667,77.035
1997-03-01,0.1,SGUN006A-OW,24.746667,77.035
1997-04-01,6.5,SGUN006A-OW,24.746667,77.035
1997-05-01,6.2,SGUN006A-OW,24.746667,77.035
1997-06-01,78.3,SGUN006A-OW,24.746667,77.035
1997-07-01,318.8,SGUN006A-OW,24.746667,77.035
1997-08-01,244.9,SGUN006A-OW,24.746667,77.035
1997-09-01,59.1,SGUN006A-OW,24.746667,77.035
1997-10-01,24.7,SGUN006A-OW,24.746667,77.035
1997-11-01,41.199999999999996,SGUN006A-OW,24.746667,77.035
1997-12-01,92.3,SGUN006A-OW,24.746667,77.035
1998-01-01,0.2,SGUN006A-OW,24.746667,77.035
1998-02-01,3.2,SGUN006A-OW,24.746667,77.035
1998-03-01,23.1,SGUN006A-OW,24.746667,77.035
1998-04-01,3.2,SGUN006A-OW,24.746667,77.035
1998-05-01,0.0,SGUN006A-OW,24.746667,77.035
1998-06-01,90.6,SGUN006A-OW,24.746667,77.035
1998-07-01,241.3,SGUN006A-OW,24.746667,77.035
1998-08-01,128.6,SGUN006A-OW,24.746667,77.035
1998-09-01,92.2,SGUN006A-OW,24.746667,77.035
1998-10-01,15.600000000000001,SGUN006A-OW,24.746667,77.035
1998-11-01,0.5,SGUN006A-OW,24.746667,77.035
1998-12-01,0.0,SGUN006A-OW,24.746667,77.035
1999-01-01,1.2,SGUN006A-OW,24.746667,77.035
1999-02-01,16.7,SGUN006A-OW,24.746667,77.035
1999-03-01,0.0,SGUN006A-OW,24.746667,77.035
1999-04-01,0.0,SGUN006A-OW,24.746667,77.035
1999-05-01,1.7000000000000002,SGUN006A-OW,24.746667,77.035
1999-06-01,270.20000000000005,SGUN006A-OW,24.746667,77.035
1999-07-01,244.4,SGUN006A-OW,24.746667,77.035
1999-08-01,129.6,SGUN006A-OW,24.746667,77.035
1999-09-01,115.6,SGUN006A-OW,24.746667,77.035
1999-10-01,15.5,SGUN006A-OW,24.746667,77.035
1999-11-01,0.0,SGUN006A-OW,24.746667,77.035
1999-12-01,0.0,SGUN006A-OW,24.746667,77.035
2000-01-01,0.0,SGUN006A-OW,24.746667,77.035
2000-02-01,0.2,SGUN006A-OW,24.746667,77.035
2000-03-01,0.4,SGUN006A-OW,24.746667,77.035
2000-04-01,0.0,SGUN006A-OW,24.746667,77.035
2000-05-01,33.0,SGUN006A-OW,24.746667,77.035
2000-06-01,28.5,SGUN006A-OW,24.746667,77.035
2000-07-01,755.0,SGUN006A-OW,24.746667,77.035
2000-08-01,138.3,SGUN006A-OW,24.746667,77.035
2000-09-01,31.099999999999998,SGUN006A-OW,24.746667,77.035
2000-10-01,0.1,SGUN006A-OW,24.746667,77.035
2000-11-01,0.0,SGUN006A-OW,24.746667,77.035
2000-12-01,5.8,SGUN006A-OW,24.746667,77.035
2001-01-01,0.0,SGUN006A-OW,24.746667,77.035
2001-02-01,0.2,SGUN006A-OW,24.746667,77.035
2001-03-01,0.9,SGUN006A-OW,24.746667,77.035
2001-04-01,6.5,SGUN006A-OW,24.746667,77.035
2001-05-01,10.1,SGUN006A-OW,24.746667,77.035
2001-06-01,285.0,SGUN006A-OW,24.746667,77.035
2001-07-01,317.4,SGUN006A-OW,24.746667,77.035
2001-08-01,143.6,SGUN006A-OW,24.746667,77.035
2001-09-01,7.1000000000000005,SGUN006A-OW,24.746667,77.035
2001-10-01,13.399999999999999,SGUN006A-OW,24.746667,77.035
2001-11-01,0.0,SGUN006A-OW,24.746667,77.035
2001-12-01,0.0,SGUN006A-OW,24.746667,77.035
2002-01-01,1.1,SGUN006A-OW,24.746667,77.035
2002-02-01,36.6,SGUN006A-OW,24.746667,77.035
2002-03-01,2.5,SGUN006A-OW,24.746667,77.035
2002-04-01,0.30000000000000004,SGUN006A-OW,24.746667,77.035
2002-05-01,1.9000000000000001,SGUN006A-OW,24.746667,77.035
2002-06-01,73.3,SGUN006A-OW,24.746667,77.035
2002-07-01,40.1,SGUN006A-OW,24.746667,77.035
2002-08-01,334.9,SGUN006A-OW,24.746667,77.035
2002-09-01,34.0,SGUN006A-OW,24.746667,77.035
2002-10-01,0.8,SGUN006A-OW,24.746667,77.035
2002-11-01,0.1,SGUN006A-OW,24.746667,77.035
2002-12-01,3.4,SGUN006A-OW,24.746667,77.035
2003-01-01,6.8,SGUN006A-OW,24.746667,77.035
2003-02-01,10.7,SGUN006A-OW,24.746667,77.035
2003-03-01,0.0,SGUN006A-OW,24.746667,77.035
2003-04-01,3.2,SGUN006A-OW,24.746667,77.035
2003-05-01,1.7,SGUN006A-OW,24.746667,77.035
2003-06-01,64.0,SGUN006A-OW,24.746667,77.035
2003-07-01,252.3,SGUN006A-OW,24.746667,77.035
2003-08-01,177.2,SGUN006A-OW,24.746667,77.035
2003-09-01,143.4,SGUN006A-OW,24.746667,77.035
2003-10-01,0.1,SGUN006A-OW,24.746667,77.035
2003-11-01,0.0,SGUN006A-OW,24.746667,77.035
2003-12-01,4.1,SGUN006A-OW,24.746667,77.035
2004-01-01,5.0,SGUN006A-OW,24.746667,77.035
2004-02-01,0.0,SGUN006A-OW,24.746667,77.035
2004-03-01,0.0,SGUN006A-OW,24.746667,77.035
2004-04-01,0.0,SGUN006A-OW,24.746667,77.035
2004-05-01,4.0,SGUN006A-OW,24.746667,77.035
2004-06-01,101.2,SGUN006A-OW,24.746667,77.035
2004-07-01,235.0,SGUN006A-OW,24.746667,77.035
2004-08-01,564.1,SGUN006A-OW,24.746667,77.035
2004-09-01,23.7,SGUN006A-OW,24.746667,77.035
2004-10-01,40.5,SGUN006A-OW,24.746667,77.035
2004-11-01,0.0,SGUN006A-OW,24.746667,77.035
2004-12-01,0.0,SGUN006A-OW,24.746667,77.035
2005-01-01,2.6,SGUN006A-OW,24.746667,77.035
2005-02-01,0.0,SGUN006A-OW,24.746667,77.035
2005-03-01,13.7,SGUN006A-OW,24.746667,77.035
2005-04-01,1.1,SGUN006A-OW,24.746667,77.035
2005-05-01,0.6000000000000001,SGUN006A-OW,24.746667,77.035
2005-06-01,90.9,SGUN006A-OW,24.746667,77.035
2005-07-01,397.2,SGUN006A-OW,24.746667,77.035
2005-08-01,169.5,SGUN006A-OW,24.746667,77.035
2005-09-01,119.4,SGUN006A-OW,24.746667,77.035
2005-10-01,0.0,SGUN006A-OW,24.746667,77.035
2005-11-01,0.0,SGUN006A-OW,24.746667,77.035
2005-12-01,0.0,SGUN006A-OW,24.746667,77.035
2006-01-01,0.0,SGUN006A-OW,24.746667,77.035
2006-02-01,0.0,SGUN006A-OW,24.746667,77.035
2006-03-01,24.0,SGUN006A-OW,24.746667,77.035
2006-04-01,0.4,SGUN006A-OW,24.746667,77.035
2006-05-01,3.8000000000000003,SGUN006A-OW,24.746667,77.035
2006-06-01,84.0,SGUN006A-OW,24.746667,77.035
2006-07-01,252.9,SGUN006A-OW,24.746667,77.035
2006-08-01,327.7,SGUN006A-OW,24.746667,77.035
2006-09-01,103.6,SGUN006A-OW,24.746667,77.035
2006-10-01,4.8,SGUN006A-OW,24.746667,77.035
2006-11-01,1.4,SGUN006A-OW,24.746667,77.035
2006-12-01,0.0,SGUN006A-OW,24.746667,77.035
2007-01-01,0.0,SGUN006A-OW,24.746667,77.035
2007-02-01,20.200000000000003,SGUN006A-OW,24.746667,77.035
2007-03-01,1.6,SGUN006A-OW,24.746667,77.035
2007-04-01,0.4,SGUN006A-OW,24.746667,77.035
2007-05-01,0.7,SGUN006A-OW,24.746667,77.035
2007-06-01,64.4,SGUN006A-OW,24.746667,77.035
2007-07-01,462.0,SGUN006A-OW,24.746667,77.035
2007-08-01,277.0,SGUN006A-OW,24.746667,77.035
2007-09-01,69.9,SGUN006A-OW,24.746667,77.035
2007-10-01,0.0,SGUN006A-OW,24.746667,77.035
2007-11-01,0.1,SGUN006A-OW,24.746667,77.035
2007-12-01,0.8,SGUN006A-OW,24.746667,77.035
2008-01-01,0.0,SGUN006A-OW,24.746667,77.035
2008-02-01,0.0,SGUN006A-OW,24.746667,77.035
2008-03-01,0.8,SGUN006A-OW,24.746667,77.035
2008-04-01,1.9000000000000001,SGUN006A-OW,24.746667,77.035
2008-05-01,3.9,SGUN006A-OW,24.746667,77.035
2008-06-01,272.1,SGUN006A-OW,24.746667,77.035
2008-07-01,257.5,SGUN006A-OW,24.746667,77.035
2008-08-01,202.7,SGUN006A-OW,24.746667,77.035
2008-09-01,97.8,SGUN006A-OW,24.746667,77.035
2008-10-01,1.0,SGUN006A-OW,24.746667,77.035
2008-11-01,6.7,SGUN006A-OW,24.746667,77.035
2008-12-01,0.0,SGUN006A-OW,24.746667,77.035
2009-01-01,8.6,SGUN006A-OW,24.746667,77.035
2009-02-01,0.2,SGUN006A-OW,24.746667,77.035
2009-03-01,2.0,SGUN006A-OW,24.746667,77.035
2009-04-01,3.0,SGUN006A-OW,24.746667,77.035
2009-05-01,3.3000000000000003,SGUN006A-OW,24.746667,77.035
2009-06-01,34.5,SGUN006A-OW,24.746667,77.035
2009-07-01,268.2,SGUN006A-OW,24.746667,77.035
2009-08-01,164.0,SGUN006A-OW,24.746667,77.035
2009-09-01,122.3,SGUN006A-OW,24.746667,77.035
2009-10-01,68.8,SGUN006A-OW,24.746667,77.035
2009-11-01,48.300000000000004,SGUN006A-OW,24.746667,77.035
2009-12-01,6.0,SGUN006A-OW,24.746667,77.035
2010-01-01,3.5,SGUN006A-OW,24.746667,77.035
2010-02-01,15.7,SGUN006A-OW,24.746667,77.035
2010-03-01,0.0,SGUN006A-OW,24.746667,77.035
2010-04-01,0.0,SGUN006A-OW,24.746667,77.035
2010-05-01,0.0,SGUN006A-OW,24.746667,77.035
2010-06-01,14.2,SGUN006A-OW,24.746667,77.035
2010-07-01,221.1,SGUN006A-OW,24.746667,77.035
2010-08-01,261.9,SGUN006A-OW,24.746667,77.035
2010-09-01,122.4,SGUN006A-OW,24.746667,77.035
2010-10-01,13.399999999999999,SGUN006A-OW,24.746667,77.035
2010-11-01,48.9,SGUN006A-OW,24.746667,77.035
2010-12-01,0.6000000000000001,SGUN006A-OW,24.746667,77.035
2011-01-01,0.0,SGUN006A-OW,24.746667,77.035
2011-02-01,0.1,SGUN006A-OW,24.746667,77.035
2011-03-01,0.3,SGUN006A-OW,24.746667,77.035
2011-04-01,1.2,SGUN006A-OW,24.746667,77.035
2011-05-01,2.2,SGUN006A-OW,24.746667,77.035
2011-06-01,437.3,SGUN006A-OW,24.746667,77.035
2011-07-01,415.0,SGUN006A-OW,24.746667,77.035
2011-08-01,342.0,SGUN006A-OW,24.746667,77.035
2011-09-01,126.3,SGUN006A-OW,24.746667,77.035
2011-10-01,0.0,SGUN006A-OW,24.746667,77.035
2011-11-01,0.0,SGUN006A-OW,24.746667,77.035
2011-12-01,0.3,SGUN006A-OW,24.746667,77.035
2012-01-01,20.200000000000003,SGUN006A-OW,24.746667,77.035
2012-02-01,0.2,SGUN006A-OW,24.746667,77.035
2012-03-01,0.0,SGUN006A-OW,24.746667,77.035
2012-04-01,1.3,SGUN006A-OW,24.746667,77.035
2012-05-01,1.7000000000000002,SGUN006A-OW,24.746667,77.035
2012-06-01,6.0,SGUN006A-OW,24.746667,77.035
2012-07-01,396.09999999999997,SGUN006A-OW,24.746667,77.035
2012-08-01,372.6,SGUN006A-OW,24.746667,77.035
2012-09-01,105.39999999999999,SGUN006A-OW,24.746667,77.035
2012-10-01,0.0,SGUN006A-OW,24.746667,77.035
2012-11-01,0.0,SGUN006A-OW,24.746667,77.035
2012-12-01,0.0,SGUN006A-OW,24.746667,77.035
2013-01-01,0.5,SGUN006A-OW,24.746667,77.035
2013-02-01,48.400000000000006,SGUN006A-OW,24.746667,77.035
2013-03-01,3.9,SGUN006A-OW,24.746667,77.035
2013-04-01,3.6,SGUN006A-OW,24.746667,77.035
2013-05-01,0.0,SGUN006A-OW,24.746667,77.035
2013-06-01,176.1,SGUN006A-OW,24.746667,77.035
2013-07-01,453.9,SGUN006A-OW,24.746667,77.035
2013-08-01,472.6,SGUN006A-OW,24.746667,77.035
2013-09-01,36.7,SGUN006A-OW,24.746667,77.035
2013-10-01,30.9,SGUN006A-OW,24.746667,77.035
2013-11-01,1.7,SGUN006A-OW,24.746667,77.035
2013-12-01,12.0,SGUN006A-OW,24.746667,77.035
2014-01-01,42.0,SGUN006A-OW,24.746667,77.035
2014-02-01,57.3,SGUN006A-OW,24.746667,77.035
2014-03-01,4.6,SGUN006A-OW,24.746667,77.035
2014-04-01,3.2,SGUN006A-OW,24.746667,77.035
2014-05-01,0.2,SGUN006A-OW,24.746667,77.035
2014-06-01,8.6,SGUN006A-OW,24.746667,77.035
2014-07-01,212.2,SGUN006A-OW,24.746667,77.035
2014-08-01,396.59999999999997,SGUN006A-OW,24.746667,77.035
2014-09-01,161.9,SGUN006A-OW,24.746667,77.035
2014-10-01,1.4,SGUN006A-OW,24.746667,77.035
2014-11-01,0.0,SGUN006A-OW,24.746667,77.035
2014-12-01,9.5,SGUN006A-OW,24.746667,77.035
2015-01-01,49.7,SGUN006A-OW,24.746667,77.035
2015-02-01,18.1,SGUN006A-OW,24.746667,77.035
2015-03-01,65.7,SGUN006A-OW,24.746667,77.035
2015-04-01,27.1,SGUN006A-OW,24.746667,77.035
2015-05-01,0.30000000000000004,SGUN006A-OW,24.746667,77.035
2015-06-01,105.3,SGUN006A-OW,24.746667,77.035
2015-07-01,411.2,SGUN006A-OW,24.746667,77.035
2015-08-01,282.7,SGUN006A-OW,24.746667,77.035
2015-09-01,16.3,SGUN006A-OW,24.746667,77.035
2015-10-01,7.8,SGUN006A-OW,24.746667,77.035
2015-11-01,0.5,SGUN006A-OW,24.746667,77.035
2015-12-01,5.0,SGUN006A-OW,24.746667,77.035
2016-01-01,6.699999999999999,SGUN006A-OW,24.746667,77.035
2016-02-01,0.1,SGUN006A-OW,24.746667,77.035
2016-03-01,5.9,SGUN006A-OW,24.746667,77.035
2016-04-01,0.0,SGUN006A-OW,24.746667,77.035
2016-05-01,1.7999999999999998,SGUN006A-OW,24.746667,77.035
2016-06-01,117.7,SGUN006A-OW,24.746667,77.035
2016-07-01,420.4,SGUN006A-OW,24.746667,77.035
2016-08-01,435.5,SGUN006A-OW,24.746667,77.035
2016-09-01,39.6,SGUN006A-OW,24.746667,77.035
2016-10-01,38.4,SGUN006A-OW,24.746667,77.035
2016-11-01,0.0,SGUN006A-OW,24.746667,77.035
2016-12-01,0.0,SGUN006A-OW,24.746667,77.035
2017-01-01,3.3,SGUN006A-OW,24.746667,77.035
2017-02-01,1.2,SGUN006A-OW,24.746667,77.035
2017-03-01,3.9000000000000004,SGUN006A-OW,24.746667,77.035
2017-04-01,1.5,SGUN006A-OW,24.746667,77.035
2017-05-01,1.4000000000000001,SGUN006A-OW,24.746667,77.035
2017-06-01,67.9,SGUN006A-OW,24.746667,77.035
2017-07-01,249.7,SGUN006A-OW,24.746667,77.035
2017-08-01,183.6,SGUN006A-OW,24.746667,77.035
2017-09-01,132.9,SGUN006A-OW,24.746667,77.035
2017-10-01,0.4,SGUN006A-OW,24.746667,77.035
2017-11-01,0.6,SGUN006A-OW,24.746667,77.035
2017-12-01,11.7,SGUN006A-OW,24.746667,77.035
2018-01-01,0.3,SGUN006A-OW,24.746667,77.035
2018-02-01,4.0,SGUN006A-OW,24.746667,77.035
2018-03-01,2.8,SGUN006A-OW,24.746667,77.035
2018-04-01,5.3,SGUN006A-OW,24.746667,77.035
2018-05-01,0.30000000000000004,SGUN006A-OW,24.746667,77.035
2018-06-01,79.5,SGUN006A-OW,24.746667,77.035
2018-07-01,515.0,SGUN006A-OW,24.746667,77.035
2018-08-01,333.7,SGUN006A-OW,24.746667,77.035
2018-09-01,225.70000000000002,SGUN006A-OW,24.746667,77.035
2018-10-01,0.0,SGUN006A-OW,24.746667,77.035
2018-11-01,0.0,SGUN006A-OW,24.746667,77.035
2018-12-01,0.0,SGUN006A-OW,24.746667,77.035
2019-01-01,3.0999999999999996,SGUN006A-OW,24.746667,77.035
2019-02-01,3.9,SGUN006A-OW,24.746667,77.035
2019-03-01,2.0,SGUN006A-OW,24.746667,77.035
2019-04-01,23.4,SGUN006A-OW,24.746667,77.035
2019-05-01,0.0,SGUN006A-OW,24.746667,77.035
2019-06-01,51.1,SGUN006A-OW,24.746667,77.035
2019-07-01,392.6,SGUN006A-OW,24.746667,77.035
2019-08-01,550.7,SGUN006A-OW,24.746667,77.035
2019-09-01,370.2,SGUN006A-OW,24.746667,77.035
2019-10-01,105.60000000000001,SGUN006A-OW,24.746667,77.035
2019-11-01,30.700000000000003,SGUN006A-OW,24.746667,77.035
2019-12-01,7.800000000000001,SGUN006A-OW,24.746667,77.035
2020-01-01,27.3,SGUN006A-OW,24.746667,77.035
2020-02-01,2.9,SGUN006A-OW,24.746667,77.035
2020-03-01,8.600000000000001,SGUN006A-OW,24.746667,77.035
2020-04-01,0.4,SGUN006A-OW,24.746667,77.035
2020-05-01,0.2,SGUN006A-OW,24.746667,77.035
2020-06-01,95.7,SGUN006A-OW,24.746667,77.035
2020-07-01,155.6,SGUN006A-OW,24.746667,77.035
2020-08-01,454.0,SGUN006A-OW,24.746667,77.035
2020-09-01,79.9,SGUN006A-OW,24.746667,77.035
2020-10-01,0.6,SGUN006A-OW,24.746667,77.035
2020-11-01,4.2,SGUN006A-OW,24.746667,77.035
2020-12-01,20.1,SGUN006A-OW,24.746667,77.035
2021-01-01,7.8,SGUN006A-OW,24.746667,77.035
2021-02-01,0.1,SGUN006A-OW,24.746667,77.035
2021-03-01,0.2,SGUN006A-OW,24.746667,77.035
2021-04-01,0.1,SGUN006A-OW,24.746667,77.035
2021-05-01,38.4,SGUN006A-OW,24.746667,77.035
2021-06-01,28.0,SGUN006A-OW,24.746667,77.035
2021-07-01,426.1,SGUN006A-OW,24.746667,77.035
2021-08-01,1038.9,SGUN006A-OW,24.746667,77.035
2021-09-01,224.9,SGUN006A-OW,24.746667,77.035
2021-10-01,49.800000000000004,SGUN006A-OW,24.746667,77.035
2021-11-01,9.4,SGUN006A-OW,24.746667,77.035
2021-12-01,17.400000000000002,SGUN006A-OW,24.746667,77.035
2022-01-01,51.6,SGUN006A-OW,24.746667,77.035
2022-02-01,0.4,SGUN006A-OW,24.746667,77.035
2022-03-01,0.0,SGUN006A-OW,24.746667,77.035
2022-04-01,0.0,SGUN006A-OW,24.746667,77.035
2022-05-01,4.1,SGUN006A-OW,24.746667,77.035
2022-06-01,95.6,SGUN006A-OW,24.746667,77.035
2022-07-01,395.5,SGUN006A-OW,24.746667,77.035
2022-08-01,420.90000000000003,SGUN006A-OW,24.746667,77.035
2022-09-01,189.4,SGUN006A-OW,24.746667,77.035
2022-10-01,73.7,SGUN006A-OW,24.746667,77.035
2022-11-01,0.0,SGUN006A-OW,24.746667,77.035
2022-12-01,0.0,SGUN006A-OW,24.746667,77.035
2023-01-01,17.5,SGUN006A-OW,24.746667,77.035
2023-02-01,0.0,SGUN006A-OW,24.746667,77.035
2023-03-01,26.1,SGUN006A-OW,24.746667,77.035
2023-04-01,26.1,SGUN006A-OW,24.746667,77.035
2023-05-01,20.900000000000002,SGUN006A-OW,24.746667,77.035
2023-06-01,207.3,SGUN006A-OW,24.746667,77.035
2023-07-01,287.0,SGUN006A-OW,24.746667,77.035
2023-08-01,151.4,SGUN006A-OW,24.746667,77.035
2023-09-01,170.6,SGUN006A-OW,24.746667,77.035
2023-10-01,1.4000000000000001,SGUN006A-OW,24.746667,77.035
2023-11-01,4.5,SGUN006A-OW,24.746667,77.035
2023-12-01,11.6,SGUN006A-OW,24.746667,77.035
2024-01-01,5.2,SGUN006A-OW,24.746667,77.035
2024-02-01,15.2,SGUN006A-OW,24.746667,77.035
2024-03-01,9.5,SGUN006A-OW,24.746667,77.035
2024-04-01,2.6,SGUN006A-OW,24.746667,77.035
2024-05-01,0.8,SGUN006A-OW,24.746667,77.035
2024-06-01,76.4,SGUN006A-OW,24.746667,77.035
2024-07-01,363.2,SGUN006A-OW,24.746667,77.035
2024-08-01,354.40000000000003,SGUN006A-OW,24.746667,77.035
2024-09-01,334.7,SGUN006A-OW,24.746667,77.035
2024-10-01,11.899999999999999,SGUN006A-OW,24.746667,77.035
2024-11-01,0.0,SGUN006A-OW,24.746667,77.035
2024-12-01,13.6,SGUN006A-OW,24.746667,77.035
1976-01-01,24.799999999999997,SGUN003-OW,25.054722,77.139167
1976-02-01,1.2000000000000002,SGUN003-OW,25.054722,77.139167
1976-03-01,0.2,SGUN003-OW,25.054722,77.139167
1976-04-01,3.5,SGUN003-OW,25.054722,77.139167
1976-05-01,4.4,SGUN003-OW,25.054722,77.139167
1976-06-01,176.6,SGUN003-OW,25.054722,77.139167
1976-07-01,202.6,SGUN003-OW,25.054722,77.139167
1976-08-01,293.8,SGUN003-OW,25.054722,77.139167
1976-09-01,92.7,SGUN003-OW,25.054722,77.139167
1976-10-01,0.0,SGUN003-OW,25.054722,77.139167
1976-11-01,53.99999999999999,SGUN003-OW,25.054722,77.139167
1976-12-01,0.1,SGUN003-OW,25.054722,77.139167
1977-01-01,10.5,SGUN003-OW,25.054722,77.139167
1977-02-01,1.4,SGUN003-OW,25.054722,77.139167
1977-03-01,2.5,SGUN003-OW,25.054722,77.139167
1977-04-01,4.1000000000000005,SGUN003-OW,25.054722,77.139167
1977-05-01,10.1,SGUN003-OW,25.054722,77.139167
1977-06-01,119.60000000000001,SGUN003-OW,25.054722,77.139167
1977-07-01,329.4,SGUN003-OW,25.054722,77.139167
1977-08-01,203.7,SGUN003-OW,25.054722,77.139167
1977-09-01,79.8,SGUN003-OW,25.054722,77.139167
1977-10-01,1.3,SGUN003-OW,25.054722,77.139167
1977-11-01,19.0,SGUN003-OW,25.054722,77.139167
1977-12-01,4.4,SGUN003-OW,25.054722,77.139167
1978-01-01,0.1,SGUN003-OW,25.054722,77.139167
1978-02-01,7.0,SGUN003-OW,25.054722,77.139167
1978-03-01,5.0,SGUN003-OW,25.054722,77.139167
1978-04-01,3.3,SGUN003-OW,25.054722,77.139167
1978-05-01,0.0,SGUN003-OW,25.054722,77.139167
1978-06-01,159.8,SGUN003-OW,25.054722,77.139167
1978-07-01,237.7,SGUN003-OW,25.054722,77.139167
1978-08-01,331.59999999999997,SGUN003-OW,25.054722,77.139167
1978-09-01,115.6,SGUN003-OW,25.054722,77.139167
1978-10-01,0.5,SGUN003-OW,25.054722,77.139167
1978-11-01,21.4,SGUN003-OW,25.054722,77.139167
1978-12-01,5.7,SGUN003-OW,25.054722,77.139167
1979-01-01,18.8,SGUN003-OW,25.054722,77.139167
1979-02-01,72.39999999999999,SGUN003-OW,25.054722,77.139167
1979-03-01,5.0,SGUN003-OW,25.054722,77.139167
1979-04-01,0.1,SGUN003-OW,25.054722,77.139167
1979-05-01,7.1000000000000005,SGUN003-OW,25.054722,77.139167
1979-06-01,82.4,SGUN003-OW,25.054722,77.139167
1979-07-01,475.40000000000003,SGUN003-OW,25.054722,77.139167
1979-08-01,78.5,SGUN003-OW,25.054722,77.139167
1979-09-01,5.3,SGUN003-OW,25.054722,77.139167
1979-10-01,1.5,SGUN003-OW,25.054722,77.139167
1979-11-01,91.9,SGUN003-OW,25.054722,77.139167
1979-12-01,0.3,SGUN003-OW,25.054722,77.139167
1980-01-01,2.3,SGUN003-OW,25.054722,77.139167
1980-02-01,1.9,SGUN003-OW,25.054722,77.139167
1980-03-01,0.0,SGUN003-OW,25.054722,77.139167
1980-04-01,0.1,SGUN003-OW,25.054722,77.139167
1980-05-01,0.0,SGUN003-OW,25.054722,77.139167
1980-06-01,181.1,SGUN003-OW,25.054722,77.139167
1980-07-01,296.4,SGUN003-OW,25.054722,77.139167
1980-08-01,169.2,SGUN003-OW,25.054722,77.139167
1980-09-01,19.2,SGUN003-OW,25.054722,77.139167
1980-10-01,0.9,SGUN003-OW,25.054722,77.139167
1980-11-01,0.0,SGUN003-OW,25.054722,77.139167
1980-12-01,33.6,SGUN003-OW,25.054722,77.139167
1981-01-01,5.0,SGUN003-OW,25.054722,77.139167
1981-02-01,0.0,SGUN003-OW,25.054722,77.139167
1981-03-01,10.4,SGUN003-OW,25.054722,77.139167
1981-04-01,0.0,SGUN003-OW,25.054722,77.139167
1981-05-01,5.9,SGUN003-OW,25.054722,77.139167
1981-06-01,96.89999999999999,SGUN003-OW,25.054722,77.139167
1981-07-01,278.2,SGUN003-OW,25.054722,77.139167
1981-08-01,143.4,SGUN003-OW,25.054722,77.139167
1981-09-01,29.0,SGUN003-OW,25.054722,77.139167
1981-10-01,27.0,SGUN003-OW,25.054722,77.139167
1981-11-01,32.2,SGUN003-OW,25.054722,77.139167
1981-12-01,11.899999999999999,SGUN003-OW,25.054722,77.139167
1982-01-01,35.4,SGUN003-OW,25.054722,77.139167
1982-02-01,4.9,SGUN003-OW,25.054722,77.139167
1982-03-01,4.8,SGUN003-OW,25.054722,77.139167
1982-04-01,4.3,SGUN003-OW,25.054722,77.139167
1982-05-01,12.2,SGUN003-OW,25.054722,77.139167
1982-06-01,7.3999999999999995,SGUN003-OW,25.054722,77.139167
1982-07-01,235.6,SGUN003-OW,25.054722,77.139167
1982-08-01,224.0,SGUN003-OW,25.054722,77.139167
1982-09-01,39.6,SGUN003-OW,25.054722,77.139167
1982-10-01,11.8,SGUN003-OW,25.054722,77.139167
1982-11-01,58.8,SGUN003-OW,25.054722,77.139167
1982-12-01,5.3,SGUN003-OW,25.054722,77.139167
1983-01-01,22.4,SGUN003-OW,25.054722,77.139167
1983-02-01,0.0,SGUN003-OW,25.054722,77.139167
1983-03-01,0.0,SGUN003-OW,25.054722,77.139167
1983-04-01,30.3,SGUN003-OW,25.054722,77.139167
1983-05-01,22.2,SGUN003-OW,25.054722,77.139167
1983-06-01,88.89999999999999,SGUN003-OW,25.054722,77.139167
1983-07-01,139.4,SGUN003-OW,25.054722,77.139167
1983-08-01,184.6,SGUN003-OW,25.054722,77.139167
1983-09-01,144.0,SGUN003-OW,25.054722,77.139167
1983-10-01,37.1,SGUN003-OW,25.054722,77.139167
1983-11-01,0.0,SGUN003-OW,25.054722,77.139167
1983-12-01,0.2,SGUN003-OW,25.054722,77.139167
1984-01-01,18.8,SGUN003-OW,25.054722,77.139167
1984-02-01,7.9,SGUN003-OW,25.054722,77.139167
1984-03-01,0.1,SGUN003-OW,25.054722,77.139167
1984-04-01,0.1,SGUN003-OW,25.054722,77.139167
1984-05-01,0.3,SGUN003-OW,25.054722,77.139167
1984-06-01,35.8,SGUN003-OW,25.054722,77.139167
1984-07-01,146.29999999999998,SGUN003-OW,25.054722,77.139167
1984-08-01,267.5,SGUN003-OW,25.054722,77.139167
1984-09-01,58.1,SGUN003-OW,25.054722,77.139167
1984-10-01,0.0,SGUN003-OW,25.054722,77.139167
1984-11-01,0.0,SGUN003-OW,25.054722,77.139167
1984-12-01,1.0,SGUN003-OW,25.054722,77.139167
1985-01-01,1.4,SGUN003-OW,25.054722,77.139167
1985-02-01,0.0,SGUN003-OW,25.054722,77.139167
1985-03-01,0.1,SGUN003-OW,25.054722,77.139167
1985-04-01,0.0,SGUN003-OW,25.054722,77.139167
1985-05-01,2.6,SGUN003-OW,25.054722,77.139167
1985-06-01,7.6,SGUN003-OW,25.054722,77.139167
1985-07-01,238.4,SGUN003-OW,25.054722,77.139167
1985-08-01,354.0,SGUN003-OW,25.054722,77.139167
1985-09-01,84.6,SGUN003-OW,25.054722,77.139167
1985-10-01,156.3,SGUN003-OW,25.054722,77.139167
1985-11-01,0.0,SGUN003-OW,25.054722,77.139167
1985-12-01,7.0,SGUN003-OW,25.054722,77.139167
1986-01-01,22.799999999999997,SGUN003-OW,25.054722,77.139167
1986-02-01,36.4,SGUN003-OW,25.054722,77.139167
1986-03-01,2.6999999999999997,SGUN003-OW,25.054722,77.139167
1986-04-01,0.0,SGUN003-OW,25.054722,77.139167
1986-05-01,6.6000000000000005,SGUN003-OW,25.054722,77.139167
1986-06-01,55.5,SGUN003-OW,25.054722,77.139167
1986-07-01,618.2,SGUN003-OW,25.054722,77.139167
1986-08-01,112.2,SGUN003-OW,25.054722,77.139167
1986-09-01,5.699999999999999,SGUN003-OW,25.054722,77.139167
1986-10-01,0.30000000000000004,SGUN003-OW,25.054722,77.139167
1986-11-01,0.0,SGUN003-OW,25.054722,77.139167
1986-12-01,0.9,SGUN003-OW,25.054722,77.139167
1987-01-01,25.7,SGUN003-OW,25.054722,77.139167
1987-02-01,11.3,SGUN003-OW,25.054722,77.139167
1987-03-01,0.6000000000000001,SGUN003-OW,25.054722,77.139167
1987-04-01,0.30000000000000004,SGUN003-OW,25.054722,77.139167
1987-05-01,8.4,SGUN003-OW,25.054722,77.139167
1987-06-01,17.5,SGUN003-OW,25.054722,77.139167
1987-07-01,54.2,SGUN003-OW,25.054722,77.139167
1987-08-01,522.9,SGUN003-OW,25.054722,77.139167
1987-09-01,31.3,SGUN003-OW,25.054722,77.139167
1987-10-01,35.7,SGUN003-OW,25.054722,77.139167
1987-11-01,0.0,SGUN003-OW,25.054722,77.139167
1987-12-01,20.7,SGUN003-OW,25.054722,77.139167
1988-01-01,3.9000000000000004,SGUN003-OW,25.054722,77.139167
1988-02-01,0.3,SGUN003-OW,25.054722,77.139167
1988-03-01,3.4000000000000004,SGUN003-OW,25.054722,77.139167
1988-04-01,0.6,SGUN003-OW,25.054722,77.139167
1988-05-01,3.8,SGUN003-OW,25.054722,77.139167
1988-06-01,115.6,SGUN003-OW,25.054722,77.139167
1988-07-01,490.6,SGUN003-OW,25.054722,77.139167
1988-08-01,203.2,SGUN003-OW,25.054722,77.139167
1988-09-01,54.3,SGUN003-OW,25.054722,77.139167
1988-10-01,26.0,SGUN003-OW,25.054722,77.139167
1988-11-01,0.0,SGUN003-OW,25.054722,77.139167
1988-12-01,0.1,SGUN003-OW,25.054722,77.139167
1989-01-01,2.6,SGUN003-OW,25.054722,77.139167
1989-02-01,0.0,SGUN003-OW,25.054722,77.139167
1989-03-01,9.299999999999999,SGUN003-OW,25.054722,77.139167
1989-04-01,0.1,SGUN003-OW,25.054722,77.139167
1989-05-01,1.9000000000000001,SGUN003-OW,25.054722,77.139167
1989-06-01,37.5,SGUN003-OW,25.054722,77.139167
1989-07-01,157.7,SGUN003-OW,25.054722,77.139167
1989-08-01,267.2,SGUN003-OW,25.054722,77.139167
1989-09-01,49.800000000000004,SGUN003-OW,25.054722,77.139167
1989-10-01,0.0,SGUN003-OW,25.054722,77.139167
1989-11-01,1.7,SGUN003-OW,25.054722,77.139167
1989-12-01,10.4,SGUN003-OW,25.054722,77.139167
1990-01-01,0.0,SGUN003-OW,25.054722,77.139167
1990-02-01,37.9,SGUN003-OW,25.054722,77.139167
1990-03-01,0.3,SGUN003-OW,25.054722,77.139167
1990-04-01,0.2,SGUN003-OW,25.054722,77.139167
1990-05-01,13.5,SGUN003-OW,25.054722,77.139167
1990-06-01,208.9,SGUN003-OW,25.054722,77.139167
1990-07-01,232.2,SGUN003-OW,25.054722,77.139167
1990-08-01,202.4,SGUN003-OW,25.054722,77.139167
1990-09-01,207.6,SGUN003-OW,25.054722,77.139167
1990-10-01,2.0,SGUN003-OW,25.054722,77.139167
1990-11-01,3.8000000000000003,SGUN003-OW,25.054722,77.139167
1990-12-01,16.700000000000003,SGUN003-OW,25.054722,77.139167
1991-01-01,2.5,SGUN003-OW,25.054722,77.139167
1991-02-01,8.3,SGUN003-OW,25.054722,77.139167
1991-03-01,4.6,SGUN003-OW,25.054722,77.139167
1991-04-01,1.3,SGUN003-OW,25.054722,77.139167
1991-05-01,3.1,SGUN003-OW,25.054722,77.139167
1991-06-01,13.6,SGUN003-OW,25.054722,77.139167
1991-07-01,489.7,SGUN003-OW,25.054722,77.139167
1991-08-01,316.6,SGUN003-OW,25.054722,77.139167
1991-09-01,11.2,SGUN003-OW,25.054722,77.139167
1991-10-01,0.0,SGUN003-OW,25.054722,77.139167
1991-11-01,9.4,SGUN003-OW,25.054722,77.139167
1991-12-01,8.1,SGUN003-OW,25.054722,77.139167
1992-01-01,8.0,SGUN003-OW,25.054722,77.139167
1992-02-01,0.0,SGUN003-OW,25.054722,77.139167
1992-03-01,0.5,SGUN003-OW,25.054722,77.139167
1992-04-01,0.1,SGUN003-OW,25.054722,77.139167
1992-05-01,13.2,SGUN003-OW,25.054722,77.139167
1992-06-01,11.200000000000001,SGUN003-OW,25.054722,77.139167
1992-07-01,345.8,SGUN003-OW,25.054722,77.139167
1992-08-01,226.8,SGUN003-OW,25.054722,77.139167
1992-09-01,49.0,SGUN003-OW,25.054722,77.139167
1992-10-01,50.300000000000004,SGUN003-OW,25.054722,77.139167
1992-11-01,0.30000000000000004,SGUN003-OW,25.054722,77.139167
1992-12-01,0.0,SGUN003-OW,25.054722,77.139167
1993-01-01,0.1,SGUN003-OW,25.054722,77.139167
1993-02-01,7.7,SGUN003-OW,25.054722,77.139167
1993-03-01,7.9,SGUN003-OW,25.054722,77.139167
1993-04-01,4.300000000000001,SGUN003-OW,25.054722,77.139167
1993-05-01,5.6,SGUN003-OW,25.054722,77.139167
1993-06-01,111.2,SGUN003-OW,25.054722,77.139167
1993-07-01,244.6,SGUN003-OW,25.054722,77.139167
1993-08-01,157.6,SGUN003-OW,25.054722,77.139167
1993-09-01,309.9,SGUN003-OW,25.054722,77.139167
1993-10-01,3.9,SGUN003-OW,25.054722,77.139167
1993-11-01,0.2,SGUN003-OW,25.054722,77.139167
1993-12-01,1.1,SGUN003-OW,25.054722,77.139167
1994-01-01,32.6,SGUN003-OW,25.054722,77.139167
1994-02-01,10.2,SGUN003-OW,25.054722,77.139167
1994-03-01,0.0,SGUN003-OW,25.054722,77.139167
1994-04-01,5.1,SGUN003-OW,25.054722,77.139167
1994-05-01,3.5,SGUN003-OW,25.054722,77.139167
1994-06-01,208.6,SGUN003-OW,25.054722,77.139167
1994-07-01,343.8,SGUN003-OW,25.054722,77.139167
1994-08-01,327.0,SGUN003-OW,25.054722,77.139167
1994-09-01,61.5,SGUN003-OW,25.054722,77.139167
1994-10-01,2.2,SGUN003-OW,25.054722,77.139167
1994-11-01,0.1,SGUN003-OW,25.054722,77.139167
1994-12-01,0.0,SGUN003-OW,25.054722,77.139167
1995-01-01,31.6,SGUN003-OW,25.054722,77.139167
1995-02-01,2.5,SGUN003-OW,25.054722,77.139167
1995-03-01,13.4,SGUN003-OW,25.054722,77.139167
1995-04-01,4.4,SGUN003-OW,25.054722,77.139167
1995-05-01,0.1,SGUN003-OW,25.054722,77.139167
1995-06-01,6.0,SGUN003-OW,25.054722,77.139167
1995-07-01,246.9,SGUN003-OW,25.054722,77.139167
1995-08-01,400.5,SGUN003-OW,25.054722,77.139167
1995-09-01,79.10000000000001,SGUN003-OW,25.054722,77.139167
1995-10-01,2.9,SGUN003-OW,25.054722,77.139167
1995-11-01,0.2,SGUN003-OW,25.054722,77.139167
1995-12-01,28.4,SGUN003-OW,25.054722,77.139167
1996-01-01,13.2,SGUN003-OW,25.054722,77.139167
1996-02-01,6.1,SGUN003-OW,25.054722,77.139167
1996-03-01,5.1,SGUN003-OW,25.054722,77.139167
1996-04-01,0.6,SGUN003-OW,25.054722,77.139167
1996-05-01,2.4,SGUN003-OW,25.054722,77.139167
1996-06-01,23.7,SGUN003-OW,25.054722,77.139167
1996-07-01,315.8,SGUN003-OW,25.054722,77.139167
1996-08-01,550.9,SGUN003-OW,25.054722,77.139167
1996-09-01,125.0,SGUN003-OW,25.054722,77.139167
1996-10-01,60.8,SGUN003-OW,25.054722,77.139167
1996-11-01,0.1,SGUN003-OW,25.054722,77.139167
1996-12-01,0.0,SGUN003-OW,25.054722,77.139167
1997-01-01,2.3,SGUN003-OW,25.054722,77.139167
1997-02-01,0.1,SGUN003-OW,25.054722,77.139167
1997-03-01,2.6999999999999997,SGUN003-OW,25.054722,77.139167
1997-04-01,8.700000000000001,SGUN003-OW,25.054722,77.139167
1997-05-01,9.0,SGUN003-OW,25.054722,77.139167
1997-06-01,101.6,SGUN003-OW,25.054722,77.139167
1997-07-01,281.1,SGUN003-OW,25.054722,77.139167
1997-08-01,202.6,SGUN003-OW,25.054722,77.139167
1997-09-01,52.3,SGUN003-OW,25.054722,77.139167
1997-10-01,35.2,SGUN003-OW,25.054722,77.139167
1997-11-01,43.1,SGUN003-OW,25.054722,77.139167
1997-12-01,98.5,SGUN003-OW,25.054722,77.139167
1998-01-01,0.5,SGUN003-OW,25.054722,77.139167
1998-02-01,2.4,SGUN003-OW,25.054722,77.139167
1998-03-01,15.8,SGUN003-OW,25.054722,77.139167
1998-04-01,0.9,SGUN003-OW,25.054722,77.139167
1998-05-01,1.2,SGUN003-OW,25.054722,77.139167
1998-06-01,80.9,SGUN003-OW,25.054722,77.139167
1998-07-01,252.70000000000002,SGUN003-OW,25.054722,77.139167
1998-08-01,158.3,SGUN003-OW,25.054722,77.139167
1998-09-01,84.6,SGUN003-OW,25.054722,77.139167
1998-10-01,18.700000000000003,SGUN003-OW,25.054722,77.139167
1998-11-01,0.3,SGUN003-OW,25.054722,77.139167
1998-12-01,0.0,SGUN003-OW,25.054722,77.139167
1999-01-01,1.9,SGUN003-OW,25.054722,77.139167
1999-02-01,14.100000000000001,SGUN003-OW,25.054722,77.139167
1999-03-01,0.0,SGUN003-OW,25.054722,77.139167
1999-04-01,0.2,SGUN003-OW,25.054722,77.139167
1999-05-01,6.7,SGUN003-OW,25.054722,77.139167
1999-06-01,158.4,SGUN003-OW,25.054722,77.139167
1999-07-01,199.4,SGUN003-OW,25.054722,77.139167
1999-08-01,136.4,SGUN003-OW,25.054722,77.139167
1999-09-01,133.3,SGUN003-OW,25.054722,77.139167
1999-10-01,16.9,SGUN003-OW,25.054722,77.139167
1999-11-01,0.0,SGUN003-OW,25.054722,77.139167
1999-12-01,0.0,SGUN003-OW,25.054722,77.139167
2000-01-01,0.0,SGUN003-OW,25.054722,77.139167
2000-02-01,0.2,SGUN003-OW,25.054722,77.139167
2000-03-01,0.0,SGUN003-OW,25.054722,77.139167
2000-04-01,0.3,SGUN003-OW,25.054722,77.139167
2000-05-01,49.6,SGUN003-OW,25.054722,77.139167
2000-06-01,34.6,SGUN003-OW,25.054722,77.139167
2000-07-01,714.5,SGUN003-OW,25.054722,77.139167
2000-08-01,120.2,SGUN003-OW,25.054722,77.139167
2000-09-01,25.0,SGUN003-OW,25.054722,77.139167
2000-10-01,0.0,SGUN003-OW,25.054722,77.139167
2000-11-01,0.0,SGUN003-OW,25.054722,77.139167
2000-12-01,7.2,SGUN003-OW,25.054722,77.139167
2001-01-01,0.2,SGUN003-OW,25.054722,77.139167
2001-02-01,0.0,SGUN003-OW,25.054722,77.139167
2001-03-01,0.4,SGUN003-OW,25.054722,77.139167
2001-04-01,7.9,SGUN003-OW,25.054722,77.139167
2001-05-01,18.0,SGUN003-OW,25.054722,77.139167
2001-06-01,197.4,SGUN003-OW,25.054722,77.139167
2001-07-01,335.0,SGUN003-OW,25.054722,77.139167
2001-08-01,128.6,SGUN003-OW,25.054722,77.139167
2001-09-01,4.7,SGUN003-OW,25.054722,77.139167
2001-10-01,19.8,SGUN003-OW,25.054722,77.139167
2001-11-01,0.0,SGUN003-OW,25.054722,77.139167
2001-12-01,0.0,SGUN003-OW,25.054722,77.139167
2002-01-01,1.4,SGUN003-OW,25.054722,77.139167
2002-02-01,44.199999999999996,SGUN003-OW,25.054722,77.139167
2002-03-01,0.8,SGUN003-OW,25.054722,77.139167
2002-04-01,1.4000000000000001,SGUN003-OW,25.054722,77.139167
2002-05-01,1.4,SGUN003-OW,25.054722,77.139167
2002-06-01,67.1,SGUN003-OW,25.054722,77.139167
2002-07-01,35.0,SGUN003-OW,25.054722,77.139167
2002-08-01,282.0,SGUN003-OW,25.054722,77.139167
2002-09-01,26.7,SGUN003-OW,25.054722,77.139167
2002-10-01,0.1,SGUN003-OW,25.054722,77.139167
2002-11-01,0.6,SGUN003-OW,25.054722,77.139167
2002-12-01,3.2,SGUN003-OW,25.054722,77.139167
2003-01-01,8.9,SGUN003-OW,25.054722,77.139167
2003-02-01,13.6,SGUN003-OW,25.054722,77.139167
2003-03-01,0.1,SGUN003-OW,25.054722,77.139167
2003-04-01,8.3,SGUN003-OW,25.054722,77.139167
2003-05-01,1.9,SGUN003-OW,25.054722,77.139167
2003-06-01,68.8,SGUN003-OW,25.054722,77.139167
2003-07-01,294.3,SGUN003-OW,25.054722,77.139167
2003-08-01,161.6,SGUN003-OW,25.054722,77.139167
2003-09-01,185.7,SGUN003-OW,25.054722,77.139167
2003-10-01,0.2,SGUN003-OW,25.054722,77.139167
2003-11-01,0.0,SGUN003-OW,25.054722,77.139167
2003-12-01,8.7,SGUN003-OW,25.054722,77.139167
2004-01-01,8.2,SGUN003-OW,25.054722,77.139167
2004-02-01,0.0,SGUN003-OW,25.054722,77.139167
2004-03-01,0.0,SGUN003-OW,25.054722,77.139167
2004-04-01,0.1,SGUN003-OW,25.054722,77.139167
2004-05-01,3.6,SGUN003-OW,25.054722,77.139167
2004-06-01,79.3,SGUN003-OW,25.054722,77.139167
2004-07-01,210.8,SGUN003-OW,25.054722,77.139167
2004-08-01,306.9,SGUN003-OW,25.054722,77.139167
2004-09-01,33.4,SGUN003-OW,25.054722,77.139167
2004-10-01,26.1,SGUN003-OW,25.054722,77.139167
2004-11-01,0.0,SGUN003-OW,25.054722,77.139167
2004-12-01,0.0,SGUN003-OW,25.054722,77.139167
2005-01-01,4.5,SGUN003-OW,25.054722,77.139167
2005-02-01,0.5,SGUN003-OW,25.054722,77.139167
2005-03-01,14.9,SGUN003-OW,25.054722,77.139167
2005-04-01,2.0,SGUN003-OW,25.054722,77.139167
2005-05-01,1.9,SGUN003-OW,25.054722,77.139167
2005-06-01,80.5,SGUN003-OW,25.054722,77.139167
2005-07-01,420.2,SGUN003-OW,25.054722,77.139167
2005-08-01,143.0,SGUN003-OW,25.054722,77.139167
2005-09-01,118.89999999999999,SGUN003-OW,25.054722,77.139167
2005-10-01,0.0,SGUN003-OW,25.054722,77.139167
2005-11-01,0.0,SGUN003-OW,25.054722,77.139167
2005-12-01,1.1,SGUN003-OW,25.054722,77.139167
2006-01-01,0.0,SGUN003-OW,25.054722,77.139167
2006-02-01,0.0,SGUN003-OW,25.054722,77.139167
2006-03-01,40.099999999999994,SGUN003-OW,25.054722,77.139167
2006-04-01,0.0,SGUN003-OW,25.054722,77.139167
2006-05-01,2.7,SGUN003-OW,25.054722,77.139167
2006-06-01,66.9,SGUN003-OW,25.054722,77.139167
2006-07-01,264.2,SGUN003-OW,25.054722,77.139167
2006-08-01,251.4,SGUN003-OW,25.054722,77.139167
2006-09-01,58.2,SGUN003-OW,25.054722,77.139167
2006-10-01,5.6,SGUN003-OW,25.054722,77.139167
2006-11-01,1.1,SGUN003-OW,25.054722,77.139167
2006-12-01,0.1,SGUN003-OW,25.054722,77.139167
2007-01-01,0.0,SGUN003-OW,25.054722,77.139167
2007-02-01,35.6,SGUN003-OW,25.054722,77.139167
2007-03-01,1.9,SGUN003-OW,25.054722,77.139167
2007-04-01,0.4,SGUN003-OW,25.054722,77.139167
2007-05-01,0.5,SGUN003-OW,25.054722,77.139167
2007-06-01,65.10000000000001,SGUN003-OW,25.054722,77.139167
2007-07-01,329.2,SGUN003-OW,25.054722,77.139167
2007-08-01,238.6,SGUN003-OW,25.054722,77.139167
2007-09-01,51.1,SGUN003-OW,25.054722,77.139167
2007-10-01,0.0,SGUN003-OW,25.054722,77.139167
2007-11-01,0.2,SGUN003-OW,25.054722,77.139167
2007-12-01,3.5,SGUN003-OW,25.054722,77.139167
2008-01-01,0.0,SGUN003-OW,25.054722,77.139167
2008-02-01,0.1,SGUN003-OW,25.054722,77.139167
2008-03-01,4.0,SGUN003-OW,25.054722,77.139167
2008-04-01,1.4,SGUN003-OW,25.054722,77.139167
2008-05-01,3.6999999999999997,SGUN003-OW,25.054722,77.139167
2008-06-01,293.4,SGUN003-OW,25.054722,77.139167
2008-07-01,269.8,SGUN003-OW,25.054722,77.139167
2008-08-01,154.5,SGUN003-OW,25.054722,77.139167
2008-09-01,107.5,SGUN003-OW,25.054722,77.139167
2008-10-01,2.2,SGUN003-OW,25.054722,77.139167
2008-11-01,6.5,SGUN003-OW,25.054722,77.139167
2008-12-01,0.0,SGUN003-OW,25.054722,77.139167
2009-01-01,10.600000000000001,SGUN003-OW,25.054722,77.139167
2009-02-01,0.6,SGUN003-OW,25.054722,77.139167
2009-03-01,1.5999999999999999,SGUN003-OW,25.054722,77.139167
2009-04-01,2.3,SGUN003-OW,25.054722,77.139167
2009-05-01,7.1,SGUN003-OW,25.054722,77.139167
2009-06-01,34.9,SGUN003-OW,25.054722,77.139167
2009-07-01,193.4,SGUN003-OW,25.054722,77.139167
2009-08-01,155.6,SGUN003-OW,25.054722,77.139167
2009-09-01,102.4,SGUN003-OW,25.054722,77.139167
2009-10-01,54.1,SGUN003-OW,25.054722,77.139167
2009-11-01,58.6,SGUN003-OW,25.054722,77.139167
2009-12-01,9.4,SGUN003-OW,25.054722,77.139167
2010-01-01,4.7,SGUN003-OW,25.054722,77.139167
2010-02-01,23.9,SGUN003-OW,25.054722,77.139167
2010-03-01,0.0,SGUN003-OW,25.054722,77.139167
2010-04-01,0.0,SGUN003-OW,25.054722,77.139167
2010-05-01,0.0,SGUN003-OW,25.054722,77.139167
2010-06-01,22.5,SGUN003-OW,25.054722,77.139167
2010-07-01,198.2,SGUN003-OW,25.054722,77.139167
2010-08-01,249.4,SGUN003-OW,25.054722,77.139167
2010-09-01,139.9,SGUN003-OW,25.054722,77.139167
2010-10-01,13.8,SGUN003-OW,25.054722,77.139167
2010-11-01,72.1,SGUN003-OW,25.054722,77.139167
2010-12-01,1.3,SGUN003-OW,25.054722,77.139167
2011-01-01,0.0,SGUN003-OW,25.054722,77.139167
2011-02-01,0.1,SGUN003-OW,25.054722,77.139167
2011-03-01,0.9,SGUN003-OW,25.054722,77.139167
2011-04-01,3.7,SGUN003-OW,25.054722,77.139167
2011-05-01,0.6,SGUN003-OW,25.054722,77.139167
2011-06-01,484.2,SGUN003-OW,25.054722,77.139167
2011-07-01,378.0,SGUN003-OW,25.054722,77.139167
2011-08-01,354.4,SGUN003-OW,25.054722,77.139167
2011-09-01,136.8,SGUN003-OW,25.054722,77.139167
2011-10-01,0.0,SGUN003-OW,25.054722,77.139167
2011-11-01,0.0,SGUN003-OW,25.054722,77.139167
2011-12-01,0.3,SGUN003-OW,25.054722,77.139167
2012-01-01,19.400000000000002,SGUN003-OW,25.054722,77.139167
2012-02-01,1.2,SGUN003-OW,25.054722,77.139167
2012-03-01,0.0,SGUN003-OW,25.054722,77.139167
2012-04-01,0.1,SGUN003-OW,25.054722,77.139167
2012-05-01,2.0,SGUN003-OW,25.054722,77.139167
2012-06-01,7.3,SGUN003-OW,25.054722,77.139167
2012-07-01,427.8,SGUN003-OW,25.054722,77.139167
2012-08-01,364.4,SGUN003-OW,25.054722,77.139167
2012-09-01,91.2,SGUN003-OW,25.054722,77.139167
2012-10-01,0.2,SGUN003-OW,25.054722,77.139167
2012-11-01,0.0,SGUN003-OW,25.054722,77.139167
2012-12-01,0.0,SGUN003-OW,25.054722,77.139167
2013-01-01,0.7,SGUN003-OW,25.054722,77.139167
2013-02-01,51.6,SGUN003-OW,25.054722,77.139167
2013-03-01,4.9,SGUN003-OW,25.054722,77.139167
2013-04-01,6.300000000000001,SGUN003-OW,25.054722,77.139167
2013-05-01,0.0,SGUN003-OW,25.054722,77.139167
2013-06-01,179.7,SGUN003-OW,25.054722,77.139167
2013-07-01,381.6,SGUN003-OW,25.054722,77.139167
2013-08-01,382.3,SGUN003-OW,25.054722,77.139167
2013-09-01,41.699999999999996,SGUN003-OW,25.054722,77.139167
2013-10-01,35.0,SGUN003-OW,25.054722,77.139167
2013-11-01,6.8,SGUN003-OW,25.054722,77.139167
2013-12-01,15.0,SGUN003-OW,25.054722,77.139167
2014-01-01,56.1,SGUN003-OW,25.054722,77.139167
2014-02-01,63.099999999999994,SGUN003-OW,25.054722,77.139167
2014-03-01,6.500000000000001,SGUN003-OW,25.054722,77.139167
2014-04-01,2.3,SGUN003-OW,25.054722,77.139167
2014-05-01,0.2,SGUN003-OW,25.054722,77.139167
2014-06-01,5.9,SGUN003-OW,25.054722,77.139167
2014-07-01,208.0,SGUN003-OW,25.054722,77.139167
2014-08-01,455.70000000000005,SGUN003-OW,25.054722,77.139167
2014-09-01,131.2,SGUN003-OW,25.054722,77.139167
2014-10-01,3.2,SGUN003-OW,25.054722,77.139167
2014-11-01,0.0,SGUN003-OW,25.054722,77.139167
2014-12-01,10.8,SGUN003-OW,25.054722,77.139167
2015-01-01,51.4,SGUN003-OW,25.054722,77.139167
2015-02-01,22.6,SGUN003-OW,25.054722,77.139167
2015-03-01,69.4,SGUN003-OW,25.054722,77.139167
2015-04-01,25.9,SGUN003-OW,25.054722,77.139167
2015-05-01,0.39999999999999997,SGUN003-OW,25.054722,77.139167
2015-06-01,79.8,SGUN003-OW,25.054722,77.139167
2015-07-01,325.3,SGUN003-OW,25.054722,77.139167
2015-08-01,206.1,SGUN003-OW,25.054722,77.139167
2015-09-01,15.1,SGUN003-OW,25.054722,77.139167
2015-10-01,7.3999999999999995,SGUN003-OW,25.054722,77.139167
2015-11-01,0.4,SGUN003-OW,25.054722,77.139167
2015-12-01,9.1,SGUN003-OW,25.054722,77.139167
2016-01-01,6.2,SGUN003-OW,25.054722,77.139167
2016-02-01,0.0,SGUN003-OW,25.054722,77.139167
2016-03-01,5.9,SGUN003-OW,25.054722,77.139167
2016-04-01,0.0,SGUN003-OW,25.054722,77.139167
2016-05-01,1.2,SGUN003-OW,25.054722,77.139167
2016-06-01,110.7,SGUN003-OW,25.054722,77.139167
2016-07-01,387.6,SGUN003-OW,25.054722,77.139167
2016-08-01,416.1,SGUN003-OW,25.054722,77.139167
2016-09-01,34.7,SGUN003-OW,25.054722,77.139167
2016-10-01,32.7,SGUN003-OW,25.054722,77.139167
2016-11-01,0.0,SGUN003-OW,25.054722,77.139167
2016-12-01,0.0,SGUN003-OW,25.054722,77.139167
2017-01-01,9.2,SGUN003-OW,25.054722,77.139167
2017-02-01,1.0,SGUN003-OW,25.054722,77.139167
2017-03-01,5.5,SGUN003-OW,25.054722,77.139167
2017-04-01,2.0,SGUN003-OW,25.054722,77.139167
2017-05-01,7.0,SGUN003-OW,25.054722,77.139167
2017-06-01,93.10000000000001,SGUN003-OW,25.054722,77.139167
2017-07-01,199.79999999999998,SGUN003-OW,25.054722,77.139167
2017-08-01,177.8,SGUN003-OW,25.054722,77.139167
2017-09-01,114.3,SGUN003-OW,25.054722,77.139167
2017-10-01,0.1,SGUN003-OW,25.054722,77.139167
2017-11-01,2.3,SGUN003-OW,25.054722,77.139167
2017-12-01,8.0,SGUN003-OW,25.054722,77.139167
2018-01-01,0.3,SGUN003-OW,25.054722,77.139167
2018-02-01,6.1000000000000005,SGUN003-OW,25.054722,77.139167
2018-03-01,5.4,SGUN003-OW,25.054722,77.139167
2018-04-01,7.5,SGUN003-OW,25.054722,77.139167
2018-05-01,1.0,SGUN003-OW,25.054722,77.139167
2018-06-01,147.6,SGUN003-OW,25.054722,77.139167
2018-07-01,372.7,SGUN003-OW,25.054722,77.139167
2018-08-01,278.40000000000003,SGUN003-OW,25.054722,77.139167
2018-09-01,272.1,SGUN003-OW,25.054722,77.139167
2018-10-01,0.0,SGUN003-OW,25.054722,77.139167
2018-11-01,0.0,SGUN003-OW,25.054722,77.139167
2018-12-01,0.3,SGUN003-OW,25.054722,77.139167
2019-01-01,4.6,SGUN003-OW,25.054722,77.139167
2019-02-01,10.799999999999999,SGUN003-OW,25.054722,77.139167
2019-03-01,2.8,SGUN003-OW,25.054722,77.139167
2019-04-01,16.0,SGUN003-OW,25.054722,77.139167
2019-05-01,0.0,SGUN003-OW,25.054722,77.139167
2019-06-01,54.3,SGUN003-OW,25.054722,77.139167
2019-07-01,413.9,SGUN003-OW,25.054722,77.139167
2019-08-01,496.90000000000003,SGUN003-OW,25.054722,77.139167
2019-09-01,316.0,SGUN003-OW,25.054722,77.139167
2019-10-01,126.7,SGUN003-OW,25.054722,77.139167
2019-11-01,21.8,SGUN003-OW,25.054722,77.139167
2019-12-01,8.3,SGUN003-OW,25.054722,77.139167
2020-01-01,21.4,SGUN003-OW,25.054722,77.139167
2020-02-01,1.6,SGUN003-OW,25.054722,77.139167
2020-03-01,12.100000000000001,SGUN003-OW,25.054722,77.139167
2020-04-01,0.9,SGUN003-OW,25.054722,77.139167
2020-05-01,0.5,SGUN003-OW,25.054722,77.139167
2020-06-01,89.6,SGUN003-OW,25.054722,77.139167
2020-07-01,166.0,SGUN003-OW,25.054722,77.139167
2020-08-01,372.6,SGUN003-OW,25.054722,77.139167
2020-09-01,65.1,SGUN003-OW,25.054722,77.139167
2020-10-01,2.1999999999999997,SGUN003-OW,25.054722,77.139167
2020-11-01,5.199999999999999,SGUN003-OW,25.054722,77.139167
2020-12-01,11.9,SGUN003-OW,25.054722,77.139167
2021-01-01,10.4,SGUN003-OW,25.054722,77.139167
2021-02-01,0.2,SGUN003-OW,25.054722,77.139167
2021-03-01,3.7,SGUN003-OW,25.054722,77.139167
2021-04-01,0.0,SGUN003-OW,25.054722,77.139167
2021-05-01,49.0,SGUN003-OW,25.054722,77.139167
2021-06-01,24.7,SGUN003-OW,25.054722,77.139167
2021-07-01,408.5,SGUN003-OW,25.054722,77.139167
2021-08-01,806.3000000000001,SGUN003-OW,25.054722,77.139167
2021-09-01,153.7,SGUN003-OW,25.054722,77.139167
2021-10-01,37.300000000000004,SGUN003-OW,25.054722,77.139167
2021-11-01,19.5,SGUN003-OW,25.054722,77.139167
2021-12-01,24.099999999999998,SGUN003-OW,25.054722,77.139167
2022-01-01,46.5,SGUN003-OW,25.054722,77.139167
2022-02-01,0.1,SGUN003-OW,25.054722,77.139167
2022-03-01,0.1,SGUN003-OW,25.054722,77.139167
2022-04-01,0.0,SGUN003-OW,25.054722,77.139167
2022-05-01,6.2,SGUN003-OW,25.054722,77.139167
2022-06-01,88.1,SGUN003-OW,25.054722,77.139167
2022-07-01,392.3,SGUN003-OW,25.054722,77.139167
2022-08-01,367.8,SGUN003-OW,25.054722,77.139167
2022-09-01,192.39999999999998,SGUN003-OW,25.054722,77.139167
2022-10-01,74.9,SGUN003-OW,25.054722,77.139167
2022-11-01,0.0,SGUN003-OW,25.054722,77.139167
2022-12-01,0.2,SGUN003-OW,25.054722,77.139167
2023-01-01,13.5,SGUN003-OW,25.054722,77.139167
2023-02-01,0.0,SGUN003-OW,25.054722,77.139167
2023-03-01,22.1,SGUN003-OW,25.054722,77.139167
2023-04-01,9.6,SGUN003-OW,25.054722,77.139167
2023-05-01,37.6,SGUN003-OW,25.054722,77.139167
2023-06-01,188.5,SGUN003-OW,25.054722,77.139167
2023-07-01,233.6,SGUN003-OW,25.054722,77.139167
2023-08-01,133.5,SGUN003-OW,25.054722,77.139167
2023-09-01,156.4,SGUN003-OW,25.054722,77.139167
2023-10-01,0.1,SGUN003-OW,25.054722,77.139167
2023-11-01,4.6,SGUN003-OW,25.054722,77.139167
2023-12-01,28.200000000000003,SGUN003-OW,25.054722,77.139167
2024-01-01,3.8,SGUN003-OW,25.054722,77.139167
2024-02-01,15.7,SGUN003-OW,25.054722,77.139167
2024-03-01,3.9000000000000004,SGUN003-OW,25.054722,77.139167
2024-04-01,1.7,SGUN003-OW,25.054722,77.139167
2024-05-01,1.3,SGUN003-OW,25.054722,77.139167
2024-06-01,100.2,SGUN003-OW,25.054722,77.139167
2024-07-01,410.3,SGUN003-OW,25.054722,77.139167
2024-08-01,400.3,SGUN003-OW,25.054722,77.139167
2024-09-01,309.1,SGUN003-OW,25.054722,77.139167
2024-10-01,7.0,SGUN003-OW,25.054722,77.139167
2024-11-01,0.0,SGUN003-OW,25.054722,77.139167
2024-12-01,13.5,SGUN003-OW,25.054722,77.139167
1976-01-01,1.5000000000000002,SIND126-OW,23.013333,75.549722
1976-02-01,0.6,SIND126-OW,23.013333,75.549722
1976-03-01,0.30000000000000004,SIND126-OW,23.013333,75.549722
1976-04-01,3.3000000000000003,SIND126-OW,23.013333,75.549722
1976-05-01,1.2000000000000002,SIND126-OW,23.013333,75.549722
1976-06-01,150.2,SIND126-OW,23.013333,75.549722
1976-07-01,257.1,SIND126-OW,23.013333,75.549722
1976-08-01,414.9,SIND126-OW,23.013333,75.549722
1976-09-01,118.3,SIND126-OW,23.013333,75.549722
1976-10-01,0.0,SIND126-OW,23.013333,75.549722
1976-11-01,73.8,SIND126-OW,23.013333,75.549722
1976-12-01,0.3,SIND126-OW,23.013333,75.549722
1977-01-01,0.5,SIND126-OW,23.013333,75.549722
1977-02-01,5.1,SIND126-OW,23.013333,75.549722
1977-03-01,3.6,SIND126-OW,23.013333,75.549722
1977-04-01,1.3,SIND126-OW,23.013333,75.549722
1977-05-01,9.299999999999999,SIND126-OW,23.013333,75.549722
1977-06-01,151.6,SIND126-OW,23.013333,75.549722
1977-07-01,492.9,SIND126-OW,23.013333,75.549722
1977-08-01,265.8,SIND126-OW,23.013333,75.549722
1977-09-01,131.7,SIND126-OW,23.013333,75.549722
1977-10-01,0.5,SIND126-OW,23.013333,75.549722
1977-11-01,81.3,SIND126-OW,23.013333,75.549722
1977-12-01,0.8,SIND126-OW,23.013333,75.549722
1978-01-01,0.1,SIND126-OW,23.013333,75.549722
1978-02-01,4.4,SIND126-OW,23.013333,75.549722
1978-03-01,0.6000000000000001,SIND126-OW,23.013333,75.549722
1978-04-01,8.6,SIND126-OW,23.013333,75.549722
1978-05-01,0.0,SIND126-OW,23.013333,75.549722
1978-06-01,100.5,SIND126-OW,23.013333,75.549722
1978-07-01,392.3,SIND126-OW,23.013333,75.549722
1978-08-01,369.2,SIND126-OW,23.013333,75.549722
1978-09-01,18.9,SIND126-OW,23.013333,75.549722
1978-10-01,10.2,SIND126-OW,23.013333,75.549722
1978-11-01,49.5,SIND126-OW,23.013333,75.549722
1978-12-01,7.4,SIND126-OW,23.013333,75.549722
1979-01-01,8.8,SIND126-OW,23.013333,75.549722
1979-02-01,15.2,SIND126-OW,23.013333,75.549722
1979-03-01,0.0,SIND126-OW,23.013333,75.549722
1979-04-01,0.1,SIND126-OW,23.013333,75.549722
1979-05-01,2.1,SIND126-OW,23.013333,75.549722
1979-06-01,94.89999999999999,SIND126-OW,23.013333,75.549722
1979-07-01,134.7,SIND126-OW,23.013333,75.549722
1979-08-01,257.2,SIND126-OW,23.013333,75.549722
1979-09-01,7.2,SIND126-OW,23.013333,75.549722
1979-10-01,2.6,SIND126-OW,23.013333,75.549722
1979-11-01,110.6,SIND126-OW,23.013333,75.549722
1979-12-01,0.0,SIND126-OW,23.013333,75.549722
1980-01-01,0.0,SIND126-OW,23.013333,75.549722
1980-02-01,0.4,SIND126-OW,23.013333,75.549722
1980-03-01,0.0,SIND126-OW,23.013333,75.549722
1980-04-01,0.0,SIND126-OW,23.013333,75.549722
1980-05-01,1.6,SIND126-OW,23.013333,75.549722
1980-06-01,294.5,SIND126-OW,23.013333,75.549722
1980-07-01,149.3,SIND126-OW,23.013333,75.549722
1980-08-01,366.6,SIND126-OW,23.013333,75.549722
1980-09-01,21.4,SIND126-OW,23.013333,75.549722
1980-10-01,0.0,SIND126-OW,23.013333,75.549722
1980-11-01,0.0,SIND126-OW,23.013333,75.549722
1980-12-01,29.5,SIND126-OW,23.013333,75.549722
1981-01-01,3.5,SIND126-OW,23.013333,75.549722
1981-02-01,0.5,SIND126-OW,23.013333,75.549722
1981-03-01,0.7000000000000001,SIND126-OW,23.013333,75.549722
1981-04-01,0.0,SIND126-OW,23.013333,75.549722
1981-05-01,4.1000000000000005,SIND126-OW,23.013333,75.549722
1981-06-01,115.5,SIND126-OW,23.013333,75.549722
1981-07-01,186.7,SIND126-OW,23.013333,75.549722
1981-08-01,231.7,SIND126-OW,23.013333,75.549722
1981-09-01,100.6,SIND126-OW,23.013333,75.549722
1981-10-01,28.6,SIND126-OW,23.013333,75.549722
1981-11-01,9.600000000000001,SIND126-OW,23.013333,75.549722
1981-12-01,4.6,SIND126-OW,23.013333,75.549722
1982-01-01,33.8,SIND126-OW,23.013333,75.549722
1982-02-01,0.7000000000000001,SIND126-OW,23.013333,75.549722
1982-03-01,0.30000000000000004,SIND126-OW,23.013333,75.549722
1982-04-01,0.4,SIND126-OW,23.013333,75.549722
1982-05-01,10.6,SIND126-OW,23.013333,75.549722
1982-06-01,23.4,SIND126-OW,23.013333,75.549722
1982-07-01,287.9,SIND126-OW,23.013333,75.549722
1982-08-01,207.1,SIND126-OW,23.013333,75.549722
1982-09-01,9.0,SIND126-OW,23.013333,75.549722
1982-10-01,20.5,SIND126-OW,23.013333,75.549722
1982-11-01,86.0,SIND126-OW,23.013333,75.549722
1982-12-01,0.0,SIND126-OW,23.013333,75.549722
1983-01-01,0.2,SIND126-OW,23.013333,75.549722
1983-02-01,0.0,SIND126-OW,23.013333,75.549722
1983-03-01,0.0,SIND126-OW,23.013333,75.549722
1983-04-01,12.700000000000001,SIND126-OW,23.013333,75.549722
1983-05-01,0.7,SIND126-OW,23.013333,75.549722
1983-06-01,116.0,SIND126-OW,23.013333,75.549722
1983-07-01,143.6,SIND126-OW,23.013333,75.549722
1983-08-01,247.6,SIND126-OW,23.013333,75.549722
1983-09-01,144.8,SIND126-OW,23.013333,75.549722
1983-10-01,35.4,SIND126-OW,23.013333,75.549722
1983-11-01,0.0,SIND126-OW,23.013333,75.549722
1983-12-01,0.0,SIND126-OW,23.013333,75.549722
1984-01-01,4.3,SIND126-OW,23.013333,75.549722
1984-02-01,2.1,SIND126-OW,23.013333,75.549722
1984-03-01,0.0,SIND126-OW,23.013333,75.549722
1984-04-01,0.0,SIND126-OW,23.013333,75.549722
1984-05-01,0.0,SIND126-OW,23.013333,75.549722
1984-06-01,46.9,SIND126-OW,23.013333,75.549722
1984-07-01,236.6,SIND126-OW,23.013333,75.549722
1984-08-01,425.4,SIND126-OW,23.013333,75.549722
1984-09-01,39.9,SIND126-OW,23.013333,75.549722
1984-10-01,0.2,SIND126-OW,23.013333,75.549722
1984-11-01,0.0,SIND126-OW,23.013333,75.549722
1984-12-01,0.0,SIND126-OW,23.013333,75.549722
1985-01-01,0.0,SIND126-OW,23.013333,75.549722
1985-02-01,0.0,SIND126-OW,23.013333,75.549722
1985-03-01,0.4,SIND126-OW,23.013333,75.549722
1985-04-01,0.1,SIND126-OW,23.013333,75.549722
1985-05-01,1.4000000000000001,SIND126-OW,23.013333,75.549722
1985-06-01,12.5,SIND126-OW,23.013333,75.549722
1985-07-01,258.6,SIND126-OW,23.013333,75.549722
1985-08-01,181.9,SIND126-OW,23.013333,75.549722
1985-09-01,26.0,SIND126-OW,23.013333,75.549722
1985-10-01,87.2,SIND126-OW,23.013333,75.549722
1985-11-01,0.0,SIND126-OW,23.013333,75.549722
1985-12-01,3.4000000000000004,SIND126-OW,23.013333,75.549722
1986-01-01,0.8,SIND126-OW,23.013333,75.549722
1986-02-01,33.9,SIND126-OW,23.013333,75.549722
1986-03-01,0.0,SIND126-OW,23.013333,75.549722
1986-04-01,0.3,SIND126-OW,23.013333,75.549722
1986-05-01,4.1,SIND126-OW,23.013333,75.549722
1986-06-01,226.8,SIND126-OW,23.013333,75.549722
1986-07-01,319.8,SIND126-OW,23.013333,75.549722
1986-08-01,137.8,SIND126-OW,23.013333,75.549722
1986-09-01,4.0,SIND126-OW,23.013333,75.549722
1986-10-01,0.4,SIND126-OW,23.013333,75.549722
1986-11-01,0.0,SIND126-OW,23.013333,75.549722
1986-12-01,0.2,SIND126-OW,23.013333,75.549722
1987-01-01,35.0,SIND126-OW,23.013333,75.549722
1987-02-01,2.3000000000000003,SIND126-OW,23.013333,75.549722
1987-03-01,1.2,SIND126-OW,23.013333,75.549722
1987-04-01,0.0,SIND126-OW,23.013333,75.549722
1987-05-01,6.1,SIND126-OW,23.013333,75.549722
1987-06-01,41.6,SIND126-OW,23.013333,75.549722
1987-07-01,23.3,SIND126-OW,23.013333,75.549722
1987-08-01,272.9,SIND126-OW,23.013333,75.549722
1987-09-01,3.7,SIND126-OW,23.013333,75.549722
1987-10-01,23.299999999999997,SIND126-OW,23.013333,75.549722
1987-11-01,0.2,SIND126-OW,23.013333,75.549722
1987-12-01,19.7,SIND126-OW,23.013333,75.549722
1988-01-01,0.1,SIND126-OW,23.013333,75.549722
1988-02-01,0.0,SIND126-OW,23.013333,75.549722
1988-03-01,0.0,SIND126-OW,23.013333,75.549722
1988-04-01,9.0,SIND126-OW,23.013333,75.549722
1988-05-01,4.1000000000000005,SIND126-OW,23.013333,75.549722
1988-06-01,130.8,SIND126-OW,23.013333,75.549722
1988-07-01,274.7,SIND126-OW,23.013333,75.549722
1988-08-01,468.3,SIND126-OW,23.013333,75.549722
1988-09-01,121.8,SIND126-OW,23.013333,75.549722
1988-10-01,267.2,SIND126-OW,23.013333,75.549722
1988-11-01,0.0,SIND126-OW,23.013333,75.549722
1988-12-01,0.0,SIND126-OW,23.013333,75.549722
1989-01-01,0.5,SIND126-OW,23.013333,75.549722
1989-02-01,0.0,SIND126-OW,23.013333,75.549722
1989-03-01,13.9,SIND126-OW,23.013333,75.549722
1989-04-01,0.0,SIND126-OW,23.013333,75.549722
1989-05-01,3.8,SIND126-OW,23.013333,75.549722
1989-06-01,80.6,SIND126-OW,23.013333,75.549722
1989-07-01,221.5,SIND126-OW,23.013333,75.549722
1989-08-01,390.6,SIND126-OW,23.013333,75.549722
1989-09-01,30.6,SIND126-OW,23.013333,75.549722
1989-10-01,0.0,SIND126-OW,23.013333,75.549722
1989-11-01,0.8,SIND126-OW,23.013333,75.549722
1989-12-01,1.3,SIND126-OW,23.013333,75.549722
1990-01-01,0.0,SIND126-OW,23.013333,75.549722
1990-02-01,6.0,SIND126-OW,23.013333,75.549722
1990-03-01,0.9,SIND126-OW,23.013333,75.549722
1990-04-01,0.0,SIND126-OW,23.013333,75.549722
1990-05-01,51.3,SIND126-OW,23.013333,75.549722
1990-06-01,202.7,SIND126-OW,23.013333,75.549722
1990-07-01,325.90000000000003,SIND126-OW,23.013333,75.549722
1990-08-01,342.9,SIND126-OW,23.013333,75.549722
1990-09-01,324.7,SIND126-OW,23.013333,75.549722
1990-10-01,4.7,SIND126-OW,23.013333,75.549722
1990-11-01,3.0,SIND126-OW,23.013333,75.549722
1990-12-01,3.7,SIND126-OW,23.013333,75.549722
1991-01-01,0.0,SIND126-OW,23.013333,75.549722
1991-02-01,0.0,SIND126-OW,23.013333,75.549722
1991-03-01,3.0,SIND126-OW,23.013333,75.549722
1991-04-01,3.4,SIND126-OW,23.013333,75.549722
1991-05-01,0.1,SIND126-OW,23.013333,75.549722
1991-06-01,48.9,SIND126-OW,23.013333,75.549722
1991-07-01,365.2,SIND126-OW,23.013333,75.549722
1991-08-01,243.7,SIND126-OW,23.013333,75.549722
1991-09-01,13.6,SIND126-OW,23.013333,75.549722
1991-10-01,0.0,SIND126-OW,23.013333,75.549722
1991-11-01,0.0,SIND126-OW,23.013333,75.549722
1991-12-01,0.0,SIND126-OW,23.013333,75.549722
1992-01-01,0.1,SIND126-OW,23.013333,75.549722
1992-02-01,0.0,SIND126-OW,23.013333,75.549722
1992-03-01,0.0,SIND126-OW,23.013333,75.549722
1992-04-01,0.0,SIND126-OW,23.013333,75.549722
1992-05-01,2.0,SIND126-OW,23.013333,75.549722
1992-06-01,30.8,SIND126-OW,23.013333,75.549722
1992-07-01,308.8,SIND126-OW,23.013333,75.549722
1992-08-01,266.6,SIND126-OW,23.013333,75.549722
1992-09-01,73.5,SIND126-OW,23.013333,75.549722
1992-10-01,44.5,SIND126-OW,23.013333,75.549722
1992-11-01,0.1,SIND126-OW,23.013333,75.549722
1992-12-01,0.0,SIND126-OW,23.013333,75.549722
1993-01-01,0.0,SIND126-OW,23.013333,75.549722
1993-02-01,1.9,SIND126-OW,23.013333,75.549722
1993-03-01,11.799999999999999,SIND126-OW,23.013333,75.549722
1993-04-01,0.30000000000000004,SIND126-OW,23.013333,75.549722
1993-05-01,6.8999999999999995,SIND126-OW,23.013333,75.549722
1993-06-01,122.7,SIND126-OW,23.013333,75.549722
1993-07-01,452.4,SIND126-OW,23.013333,75.549722
1993-08-01,239.1,SIND126-OW,23.013333,75.549722
1993-09-01,118.8,SIND126-OW,23.013333,75.549722
1993-10-01,8.4,SIND126-OW,23.013333,75.549722
1993-11-01,0.1,SIND126-OW,23.013333,75.549722
1993-12-01,0.7,SIND126-OW,23.013333,75.549722
1994-01-01,10.9,SIND126-OW,23.013333,75.549722
1994-02-01,4.8,SIND126-OW,23.013333,75.549722
1994-03-01,0.0,SIND126-OW,23.013333,75.549722
1994-04-01,10.5,SIND126-OW,23.013333,75.549722
1994-05-01,6.6,SIND126-OW,23.013333,75.549722
1994-06-01,129.1,SIND126-OW,23.013333,75.549722
1994-07-01,299.2,SIND126-OW,23.013333,75.549722
1994-08-01,183.9,SIND126-OW,23.013333,75.549722
1994-09-01,207.79999999999998,SIND126-OW,23.013333,75.549722
1994-10-01,4.800000000000001,SIND126-OW,23.013333,75.549722
1994-11-01,7.1000000000000005,SIND126-OW,23.013333,75.549722
1994-12-01,0.0,SIND126-OW,23.013333,75.549722
1995-01-01,34.900000000000006,SIND126-OW,23.013333,75.549722
1995-02-01,0.2,SIND126-OW,23.013333,75.549722
1995-03-01,5.5,SIND126-OW,23.013333,75.549722
1995-04-01,6.3,SIND126-OW,23.013333,75.549722
1995-05-01,1.2000000000000002,SIND126-OW,23.013333,75.549722
1995-06-01,35.7,SIND126-OW,23.013333,75.549722
1995-07-01,273.0,SIND126-OW,23.013333,75.549722
1995-08-01,167.2,SIND126-OW,23.013333,75.549722
1995-09-01,82.6,SIND126-OW,23.013333,75.549722
1995-10-01,35.9,SIND126-OW,23.013333,75.549722
1995-11-01,0.2,SIND126-OW,23.013333,75.549722
1995-12-01,24.9,SIND126-OW,23.013333,75.549722
1996-01-01,16.4,SIND126-OW,23.013333,75.549722
1996-02-01,2.1,SIND126-OW,23.013333,75.549722
1996-03-01,3.0,SIND126-OW,23.013333,75.549722
1996-04-01,2.6,SIND126-OW,23.013333,75.549722
1996-05-01,1.6,SIND126-OW,23.013333,75.549722
1996-06-01,66.9,SIND126-OW,23.013333,75.549722
1996-07-01,615.2,SIND126-OW,23.013333,75.549722
1996-08-01,242.6,SIND126-OW,23.013333,75.549722
1996-09-01,109.1,SIND126-OW,23.013333,75.549722
1996-10-01,53.0,SIND126-OW,23.013333,75.549722
1996-11-01,14.4,SIND126-OW,23.013333,75.549722
1996-12-01,0.0,SIND126-OW,23.013333,75.549722
1997-01-01,9.4,SIND126-OW,23.013333,75.549722
1997-02-01,0.0,SIND126-OW,23.013333,75.549722
1997-03-01,0.0,SIND126-OW,23.013333,75.549722
1997-04-01,6.7,SIND126-OW,23.013333,75.549722
1997-05-01,1.3,SIND126-OW,23.013333,75.549722
1997-06-01,1285.4,SIND126-OW,23.013333,75.549722
1997-07-01,233.4,SIND126-OW,23.013333,75.549722
1997-08-01,393.7,SIND126-OW,23.013333,75.549722
1997-09-01,71.6,SIND126-OW,23.013333,75.549722
1997-10-01,20.5,SIND126-OW,23.013333,75.549722
1997-11-01,46.900000000000006,SIND126-OW,23.013333,75.549722
1997-12-01,86.4,SIND126-OW,23.013333,75.549722
1998-01-01,0.4,SIND126-OW,23.013333,75.549722
1998-02-01,0.4,SIND126-OW,23.013333,75.549722
1998-03-01,1.3,SIND126-OW,23.013333,75.549722
1998-04-01,4.0,SIND126-OW,23.013333,75.549722
1998-05-01,1.0,SIND126-OW,23.013333,75.549722
1998-06-01,94.0,SIND126-OW,23.013333,75.549722
1998-07-01,138.8,SIND126-OW,23.013333,75.549722
1998-08-01,206.3,SIND126-OW,23.013333,75.549722
1998-09-01,159.4,SIND126-OW,23.013333,75.549722
1998-10-01,26.400000000000002,SIND126-OW,23.013333,75.549722
1998-11-01,13.6,SIND126-OW,23.013333,75.549722
1998-12-01,0.0,SIND126-OW,23.013333,75.549722
1999-01-01,0.0,SIND126-OW,23.013333,75.549722
1999-02-01,21.2,SIND126-OW,23.013333,75.549722
1999-03-01,0.0,SIND126-OW,23.013333,75.549722
1999-04-01,0.0,SIND126-OW,23.013333,75.549722
1999-05-01,5.3,SIND126-OW,23.013333,75.549722
1999-06-01,131.0,SIND126-OW,23.013333,75.549722
1999-07-01,281.3,SIND126-OW,23.013333,75.549722
1999-08-01,80.3,SIND126-OW,23.013333,75.549722
1999-09-01,91.0,SIND126-OW,23.013333,75.549722
1999-10-01,88.3,SIND126-OW,23.013333,75.549722
1999-11-01,0.0,SIND126-OW,23.013333,75.549722
1999-12-01,0.0,SIND126-OW,23.013333,75.549722
2000-01-01,0.0,SIND126-OW,23.013333,75.549722
2000-02-01,0.1,SIND126-OW,23.013333,75.549722
2000-03-01,0.0,SIND126-OW,23.013333,75.549722
2000-04-01,0.3,SIND126-OW,23.013333,75.549722
2000-05-01,30.0,SIND126-OW,23.013333,75.549722
2000-06-01,39.599999999999994,SIND126-OW,23.013333,75.549722
2000-07-01,139.20000000000002,SIND126-OW,23.013333,75.549722
2000-08-01,110.3,SIND126-OW,23.013333,75.549722
2000-09-01,26.6,SIND126-OW,23.013333,75.549722
2000-10-01,0.7,SIND126-OW,23.013333,75.549722
2000-11-01,0.0,SIND126-OW,23.013333,75.549722
2000-12-01,7.9,SIND126-OW,23.013333,75.549722
2001-01-01,0.0,SIND126-OW,23.013333,75.549722
2001-02-01,0.0,SIND126-OW,23.013333,75.549722
2001-03-01,4.8,SIND126-OW,23.013333,75.549722
2001-04-01,3.0999999999999996,SIND126-OW,23.013333,75.549722
2001-05-01,13.5,SIND126-OW,23.013333,75.549722
2001-06-01,138.4,SIND126-OW,23.013333,75.549722
2001-07-01,177.79999999999998,SIND126-OW,23.013333,75.549722
2001-08-01,143.0,SIND126-OW,23.013333,75.549722
2001-09-01,13.1,SIND126-OW,23.013333,75.549722
2001-10-01,40.1,SIND126-OW,23.013333,75.549722
2001-11-01,0.0,SIND126-OW,23.013333,75.549722
2001-12-01,0.0,SIND126-OW,23.013333,75.549722
2002-01-01,0.0,SIND126-OW,23.013333,75.549722
2002-02-01,45.199999999999996,SIND126-OW,23.013333,75.549722
2002-03-01,1.1,SIND126-OW,23.013333,75.549722
2002-04-01,4.8,SIND126-OW,23.013333,75.549722
2002-05-01,2.4,SIND126-OW,23.013333,75.549722
2002-06-01,148.8,SIND126-OW,23.013333,75.549722
2002-07-01,26.9,SIND126-OW,23.013333,75.549722
2002-08-01,261.5,SIND126-OW,23.013333,75.549722
2002-09-01,86.5,SIND126-OW,23.013333,75.549722
2002-10-01,1.0,SIND126-OW,23.013333,75.549722
2002-11-01,2.8000000000000003,SIND126-OW,23.013333,75.549722
2002-12-01,0.9,SIND126-OW,23.013333,75.549722
2003-01-01,2.7,SIND126-OW,23.013333,75.549722
2003-02-01,6.3,SIND126-OW,23.013333,75.549722
2003-03-01,0.0,SIND126-OW,23.013333,75.549722
2003-04-01,1.9,SIND126-OW,23.013333,75.549722
2003-05-01,0.2,SIND126-OW,23.013333,75.549722
2003-06-01,135.0,SIND126-OW,23.013333,75.549722
2003-07-01,281.6,SIND126-OW,23.013333,75.549722
2003-08-01,208.89999999999998,SIND126-OW,23.013333,75.549722
2003-09-01,127.4,SIND126-OW,23.013333,75.549722
2003-10-01,0.0,SIND126-OW,23.013333,75.549722
2003-11-01,0.0,SIND126-OW,23.013333,75.549722
2003-12-01,0.0,SIND126-OW,23.013333,75.549722
2004-01-01,8.4,SIND126-OW,23.013333,75.549722
2004-02-01,0.0,SIND126-OW,23.013333,75.549722
2004-03-01,0.0,SIND126-OW,23.013333,75.549722
2004-04-01,0.9,SIND126-OW,23.013333,75.549722
2004-05-01,8.3,SIND126-OW,23.013333,75.549722
2004-06-01,133.0,SIND126-OW,23.013333,75.549722
2004-07-01,192.3,SIND126-OW,23.013333,75.549722
2004-08-01,502.2,SIND126-OW,23.013333,75.549722
2004-09-01,22.2,SIND126-OW,23.013333,75.549722
2004-10-01,36.1,SIND126-OW,23.013333,75.549722
2004-11-01,2.7,SIND126-OW,23.013333,75.549722
2004-12-01,0.0,SIND126-OW,23.013333,75.549722
2005-01-01,8.7,SIND126-OW,23.013333,75.549722
2005-02-01,1.1,SIND126-OW,23.013333,75.549722
2005-03-01,6.4,SIND126-OW,23.013333,75.549722
2005-04-01,0.0,SIND126-OW,23.013333,75.549722
2005-05-01,3.2,SIND126-OW,23.013333,75.549722
2005-06-01,87.1,SIND126-OW,23.013333,75.549722
2005-07-01,161.29999999999998,SIND126-OW,23.013333,75.549722
2005-08-01,78.5,SIND126-OW,23.013333,75.549722
2005-09-01,188.9,SIND126-OW,23.013333,75.549722
2005-10-01,0.0,SIND126-OW,23.013333,75.549722
2005-11-01,0.0,SIND126-OW,23.013333,75.549722
2005-12-01,0.0,SIND126-OW,23.013333,75.549722
2006-01-01,0.0,SIND126-OW,23.013333,75.549722
2006-02-01,0.3,SIND126-OW,23.013333,75.549722
2006-03-01,21.7,SIND126-OW,23.013333,75.549722
2006-04-01,0.0,SIND126-OW,23.013333,75.549722
2006-05-01,3.3000000000000003,SIND126-OW,23.013333,75.549722
2006-06-01,53.7,SIND126-OW,23.013333,75.549722
2006-07-01,509.8,SIND126-OW,23.013333,75.549722
2006-08-01,648.1,SIND126-OW,23.013333,75.549722
2006-09-01,162.3,SIND126-OW,23.013333,75.549722
2006-10-01,6.2,SIND126-OW,23.013333,75.549722
2006-11-01,3.2,SIND126-OW,23.013333,75.549722
2006-12-01,0.0,SIND126-OW,23.013333,75.549722
2007-01-01,0.5,SIND126-OW,23.013333,75.549722
2007-02-01,3.4,SIND126-OW,23.013333,75.549722
2007-03-01,0.5,SIND126-OW,23.013333,75.549722
2007-04-01,0.30000000000000004,SIND126-OW,23.013333,75.549722
2007-05-01,3.1999999999999997,SIND126-OW,23.013333,75.549722
2007-06-01,89.6,SIND126-OW,23.013333,75.549722
2007-07-01,630.2,SIND126-OW,23.013333,75.549722
2007-08-01,293.90000000000003,SIND126-OW,23.013333,75.549722
2007-09-01,141.5,SIND126-OW,23.013333,75.549722
2007-10-01,0.0,SIND126-OW,23.013333,75.549722
2007-11-01,0.0,SIND126-OW,23.013333,75.549722
2007-12-01,0.0,SIND126-OW,23.013333,75.549722
2008-01-01,0.0,SIND126-OW,23.013333,75.549722
2008-02-01,0.0,SIND126-OW,23.013333,75.549722
2008-03-01,3.8,SIND126-OW,23.013333,75.549722
2008-04-01,1.5,SIND126-OW,23.013333,75.549722
2008-05-01,1.7000000000000002,SIND126-OW,23.013333,75.549722
2008-06-01,100.6,SIND126-OW,23.013333,75.549722
2008-07-01,280.2,SIND126-OW,23.013333,75.549722
2008-08-01,149.1,SIND126-OW,23.013333,75.549722
2008-09-01,103.3,SIND126-OW,23.013333,75.549722
2008-10-01,12.6,SIND126-OW,23.013333,75.549722
2008-11-01,4.5,SIND126-OW,23.013333,75.549722
2008-12-01,1.2,SIND126-OW,23.013333,75.549722
2009-01-01,3.2,SIND126-OW,23.013333,75.549722
2009-02-01,0.0,SIND126-OW,23.013333,75.549722
2009-03-01,0.5,SIND126-OW,23.013333,75.549722
2009-04-01,0.7,SIND126-OW,23.013333,75.549722
2009-05-01,6.7,SIND126-OW,23.013333,75.549722
2009-06-01,20.0,SIND126-OW,23.013333,75.549722
2009-07-01,389.8,SIND126-OW,23.013333,75.549722
2009-08-01,202.39999999999998,SIND126-OW,23.013333,75.549722
2009-09-01,90.7,SIND126-OW,23.013333,75.549722
2009-10-01,52.9,SIND126-OW,23.013333,75.549722
2009-11-01,79.3,SIND126-OW,23.013333,75.549722
2009-12-01,7.6000000000000005,SIND126-OW,23.013333,75.549722
2010-01-01,2.3,SIND126-OW,23.013333,75.549722
2010-02-01,1.5999999999999999,SIND126-OW,23.013333,75.549722
2010-03-01,2.9,SIND126-OW,23.013333,75.549722
2010-04-01,0.0,SIND126-OW,23.013333,75.549722
2010-05-01,0.4,SIND126-OW,23.013333,75.549722
2010-06-01,58.2,SIND126-OW,23.013333,75.549722
2010-07-01,230.4,SIND126-OW,23.013333,75.549722
2010-08-01,255.5,SIND126-OW,23.013333,75.549722
2010-09-01,82.6,SIND126-OW,23.013333,75.549722
2010-10-01,13.7,SIND126-OW,23.013333,75.549722
2010-11-01,52.0,SIND126-OW,23.013333,75.549722
2010-12-01,1.3,SIND126-OW,23.013333,75.549722
2011-01-01,0.0,SIND126-OW,23.013333,75.549722
2011-02-01,0.1,SIND126-OW,23.013333,75.549722
2011-03-01,0.0,SIND126-OW,23.013333,75.549722
2011-04-01,0.1,SIND126-OW,23.013333,75.549722
2011-05-01,2.1,SIND126-OW,23.013333,75.549722
2011-06-01,159.4,SIND126-OW,23.013333,75.549722
2011-07-01,245.3,SIND126-OW,23.013333,75.549722
2011-08-01,405.8,SIND126-OW,23.013333,75.549722
2011-09-01,117.5,SIND126-OW,23.013333,75.549722
2011-10-01,0.2,SIND126-OW,23.013333,75.549722
2011-11-01,0.0,SIND126-OW,23.013333,75.549722
2011-12-01,0.0,SIND126-OW,23.013333,75.549722
2012-01-01,0.0,SIND126-OW,23.013333,75.549722
2012-02-01,0.0,SIND126-OW,23.013333,75.549722
2012-03-01,0.0,SIND126-OW,23.013333,75.549722
2012-04-01,0.30000000000000004,SIND126-OW,23.013333,75.549722
2012-05-01,8.700000000000001,SIND126-OW,23.013333,75.549722
2012-06-01,23.0,SIND126-OW,23.013333,75.549722
2012-07-01,462.7,SIND126-OW,23.013333,75.549722
2012-08-01,479.1,SIND126-OW,23.013333,75.549722
2012-09-01,173.1,SIND126-OW,23.013333,75.549722
2012-10-01,0.2,SIND126-OW,23.013333,75.549722
2012-11-01,0.0,SIND126-OW,23.013333,75.549722
2012-12-01,0.0,SIND126-OW,23.013333,75.549722
2013-01-01,0.2,SIND126-OW,23.013333,75.549722
2013-02-01,31.1,SIND126-OW,23.013333,75.549722
2013-03-01,14.2,SIND126-OW,23.013333,75.549722
2013-04-01,7.1,SIND126-OW,23.013333,75.549722
2013-05-01,0.0,SIND126-OW,23.013333,75.549722
2013-06-01,247.7,SIND126-OW,23.013333,75.549722
2013-07-01,473.5,SIND126-OW,23.013333,75.549722
2013-08-01,340.5,SIND126-OW,23.013333,75.549722
2013-09-01,109.3,SIND126-OW,23.013333,75.549722
2013-10-01,34.6,SIND126-OW,23.013333,75.549722
2013-11-01,0.1,SIND126-OW,23.013333,75.549722
2013-12-01,3.5,SIND126-OW,23.013333,75.549722
2014-01-01,24.8,SIND126-OW,23.013333,75.549722
2014-02-01,17.3,SIND126-OW,23.013333,75.549722
2014-03-01,9.5,SIND126-OW,23.013333,75.549722
2014-04-01,1.5,SIND126-OW,23.013333,75.549722
2014-05-01,0.4,SIND126-OW,23.013333,75.549722
2014-06-01,5.2,SIND126-OW,23.013333,75.549722
2014-07-01,414.0,SIND126-OW,23.013333,75.549722
2014-08-01,184.4,SIND126-OW,23.013333,75.549722
2014-09-01,116.9,SIND126-OW,23.013333,75.549722
2014-10-01,3.2,SIND126-OW,23.013333,75.549722
2014-11-01,15.6,SIND126-OW,23.013333,75.549722
2014-12-01,25.0,SIND126-OW,23.013333,75.549722
2015-01-01,21.5,SIND126-OW,23.013333,75.549722
2015-02-01,5.200000000000001,SIND126-OW,23.013333,75.549722
2015-03-01,28.4,SIND126-OW,23.013333,75.549722
2015-04-01,17.3,SIND126-OW,23.013333,75.549722
2015-05-01,2.7,SIND126-OW,23.013333,75.549722
2015-06-01,138.8,SIND126-OW,23.013333,75.549722
2015-07-01,324.6,SIND126-OW,23.013333,75.549722
2015-08-01,97.4,SIND126-OW,23.013333,75.549722
2015-09-01,26.8,SIND126-OW,23.013333,75.549722
2015-10-01,14.4,SIND126-OW,23.013333,75.549722
2015-11-01,2.5,SIND126-OW,23.013333,75.549722
2015-12-01,0.1,SIND126-OW,23.013333,75.549722
2016-01-01,9.8,SIND126-OW,23.013333,75.549722
2016-02-01,1.0,SIND126-OW,23.013333,75.549722
2016-03-01,7.5,SIND126-OW,23.013333,75.549722
2016-04-01,0.1,SIND126-OW,23.013333,75.549722
2016-05-01,7.8,SIND126-OW,23.013333,75.549722
2016-06-01,73.0,SIND126-OW,23.013333,75.549722
2016-07-01,508.8,SIND126-OW,23.013333,75.549722
2016-08-01,545.9,SIND126-OW,23.013333,75.549722
2016-09-01,82.60000000000001,SIND126-OW,23.013333,75.549722
2016-10-01,44.6,SIND126-OW,23.013333,75.549722
2016-11-01,0.0,SIND126-OW,23.013333,75.549722
2016-12-01,0.0,SIND126-OW,23.013333,75.549722
2017-01-01,2.1,SIND126-OW,23.013333,75.549722
2017-02-01,0.2,SIND126-OW,23.013333,75.549722
2017-03-01,1.4000000000000001,SIND126-OW,23.013333,75.549722
2017-04-01,0.30000000000000004,SIND126-OW,23.013333,75.549722
2017-05-01,8.2,SIND126-OW,23.013333,75.549722
2017-06-01,70.0,SIND126-OW,23.013333,75.549722
2017-07-01,380.59999999999997,SIND126-OW,23.013333,75.549722
2017-08-01,234.70000000000002,SIND126-OW,23.013333,75.549722
2017-09-01,113.8,SIND126-OW,23.013333,75.549722
2017-10-01,17.6,SIND126-OW,23.013333,75.549722
2017-11-01,0.0,SIND126-OW,23.013333,75.549722
2017-12-01,10.1,SIND126-OW,23.013333,75.549722
2018-01-01,0.1,SIND126-OW,23.013333,75.549722
2018-02-01,2.7,SIND126-OW,23.013333,75.549722
2018-03-01,3.7,SIND126-OW,23.013333,75.549722
2018-04-01,2.7,SIND126-OW,23.013333,75.549722
2018-05-01,0.6000000000000001,SIND126-OW,23.013333,75.549722
2018-06-01,237.5,SIND126-OW,23.013333,75.549722
2018-07-01,594.7,SIND126-OW,23.013333,75.549722
2018-08-01,364.3,SIND126-OW,23.013333,75.549722
2018-09-01,168.6,SIND126-OW,23.013333,75.549722
2018-10-01,2.4,SIND126-OW,23.013333,75.549722
2018-11-01,0.0,SIND126-OW,23.013333,75.549722
2018-12-01,0.0,SIND126-OW,23.013333,75.549722
2019-01-01,0.1,SIND126-OW,23.013333,75.549722
2019-02-01,2.5,SIND126-OW,23.013333,75.549722
2019-03-01,0.3,SIND126-OW,23.013333,75.549722
2019-04-01,4.4,SIND126-OW,23.013333,75.549722
2019-05-01,0.0,SIND126-OW,23.013333,75.549722
2019-06-01,100.8,SIND126-OW,23.013333,75.549722
2019-07-01,408.7,SIND126-OW,23.013333,75.549722
2019-08-01,586.9,SIND126-OW,23.013333,75.549722
2019-09-01,543.7,SIND126-OW,23.013333,75.549722
2019-10-01,72.2,SIND126-OW,23.013333,75.549722
2019-11-01,18.0,SIND126-OW,23.013333,75.549722
2019-12-01,5.0,SIND126-OW,23.013333,75.549722
2020-01-01,4.8999999999999995,SIND126-OW,23.013333,75.549722
2020-02-01,0.2,SIND126-OW,23.013333,75.549722
2020-03-01,4.199999999999999,SIND126-OW,23.013333,75.549722
2020-04-01,0.4,SIND126-OW,23.013333,75.549722
2020-05-01,0.2,SIND126-OW,23.013333,75.549722
2020-06-01,134.0,SIND126-OW,23.013333,75.549722
2020-07-01,235.0,SIND126-OW,23.013333,75.549722
2020-08-01,472.90000000000003,SIND126-OW,23.013333,75.549722
2020-09-01,129.9,SIND126-OW,23.013333,75.549722
2020-10-01,18.400000000000002,SIND126-OW,23.013333,75.549722
2020-11-01,0.8,SIND126-OW,23.013333,75.549722
2020-12-01,26.2,SIND126-OW,23.013333,75.549722
2021-01-01,16.099999999999998,SIND126-OW,23.013333,75.549722
2021-02-01,0.5,SIND126-OW,23.013333,75.549722
2021-03-01,1.6,SIND126-OW,23.013333,75.549722
2021-04-01,0.0,SIND126-OW,23.013333,75.549722
2021-05-01,27.099999999999998,SIND126-OW,23.013333,75.549722
2021-06-01,127.6,SIND126-OW,23.013333,75.549722
2021-07-01,361.0,SIND126-OW,23.013333,75.549722
2021-08-01,271.9,SIND126-OW,23.013333,75.549722
2021-09-01,347.7,SIND126-OW,23.013333,75.549722
2021-10-01,88.3,SIND126-OW,23.013333,75.549722
2021-11-01,26.2,SIND126-OW,23.013333,75.549722
2021-12-01,22.5,SIND126-OW,23.013333,75.549722
2022-01-01,32.4,SIND126-OW,23.013333,75.549722
2022-02-01,0.0,SIND126-OW,23.013333,75.549722
2022-03-01,4.199999999999999,SIND126-OW,23.013333,75.549722
2022-04-01,0.2,SIND126-OW,23.013333,75.549722
2022-05-01,3.3,SIND126-OW,23.013333,75.549722
2022-06-01,84.0,SIND126-OW,23.013333,75.549722
2022-07-01,410.6,SIND126-OW,23.013333,75.549722
2022-08-01,405.0,SIND126-OW,23.013333,75.549722
2022-09-01,141.7,SIND126-OW,23.013333,75.549722
2022-10-01,63.0,SIND126-OW,23.013333,75.549722
2022-11-01,0.0,SIND126-OW,23.013333,75.549722
2022-12-01,6.8999999999999995,SIND126-OW,23.013333,75.549722
2023-01-01,1.0,SIND126-OW,23.013333,75.549722
2023-02-01,0.0,SIND126-OW,23.013333,75.549722
2023-03-01,20.2,SIND126-OW,23.013333,75.549722
2023-04-01,9.7,SIND126-OW,23.013333,75.549722
2023-05-01,2.8,SIND126-OW,23.013333,75.549722
2023-06-01,139.2,SIND126-OW,23.013333,75.549722
2023-07-01,356.9,SIND126-OW,23.013333,75.549722
2023-08-01,83.3,SIND126-OW,23.013333,75.549722
2023-09-01,349.1,SIND126-OW,23.013333,75.549722
2023-10-01,0.0,SIND126-OW,23.013333,75.549722
2023-11-01,29.2,SIND126-OW,23.013333,75.549722
2023-12-01,5.5,SIND126-OW,23.013333,75.549722
2024-01-01,5.5,SIND126-OW,23.013333,75.549722
2024-02-01,0.1,SIND126-OW,23.013333,75.549722
2024-03-01,0.0,SIND126-OW,23.013333,75.549722
2024-04-01,17.2,SIND126-OW,23.013333,75.549722
2024-05-01,1.1,SIND126-OW,23.013333,75.549722
2024-06-01,147.7,SIND126-OW,23.013333,75.549722
2024-07-01,302.9,SIND126-OW,23.013333,75.549722
2024-08-01,436.3,SIND126-OW,23.013333,75.549722
2024-09-01,250.1,SIND126-OW,23.013333,75.549722
2024-10-01,38.5,SIND126-OW,23.013333,75.549722
2024-11-01,0.0,SIND126-OW,23.013333,75.549722
2024-12-01,10.4,SIND126-OW,23.013333,75.549722
1976-01-01,1.5000000000000002,SIND129-OW,22.885,75.530556
1976-02-01,0.6,SIND129-OW,22.885,75.530556
1976-03-01,0.30000000000000004,SIND129-OW,22.885,75.530556
1976-04-01,3.3000000000000003,SIND129-OW,22.885,75.530556
1976-05-01,1.2000000000000002,SIND129-OW,22.885,75.530556
1976-06-01,150.2,SIND129-OW,22.885,75.530556
1976-07-01,257.1,SIND129-OW,22.885,75.530556
1976-08-01,414.9,SIND129-OW,22.885,75.530556
1976-09-01,118.3,SIND129-OW,22.885,75.530556
1976-10-01,0.0,SIND129-OW,22.885,75.530556
1976-11-01,73.8,SIND129-OW,22.885,75.530556
1976-12-01,0.3,SIND129-OW,22.885,75.530556
1977-01-01,0.5,SIND129-OW,22.885,75.530556
1977-02-01,5.1,SIND129-OW,22.885,75.530556
1977-03-01,3.6,SIND129-OW,22.885,75.530556
1977-04-01,1.3,SIND129-OW,22.885,75.530556
1977-05-01,9.299999999999999,SIND129-OW,22.885,75.530556
1977-06-01,151.6,SIND129-OW,22.885,75.530556
1977-07-01,492.9,SIND129-OW,22.885,75.530556
1977-08-01,265.8,SIND129-OW,22.885,75.530556
1977-09-01,131.7,SIND129-OW,22.885,75.530556
1977-10-01,0.5,SIND129-OW,22.885,75.530556
1977-11-01,81.3,SIND129-OW,22.885,75.530556
1977-12-01,0.8,SIND129-OW,22.885,75.530556
1978-01-01,0.1,SIND129-OW,22.885,75.530556
1978-02-01,4.4,SIND129-OW,22.885,75.530556
1978-03-01,0.6000000000000001,SIND129-OW,22.885,75.530556
1978-04-01,8.6,SIND129-OW,22.885,75.530556
1978-05-01,0.0,SIND129-OW,22.885,75.530556
1978-06-01,100.5,SIND129-OW,22.885,75.530556
1978-07-01,392.3,SIND129-OW,22.885,75.530556
1978-08-01,369.2,SIND129-OW,22.885,75.530556
1978-09-01,18.9,SIND129-OW,22.885,75.530556
1978-10-01,10.2,SIND129-OW,22.885,75.530556
1978-11-01,49.5,SIND129-OW,22.885,75.530556
1978-12-01,7.4,SIND129-OW,22.885,75.530556
1979-01-01,8.8,SIND129-OW,22.885,75.530556
1979-02-01,15.2,SIND129-OW,22.885,75.530556
1979-03-01,0.0,SIND129-OW,22.885,75.530556
1979-04-01,0.1,SIND129-OW,22.885,75.530556
1979-05-01,2.1,SIND129-OW,22.885,75.530556
1979-06-01,94.89999999999999,SIND129-OW,22.885,75.530556
1979-07-01,134.7,SIND129-OW,22.885,75.530556
1979-08-01,257.2,SIND129-OW,22.885,75.530556
1979-09-01,7.2,SIND129-OW,22.885,75.530556
1979-10-01,2.6,SIND129-OW,22.885,75.530556
1979-11-01,110.6,SIND129-OW,22.885,75.530556
1979-12-01,0.0,SIND129-OW,22.885,75.530556
1980-01-01,0.0,SIND129-OW,22.885,75.530556
1980-02-01,0.4,SIND129-OW,22.885,75.530556
1980-03-01,0.0,SIND129-OW,22.885,75.530556
1980-04-01,0.0,SIND129-OW,22.885,75.530556
1980-05-01,1.6,SIND129-OW,22.885,75.530556
1980-06-01,294.5,SIND129-OW,22.885,75.530556
1980-07-01,149.3,SIND129-OW,22.885,75.530556
1980-08-01,366.6,SIND129-OW,22.885,75.530556
1980-09-01,21.4,SIND129-OW,22.885,75.530556
1980-10-01,0.0,SIND129-OW,22.885,75.530556
1980-11-01,0.0,SIND129-OW,22.885,75.530556
1980-12-01,29.5,SIND129-OW,22.885,75.530556
1981-01-01,3.5,SIND129-OW,22.885,75.530556
1981-02-01,0.5,SIND129-OW,22.885,75.530556
1981-03-01,0.7000000000000001,SIND129-OW,22.885,75.530556
1981-04-01,0.0,SIND129-OW,22.885,75.530556
1981-05-01,4.1000000000000005,SIND129-OW,22.885,75.530556
1981-06-01,115.5,SIND129-OW,22.885,75.530556
1981-07-01,186.7,SIND129-OW,22.885,75.530556
1981-08-01,231.7,SIND129-OW,22.885,75.530556
1981-09-01,100.6,SIND129-OW,22.885,75.530556
1981-10-01,28.6,SIND129-OW,22.885,75.530556
1981-11-01,9.600000000000001,SIND129-OW,22.885,75.530556
1981-12-01,4.6,SIND129-OW,22.885,75.530556
1982-01-01,33.8,SIND129-OW,22.885,75.530556
1982-02-01,0.7000000000000001,SIND129-OW,22.885,75.530556
1982-03-01,0.30000000000000004,SIND129-OW,22.885,75.530556
1982-04-01,0.4,SIND129-OW,22.885,75.530556
1982-05-01,10.6,SIND129-OW,22.885,75.530556
1982-06-01,23.4,SIND129-OW,22.885,75.530556
1982-07-01,287.9,SIND129-OW,22.885,75.530556
1982-08-01,207.1,SIND129-OW,22.885,75.530556
1982-09-01,9.0,SIND129-OW,22.885,75.530556
1982-10-01,20.5,SIND129-OW,22.885,75.530556
1982-11-01,86.0,SIND129-OW,22.885,75.530556
1982-12-01,0.0,SIND129-OW,22.885,75.530556
1983-01-01,0.2,SIND129-OW,22.885,75.530556
1983-02-01,0.0,SIND129-OW,22.885,75.530556
1983-03-01,0.0,SIND129-OW,22.885,75.530556
1983-04-01,12.700000000000001,SIND129-OW,22.885,75.530556
1983-05-01,0.7,SIND129-OW,22.885,75.530556
1983-06-01,116.0,SIND129-OW,22.885,75.530556
1983-07-01,143.6,SIND129-OW,22.885,75.530556
1983-08-01,247.6,SIND129-OW,22.885,75.530556
1983-09-01,144.8,SIND129-OW,22.885,75.530556
1983-10-01,35.4,SIND129-OW,22.885,75.530556
1983-11-01,0.0,SIND129-OW,22.885,75.530556
1983-12-01,0.0,SIND129-OW,22.885,75.530556
1984-01-01,4.3,SIND129-OW,22.885,75.530556
1984-02-01,2.1,SIND129-OW,22.885,75.530556
1984-03-01,0.0,SIND129-OW,22.885,75.530556
1984-04-01,0.0,SIND129-OW,22.885,75.530556
1984-05-01,0.0,SIND129-OW,22.885,75.530556
1984-06-01,46.9,SIND129-OW,22.885,75.530556
1984-07-01,236.6,SIND129-OW,22.885,75.530556
1984-08-01,425.4,SIND129-OW,22.885,75.530556
1984-09-01,39.9,SIND129-OW,22.885,75.530556
1984-10-01,0.2,SIND129-OW,22.885,75.530556
1984-11-01,0.0,SIND129-OW,22.885,75.530556
1984-12-01,0.0,SIND129-OW,22.885,75.530556
1985-01-01,0.0,SIND129-OW,22.885,75.530556
1985-02-01,0.0,SIND129-OW,22.885,75.530556
1985-03-01,0.4,SIND129-OW,22.885,75.530556
1985-04-01,0.1,SIND129-OW,22.885,75.530556
1985-05-01,1.4000000000000001,SIND129-OW,22.885,75.530556
1985-06-01,12.5,SIND129-OW,22.885,75.530556
1985-07-01,258.6,SIND129-OW,22.885,75.530556
1985-08-01,181.9,SIND129-OW,22.885,75.530556
1985-09-01,26.0,SIND129-OW,22.885,75.530556
1985-10-01,87.2,SIND129-OW,22.885,75.530556
1985-11-01,0.0,SIND129-OW,22.885,75.530556
1985-12-01,3.4000000000000004,SIND129-OW,22.885,75.530556
1986-01-01,0.8,SIND129-OW,22.885,75.530556
1986-02-01,33.9,SIND129-OW,22.885,75.530556
1986-03-01,0.0,SIND129-OW,22.885,75.530556
1986-04-01,0.3,SIND129-OW,22.885,75.530556
1986-05-01,4.1,SIND129-OW,22.885,75.530556
1986-06-01,226.8,SIND129-OW,22.885,75.530556
1986-07-01,319.8,SIND129-OW,22.885,75.530556
1986-08-01,137.8,SIND129-OW,22.885,75.530556
1986-09-01,4.0,SIND129-OW,22.885,75.530556
1986-10-01,0.4,SIND129-OW,22.885,75.530556
1986-11-01,0.0,SIND129-OW,22.885,75.530556
1986-12-01,0.2,SIND129-OW,22.885,75.530556
1987-01-01,35.0,SIND129-OW,22.885,75.530556
1987-02-01,2.3000000000000003,SIND129-OW,22.885,75.530556
1987-03-01,1.2,SIND129-OW,22.885,75.530556
1987-04-01,0.0,SIND129-OW,22.885,75.530556
1987-05-01,6.1,SIND129-OW,22.885,75.530556
1987-06-01,41.6,SIND129-OW,22.885,75.530556
1987-07-01,23.3,SIND129-OW,22.885,75.530556
1987-08-01,272.9,SIND129-OW,22.885,75.530556
1987-09-01,3.7,SIND129-OW,22.885,75.530556
1987-10-01,23.299999999999997,SIND129-OW,22.885,75.530556
1987-11-01,0.2,SIND129-OW,22.885,75.530556
1987-12-01,19.7,SIND129-OW,22.885,75.530556
1988-01-01,0.1,SIND129-OW,22.885,75.530556
1988-02-01,0.0,SIND129-OW,22.885,75.530556
1988-03-01,0.0,SIND129-OW,22.885,75.530556
1988-04-01,9.0,SIND129-OW,22.885,75.530556
1988-05-01,4.1000000000000005,SIND129-OW,22.885,75.530556
1988-06-01,130.8,SIND129-OW,22.885,75.530556
1988-07-01,274.7,SIND129-OW,22.885,75.530556
1988-08-01,468.3,SIND129-OW,22.885,75.530556
1988-09-01,121.8,SIND129-OW,22.885,75.530556
1988-10-01,267.2,SIND129-OW,22.885,75.530556
1988-11-01,0.0,SIND129-OW,22.885,75.530556
1988-12-01,0.0,SIND129-OW,22.885,75.530556
1989-01-01,0.5,SIND129-OW,22.885,75.530556
1989-02-01,0.0,SIND129-OW,22.885,75.530556
1989-03-01,13.9,SIND129-OW,22.885,75.530556
1989-04-01,0.0,SIND129-OW,22.885,75.530556
1989-05-01,3.8,SIND129-OW,22.885,75.530556
1989-06-01,80.6,SIND129-OW,22.885,75.530556
1989-07-01,221.5,SIND129-OW,22.885,75.530556
1989-08-01,390.6,SIND129-OW,22.885,75.530556
1989-09-01,30.6,SIND129-OW,22.885,75.530556
1989-10-01,0.0,SIND129-OW,22.885,75.530556
1989-11-01,0.8,SIND129-OW,22.885,75.530556
1989-12-01,1.3,SIND129-OW,22.885,75.530556
1990-01-01,0.0,SIND129-OW,22.885,75.530556
1990-02-01,6.0,SIND129-OW,22.885,75.530556
1990-03-01,0.9,SIND129-OW,22.885,75.530556
1990-04-01,0.0,SIND129-OW,22.885,75.530556
1990-05-01,51.3,SIND129-OW,22.885,75.530556
1990-06-01,202.7,SIND129-OW,22.885,75.530556
1990-07-01,325.90000000000003,SIND129-OW,22.885,75.530556
1990-08-01,342.9,SIND129-OW,22.885,75.530556
1990-09-01,324.7,SIND129-OW,22.885,75.530556
1990-10-01,4.7,SIND129-OW,22.885,75.530556
1990-11-01,3.0,SIND129-OW,22.885,75.530556
1990-12-01,3.7,SIND129-OW,22.885,75.530556
1991-01-01,0.0,SIND129-OW,22.885,75.530556
1991-02-01,0.0,SIND129-OW,22.885,75.530556
1991-03-01,3.0,SIND129-OW,22.885,75.530556
1991-04-01,3.4,SIND129-OW,22.885,75.530556
1991-05-01,0.1,SIND129-OW,22.885,75.530556
1991-06-01,48.9,SIND129-OW,22.885,75.530556
1991-07-01,365.2,SIND129-OW,22.885,75.530556
1991-08-01,243.7,SIND129-OW,22.885,75.530556
1991-09-01,13.6,SIND129-OW,22.885,75.530556
1991-10-01,0.0,SIND129-OW,22.885,75.530556
1991-11-01,0.0,SIND129-OW,22.885,75.530556
1991-12-01,0.0,SIND129-OW,22.885,75.530556
1992-01-01,0.1,SIND129-OW,22.885,75.530556
1992-02-01,0.0,SIND129-OW,22.885,75.530556
1992-03-01,0.0,SIND129-OW,22.885,75.530556
1992-04-01,0.0,SIND129-OW,22.885,75.530556
1992-05-01,2.0,SIND129-OW,22.885,75.530556
1992-06-01,30.8,SIND129-OW,22.885,75.530556
1992-07-01,308.8,SIND129-OW,22.885,75.530556
1992-08-01,266.6,SIND129-OW,22.885,75.530556
1992-09-01,73.5,SIND129-OW,22.885,75.530556
1992-10-01,44.5,SIND129-OW,22.885,75.530556
1992-11-01,0.1,SIND129-OW,22.885,75.530556
1992-12-01,0.0,SIND129-OW,22.885,75.530556
1993-01-01,0.0,SIND129-OW,22.885,75.530556
1993-02-01,1.9,SIND129-OW,22.885,75.530556
1993-03-01,11.799999999999999,SIND129-OW,22.885,75.530556
1993-04-01,0.30000000000000004,SIND129-OW,22.885,75.530556
1993-05-01,6.8999999999999995,SIND129-OW,22.885,75.530556
1993-06-01,122.7,SIND129-OW,22.885,75.530556
1993-07-01,452.4,SIND129-OW,22.885,75.530556
1993-08-01,239.1,SIND129-OW,22.885,75.530556
1993-09-01,118.8,SIND129-OW,22.885,75.530556
1993-10-01,8.4,SIND129-OW,22.885,75.530556
1993-11-01,0.1,SIND129-OW,22.885,75.530556
1993-12-01,0.7,SIND129-OW,22.885,75.530556
1994-01-01,10.9,SIND129-OW,22.885,75.530556
1994-02-01,4.8,SIND129-OW,22.885,75.530556
1994-03-01,0.0,SIND129-OW,22.885,75.530556
1994-04-01,10.5,SIND129-OW,22.885,75.530556
1994-05-01,6.6,SIND129-OW,22.885,75.530556
1994-06-01,129.1,SIND129-OW,22.885,75.530556
1994-07-01,299.2,SIND129-OW,22.885,75.530556
1994-08-01,183.9,SIND129-OW,22.885,75.530556
1994-09-01,207.79999999999998,SIND129-OW,22.885,75.530556
1994-10-01,4.800000000000001,SIND129-OW,22.885,75.530556
1994-11-01,7.1000000000000005,SIND129-OW,22.885,75.530556
1994-12-01,0.0,SIND129-OW,22.885,75.530556
1995-01-01,34.900000000000006,SIND129-OW,22.885,75.530556
1995-02-01,0.2,SIND129-OW,22.885,75.530556
1995-03-01,5.5,SIND129-OW,22.885,75.530556
1995-04-01,6.3,SIND129-OW,22.885,75.530556
1995-05-01,1.2000000000000002,SIND129-OW,22.885,75.530556
1995-06-01,35.7,SIND129-OW,22.885,75.530556
1995-07-01,273.0,SIND129-OW,22.885,75.530556
1995-08-01,167.2,SIND129-OW,22.885,75.530556
1995-09-01,82.6,SIND129-OW,22.885,75.530556
1995-10-01,35.9,SIND129-OW,22.885,75.530556
1995-11-01,0.2,SIND129-OW,22.885,75.530556
1995-12-01,24.9,SIND129-OW,22.885,75.530556
1996-01-01,16.4,SIND129-OW,22.885,75.530556
1996-02-01,2.1,SIND129-OW,22.885,75.530556
1996-03-01,3.0,SIND129-OW,22.885,75.530556
1996-04-01,2.6,SIND129-OW,22.885,75.530556
1996-05-01,1.6,SIND129-OW,22.885,75.530556
1996-06-01,66.9,SIND129-OW,22.885,75.530556
1996-07-01,615.2,SIND129-OW,22.885,75.530556
1996-08-01,242.6,SIND129-OW,22.885,75.530556
1996-09-01,109.1,SIND129-OW,22.885,75.530556
1996-10-01,53.0,SIND129-OW,22.885,75.530556
1996-11-01,14.4,SIND129-OW,22.885,75.530556
1996-12-01,0.0,SIND129-OW,22.885,75.530556
1997-01-01,9.4,SIND129-OW,22.885,75.530556
1997-02-01,0.0,SIND129-OW,22.885,75.530556
1997-03-01,0.0,SIND129-OW,22.885,75.530556
1997-04-01,6.7,SIND129-OW,22.885,75.530556
1997-05-01,1.3,SIND129-OW,22.885,75.530556
1997-06-01,1285.4,SIND129-OW,22.885,75.530556
1997-07-01,233.4,SIND129-OW,22.885,75.530556
1997-08-01,393.7,SIND129-OW,22.885,75.530556
1997-09-01,71.6,SIND129-OW,22.885,75.530556
1997-10-01,20.5,SIND129-OW,22.885,75.530556
1997-11-01,46.900000000000006,SIND129-OW,22.885,75.530556
1997-12-01,86.4,SIND129-OW,22.885,75.530556
1998-01-01,0.4,SIND129-OW,22.885,75.530556
1998-02-01,0.4,SIND129-OW,22.885,75.530556
1998-03-01,1.3,SIND129-OW,22.885,75.530556
1998-04-01,4.0,SIND129-OW,22.885,75.530556
1998-05-01,1.0,SIND129-OW,22.885,75.530556
1998-06-01,94.0,SIND129-OW,22.885,75.530556
1998-07-01,138.8,SIND129-OW,22.885,75.530556
1998-08-01,206.3,SIND129-OW,22.885,75.530556
1998-09-01,159.4,SIND129-OW,22.885,75.530556
1998-10-01,26.400000000000002,SIND129-OW,22.885,75.530556
1998-11-01,13.6,SIND129-OW,22.885,75.530556
1998-12-01,0.0,SIND129-OW,22.885,75.530556
1999-01-01,0.0,SIND129-OW,22.885,75.530556
1999-02-01,21.2,SIND129-OW,22.885,75.530556
1999-03-01,0.0,SIND129-OW,22.885,75.530556
1999-04-01,0.0,SIND129-OW,22.885,75.530556
1999-05-01,5.3,SIND129-OW,22.885,75.530556
1999-06-01,131.0,SIND129-OW,22.885,75.530556
1999-07-01,281.3,SIND129-OW,22.885,75.530556
1999-08-01,80.3,SIND129-OW,22.885,75.530556
1999-09-01,91.0,SIND129-OW,22.885,75.530556
1999-10-01,88.3,SIND129-OW,22.885,75.530556
1999-11-01,0.0,SIND129-OW,22.885,75.530556
1999-12-01,0.0,SIND129-OW,22.885,75.530556
2000-01-01,0.0,SIND129-OW,22.885,75.530556
2000-02-01,0.1,SIND129-OW,22.885,75.530556
2000-03-01,0.0,SIND129-OW,22.885,75.530556
2000-04-01,0.3,SIND129-OW,22.885,75.530556
2000-05-01,30.0,SIND129-OW,22.885,75.530556
2000-06-01,39.599999999999994,SIND129-OW,22.885,75.530556
2000-07-01,139.20000000000002,SIND129-OW,22.885,75.530556
2000-08-01,110.3,SIND129-OW,22.885,75.530556
2000-09-01,26.6,SIND129-OW,22.885,75.530556
2000-10-01,0.7,SIND129-OW,22.885,75.530556
2000-11-01,0.0,SIND129-OW,22.885,75.530556
2000-12-01,7.9,SIND129-OW,22.885,75.530556
2001-01-01,0.0,SIND129-OW,22.885,75.530556
2001-02-01,0.0,SIND129-OW,22.885,75.530556
2001-03-01,4.8,SIND129-OW,22.885,75.530556
2001-04-01,3.0999999999999996,SIND129-OW,22.885,75.530556
2001-05-01,13.5,SIND129-OW,22.885,75.530556
2001-06-01,138.4,SIND129-OW,22.885,75.530556
2001-07-01,177.79999999999998,SIND129-OW,22.885,75.530556
2001-08-01,143.0,SIND129-OW,22.885,75.530556
2001-09-01,13.1,SIND129-OW,22.885,75.530556
2001-10-01,40.1,SIND129-OW,22.885,75.530556
2001-11-01,0.0,SIND129-OW,22.885,75.530556
2001-12-01,0.0,SIND129-OW,22.885,75.530556
2002-01-01,0.0,SIND129-OW,22.885,75.530556
2002-02-01,45.199999999999996,SIND129-OW,22.885,75.530556
2002-03-01,1.1,SIND129-OW,22.885,75.530556
2002-04-01,4.8,SIND129-OW,22.885,75.530556
2002-05-01,2.4,SIND129-OW,22.885,75.530556
2002-06-01,148.8,SIND129-OW,22.885,75.530556
2002-07-01,26.9,SIND129-OW,22.885,75.530556
2002-08-01,261.5,SIND129-OW,22.885,75.530556
2002-09-01,86.5,SIND129-OW,22.885,75.530556
2002-10-01,1.0,SIND129-OW,22.885,75.530556
2002-11-01,2.8000000000000003,SIND129-OW,22.885,75.530556
2002-12-01,0.9,SIND129-OW,22.885,75.530556
2003-01-01,2.7,SIND129-OW,22.885,75.530556
2003-02-01,6.3,SIND129-OW,22.885,75.530556
2003-03-01,0.0,SIND129-OW,22.885,75.530556
2003-04-01,1.9,SIND129-OW,22.885,75.530556
2003-05-01,0.2,SIND129-OW,22.885,75.530556
2003-06-01,135.0,SIND129-OW,22.885,75.530556
2003-07-01,281.6,SIND129-OW,22.885,75.530556
2003-08-01,208.89999999999998,SIND129-OW,22.885,75.530556
2003-09-01,127.4,SIND129-OW,22.885,75.530556
2003-10-01,0.0,SIND129-OW,22.885,75.530556
2003-11-01,0.0,SIND129-OW,22.885,75.530556
2003-12-01,0.0,SIND129-OW,22.885,75.530556
2004-01-01,8.4,SIND129-OW,22.885,75.530556
2004-02-01,0.0,SIND129-OW,22.885,75.530556
2004-03-01,0.0,SIND129-OW,22.885,75.530556
2004-04-01,0.9,SIND129-OW,22.885,75.530556
2004-05-01,8.3,SIND129-OW,22.885,75.530556
2004-06-01,133.0,SIND129-OW,22.885,75.530556
2004-07-01,192.3,SIND129-OW,22.885,75.530556
2004-08-01,502.2,SIND129-OW,22.885,75.530556
2004-09-01,22.2,SIND129-OW,22.885,75.530556
2004-10-01,36.1,SIND129-OW,22.885,75.530556
2004-11-01,2.7,SIND129-OW,22.885,75.530556
2004-12-01,0.0,SIND129-OW,22.885,75.530556
2005-01-01,8.7,SIND129-OW,22.885,75.530556
2005-02-01,1.1,SIND129-OW,22.885,75.530556
2005-03-01,6.4,SIND129-OW,22.885,75.530556
2005-04-01,0.0,SIND129-OW,22.885,75.530556
2005-05-01,3.2,SIND129-OW,22.885,75.530556
2005-06-01,87.1,SIND129-OW,22.885,75.530556
2005-07-01,161.29999999999998,SIND129-OW,22.885,75.530556
2005-08-01,78.5,SIND129-OW,22.885,75.530556
2005-09-01,188.9,SIND129-OW,22.885,75.530556
2005-10-01,0.0,SIND129-OW,22.885,75.530556
2005-11-01,0.0,SIND129-OW,22.885,75.530556
2005-12-01,0.0,SIND129-OW,22.885,75.530556
2006-01-01,0.0,SIND129-OW,22.885,75.530556
2006-02-01,0.3,SIND129-OW,22.885,75.530556
2006-03-01,21.7,SIND129-OW,22.885,75.530556
2006-04-01,0.0,SIND129-OW,22.885,75.530556
2006-05-01,3.3000000000000003,SIND129-OW,22.885,75.530556
2006-06-01,53.7,SIND129-OW,22.885,75.530556
2006-07-01,509.8,SIND129-OW,22.885,75.530556
2006-08-01,648.1,SIND129-OW,22.885,75.530556
2006-09-01,162.3,SIND129-OW,22.885,75.530556
2006-10-01,6.2,SIND129-OW,22.885,75.530556
2006-11-01,3.2,SIND129-OW,22.885,75.530556
2006-12-01,0.0,SIND129-OW,22.885,75.530556
2007-01-01,0.5,SIND129-OW,22.885,75.530556
2007-02-01,3.4,SIND129-OW,22.885,75.530556
2007-03-01,0.5,SIND129-OW,22.885,75.530556
2007-04-01,0.30000000000000004,SIND129-OW,22.885,75.530556
2007-05-01,3.1999999999999997,SIND129-OW,22.885,75.530556
2007-06-01,89.6,SIND129-OW,22.885,75.530556
2007-07-01,630.2,SIND129-OW,22.885,75.530556
2007-08-01,293.90000000000003,SIND129-OW,22.885,75.530556
2007-09-01,141.5,SIND129-OW,22.885,75.530556
2007-10-01,0.0,SIND129-OW,22.885,75.530556
2007-11-01,0.0,SIND129-OW,22.885,75.530556
2007-12-01,0.0,SIND129-OW,22.885,75.530556
2008-01-01,0.0,SIND129-OW,22.885,75.530556
2008-02-01,0.0,SIND129-OW,22.885,75.530556
2008-03-01,3.8,SIND129-OW,22.885,75.530556
2008-04-01,1.5,SIND129-OW,22.885,75.530556
2008-05-01,1.7000000000000002,SIND129-OW,22.885,75.530556
2008-06-01,100.6,SIND129-OW,22.885,75.530556
2008-07-01,280.2,SIND129-OW,22.885,75.530556
2008-08-01,149.1,SIND129-OW,22.885,75.530556
2008-09-01,103.3,SIND129-OW,22.885,75.530556
2008-10-01,12.6,SIND129-OW,22.885,75.530556
2008-11-01,4.5,SIND129-OW,22.885,75.530556
2008-12-01,1.2,SIND129-OW,22.885,75.530556
2009-01-01,3.2,SIND129-OW,22.885,75.530556
2009-02-01,0.0,SIND129-OW,22.885,75.530556
2009-03-01,0.5,SIND129-OW,22.885,75.530556
2009-04-01,0.7,SIND129-OW,22.885,75.530556
2009-05-01,6.7,SIND129-OW,22.885,75.530556
2009-06-01,20.0,SIND129-OW,22.885,75.530556
2009-07-01,389.8,SIND129-OW,22.885,75.530556
2009-08-01,202.39999999999998,SIND129-OW,22.885,75.530556
2009-09-01,90.7,SIND129-OW,22.885,75.530556
2009-10-01,52.9,SIND129-OW,22.885,75.530556
2009-11-01,79.3,SIND129-OW,22.885,75.530556
2009-12-01,7.6000000000000005,SIND129-OW,22.885,75.530556
2010-01-01,2.3,SIND129-OW,22.885,75.530556
2010-02-01,1.5999999999999999,SIND129-OW,22.885,75.530556
2010-03-01,2.9,SIND129-OW,22.885,75.530556
2010-04-01,0.0,SIND129-OW,22.885,75.530556
2010-05-01,0.4,SIND129-OW,22.885,75.530556
2010-06-01,58.2,SIND129-OW,22.885,75.530556
2010-07-01,230.4,SIND129-OW,22.885,75.530556
2010-08-01,255.5,SIND129-OW,22.885,75.530556
2010-09-01,82.6,SIND129-OW,22.885,75.530556
2010-10-01,13.7,SIND129-OW,22.885,75.530556
2010-11-01,52.0,SIND129-OW,22.885,75.530556
2010-12-01,1.3,SIND129-OW,22.885,75.530556
2011-01-01,0.0,SIND129-OW,22.885,75.530556
2011-02-01,0.1,SIND129-OW,22.885,75.530556
2011-03-01,0.0,SIND129-OW,22.885,75.530556
2011-04-01,0.1,SIND129-OW,22.885,75.530556
2011-05-01,2.1,SIND129-OW,22.885,75.530556
2011-06-01,159.4,SIND129-OW,22.885,75.530556
2011-07-01,245.3,SIND129-OW,22.885,75.530556
2011-08-01,405.8,SIND129-OW,22.885,75.530556
2011-09-01,117.5,SIND129-OW,22.885,75.530556
2011-10-01,0.2,SIND129-OW,22.885,75.530556
2011-11-01,0.0,SIND129-OW,22.885,75.530556
2011-12-01,0.0,SIND129-OW,22.885,75.530556
2012-01-01,0.0,SIND129-OW,22.885,75.530556
2012-02-01,0.0,SIND129-OW,22.885,75.530556
2012-03-01,0.0,SIND129-OW,22.885,75.530556
2012-04-01,0.30000000000000004,SIND129-OW,22.885,75.530556
2012-05-01,8.700000000000001,SIND129-OW,22.885,75.530556
2012-06-01,23.0,SIND129-OW,22.885,75.530556
2012-07-01,462.7,SIND129-OW,22.885,75.530556
2012-08-01,479.1,SIND129-OW,22.885,75.530556
2012-09-01,173.1,SIND129-OW,22.885,75.530556
2012-10-01,0.2,SIND129-OW,22.885,75.530556
2012-11-01,0.0,SIND129-OW,22.885,75.530556
2012-12-01,0.0,SIND129-OW,22.885,75.530556
2013-01-01,0.2,SIND129-OW,22.885,75.530556
2013-02-01,31.1,SIND129-OW,22.885,75.530556
2013-03-01,14.2,SIND129-OW,22.885,75.530556
2013-04-01,7.1,SIND129-OW,22.885,75.530556
2013-05-01,0.0,SIND129-OW,22.885,75.530556
2013-06-01,247.7,SIND129-OW,22.885,75.530556
2013-07-01,473.5,SIND129-OW,22.885,75.530556
2013-08-01,340.5,SIND129-OW,22.885,75.530556
2013-09-01,109.3,SIND129-OW,22.885,75.530556
2013-10-01,34.6,SIND129-OW,22.885,75.530556
2013-11-01,0.1,SIND129-OW,22.885,75.530556
2013-12-01,3.5,SIND129-OW,22.885,75.530556
2014-01-01,24.8,SIND129-OW,22.885,75.530556
2014-02-01,17.3,SIND129-OW,22.885,75.530556
2014-03-01,9.5,SIND129-OW,22.885,75.530556
2014-04-01,1.5,SIND129-OW,22.885,75.530556
2014-05-01,0.4,SIND129-OW,22.885,75.530556
2014-06-01,5.2,SIND129-OW,22.885,75.530556
2014-07-01,414.0,SIND129-OW,22.885,75.530556
2014-08-01,184.4,SIND129-OW,22.885,75.530556
2014-09-01,116.9,SIND129-OW,22.885,75.530556
2014-10-01,3.2,SIND129-OW,22.885,75.530556
2014-11-01,15.6,SIND129-OW,22.885,75.530556
2014-12-01,25.0,SIND129-OW,22.885,75.530556
2015-01-01,21.5,SIND129-OW,22.885,75.530556
2015-02-01,5.200000000000001,SIND129-OW,22.885,75.530556
2015-03-01,28.4,SIND129-OW,22.885,75.530556
2015-04-01,17.3,SIND129-OW,22.885,75.530556
2015-05-01,2.7,SIND129-OW,22.885,75.530556
2015-06-01,138.8,SIND129-OW,22.885,75.530556
2015-07-01,324.6,SIND129-OW,22.885,75.530556
2015-08-01,97.4,SIND129-OW,22.885,75.530556
2015-09-01,26.8,SIND129-OW,22.885,75.530556
2015-10-01,14.4,SIND129-OW,22.885,75.530556
2015-11-01,2.5,SIND129-OW,22.885,75.530556
2015-12-01,0.1,SIND129-OW,22.885,75.530556
2016-01-01,9.8,SIND129-OW,22.885,75.530556
2016-02-01,1.0,SIND129-OW,22.885,75.530556
2016-03-01,7.5,SIND129-OW,22.885,75.530556
2016-04-01,0.1,SIND129-OW,22.885,75.530556
2016-05-01,7.8,SIND129-OW,22.885,75.530556
2016-06-01,73.0,SIND129-OW,22.885,75.530556
2016-07-01,508.8,SIND129-OW,22.885,75.530556
2016-08-01,545.9,SIND129-OW,22.885,75.530556
2016-09-01,82.60000000000001,SIND129-OW,22.885,75.530556
2016-10-01,44.6,SIND129-OW,22.885,75.530556
2016-11-01,0.0,SIND129-OW,22.885,75.530556
2016-12-01,0.0,SIND129-OW,22.885,75.530556
2017-01-01,0.8999999999999999,SIND129-OW,22.885,75.530556
2017-02-01,0.1,SIND129-OW,22.885,75.530556
2017-03-01,1.1,SIND129-OW,22.885,75.530556
2017-04-01,0.2,SIND129-OW,22.885,75.530556
2017-05-01,5.2,SIND129-OW,22.885,75.530556
2017-06-01,93.19999999999999,SIND129-OW,22.885,75.530556
2017-07-01,317.8,SIND129-OW,22.885,75.530556
2017-08-01,192.9,SIND129-OW,22.885,75.530556
2017-09-01,152.0,SIND129-OW,22.885,75.530556
2017-10-01,13.0,SIND129-OW,22.885,75.530556
2017-11-01,0.0,SIND129-OW,22.885,75.530556
2017-12-01,7.0,SIND129-OW,22.885,75.530556
2018-01-01,0.0,SIND129-OW,22.885,75.530556
2018-02-01,5.300000000000001,SIND129-OW,22.885,75.530556
2018-03-01,1.5,SIND129-OW,22.885,75.530556
2018-04-01,1.4000000000000001,SIND129-OW,22.885,75.530556
2018-05-01,1.2,SIND129-OW,22.885,75.530556
2018-06-01,227.5,SIND129-OW,22.885,75.530556
2018-07-01,460.9,SIND129-OW,22.885,75.530556
2018-08-01,374.4,SIND129-OW,22.885,75.530556
2018-09-01,179.1,SIND129-OW,22.885,75.530556
2018-10-01,1.9000000000000001,SIND129-OW,22.885,75.530556
2018-11-01,0.0,SIND129-OW,22.885,75.530556
2018-12-01,0.0,SIND129-OW,22.885,75.530556
2019-01-01,0.1,SIND129-OW,22.885,75.530556
2019-02-01,2.4,SIND129-OW,22.885,75.530556
2019-03-01,0.3,SIND129-OW,22.885,75.530556
2019-04-01,4.1,SIND129-OW,22.885,75.530556
2019-05-01,0.0,SIND129-OW,22.885,75.530556
2019-06-01,121.60000000000001,SIND129-OW,22.885,75.530556
2019-07-01,486.3,SIND129-OW,22.885,75.530556
2019-08-01,567.7,SIND129-OW,22.885,75.530556
2019-09-01,531.6,SIND129-OW,22.885,75.530556
2019-10-01,72.6,SIND129-OW,22.885,75.530556
2019-11-01,20.799999999999997,SIND129-OW,22.885,75.530556
2019-12-01,5.2,SIND129-OW,22.885,75.530556
2020-01-01,3.8,SIND129-OW,22.885,75.530556
2020-02-01,0.4,SIND129-OW,22.885,75.530556
2020-03-01,1.7999999999999998,SIND129-OW,22.885,75.530556
2020-04-01,1.9,SIND129-OW,22.885,75.530556
2020-05-01,0.2,SIND129-OW,22.885,75.530556
2020-06-01,155.9,SIND129-OW,22.885,75.530556
2020-07-01,235.9,SIND129-OW,22.885,75.530556
2020-08-01,409.5,SIND129-OW,22.885,75.530556
2020-09-01,125.3,SIND129-OW,22.885,75.530556
2020-10-01,18.5,SIND129-OW,22.885,75.530556
2020-11-01,1.5,SIND129-OW,22.885,75.530556
2020-12-01,23.0,SIND129-OW,22.885,75.530556
2021-01-01,13.3,SIND129-OW,22.885,75.530556
2021-02-01,0.3,SIND129-OW,22.885,75.530556
2021-03-01,1.1,SIND129-OW,22.885,75.530556
2021-04-01,0.0,SIND129-OW,22.885,75.530556
2021-05-01,22.700000000000003,SIND129-OW,22.885,75.530556
2021-06-01,120.3,SIND129-OW,22.885,75.530556
2021-07-01,355.6,SIND129-OW,22.885,75.530556
2021-08-01,286.7,SIND129-OW,22.885,75.530556
2021-09-01,281.4,SIND129-OW,22.885,75.530556
2021-10-01,75.3,SIND129-OW,22.885,75.530556
2021-11-01,8.0,SIND129-OW,22.885,75.530556
2021-12-01,24.200000000000003,SIND129-OW,22.885,75.530556
2022-01-01,15.799999999999999,SIND129-OW,22.885,75.530556
2022-02-01,0.0,SIND129-OW,22.885,75.530556
2022-03-01,1.5,SIND129-OW,22.885,75.530556
2022-04-01,0.1,SIND129-OW,22.885,75.530556
2022-05-01,0.5,SIND129-OW,22.885,75.530556
2022-06-01,83.8,SIND129-OW,22.885,75.530556
2022-07-01,436.7,SIND129-OW,22.885,75.530556
2022-08-01,378.9,SIND129-OW,22.885,75.530556
2022-09-01,226.7,SIND129-OW,22.885,75.530556
2022-10-01,75.6,SIND129-OW,22.885,75.530556
2022-11-01,0.0,SIND129-OW,22.885,75.530556
2022-12-01,30.3,SIND129-OW,22.885,75.530556
2023-01-01,1.4,SIND129-OW,22.885,75.530556
2023-02-01,0.0,SIND129-OW,22.885,75.530556
2023-03-01,8.8,SIND129-OW,22.885,75.530556
2023-04-01,27.0,SIND129-OW,22.885,75.530556
2023-05-01,2.9000000000000004,SIND129-OW,22.885,75.530556
2023-06-01,164.5,SIND129-OW,22.885,75.530556
2023-07-01,348.9,SIND129-OW,22.885,75.530556
2023-08-01,104.0,SIND129-OW,22.885,75.530556
2023-09-01,378.09999999999997,SIND129-OW,22.885,75.530556
2023-10-01,0.0,SIND129-OW,22.885,75.530556
2023-11-01,51.3,SIND129-OW,22.885,75.530556
2023-12-01,4.9,SIND129-OW,22.885,75.530556
2024-01-01,34.8,SIND129-OW,22.885,75.530556
2024-02-01,0.0,SIND129-OW,22.885,75.530556
2024-03-01,0.2,SIND129-OW,22.885,75.530556
2024-04-01,9.700000000000001,SIND129-OW,22.885,75.530556
2024-05-01,1.7,SIND129-OW,22.885,75.530556
2024-06-01,161.3,SIND129-OW,22.885,75.530556
2024-07-01,315.3,SIND129-OW,22.885,75.530556
2024-08-01,386.0,SIND129-OW,22.885,75.530556
2024-09-01,228.0,SIND129-OW,22.885,75.530556
2024-10-01,31.3,SIND129-OW,22.885,75.530556
2024-11-01,0.0,SIND129-OW,22.885,75.530556
2024-12-01,11.0,SIND129-OW,22.885,75.530556
1976-01-01,1.1,SIND143-OW,22.495,75.730278
1976-02-01,0.2,SIND143-OW,22.495,75.730278
1976-03-01,3.2,SIND143-OW,22.495,75.730278
1976-04-01,6.0,SIND143-OW,22.495,75.730278
1976-05-01,0.7999999999999999,SIND143-OW,22.495,75.730278
1976-06-01,209.7,SIND143-OW,22.495,75.730278
1976-07-01,232.4,SIND143-OW,22.495,75.730278
1976-08-01,393.40000000000003,SIND143-OW,22.495,75.730278
1976-09-01,160.4,SIND143-OW,22.495,75.730278
1976-10-01,0.1,SIND143-OW,22.495,75.730278
1976-11-01,41.4,SIND143-OW,22.495,75.730278
1976-12-01,0.8,SIND143-OW,22.495,75.730278
1977-01-01,1.1,SIND143-OW,22.495,75.730278
1977-02-01,1.6,SIND143-OW,22.495,75.730278
1977-03-01,2.2,SIND143-OW,22.495,75.730278
1977-04-01,3.5,SIND143-OW,22.495,75.730278
1977-05-01,22.3,SIND143-OW,22.495,75.730278
1977-06-01,154.2,SIND143-OW,22.495,75.730278
1977-07-01,330.7,SIND143-OW,22.495,75.730278
1977-08-01,338.7,SIND143-OW,22.495,75.730278
1977-09-01,129.4,SIND143-OW,22.495,75.730278
1977-10-01,3.6,SIND143-OW,22.495,75.730278
1977-11-01,52.5,SIND143-OW,22.495,75.730278
1977-12-01,0.2,SIND143-OW,22.495,75.730278
1978-01-01,0.0,SIND143-OW,22.495,75.730278
1978-02-01,11.2,SIND143-OW,22.495,75.730278
1978-03-01,0.7,SIND143-OW,22.495,75.730278
1978-04-01,4.4,SIND143-OW,22.495,75.730278
1978-05-01,0.2,SIND143-OW,22.495,75.730278
1978-06-01,129.6,SIND143-OW,22.495,75.730278
1978-07-01,564.1,SIND143-OW,22.495,75.730278
1978-08-01,410.0,SIND143-OW,22.495,75.730278
1978-09-01,27.900000000000002,SIND143-OW,22.495,75.730278
1978-10-01,17.0,SIND143-OW,22.495,75.730278
1978-11-01,42.6,SIND143-OW,22.495,75.730278
1978-12-01,6.3,SIND143-OW,22.495,75.730278
1979-01-01,4.1,SIND143-OW,22.495,75.730278
1979-02-01,7.699999999999999,SIND143-OW,22.495,75.730278
1979-03-01,0.39999999999999997,SIND143-OW,22.495,75.730278
1979-04-01,0.0,SIND143-OW,22.495,75.730278
1979-05-01,2.4,SIND143-OW,22.495,75.730278
1979-06-01,104.3,SIND143-OW,22.495,75.730278
1979-07-01,239.10000000000002,SIND143-OW,22.495,75.730278
1979-08-01,300.09999999999997,SIND143-OW,22.495,75.730278
1979-09-01,16.3,SIND143-OW,22.495,75.730278
1979-10-01,3.1,SIND143-OW,22.495,75.730278
1979-11-01,82.9,SIND143-OW,22.495,75.730278
1979-12-01,0.0,SIND143-OW,22.495,75.730278
1980-01-01,0.0,SIND143-OW,22.495,75.730278
1980-02-01,0.0,SIND143-OW,22.495,75.730278
1980-03-01,0.7,SIND143-OW,22.495,75.730278
1980-04-01,1.5,SIND143-OW,22.495,75.730278
1980-05-01,5.300000000000001,SIND143-OW,22.495,75.730278
1980-06-01,472.2,SIND143-OW,22.495,75.730278
1980-07-01,207.8,SIND143-OW,22.495,75.730278
1980-08-01,321.2,SIND143-OW,22.495,75.730278
1980-09-01,42.3,SIND143-OW,22.495,75.730278
1980-10-01,0.1,SIND143-OW,22.495,75.730278
1980-11-01,0.30000000000000004,SIND143-OW,22.495,75.730278
1980-12-01,46.2,SIND143-OW,22.495,75.730278
1981-01-01,0.30000000000000004,SIND143-OW,22.495,75.730278
1981-02-01,0.2,SIND143-OW,22.495,75.730278
1981-03-01,1.1,SIND143-OW,22.495,75.730278
1981-04-01,2.1,SIND143-OW,22.495,75.730278
1981-05-01,3.3,SIND143-OW,22.495,75.730278
1981-06-01,145.0,SIND143-OW,22.495,75.730278
1981-07-01,212.8,SIND143-OW,22.495,75.730278
1981-08-01,395.5,SIND143-OW,22.495,75.730278
1981-09-01,152.0,SIND143-OW,22.495,75.730278
1981-10-01,26.6,SIND143-OW,22.495,75.730278
1981-11-01,10.1,SIND143-OW,22.495,75.730278
1981-12-01,3.9000000000000004,SIND143-OW,22.495,75.730278
1982-01-01,21.1,SIND143-OW,22.495,75.730278
1982-02-01,0.3,SIND143-OW,22.495,75.730278
1982-03-01,0.0,SIND143-OW,22.495,75.730278
1982-04-01,0.5,SIND143-OW,22.495,75.730278
1982-05-01,13.5,SIND143-OW,22.495,75.730278
1982-06-01,43.099999999999994,SIND143-OW,22.495,75.730278
1982-07-01,224.6,SIND143-OW,22.495,75.730278
1982-08-01,256.8,SIND143-OW,22.495,75.730278
1982-09-01,19.9,SIND143-OW,22.495,75.730278
1982-10-01,15.7,SIND143-OW,22.495,75.730278
1982-11-01,93.60000000000001,SIND143-OW,22.495,75.730278
1982-12-01,0.0,SIND143-OW,22.495,75.730278
1983-01-01,0.1,SIND143-OW,22.495,75.730278
1983-02-01,0.0,SIND143-OW,22.495,75.730278
1983-03-01,0.0,SIND143-OW,22.495,75.730278
1983-04-01,1.9000000000000001,SIND143-OW,22.495,75.730278
1983-05-01,2.8,SIND143-OW,22.495,75.730278
1983-06-01,70.9,SIND143-OW,22.495,75.730278
1983-07-01,172.6,SIND143-OW,22.495,75.730278
1983-08-01,426.6,SIND143-OW,22.495,75.730278
1983-09-01,227.8,SIND143-OW,22.495,75.730278
1983-10-01,38.0,SIND143-OW,22.495,75.730278
1983-11-01,0.2,SIND143-OW,22.495,75.730278
1983-12-01,0.3,SIND143-OW,22.495,75.730278
1984-01-01,11.6,SIND143-OW,22.495,75.730278
1984-02-01,0.4,SIND143-OW,22.495,75.730278
1984-03-01,0.0,SIND143-OW,22.495,75.730278
1984-04-01,0.0,SIND143-OW,22.495,75.730278
1984-05-01,0.0,SIND143-OW,22.495,75.730278
1984-06-01,58.8,SIND143-OW,22.495,75.730278
1984-07-01,262.1,SIND143-OW,22.495,75.730278
1984-08-01,418.40000000000003,SIND143-OW,22.495,75.730278
1984-09-01,42.4,SIND143-OW,22.495,75.730278
1984-10-01,3.4,SIND143-OW,22.495,75.730278
1984-11-01,0.0,SIND143-OW,22.495,75.730278
1984-12-01,0.0,SIND143-OW,22.495,75.730278
1985-01-01,0.0,SIND143-OW,22.495,75.730278
1985-02-01,0.0,SIND143-OW,22.495,75.730278
1985-03-01,2.4,SIND143-OW,22.495,75.730278
1985-04-01,0.4,SIND143-OW,22.495,75.730278
1985-05-01,4.1000000000000005,SIND143-OW,22.495,75.730278
1985-06-01,30.099999999999998,SIND143-OW,22.495,75.730278
1985-07-01,335.3,SIND143-OW,22.495,75.730278
1985-08-01,246.6,SIND143-OW,22.495,75.730278
1985-09-01,39.9,SIND143-OW,22.495,75.730278
1985-10-01,105.4,SIND143-OW,22.495,75.730278
1985-11-01,0.0,SIND143-OW,22.495,75.730278
1985-12-01,0.9,SIND143-OW,22.495,75.730278
1986-01-01,0.1,SIND143-OW,22.495,75.730278
1986-02-01,36.800000000000004,SIND143-OW,22.495,75.730278
1986-03-01,0.0,SIND143-OW,22.495,75.730278
1986-04-01,0.7,SIND143-OW,22.495,75.730278
1986-05-01,7.3999999999999995,SIND143-OW,22.495,75.730278
1986-06-01,213.5,SIND143-OW,22.495,75.730278
1986-07-01,348.3,SIND143-OW,22.495,75.730278
1986-08-01,211.7,SIND143-OW,22.495,75.730278
1986-09-01,9.200000000000001,SIND143-OW,22.495,75.730278
1986-10-01,0.8,SIND143-OW,22.495,75.730278
1986-11-01,0.0,SIND143-OW,22.495,75.730278
1986-12-01,0.30000000000000004,SIND143-OW,22.495,75.730278
1987-01-01,18.8,SIND143-OW,22.495,75.730278
1987-02-01,2.7,SIND143-OW,22.495,75.730278
1987-03-01,0.4,SIND143-OW,22.495,75.730278
1987-04-01,0.0,SIND143-OW,22.495,75.730278
1987-05-01,7.3,SIND143-OW,22.495,75.730278
1987-06-01,76.0,SIND143-OW,22.495,75.730278
1987-07-01,54.199999999999996,SIND143-OW,22.495,75.730278
1987-08-01,430.6,SIND143-OW,22.495,75.730278
1987-09-01,7.8,SIND143-OW,22.495,75.730278
1987-10-01,27.7,SIND143-OW,22.495,75.730278
1987-11-01,9.0,SIND143-OW,22.495,75.730278
1987-12-01,17.4,SIND143-OW,22.495,75.730278
1988-01-01,0.0,SIND143-OW,22.495,75.730278
1988-02-01,0.0,SIND143-OW,22.495,75.730278
1988-03-01,0.0,SIND143-OW,22.495,75.730278
1988-04-01,11.200000000000001,SIND143-OW,22.495,75.730278
1988-05-01,6.9,SIND143-OW,22.495,75.730278
1988-06-01,78.7,SIND143-OW,22.495,75.730278
1988-07-01,310.2,SIND143-OW,22.495,75.730278
1988-08-01,654.6,SIND143-OW,22.495,75.730278
1988-09-01,183.3,SIND143-OW,22.495,75.730278
1988-10-01,126.8,SIND143-OW,22.495,75.730278
1988-11-01,0.0,SIND143-OW,22.495,75.730278
1988-12-01,0.0,SIND143-OW,22.495,75.730278
1989-01-01,0.5,SIND143-OW,22.495,75.730278
1989-02-01,0.0,SIND143-OW,22.495,75.730278
1989-03-01,9.5,SIND143-OW,22.495,75.730278
1989-04-01,0.1,SIND143-OW,22.495,75.730278
1989-05-01,3.1,SIND143-OW,22.495,75.730278
1989-06-01,121.2,SIND143-OW,22.495,75.730278
1989-07-01,294.2,SIND143-OW,22.495,75.730278
1989-08-01,472.5,SIND143-OW,22.495,75.730278
1989-09-01,54.9,SIND143-OW,22.495,75.730278
1989-10-01,0.1,SIND143-OW,22.495,75.730278
1989-11-01,0.4,SIND143-OW,22.495,75.730278
1989-12-01,2.2,SIND143-OW,22.495,75.730278
1990-01-01,0.1,SIND143-OW,22.495,75.730278
1990-02-01,4.5,SIND143-OW,22.495,75.730278
1990-03-01,0.5,SIND143-OW,22.495,75.730278
1990-04-01,0.0,SIND143-OW,22.495,75.730278
1990-05-01,86.6,SIND143-OW,22.495,75.730278
1990-06-01,154.0,SIND143-OW,22.495,75.730278
1990-07-01,209.7,SIND143-OW,22.495,75.730278
1990-08-01,442.4,SIND143-OW,22.495,75.730278
1990-09-01,248.6,SIND143-OW,22.495,75.730278
1990-10-01,12.0,SIND143-OW,22.495,75.730278
1990-11-01,10.799999999999999,SIND143-OW,22.495,75.730278
1990-12-01,1.7,SIND143-OW,22.495,75.730278
1991-01-01,0.1,SIND143-OW,22.495,75.730278
1991-02-01,0.0,SIND143-OW,22.495,75.730278
1991-03-01,3.1,SIND143-OW,22.495,75.730278
1991-04-01,2.4,SIND143-OW,22.495,75.730278
1991-05-01,2.1,SIND143-OW,22.495,75.730278
1991-06-01,91.5,SIND143-OW,22.495,75.730278
1991-07-01,386.3,SIND143-OW,22.495,75.730278
1991-08-01,333.8,SIND143-OW,22.495,75.730278
1991-09-01,15.0,SIND143-OW,22.495,75.730278
1991-10-01,0.0,SIND143-OW,22.495,75.730278
1991-11-01,3.5999999999999996,SIND143-OW,22.495,75.730278
1991-12-01,0.0,SIND143-OW,22.495,75.730278
1992-01-01,0.0,SIND143-OW,22.495,75.730278
1992-02-01,0.0,SIND143-OW,22.495,75.730278
1992-03-01,0.0,SIND143-OW,22.495,75.730278
1992-04-01,0.3,SIND143-OW,22.495,75.730278
1992-05-01,4.6,SIND143-OW,22.495,75.730278
1992-06-01,75.5,SIND143-OW,22.495,75.730278
1992-07-01,283.6,SIND143-OW,22.495,75.730278
1992-08-01,222.7,SIND143-OW,22.495,75.730278
1992-09-01,72.0,SIND143-OW,22.495,75.730278
1992-10-01,42.4,SIND143-OW,22.495,75.730278
1992-11-01,0.7,SIND143-OW,22.495,75.730278
1992-12-01,0.0,SIND143-OW,22.495,75.730278
1993-01-01,0.0,SIND143-OW,22.495,75.730278
1993-02-01,1.8,SIND143-OW,22.495,75.730278
1993-03-01,4.6,SIND143-OW,22.495,75.730278
1993-04-01,0.1,SIND143-OW,22.495,75.730278
1993-05-01,7.3,SIND143-OW,22.495,75.730278
1993-06-01,157.4,SIND143-OW,22.495,75.730278
1993-07-01,399.3,SIND143-OW,22.495,75.730278
1993-08-01,269.9,SIND143-OW,22.495,75.730278
1993-09-01,188.0,SIND143-OW,22.495,75.730278
1993-10-01,14.799999999999999,SIND143-OW,22.495,75.730278
1993-11-01,0.30000000000000004,SIND143-OW,22.495,75.730278
1993-12-01,0.4,SIND143-OW,22.495,75.730278
1994-01-01,7.0,SIND143-OW,22.495,75.730278
1994-02-01,9.100000000000001,SIND143-OW,22.495,75.730278
1994-03-01,0.0,SIND143-OW,22.495,75.730278
1994-04-01,6.300000000000001,SIND143-OW,22.495,75.730278
1994-05-01,11.1,SIND143-OW,22.495,75.730278
1994-06-01,296.1,SIND143-OW,22.495,75.730278
1994-07-01,368.8,SIND143-OW,22.495,75.730278
1994-08-01,302.90000000000003,SIND143-OW,22.495,75.730278
1994-09-01,362.2,SIND143-OW,22.495,75.730278
1994-10-01,11.7,SIND143-OW,22.495,75.730278
1994-11-01,3.9,SIND143-OW,22.495,75.730278
1994-12-01,0.0,SIND143-OW,22.495,75.730278
1995-01-01,24.6,SIND143-OW,22.495,75.730278
1995-02-01,0.3,SIND143-OW,22.495,75.730278
1995-03-01,7.0,SIND143-OW,22.495,75.730278
1995-04-01,2.3,SIND143-OW,22.495,75.730278
1995-05-01,1.1,SIND143-OW,22.495,75.730278
1995-06-01,67.0,SIND143-OW,22.495,75.730278
1995-07-01,313.1,SIND143-OW,22.495,75.730278
1995-08-01,261.0,SIND143-OW,22.495,75.730278
1995-09-01,163.10000000000002,SIND143-OW,22.495,75.730278
1995-10-01,38.4,SIND143-OW,22.495,75.730278
1995-11-01,0.0,SIND143-OW,22.495,75.730278
1995-12-01,11.8,SIND143-OW,22.495,75.730278
1996-01-01,8.4,SIND143-OW,22.495,75.730278
1996-02-01,3.6,SIND143-OW,22.495,75.730278
1996-03-01,1.2,SIND143-OW,22.495,75.730278
1996-04-01,1.7,SIND143-OW,22.495,75.730278
1996-05-01,4.9,SIND143-OW,22.495,75.730278
1996-06-01,101.3,SIND143-OW,22.495,75.730278
1996-07-01,616.2,SIND143-OW,22.495,75.730278
1996-08-01,288.90000000000003,SIND143-OW,22.495,75.730278
1996-09-01,205.8,SIND143-OW,22.495,75.730278
1996-10-01,53.9,SIND143-OW,22.495,75.730278
1996-11-01,7.6,SIND143-OW,22.495,75.730278
1996-12-01,0.0,SIND143-OW,22.495,75.730278
1997-01-01,9.1,SIND143-OW,22.495,75.730278
1997-02-01,0.0,SIND143-OW,22.495,75.730278
1997-03-01,0.1,SIND143-OW,22.495,75.730278
1997-04-01,3.2,SIND143-OW,22.495,75.730278
1997-05-01,6.8999999999999995,SIND143-OW,22.495,75.730278
1997-06-01,565.7,SIND143-OW,22.495,75.730278
1997-07-01,270.9,SIND143-OW,22.495,75.730278
1997-08-01,583.7,SIND143-OW,22.495,75.730278
1997-09-01,72.1,SIND143-OW,22.495,75.730278
1997-10-01,20.6,SIND143-OW,22.495,75.730278
1997-11-01,60.0,SIND143-OW,22.495,75.730278
1997-12-01,81.2,SIND143-OW,22.495,75.730278
1998-01-01,1.7999999999999998,SIND143-OW,22.495,75.730278
1998-02-01,0.3,SIND143-OW,22.495,75.730278
1998-03-01,1.1,SIND143-OW,22.495,75.730278
1998-04-01,9.9,SIND143-OW,22.495,75.730278
1998-05-01,2.4000000000000004,SIND143-OW,22.495,75.730278
1998-06-01,122.4,SIND143-OW,22.495,75.730278
1998-07-01,185.5,SIND143-OW,22.495,75.730278
1998-08-01,239.5,SIND143-OW,22.495,75.730278
1998-09-01,245.70000000000002,SIND143-OW,22.495,75.730278
1998-10-01,36.9,SIND143-OW,22.495,75.730278
1998-11-01,17.5,SIND143-OW,22.495,75.730278
1998-12-01,0.0,SIND143-OW,22.495,75.730278
1999-01-01,0.0,SIND143-OW,22.495,75.730278
1999-02-01,34.1,SIND143-OW,22.495,75.730278
1999-03-01,0.0,SIND143-OW,22.495,75.730278
1999-04-01,0.0,SIND143-OW,22.495,75.730278
1999-05-01,10.5,SIND143-OW,22.495,75.730278
1999-06-01,257.9,SIND143-OW,22.495,75.730278
1999-07-01,284.5,SIND143-OW,22.495,75.730278
1999-08-01,160.0,SIND143-OW,22.495,75.730278
1999-09-01,200.7,SIND143-OW,22.495,75.730278
1999-10-01,104.6,SIND143-OW,22.495,75.730278
1999-11-01,0.0,SIND143-OW,22.495,75.730278
1999-12-01,0.0,SIND143-OW,22.495,75.730278
2000-01-01,0.0,SIND143-OW,22.495,75.730278
2000-02-01,0.0,SIND143-OW,22.495,75.730278
2000-03-01,0.0,SIND143-OW,22.495,75.730278
2000-04-01,1.9,SIND143-OW,22.495,75.730278
2000-05-01,59.1,SIND143-OW,22.495,75.730278
2000-06-01,85.9,SIND143-OW,22.495,75.730278
2000-07-01,165.7,SIND143-OW,22.495,75.730278
2000-08-01,151.8,SIND143-OW,22.495,75.730278
2000-09-01,30.0,SIND143-OW,22.495,75.730278
2000-10-01,0.5,SIND143-OW,22.495,75.730278
2000-11-01,0.0,SIND143-OW,22.495,75.730278
2000-12-01,14.1,SIND143-OW,22.495,75.730278
2001-01-01,0.0,SIND143-OW,22.495,75.730278
2001-02-01,0.0,SIND143-OW,22.495,75.730278
2001-03-01,5.699999999999999,SIND143-OW,22.495,75.730278
2001-04-01,1.6,SIND143-OW,22.495,75.730278
2001-05-01,9.7,SIND143-OW,22.495,75.730278
2001-06-01,175.8,SIND143-OW,22.495,75.730278
2001-07-01,187.2,SIND143-OW,22.495,75.730278
2001-08-01,219.9,SIND143-OW,22.495,75.730278
2001-09-01,21.8,SIND143-OW,22.495,75.730278
2001-10-01,87.2,SIND143-OW,22.495,75.730278
2001-11-01,0.0,SIND143-OW,22.495,75.730278
2001-12-01,0.0,SIND143-OW,22.495,75.730278
2002-01-01,0.0,SIND143-OW,22.495,75.730278
2002-02-01,45.1,SIND143-OW,22.495,75.730278
2002-03-01,0.9,SIND143-OW,22.495,75.730278
2002-04-01,4.0,SIND143-OW,22.495,75.730278
2002-05-01,4.1,SIND143-OW,22.495,75.730278
2002-06-01,189.79999999999998,SIND143-OW,22.495,75.730278
2002-07-01,53.4,SIND143-OW,22.495,75.730278
2002-08-01,321.4,SIND143-OW,22.495,75.730278
2002-09-01,120.3,SIND143-OW,22.495,75.730278
2002-10-01,1.3,SIND143-OW,22.495,75.730278
2002-11-01,2.7,SIND143-OW,22.495,75.730278
2002-12-01,0.0,SIND143-OW,22.495,75.730278
2003-01-01,2.0,SIND143-OW,22.495,75.730278
2003-02-01,1.2,SIND143-OW,22.495,75.730278
2003-03-01,0.1,SIND143-OW,22.495,75.730278
2003-04-01,1.3,SIND143-OW,22.495,75.730278
2003-05-01,3.2,SIND143-OW,22.495,75.730278
2003-06-01,268.9,SIND143-OW,22.495,75.730278
2003-07-01,354.6,SIND143-OW,22.495,75.730278
2003-08-01,309.4,SIND143-OW,22.495,75.730278
2003-09-01,202.3,SIND143-OW,22.495,75.730278
2003-10-01,1.0,SIND143-OW,22.495,75.730278
2003-11-01,0.0,SIND143-OW,22.495,75.730278
2003-12-01,0.3,SIND143-OW,22.495,75.730278
2004-01-01,6.1,SIND143-OW,22.495,75.730278
2004-02-01,0.0,SIND143-OW,22.495,75.730278
2004-03-01,0.0,SIND143-OW,22.495,75.730278
2004-04-01,1.4,SIND143-OW,22.495,75.730278
2004-05-01,9.9,SIND143-OW,22.495,75.730278
2004-06-01,197.29999999999998,SIND143-OW,22.495,75.730278
2004-07-01,267.4,SIND143-OW,22.495,75.730278
2004-08-01,388.5,SIND143-OW,22.495,75.730278
2004-09-01,50.0,SIND143-OW,22.495,75.730278
2004-10-01,49.2,SIND143-OW,22.495,75.730278
2004-11-01,7.800000000000001,SIND143-OW,22.495,75.730278
2004-12-01,0.0,SIND143-OW,22.495,75.730278
2005-01-01,7.199999999999999,SIND143-OW,22.495,75.730278
2005-02-01,2.4,SIND143-OW,22.495,75.730278
2005-03-01,7.2,SIND143-OW,22.495,75.730278
2005-04-01,0.2,SIND143-OW,22.495,75.730278
2005-05-01,5.9,SIND143-OW,22.495,75.730278
2005-06-01,100.6,SIND143-OW,22.495,75.730278
2005-07-01,252.5,SIND143-OW,22.495,75.730278
2005-08-01,190.4,SIND143-OW,22.495,75.730278
2005-09-01,213.5,SIND143-OW,22.495,75.730278
2005-10-01,0.6000000000000001,SIND143-OW,22.495,75.730278
2005-11-01,0.0,SIND143-OW,22.495,75.730278
2005-12-01,0.0,SIND143-OW,22.495,75.730278
2006-01-01,0.0,SIND143-OW,22.495,75.730278
2006-02-01,0.0,SIND143-OW,22.495,75.730278
2006-03-01,36.7,SIND143-OW,22.495,75.730278
2006-04-01,0.0,SIND143-OW,22.495,75.730278
2006-05-01,10.700000000000001,SIND143-OW,22.495,75.730278
2006-06-01,68.2,SIND143-OW,22.495,75.730278
2006-07-01,538.7,SIND143-OW,22.495,75.730278
2006-08-01,507.1,SIND143-OW,22.495,75.730278
2006-09-01,238.9,SIND143-OW,22.495,75.730278
2006-10-01,10.200000000000001,SIND143-OW,22.495,75.730278
2006-11-01,2.2,SIND143-OW,22.495,75.730278
2006-12-01,0.5,SIND143-OW,22.495,75.730278
2007-01-01,0.4,SIND143-OW,22.495,75.730278
2007-02-01,4.1,SIND143-OW,22.495,75.730278
2007-03-01,0.0,SIND143-OW,22.495,75.730278
2007-04-01,4.6,SIND143-OW,22.495,75.730278
2007-05-01,8.7,SIND143-OW,22.495,75.730278
2007-06-01,171.9,SIND143-OW,22.495,75.730278
2007-07-01,816.5,SIND143-OW,22.495,75.730278
2007-08-01,357.4,SIND143-OW,22.495,75.730278
2007-09-01,214.7,SIND143-OW,22.495,75.730278
2007-10-01,0.0,SIND143-OW,22.495,75.730278
2007-11-01,3.1999999999999997,SIND143-OW,22.495,75.730278
2007-12-01,0.1,SIND143-OW,22.495,75.730278
2008-01-01,0.0,SIND143-OW,22.495,75.730278
2008-02-01,0.0,SIND143-OW,22.495,75.730278
2008-03-01,3.0999999999999996,SIND143-OW,22.495,75.730278
2008-04-01,1.1,SIND143-OW,22.495,75.730278
2008-05-01,4.2,SIND143-OW,22.495,75.730278
2008-06-01,109.6,SIND143-OW,22.495,75.730278
2008-07-01,395.1,SIND143-OW,22.495,75.730278
2008-08-01,206.9,SIND143-OW,22.495,75.730278
2008-09-01,187.1,SIND143-OW,22.495,75.730278
2008-10-01,36.9,SIND143-OW,22.495,75.730278
2008-11-01,5.4,SIND143-OW,22.495,75.730278
2008-12-01,1.1,SIND143-OW,22.495,75.730278
2009-01-01,3.3,SIND143-OW,22.495,75.730278
2009-02-01,0.0,SIND143-OW,22.495,75.730278
2009-03-01,4.2,SIND143-OW,22.495,75.730278
2009-04-01,0.8,SIND143-OW,22.495,75.730278
2009-05-01,11.399999999999999,SIND143-OW,22.495,75.730278
2009-06-01,28.8,SIND143-OW,22.495,75.730278
2009-07-01,491.2,SIND143-OW,22.495,75.730278
2009-08-01,269.1,SIND143-OW,22.495,75.730278
2009-09-01,133.1,SIND143-OW,22.495,75.730278
2009-10-01,116.70000000000002,SIND143-OW,22.495,75.730278
2009-11-01,104.4,SIND143-OW,22.495,75.730278
2009-12-01,4.1,SIND143-OW,22.495,75.730278
2010-01-01,0.8,SIND143-OW,22.495,75.730278
2010-02-01,0.9,SIND143-OW,22.495,75.730278
2010-03-01,1.8,SIND143-OW,22.495,75.730278
2010-04-01,0.0,SIND143-OW,22.495,75.730278
2010-05-01,3.1999999999999997,SIND143-OW,22.495,75.730278
2010-06-01,94.3,SIND143-OW,22.495,75.730278
2010-07-01,275.7,SIND143-OW,22.495,75.730278
2010-08-01,428.9,SIND143-OW,22.495,75.730278
2010-09-01,99.7,SIND143-OW,22.495,75.730278
2010-10-01,37.199999999999996,SIND143-OW,22.495,75.730278
2010-11-01,40.1,SIND143-OW,22.495,75.730278
2010-12-01,0.5,SIND143-OW,22.495,75.730278
2011-01-01,0.0,SIND143-OW,22.495,75.730278
2011-02-01,0.0,SIND143-OW,22.495,75.730278
2011-03-01,0.0,SIND143-OW,22.495,75.730278
2011-04-01,0.30000000000000004,SIND143-OW,22.495,75.730278
2011-05-01,7.199999999999999,SIND143-OW,22.495,75.730278
2011-06-01,121.9,SIND143-OW,22.495,75.730278
2011-07-01,302.7,SIND143-OW,22.495,75.730278
2011-08-01,424.8,SIND143-OW,22.495,75.730278
2011-09-01,150.4,SIND143-OW,22.495,75.730278
2011-10-01,1.8,SIND143-OW,22.495,75.730278
2011-11-01,0.0,SIND143-OW,22.495,75.730278
2011-12-01,0.0,SIND143-OW,22.495,75.730278
2012-01-01,1.5,SIND143-OW,22.495,75.730278
2012-02-01,0.0,SIND143-OW,22.495,75.730278
2012-03-01,0.0,SIND143-OW,22.495,75.730278
2012-04-01,0.0,SIND143-OW,22.495,75.730278
2012-05-01,12.5,SIND143-OW,22.495,75.730278
2012-06-01,31.3,SIND143-OW,22.495,75.730278
2012-07-01,642.0,SIND143-OW,22.495,75.730278
2012-08-01,446.70000000000005,SIND143-OW,22.495,75.730278
2012-09-01,280.6,SIND143-OW,22.495,75.730278
2012-10-01,6.0,SIND143-OW,22.495,75.730278
2012-11-01,0.0,SIND143-OW,22.495,75.730278
2012-12-01,0.0,SIND143-OW,22.495,75.730278
2013-01-01,1.1,SIND143-OW,22.495,75.730278
2013-02-01,17.5,SIND143-OW,22.495,75.730278
2013-03-01,5.8999999999999995,SIND143-OW,22.495,75.730278
2013-04-01,10.5,SIND143-OW,22.495,75.730278
2013-05-01,0.9,SIND143-OW,22.495,75.730278
2013-06-01,381.9,SIND143-OW,22.495,75.730278
2013-07-01,687.9,SIND143-OW,22.495,75.730278
2013-08-01,379.3,SIND143-OW,22.495,75.730278
2013-09-01,172.2,SIND143-OW,22.495,75.730278
2013-10-01,72.8,SIND143-OW,22.495,75.730278
2013-11-01,0.1,SIND143-OW,22.495,75.730278
2013-12-01,1.6,SIND143-OW,22.495,75.730278
2014-01-01,12.600000000000001,SIND143-OW,22.495,75.730278
2014-02-01,15.600000000000001,SIND143-OW,22.495,75.730278
2014-03-01,13.8,SIND143-OW,22.495,75.730278
2014-04-01,0.0,SIND143-OW,22.495,75.730278
2014-05-01,1.9000000000000001,SIND143-OW,22.495,75.730278
2014-06-01,7.2,SIND143-OW,22.495,75.730278
2014-07-01,464.2,SIND143-OW,22.495,75.730278
2014-08-01,237.2,SIND143-OW,22.495,75.730278
2014-09-01,165.9,SIND143-OW,22.495,75.730278
2014-10-01,8.8,SIND143-OW,22.495,75.730278
2014-11-01,17.9,SIND143-OW,22.495,75.730278
2014-12-01,18.4,SIND143-OW,22.495,75.730278
2015-01-01,36.6,SIND143-OW,22.495,75.730278
2015-02-01,3.6999999999999997,SIND143-OW,22.495,75.730278
2015-03-01,22.599999999999998,SIND143-OW,22.495,75.730278
2015-04-01,20.2,SIND143-OW,22.495,75.730278
2015-05-01,1.2000000000000002,SIND143-OW,22.495,75.730278
2015-06-01,166.4,SIND143-OW,22.495,75.730278
2015-07-01,374.0,SIND143-OW,22.495,75.730278
2015-08-01,194.8,SIND143-OW,22.495,75.730278
2015-09-01,63.6,SIND143-OW,22.495,75.730278
2015-10-01,9.4,SIND143-OW,22.495,75.730278
2015-11-01,1.2999999999999998,SIND143-OW,22.495,75.730278
2015-12-01,0.1,SIND143-OW,22.495,75.730278
2016-01-01,3.6,SIND143-OW,22.495,75.730278
2016-02-01,0.5,SIND143-OW,22.495,75.730278
2016-03-01,6.2,SIND143-OW,22.495,75.730278
2016-04-01,0.0,SIND143-OW,22.495,75.730278
2016-05-01,10.3,SIND143-OW,22.495,75.730278
2016-06-01,115.3,SIND143-OW,22.495,75.730278
2016-07-01,695.0,SIND143-OW,22.495,75.730278
2016-08-01,434.0,SIND143-OW,22.495,75.730278
2016-09-01,150.6,SIND143-OW,22.495,75.730278
2016-10-01,68.3,SIND143-OW,22.495,75.730278
2016-11-01,0.0,SIND143-OW,22.495,75.730278
2016-12-01,0.0,SIND143-OW,22.495,75.730278
2017-01-01,0.1,SIND143-OW,22.495,75.730278
2017-02-01,0.1,SIND143-OW,22.495,75.730278
2017-03-01,0.8,SIND143-OW,22.495,75.730278
2017-04-01,0.39999999999999997,SIND143-OW,22.495,75.730278
2017-05-01,7.0,SIND143-OW,22.495,75.730278
2017-06-01,99.3,SIND143-OW,22.495,75.730278
2017-07-01,342.5,SIND143-OW,22.495,75.730278
2017-08-01,143.8,SIND143-OW,22.495,75.730278
2017-09-01,153.3,SIND143-OW,22.495,75.730278
2017-10-01,42.8,SIND143-OW,22.495,75.730278
2017-11-01,0.7999999999999999,SIND143-OW,22.495,75.730278
2017-12-01,2.0,SIND143-OW,22.495,75.730278
2018-01-01,0.1,SIND143-OW,22.495,75.730278
2018-02-01,4.3999999999999995,SIND143-OW,22.495,75.730278
2018-03-01,2.2,SIND143-OW,22.495,75.730278
2018-04-01,2.9000000000000004,SIND143-OW,22.495,75.730278
2018-05-01,1.2,SIND143-OW,22.495,75.730278
2018-06-01,196.5,SIND143-OW,22.495,75.730278
2018-07-01,402.6,SIND143-OW,22.495,75.730278
2018-08-01,358.59999999999997,SIND143-OW,22.495,75.730278
2018-09-01,116.7,SIND143-OW,22.495,75.730278
2018-10-01,7.3999999999999995,SIND143-OW,22.495,75.730278
2018-11-01,0.39999999999999997,SIND143-OW,22.495,75.730278
2018-12-01,0.1,SIND143-OW,22.495,75.730278
2019-01-01,0.5,SIND143-OW,22.495,75.730278
2019-02-01,4.5,SIND143-OW,22.495,75.730278
2019-03-01,0.0,SIND143-OW,22.495,75.730278
2019-04-01,3.4000000000000004,SIND143-OW,22.495,75.730278
2019-05-01,0.0,SIND143-OW,22.495,75.730278
2019-06-01,134.9,SIND143-OW,22.495,75.730278
2019-07-01,536.3,SIND143-OW,22.495,75.730278
2019-08-01,561.7,SIND143-OW,22.495,75.730278
2019-09-01,407.8,SIND143-OW,22.495,75.730278
2019-10-01,116.7,SIND143-OW,22.495,75.730278
2019-11-01,29.2,SIND143-OW,22.495,75.730278
2019-12-01,7.3,SIND143-OW,22.495,75.730278
2020-01-01,3.1,SIND143-OW,22.495,75.730278
2020-02-01,0.9,SIND143-OW,22.495,75.730278
2020-03-01,12.8,SIND143-OW,22.495,75.730278
2020-04-01,2.5,SIND143-OW,22.495,75.730278
2020-05-01,0.0,SIND143-OW,22.495,75.730278
2020-06-01,167.4,SIND143-OW,22.495,75.730278
2020-07-01,235.6,SIND143-OW,22.495,75.730278
2020-08-01,508.4,SIND143-OW,22.495,75.730278
2020-09-01,200.0,SIND143-OW,22.495,75.730278
2020-10-01,32.0,SIND143-OW,22.495,75.730278
2020-11-01,1.9,SIND143-OW,22.495,75.730278
2020-12-01,34.2,SIND143-OW,22.495,75.730278
2021-01-01,14.6,SIND143-OW,22.495,75.730278
2021-02-01,0.4,SIND143-OW,22.495,75.730278
2021-03-01,0.5,SIND143-OW,22.495,75.730278
2021-04-01,0.0,SIND143-OW,22.495,75.730278
2021-05-01,17.6,SIND143-OW,22.495,75.730278
2021-06-01,113.2,SIND143-OW,22.495,75.730278
2021-07-01,287.9,SIND143-OW,22.495,75.730278
2021-08-01,287.9,SIND143-OW,22.495,75.730278
2021-09-01,382.4,SIND143-OW,22.495,75.730278
2021-10-01,101.5,SIND143-OW,22.495,75.730278
2021-11-01,4.7,SIND143-OW,22.495,75.730278
2021-12-01,38.7,SIND143-OW,22.495,75.730278
2022-01-01,110.1,SIND143-OW,22.495,75.730278
2022-02-01,0.4,SIND143-OW,22.495,75.730278
2022-03-01,2.5,SIND143-OW,22.495,75.730278
2022-04-01,0.7,SIND143-OW,22.495,75.730278
2022-05-01,0.5,SIND143-OW,22.495,75.730278
2022-06-01,111.5,SIND143-OW,22.495,75.730278
2022-07-01,521.5,SIND143-OW,22.495,75.730278
2022-08-01,378.7,SIND143-OW,22.495,75.730278
2022-09-01,256.1,SIND143-OW,22.495,75.730278
2022-10-01,86.4,SIND143-OW,22.495,75.730278
2022-11-01,0.0,SIND143-OW,22.495,75.730278
2022-12-01,4.6,SIND143-OW,22.495,75.730278
2023-01-01,4.9,SIND143-OW,22.495,75.730278
2023-02-01,0.0,SIND143-OW,22.495,75.730278
2023-03-01,19.3,SIND143-OW,22.495,75.730278
2023-04-01,11.6,SIND143-OW,22.495,75.730278
2023-05-01,14.2,SIND143-OW,22.495,75.730278
2023-06-01,186.5,SIND143-OW,22.495,75.730278
2023-07-01,362.8,SIND143-OW,22.495,75.730278
2023-08-01,125.7,SIND143-OW,22.495,75.730278
2023-09-01,547.1,SIND143-OW,22.495,75.730278
2023-10-01,1.0,SIND143-OW,22.495,75.730278
2023-11-01,33.0,SIND143-OW,22.495,75.730278
2023-12-01,3.8,SIND143-OW,22.495,75.730278
2024-01-01,30.0,SIND143-OW,22.495,75.730278
2024-02-01,0.5,SIND143-OW,22.495,75.730278
2024-03-01,0.8,SIND143-OW,22.495,75.730278
2024-04-01,10.5,SIND143-OW,22.495,75.730278
2024-05-01,5.9,SIND143-OW,22.495,75.730278
2024-06-01,217.9,SIND143-OW,22.495,75.730278
2024-07-01,468.1,SIND143-OW,22.495,75.730278
2024-08-01,403.3,SIND143-OW,22.495,75.730278
2024-09-01,300.1,SIND143-OW,22.495,75.730278
2024-10-01,33.3,SIND143-OW,22.495,75.730278
2024-11-01,0.0,SIND143-OW,22.495,75.730278
2024-12-01,9.3,SIND143-OW,22.495,75.730278
1976-01-01,5.3999999999999995,SJBP056-OW-A,23.350833,79.931667
1976-02-01,0.5,SJBP056-OW-A,23.350833,79.931667
1976-03-01,5.9,SJBP056-OW-A,23.350833,79.931667
1976-04-01,6.6,SJBP056-OW-A,23.350833,79.931667
1976-05-01,5.5,SJBP056-OW-A,23.350833,79.931667
1976-06-01,108.3,SJBP056-OW-A,23.350833,79.931667
1976-07-01,458.2,SJBP056-OW-A,23.350833,79.931667
1976-08-01,342.4,SJBP056-OW-A,23.350833,79.931667
1976-09-01,266.5,SJBP056-OW-A,23.350833,79.931667
1976-10-01,0.7999999999999999,SJBP056-OW-A,23.350833,79.931667
1976-11-01,14.799999999999997,SJBP056-OW-A,23.350833,79.931667
1976-12-01,1.6,SJBP056-OW-A,23.350833,79.931667
1977-01-01,2.0,SJBP056-OW-A,23.350833,79.931667
1977-02-01,5.3999999999999995,SJBP056-OW-A,23.350833,79.931667
1977-03-01,7.3,SJBP056-OW-A,23.350833,79.931667
1977-04-01,2.9,SJBP056-OW-A,23.350833,79.931667
1977-05-01,3.7,SJBP056-OW-A,23.350833,79.931667
1977-06-01,361.7,SJBP056-OW-A,23.350833,79.931667
1977-07-01,496.8,SJBP056-OW-A,23.350833,79.931667
1977-08-01,285.0,SJBP056-OW-A,23.350833,79.931667
1977-09-01,105.4,SJBP056-OW-A,23.350833,79.931667
1977-10-01,52.9,SJBP056-OW-A,23.350833,79.931667
1977-11-01,79.4,SJBP056-OW-A,23.350833,79.931667
1977-12-01,2.0,SJBP056-OW-A,23.350833,79.931667
1978-01-01,6.7,SJBP056-OW-A,23.350833,79.931667
1978-02-01,53.6,SJBP056-OW-A,23.350833,79.931667
1978-03-01,11.600000000000001,SJBP056-OW-A,23.350833,79.931667
1978-04-01,1.1,SJBP056-OW-A,23.350833,79.931667
1978-05-01,0.0,SJBP056-OW-A,23.350833,79.931667
1978-06-01,261.0,SJBP056-OW-A,23.350833,79.931667
1978-07-01,303.1,SJBP056-OW-A,23.350833,79.931667
1978-08-01,376.7,SJBP056-OW-A,23.350833,79.931667
1978-09-01,192.5,SJBP056-OW-A,23.350833,79.931667
1978-10-01,0.1,SJBP056-OW-A,23.350833,79.931667
1978-11-01,21.5,SJBP056-OW-A,23.350833,79.931667
1978-12-01,35.2,SJBP056-OW-A,23.350833,79.931667
1979-01-01,50.0,SJBP056-OW-A,23.350833,79.931667
1979-02-01,88.1,SJBP056-OW-A,23.350833,79.931667
1979-03-01,0.6000000000000001,SJBP056-OW-A,23.350833,79.931667
1979-04-01,0.5,SJBP056-OW-A,23.350833,79.931667
1979-05-01,5.4,SJBP056-OW-A,23.350833,79.931667
1979-06-01,127.2,SJBP056-OW-A,23.350833,79.931667
1979-07-01,220.1,SJBP056-OW-A,23.350833,79.931667
1979-08-01,180.4,SJBP056-OW-A,23.350833,79.931667
1979-09-01,45.0,SJBP056-OW-A,23.350833,79.931667
1979-10-01,0.1,SJBP056-OW-A,23.350833,79.931667
1979-11-01,36.7,SJBP056-OW-A,23.350833,79.931667
1979-12-01,0.0,SJBP056-OW-A,23.350833,79.931667
1980-01-01,0.4,SJBP056-OW-A,23.350833,79.931667
1980-02-01,0.3,SJBP056-OW-A,23.350833,79.931667
1980-03-01,2.6,SJBP056-OW-A,23.350833,79.931667
1980-04-01,1.5,SJBP056-OW-A,23.350833,79.931667
1980-05-01,0.0,SJBP056-OW-A,23.350833,79.931667
1980-06-01,421.5,SJBP056-OW-A,23.350833,79.931667
1980-07-01,490.2,SJBP056-OW-A,23.350833,79.931667
1980-08-01,649.0,SJBP056-OW-A,23.350833,79.931667
1980-09-01,98.1,SJBP056-OW-A,23.350833,79.931667
1980-10-01,4.7,SJBP056-OW-A,23.350833,79.931667
1980-11-01,0.0,SJBP056-OW-A,23.350833,79.931667
1980-12-01,34.7,SJBP056-OW-A,23.350833,79.931667
1981-01-01,4.0,SJBP056-OW-A,23.350833,79.931667
1981-02-01,0.0,SJBP056-OW-A,23.350833,79.931667
1981-03-01,24.7,SJBP056-OW-A,23.350833,79.931667
1981-04-01,0.7,SJBP056-OW-A,23.350833,79.931667
1981-05-01,6.2,SJBP056-OW-A,23.350833,79.931667
1981-06-01,182.5,SJBP056-OW-A,23.350833,79.931667
1981-07-01,213.4,SJBP056-OW-A,23.350833,79.931667
1981-08-01,224.9,SJBP056-OW-A,23.350833,79.931667
1981-09-01,125.0,SJBP056-OW-A,23.350833,79.931667
1981-10-01,1.3,SJBP056-OW-A,23.350833,79.931667
1981-11-01,0.5,SJBP056-OW-A,23.350833,79.931667
1981-12-01,8.4,SJBP056-OW-A,23.350833,79.931667
1982-01-01,55.0,SJBP056-OW-A,23.350833,79.931667
1982-02-01,11.6,SJBP056-OW-A,23.350833,79.931667
1982-03-01,3.3000000000000003,SJBP056-OW-A,23.350833,79.931667
1982-04-01,0.0,SJBP056-OW-A,23.350833,79.931667
1982-05-01,8.1,SJBP056-OW-A,23.350833,79.931667
1982-06-01,74.5,SJBP056-OW-A,23.350833,79.931667
1982-07-01,460.1,SJBP056-OW-A,23.350833,79.931667
1982-08-01,489.3,SJBP056-OW-A,23.350833,79.931667
1982-09-01,351.5,SJBP056-OW-A,23.350833,79.931667
1982-10-01,4.6,SJBP056-OW-A,23.350833,79.931667
1982-11-01,22.0,SJBP056-OW-A,23.350833,79.931667
1982-12-01,0.30000000000000004,SJBP056-OW-A,23.350833,79.931667
1983-01-01,4.7,SJBP056-OW-A,23.350833,79.931667
1983-02-01,8.1,SJBP056-OW-A,23.350833,79.931667
1983-03-01,0.0,SJBP056-OW-A,23.350833,79.931667
1983-04-01,5.7,SJBP056-OW-A,23.350833,79.931667
1983-05-01,4.6000000000000005,SJBP056-OW-A,23.350833,79.931667
1983-06-01,95.7,SJBP056-OW-A,23.350833,79.931667
1983-07-01,264.0,SJBP056-OW-A,23.350833,79.931667
1983-08-01,243.6,SJBP056-OW-A,23.350833,79.931667
1983-09-01,229.8,SJBP056-OW-A,23.350833,79.931667
1983-10-01,39.5,SJBP056-OW-A,23.350833,79.931667
1983-11-01,0.0,SJBP056-OW-A,23.350833,79.931667
1983-12-01,9.299999999999999,SJBP056-OW-A,23.350833,79.931667
1984-01-01,37.7,SJBP056-OW-A,23.350833,79.931667
1984-02-01,66.9,SJBP056-OW-A,23.350833,79.931667
1984-03-01,0.0,SJBP056-OW-A,23.350833,79.931667
1984-04-01,0.9,SJBP056-OW-A,23.350833,79.931667
1984-05-01,0.5,SJBP056-OW-A,23.350833,79.931667
1984-06-01,110.0,SJBP056-OW-A,23.350833,79.931667
1984-07-01,140.9,SJBP056-OW-A,23.350833,79.931667
1984-08-01,541.9,SJBP056-OW-A,23.350833,79.931667
1984-09-01,47.2,SJBP056-OW-A,23.350833,79.931667
1984-10-01,0.8,SJBP056-OW-A,23.350833,79.931667
1984-11-01,0.0,SJBP056-OW-A,23.350833,79.931667
1984-12-01,15.7,SJBP056-OW-A,23.350833,79.931667
1985-01-01,52.9,SJBP056-OW-A,23.350833,79.931667
1985-02-01,6.4,SJBP056-OW-A,23.350833,79.931667
1985-03-01,0.8,SJBP056-OW-A,23.350833,79.931667
1985-04-01,5.699999999999999,SJBP056-OW-A,23.350833,79.931667
1985-05-01,3.9000000000000004,SJBP056-OW-A,23.350833,79.931667
1985-06-01,95.00000000000001,SJBP056-OW-A,23.350833,79.931667
1985-07-01,381.8,SJBP056-OW-A,23.350833,79.931667
1985-08-01,297.1,SJBP056-OW-A,23.350833,79.931667
1985-09-01,209.5,SJBP056-OW-A,23.350833,79.931667
1985-10-01,58.4,SJBP056-OW-A,23.350833,79.931667
1985-11-01,0.0,SJBP056-OW-A,23.350833,79.931667
1985-12-01,0.1,SJBP056-OW-A,23.350833,79.931667
1986-01-01,2.5999999999999996,SJBP056-OW-A,23.350833,79.931667
1986-02-01,99.1,SJBP056-OW-A,23.350833,79.931667
1986-03-01,11.1,SJBP056-OW-A,23.350833,79.931667
1986-04-01,0.1,SJBP056-OW-A,23.350833,79.931667
1986-05-01,8.9,SJBP056-OW-A,23.350833,79.931667
1986-06-01,263.7,SJBP056-OW-A,23.350833,79.931667
1986-07-01,409.5,SJBP056-OW-A,23.350833,79.931667
1986-08-01,286.9,SJBP056-OW-A,23.350833,79.931667
1986-09-01,118.2,SJBP056-OW-A,23.350833,79.931667
1986-10-01,7.2,SJBP056-OW-A,23.350833,79.931667
1986-11-01,0.0,SJBP056-OW-A,23.350833,79.931667
1986-12-01,43.900000000000006,SJBP056-OW-A,23.350833,79.931667
1987-01-01,52.3,SJBP056-OW-A,23.350833,79.931667
1987-02-01,25.299999999999997,SJBP056-OW-A,23.350833,79.931667
1987-03-01,12.899999999999999,SJBP056-OW-A,23.350833,79.931667
1987-04-01,0.30000000000000004,SJBP056-OW-A,23.350833,79.931667
1987-05-01,2.2,SJBP056-OW-A,23.350833,79.931667
1987-06-01,34.2,SJBP056-OW-A,23.350833,79.931667
1987-07-01,383.5,SJBP056-OW-A,23.350833,79.931667
1987-08-01,228.9,SJBP056-OW-A,23.350833,79.931667
1987-09-01,205.9,SJBP056-OW-A,23.350833,79.931667
1987-10-01,43.6,SJBP056-OW-A,23.350833,79.931667
1987-11-01,32.0,SJBP056-OW-A,23.350833,79.931667
1987-12-01,8.8,SJBP056-OW-A,23.350833,79.931667
1988-01-01,10.6,SJBP056-OW-A,23.350833,79.931667
1988-02-01,11.3,SJBP056-OW-A,23.350833,79.931667
1988-03-01,0.3,SJBP056-OW-A,23.350833,79.931667
1988-04-01,5.000000000000001,SJBP056-OW-A,23.350833,79.931667
1988-05-01,4.1,SJBP056-OW-A,23.350833,79.931667
1988-06-01,126.2,SJBP056-OW-A,23.350833,79.931667
1988-07-01,422.1,SJBP056-OW-A,23.350833,79.931667
1988-08-01,294.1,SJBP056-OW-A,23.350833,79.931667
1988-09-01,136.4,SJBP056-OW-A,23.350833,79.931667
1988-10-01,31.200000000000003,SJBP056-OW-A,23.350833,79.931667
1988-11-01,0.0,SJBP056-OW-A,23.350833,79.931667
1988-12-01,9.100000000000001,SJBP056-OW-A,23.350833,79.931667
1989-01-01,0.0,SJBP056-OW-A,23.350833,79.931667
1989-02-01,0.0,SJBP056-OW-A,23.350833,79.931667
1989-03-01,9.700000000000001,SJBP056-OW-A,23.350833,79.931667
1989-04-01,0.0,SJBP056-OW-A,23.350833,79.931667
1989-05-01,2.3,SJBP056-OW-A,23.350833,79.931667
1989-06-01,231.2,SJBP056-OW-A,23.350833,79.931667
1989-07-01,215.9,SJBP056-OW-A,23.350833,79.931667
1989-08-01,317.9,SJBP056-OW-A,23.350833,79.931667
1989-09-01,69.4,SJBP056-OW-A,23.350833,79.931667
1989-10-01,0.0,SJBP056-OW-A,23.350833,79.931667
1989-11-01,0.4,SJBP056-OW-A,23.350833,79.931667
1989-12-01,18.400000000000002,SJBP056-OW-A,23.350833,79.931667
1990-01-01,0.0,SJBP056-OW-A,23.350833,79.931667
1990-02-01,28.8,SJBP056-OW-A,23.350833,79.931667
1990-03-01,9.1,SJBP056-OW-A,23.350833,79.931667
1990-04-01,1.5,SJBP056-OW-A,23.350833,79.931667
1990-05-01,34.5,SJBP056-OW-A,23.350833,79.931667
1990-06-01,527.5,SJBP056-OW-A,23.350833,79.931667
1990-07-01,319.0,SJBP056-OW-A,23.350833,79.931667
1990-08-01,280.2,SJBP056-OW-A,23.350833,79.931667
1990-09-01,287.9,SJBP056-OW-A,23.350833,79.931667
1990-10-01,25.8,SJBP056-OW-A,23.350833,79.931667
1990-11-01,0.0,SJBP056-OW-A,23.350833,79.931667
1990-12-01,19.8,SJBP056-OW-A,23.350833,79.931667
1991-01-01,2.7,SJBP056-OW-A,23.350833,79.931667
1991-02-01,6.3999999999999995,SJBP056-OW-A,23.350833,79.931667
1991-03-01,2.2,SJBP056-OW-A,23.350833,79.931667
1991-04-01,0.30000000000000004,SJBP056-OW-A,23.350833,79.931667
1991-05-01,0.1,SJBP056-OW-A,23.350833,79.931667
1991-06-01,89.2,SJBP056-OW-A,23.350833,79.931667
1991-07-01,371.0,SJBP056-OW-A,23.350833,79.931667
1991-08-01,813.8000000000001,SJBP056-OW-A,23.350833,79.931667
1991-09-01,23.8,SJBP056-OW-A,23.350833,79.931667
1991-10-01,0.0,SJBP056-OW-A,23.350833,79.931667
1991-11-01,3.3000000000000003,SJBP056-OW-A,23.350833,79.931667
1991-12-01,0.2,SJBP056-OW-A,23.350833,79.931667
1992-01-01,0.1,SJBP056-OW-A,23.350833,79.931667
1992-02-01,0.0,SJBP056-OW-A,23.350833,79.931667
1992-03-01,4.5,SJBP056-OW-A,23.350833,79.931667
1992-04-01,1.9,SJBP056-OW-A,23.350833,79.931667
1992-05-01,9.2,SJBP056-OW-A,23.350833,79.931667
1992-06-01,22.7,SJBP056-OW-A,23.350833,79.931667
1992-07-01,242.7,SJBP056-OW-A,23.350833,79.931667
1992-08-01,380.0,SJBP056-OW-A,23.350833,79.931667
1992-09-01,118.8,SJBP056-OW-A,23.350833,79.931667
1992-10-01,7.199999999999999,SJBP056-OW-A,23.350833,79.931667
1992-11-01,1.2,SJBP056-OW-A,23.350833,79.931667
1992-12-01,0.0,SJBP056-OW-A,23.350833,79.931667
1993-01-01,0.0,SJBP056-OW-A,23.350833,79.931667
1993-02-01,28.1,SJBP056-OW-A,23.350833,79.931667
1993-03-01,10.9,SJBP056-OW-A,23.350833,79.931667
1993-04-01,0.9,SJBP056-OW-A,23.350833,79.931667
1993-05-01,2.0,SJBP056-OW-A,23.350833,79.931667
1993-06-01,204.5,SJBP056-OW-A,23.350833,79.931667
1993-07-01,347.3,SJBP056-OW-A,23.350833,79.931667
1993-08-01,297.2,SJBP056-OW-A,23.350833,79.931667
1993-09-01,385.8,SJBP056-OW-A,23.350833,79.931667
1993-10-01,11.6,SJBP056-OW-A,23.350833,79.931667
1993-11-01,0.0,SJBP056-OW-A,23.350833,79.931667
1993-12-01,1.6,SJBP056-OW-A,23.350833,79.931667
1994-01-01,13.4,SJBP056-OW-A,23.350833,79.931667
1994-02-01,10.299999999999999,SJBP056-OW-A,23.350833,79.931667
1994-03-01,0.0,SJBP056-OW-A,23.350833,79.931667
1994-04-01,8.8,SJBP056-OW-A,23.350833,79.931667
1994-05-01,1.0,SJBP056-OW-A,23.350833,79.931667
1994-06-01,132.8,SJBP056-OW-A,23.350833,79.931667
1994-07-01,361.4,SJBP056-OW-A,23.350833,79.931667
1994-08-01,390.6,SJBP056-OW-A,23.350833,79.931667
1994-09-01,104.0,SJBP056-OW-A,23.350833,79.931667
1994-10-01,27.1,SJBP056-OW-A,23.350833,79.931667
1994-11-01,0.2,SJBP056-OW-A,23.350833,79.931667
1994-12-01,0.0,SJBP056-OW-A,23.350833,79.931667
1995-01-01,28.599999999999998,SJBP056-OW-A,23.350833,79.931667
1995-02-01,36.9,SJBP056-OW-A,23.350833,79.931667
1995-03-01,50.4,SJBP056-OW-A,23.350833,79.931667
1995-04-01,0.8999999999999999,SJBP056-OW-A,23.350833,79.931667
1995-05-01,0.3,SJBP056-OW-A,23.350833,79.931667
1995-06-01,58.9,SJBP056-OW-A,23.350833,79.931667
1995-07-01,263.3,SJBP056-OW-A,23.350833,79.931667
1995-08-01,340.2,SJBP056-OW-A,23.350833,79.931667
1995-09-01,103.10000000000001,SJBP056-OW-A,23.350833,79.931667
1995-10-01,16.7,SJBP056-OW-A,23.350833,79.931667
1995-11-01,0.0,SJBP056-OW-A,23.350833,79.931667
1995-12-01,47.0,SJBP056-OW-A,23.350833,79.931667
1996-01-01,38.4,SJBP056-OW-A,23.350833,79.931667
1996-02-01,31.1,SJBP056-OW-A,23.350833,79.931667
1996-03-01,5.9,SJBP056-OW-A,23.350833,79.931667
1996-04-01,3.3,SJBP056-OW-A,23.350833,79.931667
1996-05-01,0.30000000000000004,SJBP056-OW-A,23.350833,79.931667
1996-06-01,47.0,SJBP056-OW-A,23.350833,79.931667
1996-07-01,374.6,SJBP056-OW-A,23.350833,79.931667
1996-08-01,413.2,SJBP056-OW-A,23.350833,79.931667
1996-09-01,101.5,SJBP056-OW-A,23.350833,79.931667
1996-10-01,51.1,SJBP056-OW-A,23.350833,79.931667
1996-11-01,0.2,SJBP056-OW-A,23.350833,79.931667
1996-12-01,0.0,SJBP056-OW-A,23.350833,79.931667
1997-01-01,12.7,SJBP056-OW-A,23.350833,79.931667
1997-02-01,0.0,SJBP056-OW-A,23.350833,79.931667
1997-03-01,0.6,SJBP056-OW-A,23.350833,79.931667
1997-04-01,5.8,SJBP056-OW-A,23.350833,79.931667
1997-05-01,2.9,SJBP056-OW-A,23.350833,79.931667
1997-06-01,79.4,SJBP056-OW-A,23.350833,79.931667
1997-07-01,639.7,SJBP056-OW-A,23.350833,79.931667
1997-08-01,506.2,SJBP056-OW-A,23.350833,79.931667
1997-09-01,114.3,SJBP056-OW-A,23.350833,79.931667
1997-10-01,51.4,SJBP056-OW-A,23.350833,79.931667
1997-11-01,38.6,SJBP056-OW-A,23.350833,79.931667
1997-12-01,58.0,SJBP056-OW-A,23.350833,79.931667
1998-01-01,1.0999999999999999,SJBP056-OW-A,23.350833,79.931667
1998-02-01,6.3999999999999995,SJBP056-OW-A,23.350833,79.931667
1998-03-01,10.0,SJBP056-OW-A,23.350833,79.931667
1998-04-01,7.1000000000000005,SJBP056-OW-A,23.350833,79.931667
1998-05-01,0.6,SJBP056-OW-A,23.350833,79.931667
1998-06-01,162.9,SJBP056-OW-A,23.350833,79.931667
1998-07-01,454.5,SJBP056-OW-A,23.350833,79.931667
1998-08-01,283.7,SJBP056-OW-A,23.350833,79.931667
1998-09-01,171.2,SJBP056-OW-A,23.350833,79.931667
1998-10-01,32.0,SJBP056-OW-A,23.350833,79.931667
1998-11-01,43.2,SJBP056-OW-A,23.350833,79.931667
1998-12-01,0.0,SJBP056-OW-A,23.350833,79.931667
1999-01-01,5.4,SJBP056-OW-A,23.350833,79.931667
1999-02-01,52.1,SJBP056-OW-A,23.350833,79.931667
1999-03-01,0.0,SJBP056-OW-A,23.350833,79.931667
1999-04-01,0.5,SJBP056-OW-A,23.350833,79.931667
1999-05-01,4.5,SJBP056-OW-A,23.350833,79.931667
1999-06-01,114.3,SJBP056-OW-A,23.350833,79.931667
1999-07-01,337.8,SJBP056-OW-A,23.350833,79.931667
1999-08-01,319.8,SJBP056-OW-A,23.350833,79.931667
1999-09-01,400.5,SJBP056-OW-A,23.350833,79.931667
1999-10-01,43.0,SJBP056-OW-A,23.350833,79.931667
1999-11-01,0.2,SJBP056-OW-A,23.350833,79.931667
1999-12-01,0.0,SJBP056-OW-A,23.350833,79.931667
2000-01-01,0.0,SJBP056-OW-A,23.350833,79.931667
2000-02-01,1.1,SJBP056-OW-A,23.350833,79.931667
2000-03-01,0.4,SJBP056-OW-A,23.350833,79.931667
2000-04-01,2.4,SJBP056-OW-A,23.350833,79.931667
2000-05-01,41.3,SJBP056-OW-A,23.350833,79.931667
2000-06-01,198.6,SJBP056-OW-A,23.350833,79.931667
2000-07-01,467.8,SJBP056-OW-A,23.350833,79.931667
2000-08-01,186.0,SJBP056-OW-A,23.350833,79.931667
2000-09-01,76.5,SJBP056-OW-A,23.350833,79.931667
2000-10-01,0.0,SJBP056-OW-A,23.350833,79.931667
2000-11-01,0.0,SJBP056-OW-A,23.350833,79.931667
2000-12-01,5.4,SJBP056-OW-A,23.350833,79.931667
2001-01-01,14.5,SJBP056-OW-A,23.350833,79.931667
2001-02-01,0.4,SJBP056-OW-A,23.350833,79.931667
2001-03-01,3.2,SJBP056-OW-A,23.350833,79.931667
2001-04-01,11.7,SJBP056-OW-A,23.350833,79.931667
2001-05-01,15.0,SJBP056-OW-A,23.350833,79.931667
2001-06-01,296.2,SJBP056-OW-A,23.350833,79.931667
2001-07-01,399.3,SJBP056-OW-A,23.350833,79.931667
2001-08-01,303.3,SJBP056-OW-A,23.350833,79.931667
2001-09-01,28.6,SJBP056-OW-A,23.350833,79.931667
2001-10-01,116.4,SJBP056-OW-A,23.350833,79.931667
2001-11-01,0.4,SJBP056-OW-A,23.350833,79.931667
2001-12-01,0.0,SJBP056-OW-A,23.350833,79.931667
2002-01-01,0.7,SJBP056-OW-A,23.350833,79.931667
2002-02-01,24.1,SJBP056-OW-A,23.350833,79.931667
2002-03-01,0.9,SJBP056-OW-A,23.350833,79.931667
2002-04-01,0.0,SJBP056-OW-A,23.350833,79.931667
2002-05-01,8.9,SJBP056-OW-A,23.350833,79.931667
2002-06-01,152.9,SJBP056-OW-A,23.350833,79.931667
2002-07-01,100.4,SJBP056-OW-A,23.350833,79.931667
2002-08-01,485.3,SJBP056-OW-A,23.350833,79.931667
2002-09-01,225.6,SJBP056-OW-A,23.350833,79.931667
2002-10-01,25.4,SJBP056-OW-A,23.350833,79.931667
2002-11-01,1.5,SJBP056-OW-A,23.350833,79.931667
2002-12-01,3.0,SJBP056-OW-A,23.350833,79.931667
2003-01-01,0.0,SJBP056-OW-A,23.350833,79.931667
2003-02-01,45.6,SJBP056-OW-A,23.350833,79.931667
2003-03-01,6.8,SJBP056-OW-A,23.350833,79.931667
2003-04-01,1.6,SJBP056-OW-A,23.350833,79.931667
2003-05-01,0.0,SJBP056-OW-A,23.350833,79.931667
2003-06-01,117.8,SJBP056-OW-A,23.350833,79.931667
2003-07-01,293.6,SJBP056-OW-A,23.350833,79.931667
2003-08-01,341.9,SJBP056-OW-A,23.350833,79.931667
2003-09-01,529.1,SJBP056-OW-A,23.350833,79.931667
2003-10-01,4.8,SJBP056-OW-A,23.350833,79.931667
2003-11-01,0.1,SJBP056-OW-A,23.350833,79.931667
2003-12-01,8.4,SJBP056-OW-A,23.350833,79.931667
2004-01-01,44.4,SJBP056-OW-A,23.350833,79.931667
2004-02-01,0.0,SJBP056-OW-A,23.350833,79.931667
2004-03-01,0.0,SJBP056-OW-A,23.350833,79.931667
2004-04-01,4.3,SJBP056-OW-A,23.350833,79.931667
2004-05-01,1.7,SJBP056-OW-A,23.350833,79.931667
2004-06-01,231.4,SJBP056-OW-A,23.350833,79.931667
2004-07-01,214.9,SJBP056-OW-A,23.350833,79.931667
2004-08-01,356.8,SJBP056-OW-A,23.350833,79.931667
2004-09-01,79.10000000000001,SJBP056-OW-A,23.350833,79.931667
2004-10-01,11.3,SJBP056-OW-A,23.350833,79.931667
2004-11-01,0.1,SJBP056-OW-A,23.350833,79.931667
2004-12-01,0.0,SJBP056-OW-A,23.350833,79.931667
2005-01-01,51.6,SJBP056-OW-A,23.350833,79.931667
2005-02-01,19.9,SJBP056-OW-A,23.350833,79.931667
2005-03-01,5.7,SJBP056-OW-A,23.350833,79.931667
2005-04-01,2.0,SJBP056-OW-A,23.350833,79.931667
2005-05-01,1.3,SJBP056-OW-A,23.350833,79.931667
2005-06-01,157.0,SJBP056-OW-A,23.350833,79.931667
2005-07-01,804.2,SJBP056-OW-A,23.350833,79.931667
2005-08-01,147.70000000000002,SJBP056-OW-A,23.350833,79.931667
2005-09-01,179.0,SJBP056-OW-A,23.350833,79.931667
2005-10-01,35.9,SJBP056-OW-A,23.350833,79.931667
2005-11-01,0.0,SJBP056-OW-A,23.350833,79.931667
2005-12-01,3.5,SJBP056-OW-A,23.350833,79.931667
2006-01-01,0.0,SJBP056-OW-A,23.350833,79.931667
2006-02-01,0.0,SJBP056-OW-A,23.350833,79.931667
2006-03-01,40.5,SJBP056-OW-A,23.350833,79.931667
2006-04-01,16.700000000000003,SJBP056-OW-A,23.350833,79.931667
2006-05-01,8.9,SJBP056-OW-A,23.350833,79.931667
2006-06-01,80.9,SJBP056-OW-A,23.350833,79.931667
2006-07-01,519.2,SJBP056-OW-A,23.350833,79.931667
2006-08-01,355.79999999999995,SJBP056-OW-A,23.350833,79.931667
2006-09-01,86.5,SJBP056-OW-A,23.350833,79.931667
2006-10-01,8.6,SJBP056-OW-A,23.350833,79.931667
2006-11-01,9.9,SJBP056-OW-A,23.350833,79.931667
2006-12-01,0.0,SJBP056-OW-A,23.350833,79.931667
2007-01-01,0.0,SJBP056-OW-A,23.350833,79.931667
2007-02-01,10.799999999999999,SJBP056-OW-A,23.350833,79.931667
2007-03-01,3.4,SJBP056-OW-A,23.350833,79.931667
2007-04-01,2.1,SJBP056-OW-A,23.350833,79.931667
2007-05-01,0.8,SJBP056-OW-A,23.350833,79.931667
2007-06-01,115.1,SJBP056-OW-A,23.350833,79.931667
2007-07-01,360.7,SJBP056-OW-A,23.350833,79.931667
2007-08-01,276.8,SJBP056-OW-A,23.350833,79.931667
2007-09-01,147.7,SJBP056-OW-A,23.350833,79.931667
2007-10-01,0.2,SJBP056-OW-A,23.350833,79.931667
2007-11-01,0.7,SJBP056-OW-A,23.350833,79.931667
2007-12-01,1.0999999999999999,SJBP056-OW-A,23.350833,79.931667
2008-01-01,2.6,SJBP056-OW-A,23.350833,79.931667
2008-02-01,0.2,SJBP056-OW-A,23.350833,79.931667
2008-03-01,1.1,SJBP056-OW-A,23.350833,79.931667
2008-04-01,0.5,SJBP056-OW-A,23.350833,79.931667
2008-05-01,5.2,SJBP056-OW-A,23.350833,79.931667
2008-06-01,500.0,SJBP056-OW-A,23.350833,79.931667
2008-07-01,276.6,SJBP056-OW-A,23.350833,79.931667
2008-08-01,233.8,SJBP056-OW-A,23.350833,79.931667
2008-09-01,154.7,SJBP056-OW-A,23.350833,79.931667
2008-10-01,6.9,SJBP056-OW-A,23.350833,79.931667
2008-11-01,1.4,SJBP056-OW-A,23.350833,79.931667
2008-12-01,0.0,SJBP056-OW-A,23.350833,79.931667
2009-01-01,2.7,SJBP056-OW-A,23.350833,79.931667
2009-02-01,0.5,SJBP056-OW-A,23.350833,79.931667
2009-03-01,1.4,SJBP056-OW-A,23.350833,79.931667
2009-04-01,1.1,SJBP056-OW-A,23.350833,79.931667
2009-05-01,1.6,SJBP056-OW-A,23.350833,79.931667
2009-06-01,69.9,SJBP056-OW-A,23.350833,79.931667
2009-07-01,323.8,SJBP056-OW-A,23.350833,79.931667
2009-08-01,198.5,SJBP056-OW-A,23.350833,79.931667
2009-09-01,264.0,SJBP056-OW-A,23.350833,79.931667
2009-10-01,73.2,SJBP056-OW-A,23.350833,79.931667
2009-11-01,43.3,SJBP056-OW-A,23.350833,79.931667
2009-12-01,9.2,SJBP056-OW-A,23.350833,79.931667
2010-01-01,0.1,SJBP056-OW-A,23.350833,79.931667
2010-02-01,1.7,SJBP056-OW-A,23.350833,79.931667
2010-03-01,0.2,SJBP056-OW-A,23.350833,79.931667
2010-04-01,0.0,SJBP056-OW-A,23.350833,79.931667
2010-05-01,0.7,SJBP056-OW-A,23.350833,79.931667
2010-06-01,66.9,SJBP056-OW-A,23.350833,79.931667
2010-07-01,332.5,SJBP056-OW-A,23.350833,79.931667
2010-08-01,356.9,SJBP056-OW-A,23.350833,79.931667
2010-09-01,171.8,SJBP056-OW-A,23.350833,79.931667
2010-10-01,19.1,SJBP056-OW-A,23.350833,79.931667
2010-11-01,13.7,SJBP056-OW-A,23.350833,79.931667
2010-12-01,5.3,SJBP056-OW-A,23.350833,79.931667
2011-01-01,0.0,SJBP056-OW-A,23.350833,79.931667
2011-02-01,2.2,SJBP056-OW-A,23.350833,79.931667
2011-03-01,0.7,SJBP056-OW-A,23.350833,79.931667
2011-04-01,3.7,SJBP056-OW-A,23.350833,79.931667
2011-05-01,0.0,SJBP056-OW-A,23.350833,79.931667
2011-06-01,613.9,SJBP056-OW-A,23.350833,79.931667
2011-07-01,309.2,SJBP056-OW-A,23.350833,79.931667
2011-08-01,408.6,SJBP056-OW-A,23.350833,79.931667
2011-09-01,258.3,SJBP056-OW-A,23.350833,79.931667
2011-10-01,0.9,SJBP056-OW-A,23.350833,79.931667
2011-11-01,0.0,SJBP056-OW-A,23.350833,79.931667
2011-12-01,8.2,SJBP056-OW-A,23.350833,79.931667
2012-01-01,22.400000000000002,SJBP056-OW-A,23.350833,79.931667
2012-02-01,0.5,SJBP056-OW-A,23.350833,79.931667
2012-03-01,0.0,SJBP056-OW-A,23.350833,79.931667
2012-04-01,0.6,SJBP056-OW-A,23.350833,79.931667
2012-05-01,0.7,SJBP056-OW-A,23.350833,79.931667
2012-06-01,66.7,SJBP056-OW-A,23.350833,79.931667
2012-07-01,497.4,SJBP056-OW-A,23.350833,79.931667
2012-08-01,421.7,SJBP056-OW-A,23.350833,79.931667
2012-09-01,116.0,SJBP056-OW-A,23.350833,79.931667
2012-10-01,19.4,SJBP056-OW-A,23.350833,79.931667
2012-11-01,5.3,SJBP056-OW-A,23.350833,79.931667
2012-12-01,0.6000000000000001,SJBP056-OW-A,23.350833,79.931667
2013-01-01,1.1,SJBP056-OW-A,23.350833,79.931667
2013-02-01,34.699999999999996,SJBP056-OW-A,23.350833,79.931667
2013-03-01,19.900000000000002,SJBP056-OW-A,23.350833,79.931667
2013-04-01,9.8,SJBP056-OW-A,23.350833,79.931667
2013-05-01,0.0,SJBP056-OW-A,23.350833,79.931667
2013-06-01,319.9,SJBP056-OW-A,23.350833,79.931667
2013-07-01,502.9,SJBP056-OW-A,23.350833,79.931667
2013-08-01,421.1,SJBP056-OW-A,23.350833,79.931667
2013-09-01,69.0,SJBP056-OW-A,23.350833,79.931667
2013-10-01,123.5,SJBP056-OW-A,23.350833,79.931667
2013-11-01,0.1,SJBP056-OW-A,23.350833,79.931667
2013-12-01,0.0,SJBP056-OW-A,23.350833,79.931667
2014-01-01,26.3,SJBP056-OW-A,23.350833,79.931667
2014-02-01,100.6,SJBP056-OW-A,23.350833,79.931667
2014-03-01,7.0,SJBP056-OW-A,23.350833,79.931667
2014-04-01,0.3,SJBP056-OW-A,23.350833,79.931667
2014-05-01,0.5,SJBP056-OW-A,23.350833,79.931667
2014-06-01,46.699999999999996,SJBP056-OW-A,23.350833,79.931667
2014-07-01,301.6,SJBP056-OW-A,23.350833,79.931667
2014-08-01,237.3,SJBP056-OW-A,23.350833,79.931667
2014-09-01,105.69999999999999,SJBP056-OW-A,23.350833,79.931667
2014-10-01,58.2,SJBP056-OW-A,23.350833,79.931667
2014-11-01,1.7,SJBP056-OW-A,23.350833,79.931667
2014-12-01,21.0,SJBP056-OW-A,23.350833,79.931667
2015-01-01,22.9,SJBP056-OW-A,23.350833,79.931667
2015-02-01,12.9,SJBP056-OW-A,23.350833,79.931667
2015-03-01,69.5,SJBP056-OW-A,23.350833,79.931667
2015-04-01,23.4,SJBP056-OW-A,23.350833,79.931667
2015-05-01,1.1,SJBP056-OW-A,23.350833,79.931667
2015-06-01,213.6,SJBP056-OW-A,23.350833,79.931667
2015-07-01,341.6,SJBP056-OW-A,23.350833,79.931667
2015-08-01,235.6,SJBP056-OW-A,23.350833,79.931667
2015-09-01,99.8,SJBP056-OW-A,23.350833,79.931667
2015-10-01,67.4,SJBP056-OW-A,23.350833,79.931667
2015-11-01,0.30000000000000004,SJBP056-OW-A,23.350833,79.931667
2015-12-01,0.0,SJBP056-OW-A,23.350833,79.931667
2016-01-01,20.9,SJBP056-OW-A,23.350833,79.931667
2016-02-01,1.2,SJBP056-OW-A,23.350833,79.931667
2016-03-01,24.4,SJBP056-OW-A,23.350833,79.931667
2016-04-01,0.7,SJBP056-OW-A,23.350833,79.931667
2016-05-01,6.0,SJBP056-OW-A,23.350833,79.931667
2016-06-01,81.9,SJBP056-OW-A,23.350833,79.931667
2016-07-01,648.0,SJBP056-OW-A,23.350833,79.931667
2016-08-01,573.4,SJBP056-OW-A,23.350833,79.931667
2016-09-01,196.7,SJBP056-OW-A,23.350833,79.931667
2016-10-01,19.6,SJBP056-OW-A,23.350833,79.931667
2016-11-01,0.0,SJBP056-OW-A,23.350833,79.931667
2016-12-01,0.0,SJBP056-OW-A,23.350833,79.931667
2017-01-01,2.2,SJBP056-OW-A,23.350833,79.931667
2017-02-01,15.1,SJBP056-OW-A,23.350833,79.931667
2017-03-01,0.2,SJBP056-OW-A,23.350833,79.931667
2017-04-01,1.4,SJBP056-OW-A,23.350833,79.931667
2017-05-01,3.1,SJBP056-OW-A,23.350833,79.931667
2017-06-01,160.6,SJBP056-OW-A,23.350833,79.931667
2017-07-01,465.1,SJBP056-OW-A,23.350833,79.931667
2017-08-01,199.5,SJBP056-OW-A,23.350833,79.931667
2017-09-01,169.4,SJBP056-OW-A,23.350833,79.931667
2017-10-01,32.2,SJBP056-OW-A,23.350833,79.931667
2017-11-01,1.2,SJBP056-OW-A,23.350833,79.931667
2017-12-01,0.1,SJBP056-OW-A,23.350833,79.931667
2018-01-01,0.0,SJBP056-OW-A,23.350833,79.931667
2018-02-01,43.6,SJBP056-OW-A,23.350833,79.931667
2018-03-01,1.4,SJBP056-OW-A,23.350833,79.931667
2018-04-01,10.6,SJBP056-OW-A,23.350833,79.931667
2018-05-01,3.9,SJBP056-OW-A,23.350833,79.931667
2018-06-01,121.2,SJBP056-OW-A,23.350833,79.931667
2018-07-01,452.0,SJBP056-OW-A,23.350833,79.931667
2018-08-01,412.9,SJBP056-OW-A,23.350833,79.931667
2018-09-01,237.7,SJBP056-OW-A,23.350833,79.931667
2018-10-01,0.0,SJBP056-OW-A,23.350833,79.931667
2018-11-01,0.0,SJBP056-OW-A,23.350833,79.931667
2018-12-01,1.5,SJBP056-OW-A,23.350833,79.931667
2019-01-01,20.6,SJBP056-OW-A,23.350833,79.931667
2019-02-01,6.799999999999999,SJBP056-OW-A,23.350833,79.931667
2019-03-01,20.700000000000003,SJBP056-OW-A,23.350833,79.931667
2019-04-01,4.2,SJBP056-OW-A,23.350833,79.931667
2019-05-01,0.0,SJBP056-OW-A,23.350833,79.931667
2019-06-01,84.0,SJBP056-OW-A,23.350833,79.931667
2019-07-01,522.9,SJBP056-OW-A,23.350833,79.931667
2019-08-01,428.2,SJBP056-OW-A,23.350833,79.931667
2019-09-01,484.40000000000003,SJBP056-OW-A,23.350833,79.931667
2019-10-01,24.1,SJBP056-OW-A,23.350833,79.931667
2019-11-01,0.30000000000000004,SJBP056-OW-A,23.350833,79.931667
2019-12-01,25.900000000000002,SJBP056-OW-A,23.350833,79.931667
2020-01-01,30.7,SJBP056-OW-A,23.350833,79.931667
2020-02-01,11.4,SJBP056-OW-A,23.350833,79.931667
2020-03-01,25.6,SJBP056-OW-A,23.350833,79.931667
2020-04-01,1.3,SJBP056-OW-A,23.350833,79.931667
2020-05-01,0.4,SJBP056-OW-A,23.350833,79.931667
2020-06-01,261.1,SJBP056-OW-A,23.350833,79.931667
2020-07-01,258.2,SJBP056-OW-A,23.350833,79.931667
2020-08-01,543.4,SJBP056-OW-A,23.350833,79.931667
2020-09-01,148.1,SJBP056-OW-A,23.350833,79.931667
2020-10-01,4.0,SJBP056-OW-A,23.350833,79.931667
2020-11-01,1.9000000000000001,SJBP056-OW-A,23.350833,79.931667
2020-12-01,6.4,SJBP056-OW-A,23.350833,79.931667
2021-01-01,0.8,SJBP056-OW-A,23.350833,79.931667
2021-02-01,0.30000000000000004,SJBP056-OW-A,23.350833,79.931667
2021-03-01,9.8,SJBP056-OW-A,23.350833,79.931667
2021-04-01,4.8,SJBP056-OW-A,23.350833,79.931667
2021-05-01,29.5,SJBP056-OW-A,23.350833,79.931667
2021-06-01,127.9,SJBP056-OW-A,23.350833,79.931667
2021-07-01,336.7,SJBP056-OW-A,23.350833,79.931667
2021-08-01,256.6,SJBP056-OW-A,23.350833,79.931667
2021-09-01,228.6,SJBP056-OW-A,23.350833,79.931667
2021-10-01,22.5,SJBP056-OW-A,23.350833,79.931667
2021-11-01,2.6,SJBP056-OW-A,23.350833,79.931667
2021-12-01,14.0,SJBP056-OW-A,23.350833,79.931667
2022-01-01,32.5,SJBP056-OW-A,23.350833,79.931667
2022-02-01,0.9,SJBP056-OW-A,23.350833,79.931667
2022-03-01,0.0,SJBP056-OW-A,23.350833,79.931667
2022-04-01,0.0,SJBP056-OW-A,23.350833,79.931667
2022-05-01,19.7,SJBP056-OW-A,23.350833,79.931667
2022-06-01,178.3,SJBP056-OW-A,23.350833,79.931667
2022-07-01,366.6,SJBP056-OW-A,23.350833,79.931667
2022-08-01,518.7,SJBP056-OW-A,23.350833,79.931667
2022-09-01,205.9,SJBP056-OW-A,23.350833,79.931667
2022-10-01,115.60000000000001,SJBP056-OW-A,23.350833,79.931667
2022-11-01,0.0,SJBP056-OW-A,23.350833,79.931667
2022-12-01,0.0,SJBP056-OW-A,23.350833,79.931667
2023-01-01,1.2,SJBP056-OW-A,23.350833,79.931667
2023-02-01,0.0,SJBP056-OW-A,23.350833,79.931667
2023-03-01,35.1,SJBP056-OW-A,23.350833,79.931667
2023-04-01,25.4,SJBP056-OW-A,23.350833,79.931667
2023-05-01,29.3,SJBP056-OW-A,23.350833,79.931667
2023-06-01,243.9,SJBP056-OW-A,23.350833,79.931667
2023-07-01,345.3,SJBP056-OW-A,23.350833,79.931667
2023-08-01,326.3,SJBP056-OW-A,23.350833,79.931667
2023-09-01,274.9,SJBP056-OW-A,23.350833,79.931667
2023-10-01,8.5,SJBP056-OW-A,23.350833,79.931667
2023-11-01,19.6,SJBP056-OW-A,23.350833,79.931667
2023-12-01,34.3,SJBP056-OW-A,23.350833,79.931667
2024-01-01,6.8,SJBP056-OW-A,23.350833,79.931667
2024-02-01,13.0,SJBP056-OW-A,23.350833,79.931667
2024-03-01,5.3999999999999995,SJBP056-OW-A,23.350833,79.931667
2024-04-01,14.8,SJBP056-OW-A,23.350833,79.931667
2024-05-01,1.5,SJBP056-OW-A,23.350833,79.931667
2024-06-01,142.6,SJBP056-OW-A,23.350833,79.931667
2024-07-01,509.3,SJBP056-OW-A,23.350833,79.931667
2024-08-01,497.5,SJBP056-OW-A,23.350833,79.931667
2024-09-01,218.6,SJBP056-OW-A,23.350833,79.931667
2024-10-01,17.0,SJBP056-OW-A,23.350833,79.931667
2024-11-01,0.0,SJBP056-OW-A,23.350833,79.931667
2024-12-01,16.3,SJBP056-OW-A,23.350833,79.931667
1976-01-01,5.2,SJBP041-OWNEW,23.158333,79.866389
1976-02-01,0.1,SJBP041-OWNEW,23.158333,79.866389
1976-03-01,5.9,SJBP041-OWNEW,23.158333,79.866389
1976-04-01,6.7,SJBP041-OWNEW,23.158333,79.866389
1976-05-01,8.8,SJBP041-OWNEW,23.158333,79.866389
1976-06-01,117.10000000000001,SJBP041-OWNEW,23.158333,79.866389
1976-07-01,448.0,SJBP041-OWNEW,23.158333,79.866389
1976-08-01,347.3,SJBP041-OWNEW,23.158333,79.866389
1976-09-01,241.0,SJBP041-OWNEW,23.158333,79.866389
1976-10-01,1.1,SJBP041-OWNEW,23.158333,79.866389
1976-11-01,11.5,SJBP041-OWNEW,23.158333,79.866389
1976-12-01,1.6,SJBP041-OWNEW,23.158333,79.866389
1977-01-01,2.0,SJBP041-OWNEW,23.158333,79.866389
1977-02-01,4.5,SJBP041-OWNEW,23.158333,79.866389
1977-03-01,8.5,SJBP041-OWNEW,23.158333,79.866389
1977-04-01,3.1,SJBP041-OWNEW,23.158333,79.866389
1977-05-01,2.9,SJBP041-OWNEW,23.158333,79.866389
1977-06-01,315.0,SJBP041-OWNEW,23.158333,79.866389
1977-07-01,463.90000000000003,SJBP041-OWNEW,23.158333,79.866389
1977-08-01,295.4,SJBP041-OWNEW,23.158333,79.866389
1977-09-01,113.1,SJBP041-OWNEW,23.158333,79.866389
1977-10-01,46.2,SJBP041-OWNEW,23.158333,79.866389
1977-11-01,67.0,SJBP041-OWNEW,23.158333,79.866389
1977-12-01,2.1,SJBP041-OWNEW,23.158333,79.866389
1978-01-01,8.299999999999999,SJBP041-OWNEW,23.158333,79.866389
1978-02-01,54.099999999999994,SJBP041-OWNEW,23.158333,79.866389
1978-03-01,12.1,SJBP041-OWNEW,23.158333,79.866389
1978-04-01,0.9,SJBP041-OWNEW,23.158333,79.866389
1978-05-01,0.0,SJBP041-OWNEW,23.158333,79.866389
1978-06-01,267.0,SJBP041-OWNEW,23.158333,79.866389
1978-07-01,310.0,SJBP041-OWNEW,23.158333,79.866389
1978-08-01,337.2,SJBP041-OWNEW,23.158333,79.866389
1978-09-01,171.2,SJBP041-OWNEW,23.158333,79.866389
1978-10-01,0.0,SJBP041-OWNEW,23.158333,79.866389
1978-11-01,20.9,SJBP041-OWNEW,23.158333,79.866389
1978-12-01,30.5,SJBP041-OWNEW,23.158333,79.866389
1979-01-01,51.699999999999996,SJBP041-OWNEW,23.158333,79.866389
1979-02-01,82.39999999999999,SJBP041-OWNEW,23.158333,79.866389
1979-03-01,1.4,SJBP041-OWNEW,23.158333,79.866389
1979-04-01,1.0,SJBP041-OWNEW,23.158333,79.866389
1979-05-01,4.3,SJBP041-OWNEW,23.158333,79.866389
1979-06-01,126.5,SJBP041-OWNEW,23.158333,79.866389
1979-07-01,225.4,SJBP041-OWNEW,23.158333,79.866389
1979-08-01,166.3,SJBP041-OWNEW,23.158333,79.866389
1979-09-01,41.1,SJBP041-OWNEW,23.158333,79.866389
1979-10-01,0.1,SJBP041-OWNEW,23.158333,79.866389
1979-11-01,41.3,SJBP041-OWNEW,23.158333,79.866389
1979-12-01,0.0,SJBP041-OWNEW,23.158333,79.866389
1980-01-01,0.0,SJBP041-OWNEW,23.158333,79.866389
1980-02-01,0.1,SJBP041-OWNEW,23.158333,79.866389
1980-03-01,2.0,SJBP041-OWNEW,23.158333,79.866389
1980-04-01,0.4,SJBP041-OWNEW,23.158333,79.866389
1980-05-01,0.3,SJBP041-OWNEW,23.158333,79.866389
1980-06-01,508.6,SJBP041-OWNEW,23.158333,79.866389
1980-07-01,583.5,SJBP041-OWNEW,23.158333,79.866389
1980-08-01,547.9,SJBP041-OWNEW,23.158333,79.866389
1980-09-01,77.10000000000001,SJBP041-OWNEW,23.158333,79.866389
1980-10-01,3.6999999999999997,SJBP041-OWNEW,23.158333,79.866389
1980-11-01,0.0,SJBP041-OWNEW,23.158333,79.866389
1980-12-01,41.199999999999996,SJBP041-OWNEW,23.158333,79.866389
1981-01-01,3.2,SJBP041-OWNEW,23.158333,79.866389
1981-02-01,0.0,SJBP041-OWNEW,23.158333,79.866389
1981-03-01,23.9,SJBP041-OWNEW,23.158333,79.866389
1981-04-01,0.5,SJBP041-OWNEW,23.158333,79.866389
1981-05-01,5.8,SJBP041-OWNEW,23.158333,79.866389
1981-06-01,180.20000000000002,SJBP041-OWNEW,23.158333,79.866389
1981-07-01,191.9,SJBP041-OWNEW,23.158333,79.866389
1981-08-01,211.8,SJBP041-OWNEW,23.158333,79.866389
1981-09-01,106.7,SJBP041-OWNEW,23.158333,79.866389
1981-10-01,1.5,SJBP041-OWNEW,23.158333,79.866389
1981-11-01,0.39999999999999997,SJBP041-OWNEW,23.158333,79.866389
1981-12-01,9.6,SJBP041-OWNEW,23.158333,79.866389
1982-01-01,55.6,SJBP041-OWNEW,23.158333,79.866389
1982-02-01,10.5,SJBP041-OWNEW,23.158333,79.866389
1982-03-01,3.2,SJBP041-OWNEW,23.158333,79.866389
1982-04-01,0.0,SJBP041-OWNEW,23.158333,79.866389
1982-05-01,5.0,SJBP041-OWNEW,23.158333,79.866389
1982-06-01,71.2,SJBP041-OWNEW,23.158333,79.866389
1982-07-01,400.0,SJBP041-OWNEW,23.158333,79.866389
1982-08-01,398.1,SJBP041-OWNEW,23.158333,79.866389
1982-09-01,267.40000000000003,SJBP041-OWNEW,23.158333,79.866389
1982-10-01,3.4,SJBP041-OWNEW,23.158333,79.866389
1982-11-01,27.000000000000004,SJBP041-OWNEW,23.158333,79.866389
1982-12-01,0.0,SJBP041-OWNEW,23.158333,79.866389
1983-01-01,6.4,SJBP041-OWNEW,23.158333,79.866389
1983-02-01,6.1,SJBP041-OWNEW,23.158333,79.866389
1983-03-01,0.0,SJBP041-OWNEW,23.158333,79.866389
1983-04-01,2.8,SJBP041-OWNEW,23.158333,79.866389
1983-05-01,7.0,SJBP041-OWNEW,23.158333,79.866389
1983-06-01,114.1,SJBP041-OWNEW,23.158333,79.866389
1983-07-01,257.2,SJBP041-OWNEW,23.158333,79.866389
1983-08-01,240.20000000000002,SJBP041-OWNEW,23.158333,79.866389
1983-09-01,201.9,SJBP041-OWNEW,23.158333,79.866389
1983-10-01,39.8,SJBP041-OWNEW,23.158333,79.866389
1983-11-01,0.0,SJBP041-OWNEW,23.158333,79.866389
1983-12-01,7.9,SJBP041-OWNEW,23.158333,79.866389
1984-01-01,34.5,SJBP041-OWNEW,23.158333,79.866389
1984-02-01,57.3,SJBP041-OWNEW,23.158333,79.866389
1984-03-01,0.0,SJBP041-OWNEW,23.158333,79.866389
1984-04-01,0.8,SJBP041-OWNEW,23.158333,79.866389
1984-05-01,1.2,SJBP041-OWNEW,23.158333,79.866389
1984-06-01,108.10000000000001,SJBP041-OWNEW,23.158333,79.866389
1984-07-01,144.0,SJBP041-OWNEW,23.158333,79.866389
1984-08-01,515.0,SJBP041-OWNEW,23.158333,79.866389
1984-09-01,36.8,SJBP041-OWNEW,23.158333,79.866389
1984-10-01,0.2,SJBP041-OWNEW,23.158333,79.866389
1984-11-01,0.0,SJBP041-OWNEW,23.158333,79.866389
1984-12-01,17.0,SJBP041-OWNEW,23.158333,79.866389
1985-01-01,51.4,SJBP041-OWNEW,23.158333,79.866389
1985-02-01,7.9,SJBP041-OWNEW,23.158333,79.866389
1985-03-01,1.4000000000000001,SJBP041-OWNEW,23.158333,79.866389
1985-04-01,7.6000000000000005,SJBP041-OWNEW,23.158333,79.866389
1985-05-01,6.5,SJBP041-OWNEW,23.158333,79.866389
1985-06-01,91.1,SJBP041-OWNEW,23.158333,79.866389
1985-07-01,399.5,SJBP041-OWNEW,23.158333,79.866389
1985-08-01,289.0,SJBP041-OWNEW,23.158333,79.866389
1985-09-01,252.5,SJBP041-OWNEW,23.158333,79.866389
1985-10-01,73.3,SJBP041-OWNEW,23.158333,79.866389
1985-11-01,0.0,SJBP041-OWNEW,23.158333,79.866389
1985-12-01,0.0,SJBP041-OWNEW,23.158333,79.866389
1986-01-01,3.0,SJBP041-OWNEW,23.158333,79.866389
1986-02-01,100.3,SJBP041-OWNEW,23.158333,79.866389
1986-03-01,7.7,SJBP041-OWNEW,23.158333,79.866389
1986-04-01,0.3,SJBP041-OWNEW,23.158333,79.866389
1986-05-01,12.3,SJBP041-OWNEW,23.158333,79.866389
1986-06-01,241.8,SJBP041-OWNEW,23.158333,79.866389
1986-07-01,410.5,SJBP041-OWNEW,23.158333,79.866389
1986-08-01,285.1,SJBP041-OWNEW,23.158333,79.866389
1986-09-01,114.5,SJBP041-OWNEW,23.158333,79.866389
1986-10-01,9.8,SJBP041-OWNEW,23.158333,79.866389
1986-11-01,0.0,SJBP041-OWNEW,23.158333,79.866389
1986-12-01,39.7,SJBP041-OWNEW,23.158333,79.866389
1987-01-01,49.8,SJBP041-OWNEW,23.158333,79.866389
1987-02-01,19.700000000000003,SJBP041-OWNEW,23.158333,79.866389
1987-03-01,10.8,SJBP041-OWNEW,23.158333,79.866389
1987-04-01,0.30000000000000004,SJBP041-OWNEW,23.158333,79.866389
1987-05-01,2.7,SJBP041-OWNEW,23.158333,79.866389
1987-06-01,34.5,SJBP041-OWNEW,23.158333,79.866389
1987-07-01,319.90000000000003,SJBP041-OWNEW,23.158333,79.866389
1987-08-01,231.0,SJBP041-OWNEW,23.158333,79.866389
1987-09-01,133.0,SJBP041-OWNEW,23.158333,79.866389
1987-10-01,34.6,SJBP041-OWNEW,23.158333,79.866389
1987-11-01,26.2,SJBP041-OWNEW,23.158333,79.866389
1987-12-01,9.5,SJBP041-OWNEW,23.158333,79.866389
1988-01-01,11.6,SJBP041-OWNEW,23.158333,79.866389
1988-02-01,9.3,SJBP041-OWNEW,23.158333,79.866389
1988-03-01,0.2,SJBP041-OWNEW,23.158333,79.866389
1988-04-01,7.3999999999999995,SJBP041-OWNEW,23.158333,79.866389
1988-05-01,4.2,SJBP041-OWNEW,23.158333,79.866389
1988-06-01,133.79999999999998,SJBP041-OWNEW,23.158333,79.866389
1988-07-01,399.0,SJBP041-OWNEW,23.158333,79.866389
1988-08-01,292.4,SJBP041-OWNEW,23.158333,79.866389
1988-09-01,127.2,SJBP041-OWNEW,23.158333,79.866389
1988-10-01,31.1,SJBP041-OWNEW,23.158333,79.866389
1988-11-01,0.2,SJBP041-OWNEW,23.158333,79.866389
1988-12-01,4.6,SJBP041-OWNEW,23.158333,79.866389
1989-01-01,0.0,SJBP041-OWNEW,23.158333,79.866389
1989-02-01,0.0,SJBP041-OWNEW,23.158333,79.866389
1989-03-01,8.5,SJBP041-OWNEW,23.158333,79.866389
1989-04-01,0.0,SJBP041-OWNEW,23.158333,79.866389
1989-05-01,0.5,SJBP041-OWNEW,23.158333,79.866389
1989-06-01,215.2,SJBP041-OWNEW,23.158333,79.866389
1989-07-01,199.7,SJBP041-OWNEW,23.158333,79.866389
1989-08-01,339.29999999999995,SJBP041-OWNEW,23.158333,79.866389
1989-09-01,48.2,SJBP041-OWNEW,23.158333,79.866389
1989-10-01,0.0,SJBP041-OWNEW,23.158333,79.866389
1989-11-01,0.4,SJBP041-OWNEW,23.158333,79.866389
1989-12-01,16.9,SJBP041-OWNEW,23.158333,79.866389
1990-01-01,0.0,SJBP041-OWNEW,23.158333,79.866389
1990-02-01,31.5,SJBP041-OWNEW,23.158333,79.866389
1990-03-01,5.6000000000000005,SJBP041-OWNEW,23.158333,79.866389
1990-04-01,1.4000000000000001,SJBP041-OWNEW,23.158333,79.866389
1990-05-01,31.4,SJBP041-OWNEW,23.158333,79.866389
1990-06-01,441.6,SJBP041-OWNEW,23.158333,79.866389
1990-07-01,342.5,SJBP041-OWNEW,23.158333,79.866389
1990-08-01,275.9,SJBP041-OWNEW,23.158333,79.866389
1990-09-01,310.5,SJBP041-OWNEW,23.158333,79.866389
1990-10-01,34.0,SJBP041-OWNEW,23.158333,79.866389
1990-11-01,0.0,SJBP041-OWNEW,23.158333,79.866389
1990-12-01,24.8,SJBP041-OWNEW,23.158333,79.866389
1991-01-01,1.1,SJBP041-OWNEW,23.158333,79.866389
1991-02-01,6.4,SJBP041-OWNEW,23.158333,79.866389
1991-03-01,3.4000000000000004,SJBP041-OWNEW,23.158333,79.866389
1991-04-01,0.3,SJBP041-OWNEW,23.158333,79.866389
1991-05-01,0.3,SJBP041-OWNEW,23.158333,79.866389
1991-06-01,96.0,SJBP041-OWNEW,23.158333,79.866389
1991-07-01,377.8,SJBP041-OWNEW,23.158333,79.866389
1991-08-01,873.9,SJBP041-OWNEW,23.158333,79.866389
1991-09-01,19.1,SJBP041-OWNEW,23.158333,79.866389
1991-10-01,0.0,SJBP041-OWNEW,23.158333,79.866389
1991-11-01,1.8,SJBP041-OWNEW,23.158333,79.866389
1991-12-01,0.2,SJBP041-OWNEW,23.158333,79.866389
1992-01-01,0.0,SJBP041-OWNEW,23.158333,79.866389
1992-02-01,0.0,SJBP041-OWNEW,23.158333,79.866389
1992-03-01,4.3,SJBP041-OWNEW,23.158333,79.866389
1992-04-01,3.4,SJBP041-OWNEW,23.158333,79.866389
1992-05-01,9.600000000000001,SJBP041-OWNEW,23.158333,79.866389
1992-06-01,21.7,SJBP041-OWNEW,23.158333,79.866389
1992-07-01,231.29999999999998,SJBP041-OWNEW,23.158333,79.866389
1992-08-01,326.4,SJBP041-OWNEW,23.158333,79.866389
1992-09-01,99.2,SJBP041-OWNEW,23.158333,79.866389
1992-10-01,7.199999999999999,SJBP041-OWNEW,23.158333,79.866389
1992-11-01,1.3,SJBP041-OWNEW,23.158333,79.866389
1992-12-01,0.0,SJBP041-OWNEW,23.158333,79.866389
1993-01-01,0.0,SJBP041-OWNEW,23.158333,79.866389
1993-02-01,27.4,SJBP041-OWNEW,23.158333,79.866389
1993-03-01,9.4,SJBP041-OWNEW,23.158333,79.866389
1993-04-01,2.4000000000000004,SJBP041-OWNEW,23.158333,79.866389
1993-05-01,4.2,SJBP041-OWNEW,23.158333,79.866389
1993-06-01,174.3,SJBP041-OWNEW,23.158333,79.866389
1993-07-01,301.5,SJBP041-OWNEW,23.158333,79.866389
1993-08-01,301.4,SJBP041-OWNEW,23.158333,79.866389
1993-09-01,375.1,SJBP041-OWNEW,23.158333,79.866389
1993-10-01,4.2,SJBP041-OWNEW,23.158333,79.866389
1993-11-01,0.0,SJBP041-OWNEW,23.158333,79.866389
1993-12-01,1.0,SJBP041-OWNEW,23.158333,79.866389
1994-01-01,7.300000000000001,SJBP041-OWNEW,23.158333,79.866389
1994-02-01,9.6,SJBP041-OWNEW,23.158333,79.866389
1994-03-01,0.0,SJBP041-OWNEW,23.158333,79.866389
1994-04-01,12.700000000000001,SJBP041-OWNEW,23.158333,79.866389
1994-05-01,1.2,SJBP041-OWNEW,23.158333,79.866389
1994-06-01,119.39999999999999,SJBP041-OWNEW,23.158333,79.866389
1994-07-01,351.1,SJBP041-OWNEW,23.158333,79.866389
1994-08-01,344.0,SJBP041-OWNEW,23.158333,79.866389
1994-09-01,115.4,SJBP041-OWNEW,23.158333,79.866389
1994-10-01,20.1,SJBP041-OWNEW,23.158333,79.866389
1994-11-01,0.2,SJBP041-OWNEW,23.158333,79.866389
1994-12-01,0.0,SJBP041-OWNEW,23.158333,79.866389
1995-01-01,31.599999999999998,SJBP041-OWNEW,23.158333,79.866389
1995-02-01,30.1,SJBP041-OWNEW,23.158333,79.866389
1995-03-01,55.6,SJBP041-OWNEW,23.158333,79.866389
1995-04-01,1.6,SJBP041-OWNEW,23.158333,79.866389
1995-05-01,0.0,SJBP041-OWNEW,23.158333,79.866389
1995-06-01,55.0,SJBP041-OWNEW,23.158333,79.866389
1995-07-01,263.7,SJBP041-OWNEW,23.158333,79.866389
1995-08-01,300.1,SJBP041-OWNEW,23.158333,79.866389
1995-09-01,94.9,SJBP041-OWNEW,23.158333,79.866389
1995-10-01,12.299999999999999,SJBP041-OWNEW,23.158333,79.866389
1995-11-01,0.0,SJBP041-OWNEW,23.158333,79.866389
1995-12-01,39.400000000000006,SJBP041-OWNEW,23.158333,79.866389
1996-01-01,37.3,SJBP041-OWNEW,23.158333,79.866389
1996-02-01,34.5,SJBP041-OWNEW,23.158333,79.866389
1996-03-01,5.2,SJBP041-OWNEW,23.158333,79.866389
1996-04-01,3.2,SJBP041-OWNEW,23.158333,79.866389
1996-05-01,0.7000000000000001,SJBP041-OWNEW,23.158333,79.866389
1996-06-01,38.0,SJBP041-OWNEW,23.158333,79.866389
1996-07-01,425.1,SJBP041-OWNEW,23.158333,79.866389
1996-08-01,425.1,SJBP041-OWNEW,23.158333,79.866389
1996-09-01,96.2,SJBP041-OWNEW,23.158333,79.866389
1996-10-01,42.7,SJBP041-OWNEW,23.158333,79.866389
1996-11-01,0.1,SJBP041-OWNEW,23.158333,79.866389
1996-12-01,0.0,SJBP041-OWNEW,23.158333,79.866389
1997-01-01,9.4,SJBP041-OWNEW,23.158333,79.866389
1997-02-01,0.0,SJBP041-OWNEW,23.158333,79.866389
1997-03-01,0.5,SJBP041-OWNEW,23.158333,79.866389
1997-04-01,4.6,SJBP041-OWNEW,23.158333,79.866389
1997-05-01,5.3999999999999995,SJBP041-OWNEW,23.158333,79.866389
1997-06-01,78.8,SJBP041-OWNEW,23.158333,79.866389
1997-07-01,791.2,SJBP041-OWNEW,23.158333,79.866389
1997-08-01,489.2,SJBP041-OWNEW,23.158333,79.866389
1997-09-01,132.0,SJBP041-OWNEW,23.158333,79.866389
1997-10-01,51.2,SJBP041-OWNEW,23.158333,79.866389
1997-11-01,48.9,SJBP041-OWNEW,23.158333,79.866389
1997-12-01,56.5,SJBP041-OWNEW,23.158333,79.866389
1998-01-01,0.8999999999999999,SJBP041-OWNEW,23.158333,79.866389
1998-02-01,6.2,SJBP041-OWNEW,23.158333,79.866389
1998-03-01,9.8,SJBP041-OWNEW,23.158333,79.866389
1998-04-01,6.6,SJBP041-OWNEW,23.158333,79.866389
1998-05-01,1.1,SJBP041-OWNEW,23.158333,79.866389
1998-06-01,146.3,SJBP041-OWNEW,23.158333,79.866389
1998-07-01,452.3,SJBP041-OWNEW,23.158333,79.866389
1998-08-01,321.8,SJBP041-OWNEW,23.158333,79.866389
1998-09-01,159.7,SJBP041-OWNEW,23.158333,79.866389
1998-10-01,34.7,SJBP041-OWNEW,23.158333,79.866389
1998-11-01,39.300000000000004,SJBP041-OWNEW,23.158333,79.866389
1998-12-01,0.0,SJBP041-OWNEW,23.158333,79.866389
1999-01-01,5.7,SJBP041-OWNEW,23.158333,79.866389
1999-02-01,57.9,SJBP041-OWNEW,23.158333,79.866389
1999-03-01,0.0,SJBP041-OWNEW,23.158333,79.866389
1999-04-01,0.6,SJBP041-OWNEW,23.158333,79.866389
1999-05-01,5.2,SJBP041-OWNEW,23.158333,79.866389
1999-06-01,111.6,SJBP041-OWNEW,23.158333,79.866389
1999-07-01,349.8,SJBP041-OWNEW,23.158333,79.866389
1999-08-01,298.09999999999997,SJBP041-OWNEW,23.158333,79.866389
1999-09-01,431.7,SJBP041-OWNEW,23.158333,79.866389
1999-10-01,39.7,SJBP041-OWNEW,23.158333,79.866389
1999-11-01,0.1,SJBP041-OWNEW,23.158333,79.866389
1999-12-01,0.0,SJBP041-OWNEW,23.158333,79.866389
2000-01-01,0.0,SJBP041-OWNEW,23.158333,79.866389
2000-02-01,0.6,SJBP041-OWNEW,23.158333,79.866389
2000-03-01,0.0,SJBP041-OWNEW,23.158333,79.866389
2000-04-01,4.3,SJBP041-OWNEW,23.158333,79.866389
2000-05-01,45.2,SJBP041-OWNEW,23.158333,79.866389
2000-06-01,214.3,SJBP041-OWNEW,23.158333,79.866389
2000-07-01,425.5,SJBP041-OWNEW,23.158333,79.866389
2000-08-01,189.9,SJBP041-OWNEW,23.158333,79.866389
2000-09-01,72.60000000000001,SJBP041-OWNEW,23.158333,79.866389
2000-10-01,0.2,SJBP041-OWNEW,23.158333,79.866389
2000-11-01,0.0,SJBP041-OWNEW,23.158333,79.866389
2000-12-01,8.0,SJBP041-OWNEW,23.158333,79.866389
2001-01-01,13.1,SJBP041-OWNEW,23.158333,79.866389
2001-02-01,1.1,SJBP041-OWNEW,23.158333,79.866389
2001-03-01,3.1,SJBP041-OWNEW,23.158333,79.866389
2001-04-01,16.5,SJBP041-OWNEW,23.158333,79.866389
2001-05-01,21.1,SJBP041-OWNEW,23.158333,79.866389
2001-06-01,259.4,SJBP041-OWNEW,23.158333,79.866389
2001-07-01,334.5,SJBP041-OWNEW,23.158333,79.866389
2001-08-01,281.90000000000003,SJBP041-OWNEW,23.158333,79.866389
2001-09-01,22.5,SJBP041-OWNEW,23.158333,79.866389
2001-10-01,129.4,SJBP041-OWNEW,23.158333,79.866389
2001-11-01,0.0,SJBP041-OWNEW,23.158333,79.866389
2001-12-01,0.0,SJBP041-OWNEW,23.158333,79.866389
2002-01-01,0.8,SJBP041-OWNEW,23.158333,79.866389
2002-02-01,20.400000000000002,SJBP041-OWNEW,23.158333,79.866389
2002-03-01,0.6,SJBP041-OWNEW,23.158333,79.866389
2002-04-01,0.2,SJBP041-OWNEW,23.158333,79.866389
2002-05-01,9.9,SJBP041-OWNEW,23.158333,79.866389
2002-06-01,177.3,SJBP041-OWNEW,23.158333,79.866389
2002-07-01,94.3,SJBP041-OWNEW,23.158333,79.866389
2002-08-01,512.1,SJBP041-OWNEW,23.158333,79.866389
2002-09-01,262.0,SJBP041-OWNEW,23.158333,79.866389
2002-10-01,24.8,SJBP041-OWNEW,23.158333,79.866389
2002-11-01,0.39999999999999997,SJBP041-OWNEW,23.158333,79.866389
2002-12-01,3.0,SJBP041-OWNEW,23.158333,79.866389
2003-01-01,0.1,SJBP041-OWNEW,23.158333,79.866389
2003-02-01,41.5,SJBP041-OWNEW,23.158333,79.866389
2003-03-01,0.8,SJBP041-OWNEW,23.158333,79.866389
2003-04-01,3.5,SJBP041-OWNEW,23.158333,79.866389
2003-05-01,0.0,SJBP041-OWNEW,23.158333,79.866389
2003-06-01,112.6,SJBP041-OWNEW,23.158333,79.866389
2003-07-01,302.1,SJBP041-OWNEW,23.158333,79.866389
2003-08-01,349.0,SJBP041-OWNEW,23.158333,79.866389
2003-09-01,509.2,SJBP041-OWNEW,23.158333,79.866389
2003-10-01,2.8,SJBP041-OWNEW,23.158333,79.866389
2003-11-01,0.4,SJBP041-OWNEW,23.158333,79.866389
2003-12-01,7.4,SJBP041-OWNEW,23.158333,79.866389
2004-01-01,50.3,SJBP041-OWNEW,23.158333,79.866389
2004-02-01,0.0,SJBP041-OWNEW,23.158333,79.866389
2004-03-01,0.0,SJBP041-OWNEW,23.158333,79.866389
2004-04-01,1.9,SJBP041-OWNEW,23.158333,79.866389
2004-05-01,2.1,SJBP041-OWNEW,23.158333,79.866389
2004-06-01,229.2,SJBP041-OWNEW,23.158333,79.866389
2004-07-01,222.2,SJBP041-OWNEW,23.158333,79.866389
2004-08-01,314.3,SJBP041-OWNEW,23.158333,79.866389
2004-09-01,90.7,SJBP041-OWNEW,23.158333,79.866389
2004-10-01,11.399999999999999,SJBP041-OWNEW,23.158333,79.866389
2004-11-01,0.6,SJBP041-OWNEW,23.158333,79.866389
2004-12-01,0.0,SJBP041-OWNEW,23.158333,79.866389
2005-01-01,42.2,SJBP041-OWNEW,23.158333,79.866389
2005-02-01,19.3,SJBP041-OWNEW,23.158333,79.866389
2005-03-01,6.5,SJBP041-OWNEW,23.158333,79.866389
2005-04-01,4.3999999999999995,SJBP041-OWNEW,23.158333,79.866389
2005-05-01,1.8,SJBP041-OWNEW,23.158333,79.866389
2005-06-01,174.3,SJBP041-OWNEW,23.158333,79.866389
2005-07-01,716.2,SJBP041-OWNEW,23.158333,79.866389
2005-08-01,146.6,SJBP041-OWNEW,23.158333,79.866389
2005-09-01,168.8,SJBP041-OWNEW,23.158333,79.866389
2005-10-01,24.9,SJBP041-OWNEW,23.158333,79.866389
2005-11-01,0.0,SJBP041-OWNEW,23.158333,79.866389
2005-12-01,4.2,SJBP041-OWNEW,23.158333,79.866389
2006-01-01,0.0,SJBP041-OWNEW,23.158333,79.866389
2006-02-01,0.0,SJBP041-OWNEW,23.158333,79.866389
2006-03-01,37.2,SJBP041-OWNEW,23.158333,79.866389
2006-04-01,9.5,SJBP041-OWNEW,23.158333,79.866389
2006-05-01,4.5,SJBP041-OWNEW,23.158333,79.866389
2006-06-01,71.10000000000001,SJBP041-OWNEW,23.158333,79.866389
2006-07-01,490.2,SJBP041-OWNEW,23.158333,79.866389
2006-08-01,345.4,SJBP041-OWNEW,23.158333,79.866389
2006-09-01,108.89999999999999,SJBP041-OWNEW,23.158333,79.866389
2006-10-01,7.2,SJBP041-OWNEW,23.158333,79.866389
2006-11-01,6.5,SJBP041-OWNEW,23.158333,79.866389
2006-12-01,0.0,SJBP041-OWNEW,23.158333,79.866389
2007-01-01,0.0,SJBP041-OWNEW,23.158333,79.866389
2007-02-01,10.700000000000001,SJBP041-OWNEW,23.158333,79.866389
2007-03-01,3.4000000000000004,SJBP041-OWNEW,23.158333,79.866389
2007-04-01,2.8,SJBP041-OWNEW,23.158333,79.866389
2007-05-01,1.1,SJBP041-OWNEW,23.158333,79.866389
2007-06-01,113.4,SJBP041-OWNEW,23.158333,79.866389
2007-07-01,309.7,SJBP041-OWNEW,23.158333,79.866389
2007-08-01,275.3,SJBP041-OWNEW,23.158333,79.866389
2007-09-01,143.8,SJBP041-OWNEW,23.158333,79.866389
2007-10-01,0.0,SJBP041-OWNEW,23.158333,79.866389
2007-11-01,0.7,SJBP041-OWNEW,23.158333,79.866389
2007-12-01,1.5,SJBP041-OWNEW,23.158333,79.866389
2008-01-01,2.7,SJBP041-OWNEW,23.158333,79.866389
2008-02-01,0.4,SJBP041-OWNEW,23.158333,79.866389
2008-03-01,2.3000000000000003,SJBP041-OWNEW,23.158333,79.866389
2008-04-01,0.8999999999999999,SJBP041-OWNEW,23.158333,79.866389
2008-05-01,5.7,SJBP041-OWNEW,23.158333,79.866389
2008-06-01,492.5,SJBP041-OWNEW,23.158333,79.866389
2008-07-01,254.9,SJBP041-OWNEW,23.158333,79.866389
2008-08-01,226.6,SJBP041-OWNEW,23.158333,79.866389
2008-09-01,166.7,SJBP041-OWNEW,23.158333,79.866389
2008-10-01,4.1,SJBP041-OWNEW,23.158333,79.866389
2008-11-01,1.1,SJBP041-OWNEW,23.158333,79.866389
2008-12-01,0.0,SJBP041-OWNEW,23.158333,79.866389
2009-01-01,5.300000000000001,SJBP041-OWNEW,23.158333,79.866389
2009-02-01,1.2,SJBP041-OWNEW,23.158333,79.866389
2009-03-01,1.9,SJBP041-OWNEW,23.158333,79.866389
2009-04-01,1.5,SJBP041-OWNEW,23.158333,79.866389
2009-05-01,1.3,SJBP041-OWNEW,23.158333,79.866389
2009-06-01,81.10000000000001,SJBP041-OWNEW,23.158333,79.866389
2009-07-01,303.7,SJBP041-OWNEW,23.158333,79.866389
2009-08-01,184.10000000000002,SJBP041-OWNEW,23.158333,79.866389
2009-09-01,256.9,SJBP041-OWNEW,23.158333,79.866389
2009-10-01,70.8,SJBP041-OWNEW,23.158333,79.866389
2009-11-01,48.0,SJBP041-OWNEW,23.158333,79.866389
2009-12-01,11.7,SJBP041-OWNEW,23.158333,79.866389
2010-01-01,0.1,SJBP041-OWNEW,23.158333,79.866389
2010-02-01,1.0,SJBP041-OWNEW,23.158333,79.866389
2010-03-01,0.0,SJBP041-OWNEW,23.158333,79.866389
2010-04-01,0.0,SJBP041-OWNEW,23.158333,79.866389
2010-05-01,0.7,SJBP041-OWNEW,23.158333,79.866389
2010-06-01,71.7,SJBP041-OWNEW,23.158333,79.866389
2010-07-01,335.9,SJBP041-OWNEW,23.158333,79.866389
2010-08-01,276.0,SJBP041-OWNEW,23.158333,79.866389
2010-09-01,158.4,SJBP041-OWNEW,23.158333,79.866389
2010-10-01,14.9,SJBP041-OWNEW,23.158333,79.866389
2010-11-01,17.2,SJBP041-OWNEW,23.158333,79.866389
2010-12-01,3.8000000000000003,SJBP041-OWNEW,23.158333,79.866389
2011-01-01,0.0,SJBP041-OWNEW,23.158333,79.866389
2011-02-01,1.5,SJBP041-OWNEW,23.158333,79.866389
2011-03-01,0.3,SJBP041-OWNEW,23.158333,79.866389
2011-04-01,3.9000000000000004,SJBP041-OWNEW,23.158333,79.866389
2011-05-01,0.1,SJBP041-OWNEW,23.158333,79.866389
2011-06-01,629.8,SJBP041-OWNEW,23.158333,79.866389
2011-07-01,316.1,SJBP041-OWNEW,23.158333,79.866389
2011-08-01,401.9,SJBP041-OWNEW,23.158333,79.866389
2011-09-01,226.3,SJBP041-OWNEW,23.158333,79.866389
2011-10-01,0.9,SJBP041-OWNEW,23.158333,79.866389
2011-11-01,0.0,SJBP041-OWNEW,23.158333,79.866389
2011-12-01,9.8,SJBP041-OWNEW,23.158333,79.866389
2012-01-01,21.0,SJBP041-OWNEW,23.158333,79.866389
2012-02-01,0.7999999999999999,SJBP041-OWNEW,23.158333,79.866389
2012-03-01,0.0,SJBP041-OWNEW,23.158333,79.866389
2012-04-01,1.0,SJBP041-OWNEW,23.158333,79.866389
2012-05-01,1.5,SJBP041-OWNEW,23.158333,79.866389
2012-06-01,52.5,SJBP041-OWNEW,23.158333,79.866389
2012-07-01,420.2,SJBP041-OWNEW,23.158333,79.866389
2012-08-01,370.7,SJBP041-OWNEW,23.158333,79.866389
2012-09-01,119.7,SJBP041-OWNEW,23.158333,79.866389
2012-10-01,14.7,SJBP041-OWNEW,23.158333,79.866389
2012-11-01,5.800000000000001,SJBP041-OWNEW,23.158333,79.866389
2012-12-01,0.4,SJBP041-OWNEW,23.158333,79.866389
2013-01-01,1.5,SJBP041-OWNEW,23.158333,79.866389
2013-02-01,35.900000000000006,SJBP041-OWNEW,23.158333,79.866389
2013-03-01,20.400000000000002,SJBP041-OWNEW,23.158333,79.866389
2013-04-01,6.5,SJBP041-OWNEW,23.158333,79.866389
2013-05-01,0.0,SJBP041-OWNEW,23.158333,79.866389
2013-06-01,328.7,SJBP041-OWNEW,23.158333,79.866389
2013-07-01,610.3,SJBP041-OWNEW,23.158333,79.866389
2013-08-01,453.0,SJBP041-OWNEW,23.158333,79.866389
2013-09-01,62.6,SJBP041-OWNEW,23.158333,79.866389
2013-10-01,144.8,SJBP041-OWNEW,23.158333,79.866389
2013-11-01,0.3,SJBP041-OWNEW,23.158333,79.866389
2013-12-01,0.0,SJBP041-OWNEW,23.158333,79.866389
2014-01-01,25.2,SJBP041-OWNEW,23.158333,79.866389
2014-02-01,112.7,SJBP041-OWNEW,23.158333,79.866389
2014-03-01,5.3,SJBP041-OWNEW,23.158333,79.866389
2014-04-01,0.30000000000000004,SJBP041-OWNEW,23.158333,79.866389
2014-05-01,0.39999999999999997,SJBP041-OWNEW,23.158333,79.866389
2014-06-01,49.5,SJBP041-OWNEW,23.158333,79.866389
2014-07-01,278.8,SJBP041-OWNEW,23.158333,79.866389
2014-08-01,260.1,SJBP041-OWNEW,23.158333,79.866389
2014-09-01,96.1,SJBP041-OWNEW,23.158333,79.866389
2014-10-01,37.3,SJBP041-OWNEW,23.158333,79.866389
2014-11-01,2.1,SJBP041-OWNEW,23.158333,79.866389
2014-12-01,21.5,SJBP041-OWNEW,23.158333,79.866389
2015-01-01,24.6,SJBP041-OWNEW,23.158333,79.866389
2015-02-01,16.9,SJBP041-OWNEW,23.158333,79.866389
2015-03-01,76.2,SJBP041-OWNEW,23.158333,79.866389
2015-04-01,30.8,SJBP041-OWNEW,23.158333,79.866389
2015-05-01,1.1,SJBP041-OWNEW,23.158333,79.866389
2015-06-01,204.20000000000002,SJBP041-OWNEW,23.158333,79.866389
2015-07-01,384.3,SJBP041-OWNEW,23.158333,79.866389
2015-08-01,241.1,SJBP041-OWNEW,23.158333,79.866389
2015-09-01,93.8,SJBP041-OWNEW,23.158333,79.866389
2015-10-01,68.2,SJBP041-OWNEW,23.158333,79.866389
2015-11-01,0.5,SJBP041-OWNEW,23.158333,79.866389
2015-12-01,0.1,SJBP041-OWNEW,23.158333,79.866389
2016-01-01,19.5,SJBP041-OWNEW,23.158333,79.866389
2016-02-01,1.1,SJBP041-OWNEW,23.158333,79.866389
2016-03-01,23.8,SJBP041-OWNEW,23.158333,79.866389
2016-04-01,0.5,SJBP041-OWNEW,23.158333,79.866389
2016-05-01,4.699999999999999,SJBP041-OWNEW,23.158333,79.866389
2016-06-01,75.6,SJBP041-OWNEW,23.158333,79.866389
2016-07-01,588.4,SJBP041-OWNEW,23.158333,79.866389
2016-08-01,529.3,SJBP041-OWNEW,23.158333,79.866389
2016-09-01,164.9,SJBP041-OWNEW,23.158333,79.866389
2016-10-01,17.3,SJBP041-OWNEW,23.158333,79.866389
2016-11-01,0.0,SJBP041-OWNEW,23.158333,79.866389
2016-12-01,0.0,SJBP041-OWNEW,23.158333,79.866389
2017-01-01,1.3,SJBP041-OWNEW,23.158333,79.866389
2017-02-01,15.3,SJBP041-OWNEW,23.158333,79.866389
2017-03-01,0.8999999999999999,SJBP041-OWNEW,23.158333,79.866389
2017-04-01,0.5,SJBP041-OWNEW,23.158333,79.866389
2017-05-01,2.6,SJBP041-OWNEW,23.158333,79.866389
2017-06-01,155.6,SJBP041-OWNEW,23.158333,79.866389
2017-07-01,401.2,SJBP041-OWNEW,23.158333,79.866389
2017-08-01,241.9,SJBP041-OWNEW,23.158333,79.866389
2017-09-01,143.5,SJBP041-OWNEW,23.158333,79.866389
2017-10-01,28.900000000000002,SJBP041-OWNEW,23.158333,79.866389
2017-11-01,3.0,SJBP041-OWNEW,23.158333,79.866389
2017-12-01,0.0,SJBP041-OWNEW,23.158333,79.866389
2018-01-01,0.0,SJBP041-OWNEW,23.158333,79.866389
2018-02-01,50.699999999999996,SJBP041-OWNEW,23.158333,79.866389
2018-03-01,0.8,SJBP041-OWNEW,23.158333,79.866389
2018-04-01,7.8,SJBP041-OWNEW,23.158333,79.866389
2018-05-01,6.3999999999999995,SJBP041-OWNEW,23.158333,79.866389
2018-06-01,144.4,SJBP041-OWNEW,23.158333,79.866389
2018-07-01,450.6,SJBP041-OWNEW,23.158333,79.866389
2018-08-01,470.6,SJBP041-OWNEW,23.158333,79.866389
2018-09-01,165.0,SJBP041-OWNEW,23.158333,79.866389
2018-10-01,0.0,SJBP041-OWNEW,23.158333,79.866389
2018-11-01,0.1,SJBP041-OWNEW,23.158333,79.866389
2018-12-01,1.9000000000000001,SJBP041-OWNEW,23.158333,79.866389
2019-01-01,21.8,SJBP041-OWNEW,23.158333,79.866389
2019-02-01,5.8,SJBP041-OWNEW,23.158333,79.866389
2019-03-01,14.0,SJBP041-OWNEW,23.158333,79.866389
2019-04-01,9.299999999999999,SJBP041-OWNEW,23.158333,79.866389
2019-05-01,0.1,SJBP041-OWNEW,23.158333,79.866389
2019-06-01,76.1,SJBP041-OWNEW,23.158333,79.866389
2019-07-01,489.4,SJBP041-OWNEW,23.158333,79.866389
2019-08-01,452.2,SJBP041-OWNEW,23.158333,79.866389
2019-09-01,510.3,SJBP041-OWNEW,23.158333,79.866389
2019-10-01,30.7,SJBP041-OWNEW,23.158333,79.866389
2019-11-01,0.6,SJBP041-OWNEW,23.158333,79.866389
2019-12-01,24.1,SJBP041-OWNEW,23.158333,79.866389
2020-01-01,45.5,SJBP041-OWNEW,23.158333,79.866389
2020-02-01,20.1,SJBP041-OWNEW,23.158333,79.866389
2020-03-01,38.1,SJBP041-OWNEW,23.158333,79.866389
2020-04-01,0.9,SJBP041-OWNEW,23.158333,79.866389
2020-05-01,0.8999999999999999,SJBP041-OWNEW,23.158333,79.866389
2020-06-01,238.8,SJBP041-OWNEW,23.158333,79.866389
2020-07-01,246.0,SJBP041-OWNEW,23.158333,79.866389
2020-08-01,627.2,SJBP041-OWNEW,23.158333,79.866389
2020-09-01,176.9,SJBP041-OWNEW,23.158333,79.866389
2020-10-01,8.200000000000001,SJBP041-OWNEW,23.158333,79.866389
2020-11-01,2.3,SJBP041-OWNEW,23.158333,79.866389
2020-12-01,6.8,SJBP041-OWNEW,23.158333,79.866389
2021-01-01,2.5999999999999996,SJBP041-OWNEW,23.158333,79.866389
2021-02-01,1.4,SJBP041-OWNEW,23.158333,79.866389
2021-03-01,5.8999999999999995,SJBP041-OWNEW,23.158333,79.866389
2021-04-01,4.0,SJBP041-OWNEW,23.158333,79.866389
2021-05-01,34.099999999999994,SJBP041-OWNEW,23.158333,79.866389
2021-06-01,171.0,SJBP041-OWNEW,23.158333,79.866389
2021-07-01,346.2,SJBP041-OWNEW,23.158333,79.866389
2021-08-01,293.6,SJBP041-OWNEW,23.158333,79.866389
2021-09-01,259.4,SJBP041-OWNEW,23.158333,79.866389
2021-10-01,21.3,SJBP041-OWNEW,23.158333,79.866389
2021-11-01,9.2,SJBP041-OWNEW,23.158333,79.866389
2021-12-01,20.700000000000003,SJBP041-OWNEW,23.158333,79.866389
2022-01-01,31.599999999999998,SJBP041-OWNEW,23.158333,79.866389
2022-02-01,1.8,SJBP041-OWNEW,23.158333,79.866389
2022-03-01,0.0,SJBP041-OWNEW,23.158333,79.866389
2022-04-01,0.0,SJBP041-OWNEW,23.158333,79.866389
2022-05-01,11.2,SJBP041-OWNEW,23.158333,79.866389
2022-06-01,181.3,SJBP041-OWNEW,23.158333,79.866389
2022-07-01,523.1,SJBP041-OWNEW,23.158333,79.866389
2022-08-01,598.6,SJBP041-OWNEW,23.158333,79.866389
2022-09-01,259.59999999999997,SJBP041-OWNEW,23.158333,79.866389
2022-10-01,101.9,SJBP041-OWNEW,23.158333,79.866389
2022-11-01,0.0,SJBP041-OWNEW,23.158333,79.866389
2022-12-01,0.5,SJBP041-OWNEW,23.158333,79.866389
2023-01-01,1.2000000000000002,SJBP041-OWNEW,23.158333,79.866389
2023-02-01,0.0,SJBP041-OWNEW,23.158333,79.866389
2023-03-01,17.4,SJBP041-OWNEW,23.158333,79.866389
2023-04-01,38.5,SJBP041-OWNEW,23.158333,79.866389
2023-05-01,15.799999999999999,SJBP041-OWNEW,23.158333,79.866389
2023-06-01,249.1,SJBP041-OWNEW,23.158333,79.866389
2023-07-01,436.1,SJBP041-OWNEW,23.158333,79.866389
2023-08-01,416.7,SJBP041-OWNEW,23.158333,79.866389
2023-09-01,299.6,SJBP041-OWNEW,23.158333,79.866389
2023-10-01,10.9,SJBP041-OWNEW,23.158333,79.866389
2023-11-01,22.4,SJBP041-OWNEW,23.158333,79.866389
2023-12-01,40.4,SJBP041-OWNEW,23.158333,79.866389
2024-01-01,15.899999999999999,SJBP041-OWNEW,23.158333,79.866389
2024-02-01,26.599999999999998,SJBP041-OWNEW,23.158333,79.866389
2024-03-01,13.0,SJBP041-OWNEW,23.158333,79.866389
2024-04-01,11.1,SJBP041-OWNEW,23.158333,79.866389
2024-05-01,3.8000000000000003,SJBP041-OWNEW,23.158333,79.866389
2024-06-01,121.19999999999999,SJBP041-OWNEW,23.158333,79.866389
2024-07-01,626.1,SJBP041-OWNEW,23.158333,79.866389
2024-08-01,522.4,SJBP041-OWNEW,23.158333,79.866389
2024-09-01,260.0,SJBP041-OWNEW,23.158333,79.866389
2024-10-01,29.900000000000002,SJBP041-OWNEW,23.158333,79.866389
2024-11-01,0.0,SJBP041-OWNEW,23.158333,79.866389
2024-12-01,18.700000000000003,SJBP041-OWNEW,23.158333,79.866389
1976-01-01,5.2,SJBP020-OWNEW,23.243056,79.795833
1976-02-01,0.1,SJBP020-OWNEW,23.243056,79.795833
1976-03-01,5.9,SJBP020-OWNEW,23.243056,79.795833
1976-04-01,6.7,SJBP020-OWNEW,23.243056,79.795833
1976-05-01,8.8,SJBP020-OWNEW,23.243056,79.795833
1976-06-01,117.10000000000001,SJBP020-OWNEW,23.243056,79.795833
1976-07-01,448.0,SJBP020-OWNEW,23.243056,79.795833
1976-08-01,347.3,SJBP020-OWNEW,23.243056,79.795833
1976-09-01,241.0,SJBP020-OWNEW,23.243056,79.795833
1976-10-01,1.1,SJBP020-OWNEW,23.243056,79.795833
1976-11-01,11.5,SJBP020-OWNEW,23.243056,79.795833
1976-12-01,1.6,SJBP020-OWNEW,23.243056,79.795833
1977-01-01,2.0,SJBP020-OWNEW,23.243056,79.795833
1977-02-01,4.5,SJBP020-OWNEW,23.243056,79.795833
1977-03-01,8.5,SJBP020-OWNEW,23.243056,79.795833
1977-04-01,3.1,SJBP020-OWNEW,23.243056,79.795833
1977-05-01,2.9,SJBP020-OWNEW,23.243056,79.795833
1977-06-01,315.0,SJBP020-OWNEW,23.243056,79.795833
1977-07-01,463.90000000000003,SJBP020-OWNEW,23.243056,79.795833
1977-08-01,295.4,SJBP020-OWNEW,23.243056,79.795833
1977-09-01,113.1,SJBP020-OWNEW,23.243056,79.795833
1977-10-01,46.2,SJBP020-OWNEW,23.243056,79.795833
1977-11-01,67.0,SJBP020-OWNEW,23.243056,79.795833
1977-12-01,2.1,SJBP020-OWNEW,23.243056,79.795833
1978-01-01,8.299999999999999,SJBP020-OWNEW,23.243056,79.795833
1978-02-01,54.099999999999994,SJBP020-OWNEW,23.243056,79.795833
1978-03-01,12.1,SJBP020-OWNEW,23.243056,79.795833
1978-04-01,0.9,SJBP020-OWNEW,23.243056,79.795833
1978-05-01,0.0,SJBP020-OWNEW,23.243056,79.795833
1978-06-01,267.0,SJBP020-OWNEW,23.243056,79.795833
1978-07-01,310.0,SJBP020-OWNEW,23.243056,79.795833
1978-08-01,337.2,SJBP020-OWNEW,23.243056,79.795833
1978-09-01,171.2,SJBP020-OWNEW,23.243056,79.795833
1978-10-01,0.0,SJBP020-OWNEW,23.243056,79.795833
1978-11-01,20.9,SJBP020-OWNEW,23.243056,79.795833
1978-12-01,30.5,SJBP020-OWNEW,23.243056,79.795833
1979-01-01,51.699999999999996,SJBP020-OWNEW,23.243056,79.795833
1979-02-01,82.39999999999999,SJBP020-OWNEW,23.243056,79.795833
1979-03-01,1.4,SJBP020-OWNEW,23.243056,79.795833
1979-04-01,1.0,SJBP020-OWNEW,23.243056,79.795833
1979-05-01,4.3,SJBP020-OWNEW,23.243056,79.795833
1979-06-01,126.5,SJBP020-OWNEW,23.243056,79.795833
1979-07-01,225.4,SJBP020-OWNEW,23.243056,79.795833
1979-08-01,166.3,SJBP020-OWNEW,23.243056,79.795833
1979-09-01,41.1,SJBP020-OWNEW,23.243056,79.795833
1979-10-01,0.1,SJBP020-OWNEW,23.243056,79.795833
1979-11-01,41.3,SJBP020-OWNEW,23.243056,79.795833
1979-12-01,0.0,SJBP020-OWNEW,23.243056,79.795833
1980-01-01,0.0,SJBP020-OWNEW,23.243056,79.795833
1980-02-01,0.1,SJBP020-OWNEW,23.243056,79.795833
1980-03-01,2.0,SJBP020-OWNEW,23.243056,79.795833
1980-04-01,0.4,SJBP020-OWNEW,23.243056,79.795833
1980-05-01,0.3,SJBP020-OWNEW,23.243056,79.795833
1980-06-01,508.6,SJBP020-OWNEW,23.243056,79.795833
1980-07-01,583.5,SJBP020-OWNEW,23.243056,79.795833
1980-08-01,547.9,SJBP020-OWNEW,23.243056,79.795833
1980-09-01,77.10000000000001,SJBP020-OWNEW,23.243056,79.795833
1980-10-01,3.6999999999999997,SJBP020-OWNEW,23.243056,79.795833
1980-11-01,0.0,SJBP020-OWNEW,23.243056,79.795833
1980-12-01,41.199999999999996,SJBP020-OWNEW,23.243056,79.795833
1981-01-01,3.2,SJBP020-OWNEW,23.243056,79.795833
1981-02-01,0.0,SJBP020-OWNEW,23.243056,79.795833
1981-03-01,23.9,SJBP020-OWNEW,23.243056,79.795833
1981-04-01,0.5,SJBP020-OWNEW,23.243056,79.795833
1981-05-01,5.8,SJBP020-OWNEW,23.243056,79.795833
1981-06-01,180.20000000000002,SJBP020-OWNEW,23.243056,79.795833
1981-07-01,191.9,SJBP020-OWNEW,23.243056,79.795833
1981-08-01,211.8,SJBP020-OWNEW,23.243056,79.795833
1981-09-01,106.7,SJBP020-OWNEW,23.243056,79.795833
1981-10-01,1.5,SJBP020-OWNEW,23.243056,79.795833
1981-11-01,0.39999999999999997,SJBP020-OWNEW,23.243056,79.795833
1981-12-01,9.6,SJBP020-OWNEW,23.243056,79.795833
1982-01-01,55.6,SJBP020-OWNEW,23.243056,79.795833
1982-02-01,10.5,SJBP020-OWNEW,23.243056,79.795833
1982-03-01,3.2,SJBP020-OWNEW,23.243056,79.795833
1982-04-01,0.0,SJBP020-OWNEW,23.243056,79.795833
1982-05-01,5.0,SJBP020-OWNEW,23.243056,79.795833
1982-06-01,71.2,SJBP020-OWNEW,23.243056,79.795833
1982-07-01,400.0,SJBP020-OWNEW,23.243056,79.795833
1982-08-01,398.1,SJBP020-OWNEW,23.243056,79.795833
1982-09-01,267.40000000000003,SJBP020-OWNEW,23.243056,79.795833
1982-10-01,3.4,SJBP020-OWNEW,23.243056,79.795833
1982-11-01,27.000000000000004,SJBP020-OWNEW,23.243056,79.795833
1982-12-01,0.0,SJBP020-OWNEW,23.243056,79.795833
1983-01-01,6.4,SJBP020-OWNEW,23.243056,79.795833
1983-02-01,6.1,SJBP020-OWNEW,23.243056,79.795833
1983-03-01,0.0,SJBP020-OWNEW,23.243056,79.795833
1983-04-01,2.8,SJBP020-OWNEW,23.243056,79.795833
1983-05-01,7.0,SJBP020-OWNEW,23.243056,79.795833
1983-06-01,114.1,SJBP020-OWNEW,23.243056,79.795833
1983-07-01,257.2,SJBP020-OWNEW,23.243056,79.795833
1983-08-01,240.20000000000002,SJBP020-OWNEW,23.243056,79.795833
1983-09-01,201.9,SJBP020-OWNEW,23.243056,79.795833
1983-10-01,39.8,SJBP020-OWNEW,23.243056,79.795833
1983-11-01,0.0,SJBP020-OWNEW,23.243056,79.795833
1983-12-01,7.9,SJBP020-OWNEW,23.243056,79.795833
1984-01-01,34.5,SJBP020-OWNEW,23.243056,79.795833
1984-02-01,57.3,SJBP020-OWNEW,23.243056,79.795833
1984-03-01,0.0,SJBP020-OWNEW,23.243056,79.795833
1984-04-01,0.8,SJBP020-OWNEW,23.243056,79.795833
1984-05-01,1.2,SJBP020-OWNEW,23.243056,79.795833
1984-06-01,108.10000000000001,SJBP020-OWNEW,23.243056,79.795833
1984-07-01,144.0,SJBP020-OWNEW,23.243056,79.795833
1984-08-01,515.0,SJBP020-OWNEW,23.243056,79.795833
1984-09-01,36.8,SJBP020-OWNEW,23.243056,79.795833
1984-10-01,0.2,SJBP020-OWNEW,23.243056,79.795833
1984-11-01,0.0,SJBP020-OWNEW,23.243056,79.795833
1984-12-01,17.0,SJBP020-OWNEW,23.243056,79.795833
1985-01-01,51.4,SJBP020-OWNEW,23.243056,79.795833
1985-02-01,7.9,SJBP020-OWNEW,23.243056,79.795833
1985-03-01,1.4000000000000001,SJBP020-OWNEW,23.243056,79.795833
1985-04-01,7.6000000000000005,SJBP020-OWNEW,23.243056,79.795833
1985-05-01,6.5,SJBP020-OWNEW,23.243056,79.795833
1985-06-01,91.1,SJBP020-OWNEW,23.243056,79.795833
1985-07-01,399.5,SJBP020-OWNEW,23.243056,79.795833
1985-08-01,289.0,SJBP020-OWNEW,23.243056,79.795833
1985-09-01,252.5,SJBP020-OWNEW,23.243056,79.795833
1985-10-01,73.3,SJBP020-OWNEW,23.243056,79.795833
1985-11-01,0.0,SJBP020-OWNEW,23.243056,79.795833
1985-12-01,0.0,SJBP020-OWNEW,23.243056,79.795833
1986-01-01,3.0,SJBP020-OWNEW,23.243056,79.795833
1986-02-01,100.3,SJBP020-OWNEW,23.243056,79.795833
1986-03-01,7.7,SJBP020-OWNEW,23.243056,79.795833
1986-04-01,0.3,SJBP020-OWNEW,23.243056,79.795833
1986-05-01,12.3,SJBP020-OWNEW,23.243056,79.795833
1986-06-01,241.8,SJBP020-OWNEW,23.243056,79.795833
1986-07-01,410.5,SJBP020-OWNEW,23.243056,79.795833
1986-08-01,285.1,SJBP020-OWNEW,23.243056,79.795833
1986-09-01,114.5,SJBP020-OWNEW,23.243056,79.795833
1986-10-01,9.8,SJBP020-OWNEW,23.243056,79.795833
1986-11-01,0.0,SJBP020-OWNEW,23.243056,79.795833
1986-12-01,39.7,SJBP020-OWNEW,23.243056,79.795833
1987-01-01,49.8,SJBP020-OWNEW,23.243056,79.795833
1987-02-01,19.700000000000003,SJBP020-OWNEW,23.243056,79.795833
1987-03-01,10.8,SJBP020-OWNEW,23.243056,79.795833
1987-04-01,0.30000000000000004,SJBP020-OWNEW,23.243056,79.795833
1987-05-01,2.7,SJBP020-OWNEW,23.243056,79.795833
1987-06-01,34.5,SJBP020-OWNEW,23.243056,79.795833
1987-07-01,319.90000000000003,SJBP020-OWNEW,23.243056,79.795833
1987-08-01,231.0,SJBP020-OWNEW,23.243056,79.795833
1987-09-01,133.0,SJBP020-OWNEW,23.243056,79.795833
1987-10-01,34.6,SJBP020-OWNEW,23.243056,79.795833
1987-11-01,26.2,SJBP020-OWNEW,23.243056,79.795833
1987-12-01,9.5,SJBP020-OWNEW,23.243056,79.795833
1988-01-01,11.6,SJBP020-OWNEW,23.243056,79.795833
1988-02-01,9.3,SJBP020-OWNEW,23.243056,79.795833
1988-03-01,0.2,SJBP020-OWNEW,23.243056,79.795833
1988-04-01,7.3999999999999995,SJBP020-OWNEW,23.243056,79.795833
1988-05-01,4.2,SJBP020-OWNEW,23.243056,79.795833
1988-06-01,133.79999999999998,SJBP020-OWNEW,23.243056,79.795833
1988-07-01,399.0,SJBP020-OWNEW,23.243056,79.795833
1988-08-01,292.4,SJBP020-OWNEW,23.243056,79.795833
1988-09-01,127.2,SJBP020-OWNEW,23.243056,79.795833
1988-10-01,31.1,SJBP020-OWNEW,23.243056,79.795833
1988-11-01,0.2,SJBP020-OWNEW,23.243056,79.795833
1988-12-01,4.6,SJBP020-OWNEW,23.243056,79.795833
1989-01-01,0.0,SJBP020-OWNEW,23.243056,79.795833
1989-02-01,0.0,SJBP020-OWNEW,23.243056,79.795833
1989-03-01,8.5,SJBP020-OWNEW,23.243056,79.795833
1989-04-01,0.0,SJBP020-OWNEW,23.243056,79.795833
1989-05-01,0.5,SJBP020-OWNEW,23.243056,79.795833
1989-06-01,215.2,SJBP020-OWNEW,23.243056,79.795833
1989-07-01,199.7,SJBP020-OWNEW,23.243056,79.795833
1989-08-01,339.29999999999995,SJBP020-OWNEW,23.243056,79.795833
1989-09-01,48.2,SJBP020-OWNEW,23.243056,79.795833
1989-10-01,0.0,SJBP020-OWNEW,23.243056,79.795833
1989-11-01,0.4,SJBP020-OWNEW,23.243056,79.795833
1989-12-01,16.9,SJBP020-OWNEW,23.243056,79.795833
1990-01-01,0.0,SJBP020-OWNEW,23.243056,79.795833
1990-02-01,31.5,SJBP020-OWNEW,23.243056,79.795833
1990-03-01,5.6000000000000005,SJBP020-OWNEW,23.243056,79.795833
1990-04-01,1.4000000000000001,SJBP020-OWNEW,23.243056,79.795833
1990-05-01,31.4,SJBP020-OWNEW,23.243056,79.795833
1990-06-01,441.6,SJBP020-OWNEW,23.243056,79.795833
1990-07-01,342.5,SJBP020-OWNEW,23.243056,79.795833
1990-08-01,275.9,SJBP020-OWNEW,23.243056,79.795833
1990-09-01,310.5,SJBP020-OWNEW,23.243056,79.795833
1990-10-01,34.0,SJBP020-OWNEW,23.243056,79.795833
1990-11-01,0.0,SJBP020-OWNEW,23.243056,79.795833
1990-12-01,24.8,SJBP020-OWNEW,23.243056,79.795833
1991-01-01,1.1,SJBP020-OWNEW,23.243056,79.795833
1991-02-01,6.4,SJBP020-OWNEW,23.243056,79.795833
1991-03-01,3.4000000000000004,SJBP020-OWNEW,23.243056,79.795833
1991-04-01,0.3,SJBP020-OWNEW,23.243056,79.795833
1991-05-01,0.3,SJBP020-OWNEW,23.243056,79.795833
1991-06-01,96.0,SJBP020-OWNEW,23.243056,79.795833
1991-07-01,377.8,SJBP020-OWNEW,23.243056,79.795833
1991-08-01,873.9,SJBP020-OWNEW,23.243056,79.795833
1991-09-01,19.1,SJBP020-OWNEW,23.243056,79.795833
1991-10-01,0.0,SJBP020-OWNEW,23.243056,79.795833
1991-11-01,1.8,SJBP020-OWNEW,23.243056,79.795833
1991-12-01,0.2,SJBP020-OWNEW,23.243056,79.795833
1992-01-01,0.0,SJBP020-OWNEW,23.243056,79.795833
1992-02-01,0.0,SJBP020-OWNEW,23.243056,79.795833
1992-03-01,4.3,SJBP020-OWNEW,23.243056,79.795833
1992-04-01,3.4,SJBP020-OWNEW,23.243056,79.795833
1992-05-01,9.600000000000001,SJBP020-OWNEW,23.243056,79.795833
1992-06-01,21.7,SJBP020-OWNEW,23.243056,79.795833
1992-07-01,231.29999999999998,SJBP020-OWNEW,23.243056,79.795833
1992-08-01,326.4,SJBP020-OWNEW,23.243056,79.795833
1992-09-01,99.2,SJBP020-OWNEW,23.243056,79.795833
1992-10-01,7.199999999999999,SJBP020-OWNEW,23.243056,79.795833
1992-11-01,1.3,SJBP020-OWNEW,23.243056,79.795833
1992-12-01,0.0,SJBP020-OWNEW,23.243056,79.795833
1993-01-01,0.0,SJBP020-OWNEW,23.243056,79.795833
1993-02-01,27.4,SJBP020-OWNEW,23.243056,79.795833
1993-03-01,9.4,SJBP020-OWNEW,23.243056,79.795833
1993-04-01,2.4000000000000004,SJBP020-OWNEW,23.243056,79.795833
1993-05-01,4.2,SJBP020-OWNEW,23.243056,79.795833
1993-06-01,174.3,SJBP020-OWNEW,23.243056,79.795833
1993-07-01,301.5,SJBP020-OWNEW,23.243056,79.795833
1993-08-01,301.4,SJBP020-OWNEW,23.243056,79.795833
1993-09-01,375.1,SJBP020-OWNEW,23.243056,79.795833
1993-10-01,4.2,SJBP020-OWNEW,23.243056,79.795833
1993-11-01,0.0,SJBP020-OWNEW,23.243056,79.795833
1993-12-01,1.0,SJBP020-OWNEW,23.243056,79.795833
1994-01-01,7.300000000000001,SJBP020-OWNEW,23.243056,79.795833
1994-02-01,9.6,SJBP020-OWNEW,23.243056,79.795833
1994-03-01,0.0,SJBP020-OWNEW,23.243056,79.795833
1994-04-01,12.700000000000001,SJBP020-OWNEW,23.243056,79.795833
1994-05-01,1.2,SJBP020-OWNEW,23.243056,79.795833
1994-06-01,119.39999999999999,SJBP020-OWNEW,23.243056,79.795833
1994-07-01,351.1,SJBP020-OWNEW,23.243056,79.795833
1994-08-01,344.0,SJBP020-OWNEW,23.243056,79.795833
1994-09-01,115.4,SJBP020-OWNEW,23.243056,79.795833
1994-10-01,20.1,SJBP020-OWNEW,23.243056,79.795833
1994-11-01,0.2,SJBP020-OWNEW,23.243056,79.795833
1994-12-01,0.0,SJBP020-OWNEW,23.243056,79.795833
1995-01-01,31.599999999999998,SJBP020-OWNEW,23.243056,79.795833
1995-02-01,30.1,SJBP020-OWNEW,23.243056,79.795833
1995-03-01,55.6,SJBP020-OWNEW,23.243056,79.795833
1995-04-01,1.6,SJBP020-OWNEW,23.243056,79.795833
1995-05-01,0.0,SJBP020-OWNEW,23.243056,79.795833
1995-06-01,55.0,SJBP020-OWNEW,23.243056,79.795833
1995-07-01,263.7,SJBP020-OWNEW,23.243056,79.795833
1995-08-01,300.1,SJBP020-OWNEW,23.243056,79.795833
1995-09-01,94.9,SJBP020-OWNEW,23.243056,79.795833
1995-10-01,12.299999999999999,SJBP020-OWNEW,23.243056,79.795833
1995-11-01,0.0,SJBP020-OWNEW,23.243056,79.795833
1995-12-01,39.400000000000006,SJBP020-OWNEW,23.243056,79.795833
1996-01-01,37.3,SJBP020-OWNEW,23.243056,79.795833
1996-02-01,34.5,SJBP020-OWNEW,23.243056,79.795833
1996-03-01,5.2,SJBP020-OWNEW,23.243056,79.795833
1996-04-01,3.2,SJBP020-OWNEW,23.243056,79.795833
1996-05-01,0.7000000000000001,SJBP020-OWNEW,23.243056,79.795833
1996-06-01,38.0,SJBP020-OWNEW,23.243056,79.795833
1996-07-01,425.1,SJBP020-OWNEW,23.243056,79.795833
1996-08-01,425.1,SJBP020-OWNEW,23.243056,79.795833
1996-09-01,96.2,SJBP020-OWNEW,23.243056,79.795833
1996-10-01,42.7,SJBP020-OWNEW,23.243056,79.795833
1996-11-01,0.1,SJBP020-OWNEW,23.243056,79.795833
1996-12-01,0.0,SJBP020-OWNEW,23.243056,79.795833
1997-01-01,9.4,SJBP020-OWNEW,23.243056,79.795833
1997-02-01,0.0,SJBP020-OWNEW,23.243056,79.795833
1997-03-01,0.5,SJBP020-OWNEW,23.243056,79.795833
1997-04-01,4.6,SJBP020-OWNEW,23.243056,79.795833
1997-05-01,5.3999999999999995,SJBP020-OWNEW,23.243056,79.795833
1997-06-01,78.8,SJBP020-OWNEW,23.243056,79.795833
1997-07-01,791.2,SJBP020-OWNEW,23.243056,79.795833
1997-08-01,489.2,SJBP020-OWNEW,23.243056,79.795833
1997-09-01,132.0,SJBP020-OWNEW,23.243056,79.795833
1997-10-01,51.2,SJBP020-OWNEW,23.243056,79.795833
1997-11-01,48.9,SJBP020-OWNEW,23.243056,79.795833
1997-12-01,56.5,SJBP020-OWNEW,23.243056,79.795833
1998-01-01,0.8999999999999999,SJBP020-OWNEW,23.243056,79.795833
1998-02-01,6.2,SJBP020-OWNEW,23.243056,79.795833
1998-03-01,9.8,SJBP020-OWNEW,23.243056,79.795833
1998-04-01,6.6,SJBP020-OWNEW,23.243056,79.795833
1998-05-01,1.1,SJBP020-OWNEW,23.243056,79.795833
1998-06-01,146.3,SJBP020-OWNEW,23.243056,79.795833
1998-07-01,452.3,SJBP020-OWNEW,23.243056,79.795833
1998-08-01,321.8,SJBP020-OWNEW,23.243056,79.795833
1998-09-01,159.7,SJBP020-OWNEW,23.243056,79.795833
1998-10-01,34.7,SJBP020-OWNEW,23.243056,79.795833
1998-11-01,39.300000000000004,SJBP020-OWNEW,23.243056,79.795833
1998-12-01,0.0,SJBP020-OWNEW,23.243056,79.795833
1999-01-01,5.7,SJBP020-OWNEW,23.243056,79.795833
1999-02-01,57.9,SJBP020-OWNEW,23.243056,79.795833
1999-03-01,0.0,SJBP020-OWNEW,23.243056,79.795833
1999-04-01,0.6,SJBP020-OWNEW,23.243056,79.795833
1999-05-01,5.2,SJBP020-OWNEW,23.243056,79.795833
1999-06-01,111.6,SJBP020-OWNEW,23.243056,79.795833
1999-07-01,349.8,SJBP020-OWNEW,23.243056,79.795833
1999-08-01,298.09999999999997,SJBP020-OWNEW,23.243056,79.795833
1999-09-01,431.7,SJBP020-OWNEW,23.243056,79.795833
1999-10-01,39.7,SJBP020-OWNEW,23.243056,79.795833
1999-11-01,0.1,SJBP020-OWNEW,23.243056,79.795833
1999-12-01,0.0,SJBP020-OWNEW,23.243056,79.795833
2000-01-01,0.0,SJBP020-OWNEW,23.243056,79.795833
2000-02-01,0.6,SJBP020-OWNEW,23.243056,79.795833
2000-03-01,0.0,SJBP020-OWNEW,23.243056,79.795833
2000-04-01,4.3,SJBP020-OWNEW,23.243056,79.795833
2000-05-01,45.2,SJBP020-OWNEW,23.243056,79.795833
2000-06-01,214.3,SJBP020-OWNEW,23.243056,79.795833
2000-07-01,425.5,SJBP020-OWNEW,23.243056,79.795833
2000-08-01,189.9,SJBP020-OWNEW,23.243056,79.795833
2000-09-01,72.60000000000001,SJBP020-OWNEW,23.243056,79.795833
2000-10-01,0.2,SJBP020-OWNEW,23.243056,79.795833
2000-11-01,0.0,SJBP020-OWNEW,23.243056,79.795833
2000-12-01,8.0,SJBP020-OWNEW,23.243056,79.795833
2001-01-01,13.1,SJBP020-OWNEW,23.243056,79.795833
2001-02-01,1.1,SJBP020-OWNEW,23.243056,79.795833
2001-03-01,3.1,SJBP020-OWNEW,23.243056,79.795833
2001-04-01,16.5,SJBP020-OWNEW,23.243056,79.795833
2001-05-01,21.1,SJBP020-OWNEW,23.243056,79.795833
2001-06-01,259.4,SJBP020-OWNEW,23.243056,79.795833
2001-07-01,334.5,SJBP020-OWNEW,23.243056,79.795833
2001-08-01,281.90000000000003,SJBP020-OWNEW,23.243056,79.795833
2001-09-01,22.5,SJBP020-OWNEW,23.243056,79.795833
2001-10-01,129.4,SJBP020-OWNEW,23.243056,79.795833
2001-11-01,0.0,SJBP020-OWNEW,23.243056,79.795833
2001-12-01,0.0,SJBP020-OWNEW,23.243056,79.795833
2002-01-01,0.8,SJBP020-OWNEW,23.243056,79.795833
2002-02-01,20.400000000000002,SJBP020-OWNEW,23.243056,79.795833
2002-03-01,0.6,SJBP020-OWNEW,23.243056,79.795833
2002-04-01,0.2,SJBP020-OWNEW,23.243056,79.795833
2002-05-01,9.9,SJBP020-OWNEW,23.243056,79.795833
2002-06-01,177.3,SJBP020-OWNEW,23.243056,79.795833
2002-07-01,94.3,SJBP020-OWNEW,23.243056,79.795833
2002-08-01,512.1,SJBP020-OWNEW,23.243056,79.795833
2002-09-01,262.0,SJBP020-OWNEW,23.243056,79.795833
2002-10-01,24.8,SJBP020-OWNEW,23.243056,79.795833
2002-11-01,0.39999999999999997,SJBP020-OWNEW,23.243056,79.795833
2002-12-01,3.0,SJBP020-OWNEW,23.243056,79.795833
2003-01-01,0.1,SJBP020-OWNEW,23.243056,79.795833
2003-02-01,41.5,SJBP020-OWNEW,23.243056,79.795833
2003-03-01,0.8,SJBP020-OWNEW,23.243056,79.795833
2003-04-01,3.5,SJBP020-OWNEW,23.243056,79.795833
2003-05-01,0.0,SJBP020-OWNEW,23.243056,79.795833
2003-06-01,112.6,SJBP020-OWNEW,23.243056,79.795833
2003-07-01,302.1,SJBP020-OWNEW,23.243056,79.795833
2003-08-01,349.0,SJBP020-OWNEW,23.243056,79.795833
2003-09-01,509.2,SJBP020-OWNEW,23.243056,79.795833
2003-10-01,2.8,SJBP020-OWNEW,23.243056,79.795833
2003-11-01,0.4,SJBP020-OWNEW,23.243056,79.795833
2003-12-01,7.4,SJBP020-OWNEW,23.243056,79.795833
2004-01-01,50.3,SJBP020-OWNEW,23.243056,79.795833
2004-02-01,0.0,SJBP020-OWNEW,23.243056,79.795833
2004-03-01,0.0,SJBP020-OWNEW,23.243056,79.795833
2004-04-01,1.9,SJBP020-OWNEW,23.243056,79.795833
2004-05-01,2.1,SJBP020-OWNEW,23.243056,79.795833
2004-06-01,229.2,SJBP020-OWNEW,23.243056,79.795833
2004-07-01,222.2,SJBP020-OWNEW,23.243056,79.795833
2004-08-01,314.3,SJBP020-OWNEW,23.243056,79.795833
2004-09-01,90.7,SJBP020-OWNEW,23.243056,79.795833
2004-10-01,11.399999999999999,SJBP020-OWNEW,23.243056,79.795833
2004-11-01,0.6,SJBP020-OWNEW,23.243056,79.795833
2004-12-01,0.0,SJBP020-OWNEW,23.243056,79.795833
2005-01-01,42.2,SJBP020-OWNEW,23.243056,79.795833
2005-02-01,19.3,SJBP020-OWNEW,23.243056,79.795833
2005-03-01,6.5,SJBP020-OWNEW,23.243056,79.795833
2005-04-01,4.3999999999999995,SJBP020-OWNEW,23.243056,79.795833
2005-05-01,1.8,SJBP020-OWNEW,23.243056,79.795833
2005-06-01,174.3,SJBP020-OWNEW,23.243056,79.795833
2005-07-01,716.2,SJBP020-OWNEW,23.243056,79.795833
2005-08-01,146.6,SJBP020-OWNEW,23.243056,79.795833
2005-09-01,168.8,SJBP020-OWNEW,23.243056,79.795833
2005-10-01,24.9,SJBP020-OWNEW,23.243056,79.795833
2005-11-01,0.0,SJBP020-OWNEW,23.243056,79.795833
2005-12-01,4.2,SJBP020-OWNEW,23.243056,79.795833
2006-01-01,0.0,SJBP020-OWNEW,23.243056,79.795833
2006-02-01,0.0,SJBP020-OWNEW,23.243056,79.795833
2006-03-01,37.2,SJBP020-OWNEW,23.243056,79.795833
2006-04-01,9.5,SJBP020-OWNEW,23.243056,79.795833
2006-05-01,4.5,SJBP020-OWNEW,23.243056,79.795833
2006-06-01,71.10000000000001,SJBP020-OWNEW,23.243056,79.795833
2006-07-01,490.2,SJBP020-OWNEW,23.243056,79.795833
2006-08-01,345.4,SJBP020-OWNEW,23.243056,79.795833
2006-09-01,108.89999999999999,SJBP020-OWNEW,23.243056,79.795833
2006-10-01,7.2,SJBP020-OWNEW,23.243056,79.795833
2006-11-01,6.5,SJBP020-OWNEW,23.243056,79.795833
2006-12-01,0.0,SJBP020-OWNEW,23.243056,79.795833
2007-01-01,0.0,SJBP020-OWNEW,23.243056,79.795833
2007-02-01,10.700000000000001,SJBP020-OWNEW,23.243056,79.795833
2007-03-01,3.4000000000000004,SJBP020-OWNEW,23.243056,79.795833
2007-04-01,2.8,SJBP020-OWNEW,23.243056,79.795833
2007-05-01,1.1,SJBP020-OWNEW,23.243056,79.795833
2007-06-01,113.4,SJBP020-OWNEW,23.243056,79.795833
2007-07-01,309.7,SJBP020-OWNEW,23.243056,79.795833
2007-08-01,275.3,SJBP020-OWNEW,23.243056,79.795833
2007-09-01,143.8,SJBP020-OWNEW,23.243056,79.795833
2007-10-01,0.0,SJBP020-OWNEW,23.243056,79.795833
2007-11-01,0.7,SJBP020-OWNEW,23.243056,79.795833
2007-12-01,1.5,SJBP020-OWNEW,23.243056,79.795833
2008-01-01,2.7,SJBP020-OWNEW,23.243056,79.795833
2008-02-01,0.4,SJBP020-OWNEW,23.243056,79.795833
2008-03-01,2.3000000000000003,SJBP020-OWNEW,23.243056,79.795833
2008-04-01,0.8999999999999999,SJBP020-OWNEW,23.243056,79.795833
2008-05-01,5.7,SJBP020-OWNEW,23.243056,79.795833
2008-06-01,492.5,SJBP020-OWNEW,23.243056,79.795833
2008-07-01,254.9,SJBP020-OWNEW,23.243056,79.795833
2008-08-01,226.6,SJBP020-OWNEW,23.243056,79.795833
2008-09-01,166.7,SJBP020-OWNEW,23.243056,79.795833
2008-10-01,4.1,SJBP020-OWNEW,23.243056,79.795833
2008-11-01,1.1,SJBP020-OWNEW,23.243056,79.795833
2008-12-01,0.0,SJBP020-OWNEW,23.243056,79.795833
2009-01-01,5.300000000000001,SJBP020-OWNEW,23.243056,79.795833
2009-02-01,1.2,SJBP020-OWNEW,23.243056,79.795833
2009-03-01,1.9,SJBP020-OWNEW,23.243056,79.795833
2009-04-01,1.5,SJBP020-OWNEW,23.243056,79.795833
2009-05-01,1.3,SJBP020-OWNEW,23.243056,79.795833
2009-06-01,81.10000000000001,SJBP020-OWNEW,23.243056,79.795833
2009-07-01,303.7,SJBP020-OWNEW,23.243056,79.795833
2009-08-01,184.10000000000002,SJBP020-OWNEW,23.243056,79.795833
2009-09-01,256.9,SJBP020-OWNEW,23.243056,79.795833
2009-10-01,70.8,SJBP020-OWNEW,23.243056,79.795833
2009-11-01,48.0,SJBP020-OWNEW,23.243056,79.795833
2009-12-01,11.7,SJBP020-OWNEW,23.243056,79.795833
2010-01-01,0.1,SJBP020-OWNEW,23.243056,79.795833
2010-02-01,1.0,SJBP020-OWNEW,23.243056,79.795833
2010-03-01,0.0,SJBP020-OWNEW,23.243056,79.795833
2010-04-01,0.0,SJBP020-OWNEW,23.243056,79.795833
2010-05-01,0.7,SJBP020-OWNEW,23.243056,79.795833
2010-06-01,71.7,SJBP020-OWNEW,23.243056,79.795833
2010-07-01,335.9,SJBP020-OWNEW,23.243056,79.795833
2010-08-01,276.0,SJBP020-OWNEW,23.243056,79.795833
2010-09-01,158.4,SJBP020-OWNEW,23.243056,79.795833
2010-10-01,14.9,SJBP020-OWNEW,23.243056,79.795833
2010-11-01,17.2,SJBP020-OWNEW,23.243056,79.795833
2010-12-01,3.8000000000000003,SJBP020-OWNEW,23.243056,79.795833
2011-01-01,0.0,SJBP020-OWNEW,23.243056,79.795833
2011-02-01,1.5,SJBP020-OWNEW,23.243056,79.795833
2011-03-01,0.3,SJBP020-OWNEW,23.243056,79.795833
2011-04-01,3.9000000000000004,SJBP020-OWNEW,23.243056,79.795833
2011-05-01,0.1,SJBP020-OWNEW,23.243056,79.795833
2011-06-01,629.8,SJBP020-OWNEW,23.243056,79.795833
2011-07-01,316.1,SJBP020-OWNEW,23.243056,79.795833
2011-08-01,401.9,SJBP020-OWNEW,23.243056,79.795833
2011-09-01,226.3,SJBP020-OWNEW,23.243056,79.795833
2011-10-01,0.9,SJBP020-OWNEW,23.243056,79.795833
2011-11-01,0.0,SJBP020-OWNEW,23.243056,79.795833
2011-12-01,9.8,SJBP020-OWNEW,23.243056,79.795833
2012-01-01,21.0,SJBP020-OWNEW,23.243056,79.795833
2012-02-01,0.7999999999999999,SJBP020-OWNEW,23.243056,79.795833
2012-03-01,0.0,SJBP020-OWNEW,23.243056,79.795833
2012-04-01,1.0,SJBP020-OWNEW,23.243056,79.795833
2012-05-01,1.5,SJBP020-OWNEW,23.243056,79.795833
2012-06-01,52.5,SJBP020-OWNEW,23.243056,79.795833
2012-07-01,420.2,SJBP020-OWNEW,23.243056,79.795833
2012-08-01,370.7,SJBP020-OWNEW,23.243056,79.795833
2012-09-01,119.7,SJBP020-OWNEW,23.243056,79.795833
2012-10-01,14.7,SJBP020-OWNEW,23.243056,79.795833
2012-11-01,5.800000000000001,SJBP020-OWNEW,23.243056,79.795833
2012-12-01,0.4,SJBP020-OWNEW,23.243056,79.795833
2013-01-01,1.5,SJBP020-OWNEW,23.243056,79.795833
2013-02-01,35.900000000000006,SJBP020-OWNEW,23.243056,79.795833
2013-03-01,20.400000000000002,SJBP020-OWNEW,23.243056,79.795833
2013-04-01,6.5,SJBP020-OWNEW,23.243056,79.795833
2013-05-01,0.0,SJBP020-OWNEW,23.243056,79.795833
2013-06-01,328.7,SJBP020-OWNEW,23.243056,79.795833
2013-07-01,610.3,SJBP020-OWNEW,23.243056,79.795833
2013-08-01,453.0,SJBP020-OWNEW,23.243056,79.795833
2013-09-01,62.6,SJBP020-OWNEW,23.243056,79.795833
2013-10-01,144.8,SJBP020-OWNEW,23.243056,79.795833
2013-11-01,0.3,SJBP020-OWNEW,23.243056,79.795833
2013-12-01,0.0,SJBP020-OWNEW,23.243056,79.795833
2014-01-01,25.2,SJBP020-OWNEW,23.243056,79.795833
2014-02-01,112.7,SJBP020-OWNEW,23.243056,79.795833
2014-03-01,5.3,SJBP020-OWNEW,23.243056,79.795833
2014-04-01,0.30000000000000004,SJBP020-OWNEW,23.243056,79.795833
2014-05-01,0.39999999999999997,SJBP020-OWNEW,23.243056,79.795833
2014-06-01,49.5,SJBP020-OWNEW,23.243056,79.795833
2014-07-01,278.8,SJBP020-OWNEW,23.243056,79.795833
2014-08-01,260.1,SJBP020-OWNEW,23.243056,79.795833
2014-09-01,96.1,SJBP020-OWNEW,23.243056,79.795833
2014-10-01,37.3,SJBP020-OWNEW,23.243056,79.795833
2014-11-01,2.1,SJBP020-OWNEW,23.243056,79.795833
2014-12-01,21.5,SJBP020-OWNEW,23.243056,79.795833
2015-01-01,24.6,SJBP020-OWNEW,23.243056,79.795833
2015-02-01,16.9,SJBP020-OWNEW,23.243056,79.795833
2015-03-01,76.2,SJBP020-OWNEW,23.243056,79.795833
2015-04-01,30.8,SJBP020-OWNEW,23.243056,79.795833
2015-05-01,1.1,SJBP020-OWNEW,23.243056,79.795833
2015-06-01,204.20000000000002,SJBP020-OWNEW,23.243056,79.795833
2015-07-01,384.3,SJBP020-OWNEW,23.243056,79.795833
2015-08-01,241.1,SJBP020-OWNEW,23.243056,79.795833
2015-09-01,93.8,SJBP020-OWNEW,23.243056,79.795833
2015-10-01,68.2,SJBP020-OWNEW,23.243056,79.795833
2015-11-01,0.5,SJBP020-OWNEW,23.243056,79.795833
2015-12-01,0.1,SJBP020-OWNEW,23.243056,79.795833
2016-01-01,19.5,SJBP020-OWNEW,23.243056,79.795833
2016-02-01,1.1,SJBP020-OWNEW,23.243056,79.795833
2016-03-01,23.8,SJBP020-OWNEW,23.243056,79.795833
2016-04-01,0.5,SJBP020-OWNEW,23.243056,79.795833
2016-05-01,4.699999999999999,SJBP020-OWNEW,23.243056,79.795833
2016-06-01,75.6,SJBP020-OWNEW,23.243056,79.795833
2016-07-01,588.4,SJBP020-OWNEW,23.243056,79.795833
2016-08-01,529.3,SJBP020-OWNEW,23.243056,79.795833
2016-09-01,164.9,SJBP020-OWNEW,23.243056,79.795833
2016-10-01,17.3,SJBP020-OWNEW,23.243056,79.795833
2016-11-01,0.0,SJBP020-OWNEW,23.243056,79.795833
2016-12-01,0.0,SJBP020-OWNEW,23.243056,79.795833
2017-01-01,1.4000000000000001,SJBP020-OWNEW,23.243056,79.795833
2017-02-01,16.1,SJBP020-OWNEW,23.243056,79.795833
2017-03-01,0.9,SJBP020-OWNEW,23.243056,79.795833
2017-04-01,0.30000000000000004,SJBP020-OWNEW,23.243056,79.795833
2017-05-01,5.6,SJBP020-OWNEW,23.243056,79.795833
2017-06-01,146.5,SJBP020-OWNEW,23.243056,79.795833
2017-07-01,420.8,SJBP020-OWNEW,23.243056,79.795833
2017-08-01,222.3,SJBP020-OWNEW,23.243056,79.795833
2017-09-01,164.6,SJBP020-OWNEW,23.243056,79.795833
2017-10-01,31.9,SJBP020-OWNEW,23.243056,79.795833
2017-11-01,3.0,SJBP020-OWNEW,23.243056,79.795833
2017-12-01,0.2,SJBP020-OWNEW,23.243056,79.795833
2018-01-01,0.0,SJBP020-OWNEW,23.243056,79.795833
2018-02-01,35.0,SJBP020-OWNEW,23.243056,79.795833
2018-03-01,1.6,SJBP020-OWNEW,23.243056,79.795833
2018-04-01,8.1,SJBP020-OWNEW,23.243056,79.795833
2018-05-01,0.6000000000000001,SJBP020-OWNEW,23.243056,79.795833
2018-06-01,144.9,SJBP020-OWNEW,23.243056,79.795833
2018-07-01,432.7,SJBP020-OWNEW,23.243056,79.795833
2018-08-01,440.9,SJBP020-OWNEW,23.243056,79.795833
2018-09-01,179.70000000000002,SJBP020-OWNEW,23.243056,79.795833
2018-10-01,0.0,SJBP020-OWNEW,23.243056,79.795833
2018-11-01,0.1,SJBP020-OWNEW,23.243056,79.795833
2018-12-01,1.3,SJBP020-OWNEW,23.243056,79.795833
2019-01-01,19.5,SJBP020-OWNEW,23.243056,79.795833
2019-02-01,4.3,SJBP020-OWNEW,23.243056,79.795833
2019-03-01,16.4,SJBP020-OWNEW,23.243056,79.795833
2019-04-01,8.0,SJBP020-OWNEW,23.243056,79.795833
2019-05-01,0.0,SJBP020-OWNEW,23.243056,79.795833
2019-06-01,82.1,SJBP020-OWNEW,23.243056,79.795833
2019-07-01,484.9,SJBP020-OWNEW,23.243056,79.795833
2019-08-01,453.6,SJBP020-OWNEW,23.243056,79.795833
2019-09-01,473.2,SJBP020-OWNEW,23.243056,79.795833
2019-10-01,26.1,SJBP020-OWNEW,23.243056,79.795833
2019-11-01,0.4,SJBP020-OWNEW,23.243056,79.795833
2019-12-01,25.5,SJBP020-OWNEW,23.243056,79.795833
2020-01-01,36.6,SJBP020-OWNEW,23.243056,79.795833
2020-02-01,13.4,SJBP020-OWNEW,23.243056,79.795833
2020-03-01,34.0,SJBP020-OWNEW,23.243056,79.795833
2020-04-01,1.0,SJBP020-OWNEW,23.243056,79.795833
2020-05-01,0.5,SJBP020-OWNEW,23.243056,79.795833
2020-06-01,258.2,SJBP020-OWNEW,23.243056,79.795833
2020-07-01,243.3,SJBP020-OWNEW,23.243056,79.795833
2020-08-01,613.6,SJBP020-OWNEW,23.243056,79.795833
2020-09-01,159.4,SJBP020-OWNEW,23.243056,79.795833
2020-10-01,5.1,SJBP020-OWNEW,23.243056,79.795833
2020-11-01,1.6,SJBP020-OWNEW,23.243056,79.795833
2020-12-01,5.9,SJBP020-OWNEW,23.243056,79.795833
2021-01-01,1.7000000000000002,SJBP020-OWNEW,23.243056,79.795833
2021-02-01,1.3,SJBP020-OWNEW,23.243056,79.795833
2021-03-01,7.6,SJBP020-OWNEW,23.243056,79.795833
2021-04-01,2.4,SJBP020-OWNEW,23.243056,79.795833
2021-05-01,29.8,SJBP020-OWNEW,23.243056,79.795833
2021-06-01,147.6,SJBP020-OWNEW,23.243056,79.795833
2021-07-01,338.4,SJBP020-OWNEW,23.243056,79.795833
2021-08-01,280.9,SJBP020-OWNEW,23.243056,79.795833
2021-09-01,237.8,SJBP020-OWNEW,23.243056,79.795833
2021-10-01,20.799999999999997,SJBP020-OWNEW,23.243056,79.795833
2021-11-01,10.8,SJBP020-OWNEW,23.243056,79.795833
2021-12-01,16.800000000000004,SJBP020-OWNEW,23.243056,79.795833
2022-01-01,43.5,SJBP020-OWNEW,23.243056,79.795833
2022-02-01,2.0,SJBP020-OWNEW,23.243056,79.795833
2022-03-01,0.0,SJBP020-OWNEW,23.243056,79.795833
2022-04-01,0.0,SJBP020-OWNEW,23.243056,79.795833
2022-05-01,17.1,SJBP020-OWNEW,23.243056,79.795833
2022-06-01,146.4,SJBP020-OWNEW,23.243056,79.795833
2022-07-01,444.7,SJBP020-OWNEW,23.243056,79.795833
2022-08-01,569.9,SJBP020-OWNEW,23.243056,79.795833
2022-09-01,214.1,SJBP020-OWNEW,23.243056,79.795833
2022-10-01,117.8,SJBP020-OWNEW,23.243056,79.795833
2022-11-01,0.0,SJBP020-OWNEW,23.243056,79.795833
2022-12-01,0.1,SJBP020-OWNEW,23.243056,79.795833
2023-01-01,0.5,SJBP020-OWNEW,23.243056,79.795833
2023-02-01,0.0,SJBP020-OWNEW,23.243056,79.795833
2023-03-01,6.0,SJBP020-OWNEW,23.243056,79.795833
2023-04-01,37.3,SJBP020-OWNEW,23.243056,79.795833
2023-05-01,22.2,SJBP020-OWNEW,23.243056,79.795833
2023-06-01,250.2,SJBP020-OWNEW,23.243056,79.795833
2023-07-01,374.5,SJBP020-OWNEW,23.243056,79.795833
2023-08-01,390.2,SJBP020-OWNEW,23.243056,79.795833
2023-09-01,287.7,SJBP020-OWNEW,23.243056,79.795833
2023-10-01,2.8,SJBP020-OWNEW,23.243056,79.795833
2023-11-01,12.5,SJBP020-OWNEW,23.243056,79.795833
2023-12-01,15.2,SJBP020-OWNEW,23.243056,79.795833
2024-01-01,28.5,SJBP020-OWNEW,23.243056,79.795833
2024-02-01,15.5,SJBP020-OWNEW,23.243056,79.795833
2024-03-01,11.9,SJBP020-OWNEW,23.243056,79.795833
2024-04-01,13.6,SJBP020-OWNEW,23.243056,79.795833
2024-05-01,5.8,SJBP020-OWNEW,23.243056,79.795833
2024-06-01,135.1,SJBP020-OWNEW,23.243056,79.795833
2024-07-01,534.2,SJBP020-OWNEW,23.243056,79.795833
2024-08-01,526.4,SJBP020-OWNEW,23.243056,79.795833
2024-09-01,253.0,SJBP020-OWNEW,23.243056,79.795833
2024-10-01,17.8,SJBP020-OWNEW,23.243056,79.795833
2024-11-01,0.0,SJBP020-OWNEW,23.243056,79.795833
2024-12-01,18.099999999999998,SJBP020-OWNEW,23.243056,79.795833
1976-01-01,2.9,SUJN-010-PZ,23.083333,75.3275
1976-02-01,0.6,SUJN-010-PZ,23.083333,75.3275
1976-03-01,0.5,SUJN-010-PZ,23.083333,75.3275
1976-04-01,0.8,SUJN-010-PZ,23.083333,75.3275
1976-05-01,1.3,SUJN-010-PZ,23.083333,75.3275
1976-06-01,119.4,SUJN-010-PZ,23.083333,75.3275
1976-07-01,286.9,SUJN-010-PZ,23.083333,75.3275
1976-08-01,368.3,SUJN-010-PZ,23.083333,75.3275
1976-09-01,127.39999999999999,SUJN-010-PZ,23.083333,75.3275
1976-10-01,0.0,SUJN-010-PZ,23.083333,75.3275
1976-11-01,83.0,SUJN-010-PZ,23.083333,75.3275
1976-12-01,0.2,SUJN-010-PZ,23.083333,75.3275
1977-01-01,0.5,SUJN-010-PZ,23.083333,75.3275
1977-02-01,4.9,SUJN-010-PZ,23.083333,75.3275
1977-03-01,3.0,SUJN-010-PZ,23.083333,75.3275
1977-04-01,0.30000000000000004,SUJN-010-PZ,23.083333,75.3275
1977-05-01,7.0,SUJN-010-PZ,23.083333,75.3275
1977-06-01,132.9,SUJN-010-PZ,23.083333,75.3275
1977-07-01,508.2,SUJN-010-PZ,23.083333,75.3275
1977-08-01,247.6,SUJN-010-PZ,23.083333,75.3275
1977-09-01,154.3,SUJN-010-PZ,23.083333,75.3275
1977-10-01,0.2,SUJN-010-PZ,23.083333,75.3275
1977-11-01,82.0,SUJN-010-PZ,23.083333,75.3275
1977-12-01,0.8,SUJN-010-PZ,23.083333,75.3275
1978-01-01,0.1,SUJN-010-PZ,23.083333,75.3275
1978-02-01,4.8999999999999995,SUJN-010-PZ,23.083333,75.3275
1978-03-01,0.4,SUJN-010-PZ,23.083333,75.3275
1978-04-01,7.1000000000000005,SUJN-010-PZ,23.083333,75.3275
1978-05-01,0.0,SUJN-010-PZ,23.083333,75.3275
1978-06-01,96.5,SUJN-010-PZ,23.083333,75.3275
1978-07-01,371.0,SUJN-010-PZ,23.083333,75.3275
1978-08-01,353.5,SUJN-010-PZ,23.083333,75.3275
1978-09-01,24.8,SUJN-010-PZ,23.083333,75.3275
1978-10-01,10.4,SUJN-010-PZ,23.083333,75.3275
1978-11-01,46.6,SUJN-010-PZ,23.083333,75.3275
1978-12-01,6.2,SUJN-010-PZ,23.083333,75.3275
1979-01-01,8.6,SUJN-010-PZ,23.083333,75.3275
1979-02-01,12.2,SUJN-010-PZ,23.083333,75.3275
1979-03-01,0.5,SUJN-010-PZ,23.083333,75.3275
1979-04-01,0.1,SUJN-010-PZ,23.083333,75.3275
1979-05-01,0.6,SUJN-010-PZ,23.083333,75.3275
1979-06-01,105.3,SUJN-010-PZ,23.083333,75.3275
1979-07-01,135.5,SUJN-010-PZ,23.083333,75.3275
1979-08-01,276.8,SUJN-010-PZ,23.083333,75.3275
1979-09-01,11.2,SUJN-010-PZ,23.083333,75.3275
1979-10-01,2.3000000000000003,SUJN-010-PZ,23.083333,75.3275
1979-11-01,121.8,SUJN-010-PZ,23.083333,75.3275
1979-12-01,0.0,SUJN-010-PZ,23.083333,75.3275
1980-01-01,0.0,SUJN-010-PZ,23.083333,75.3275
1980-02-01,0.0,SUJN-010-PZ,23.083333,75.3275
1980-03-01,0.0,SUJN-010-PZ,23.083333,75.3275
1980-04-01,0.0,SUJN-010-PZ,23.083333,75.3275
1980-05-01,0.9,SUJN-010-PZ,23.083333,75.3275
1980-06-01,260.7,SUJN-010-PZ,23.083333,75.3275
1980-07-01,153.8,SUJN-010-PZ,23.083333,75.3275
1980-08-01,339.0,SUJN-010-PZ,23.083333,75.3275
1980-09-01,20.1,SUJN-010-PZ,23.083333,75.3275
1980-10-01,0.0,SUJN-010-PZ,23.083333,75.3275
1980-11-01,0.1,SUJN-010-PZ,23.083333,75.3275
1980-12-01,27.2,SUJN-010-PZ,23.083333,75.3275
1981-01-01,4.3,SUJN-010-PZ,23.083333,75.3275
1981-02-01,0.5,SUJN-010-PZ,23.083333,75.3275
1981-03-01,0.9,SUJN-010-PZ,23.083333,75.3275
1981-04-01,0.0,SUJN-010-PZ,23.083333,75.3275
1981-05-01,4.2,SUJN-010-PZ,23.083333,75.3275
1981-06-01,105.10000000000001,SUJN-010-PZ,23.083333,75.3275
1981-07-01,177.2,SUJN-010-PZ,23.083333,75.3275
1981-08-01,237.3,SUJN-010-PZ,23.083333,75.3275
1981-09-01,106.5,SUJN-010-PZ,23.083333,75.3275
1981-10-01,37.0,SUJN-010-PZ,23.083333,75.3275
1981-11-01,7.9,SUJN-010-PZ,23.083333,75.3275
1981-12-01,5.7,SUJN-010-PZ,23.083333,75.3275
1982-01-01,30.4,SUJN-010-PZ,23.083333,75.3275
1982-02-01,0.7,SUJN-010-PZ,23.083333,75.3275
1982-03-01,0.2,SUJN-010-PZ,23.083333,75.3275
1982-04-01,0.9,SUJN-010-PZ,23.083333,75.3275
1982-05-01,14.3,SUJN-010-PZ,23.083333,75.3275
1982-06-01,24.2,SUJN-010-PZ,23.083333,75.3275
1982-07-01,294.8,SUJN-010-PZ,23.083333,75.3275
1982-08-01,189.5,SUJN-010-PZ,23.083333,75.3275
1982-09-01,11.5,SUJN-010-PZ,23.083333,75.3275
1982-10-01,21.4,SUJN-010-PZ,23.083333,75.3275
1982-11-01,95.9,SUJN-010-PZ,23.083333,75.3275
1982-12-01,0.0,SUJN-010-PZ,23.083333,75.3275
1983-01-01,0.30000000000000004,SUJN-010-PZ,23.083333,75.3275
1983-02-01,0.0,SUJN-010-PZ,23.083333,75.3275
1983-03-01,0.0,SUJN-010-PZ,23.083333,75.3275
1983-04-01,17.2,SUJN-010-PZ,23.083333,75.3275
1983-05-01,1.2000000000000002,SUJN-010-PZ,23.083333,75.3275
1983-06-01,147.0,SUJN-010-PZ,23.083333,75.3275
1983-07-01,162.3,SUJN-010-PZ,23.083333,75.3275
1983-08-01,261.2,SUJN-010-PZ,23.083333,75.3275
1983-09-01,151.5,SUJN-010-PZ,23.083333,75.3275
1983-10-01,36.0,SUJN-010-PZ,23.083333,75.3275
1983-11-01,0.0,SUJN-010-PZ,23.083333,75.3275
1983-12-01,0.0,SUJN-010-PZ,23.083333,75.3275
1984-01-01,3.4,SUJN-010-PZ,23.083333,75.3275
1984-02-01,1.5,SUJN-010-PZ,23.083333,75.3275
1984-03-01,0.0,SUJN-010-PZ,23.083333,75.3275
1984-04-01,0.0,SUJN-010-PZ,23.083333,75.3275
1984-05-01,0.0,SUJN-010-PZ,23.083333,75.3275
1984-06-01,43.8,SUJN-010-PZ,23.083333,75.3275
1984-07-01,252.29999999999998,SUJN-010-PZ,23.083333,75.3275
1984-08-01,435.1,SUJN-010-PZ,23.083333,75.3275
1984-09-01,38.0,SUJN-010-PZ,23.083333,75.3275
1984-10-01,0.3,SUJN-010-PZ,23.083333,75.3275
1984-11-01,0.0,SUJN-010-PZ,23.083333,75.3275
1984-12-01,0.0,SUJN-010-PZ,23.083333,75.3275
1985-01-01,0.0,SUJN-010-PZ,23.083333,75.3275
1985-02-01,0.0,SUJN-010-PZ,23.083333,75.3275
1985-03-01,0.4,SUJN-010-PZ,23.083333,75.3275
1985-04-01,0.1,SUJN-010-PZ,23.083333,75.3275
1985-05-01,1.1,SUJN-010-PZ,23.083333,75.3275
1985-06-01,11.5,SUJN-010-PZ,23.083333,75.3275
1985-07-01,266.59999999999997,SUJN-010-PZ,23.083333,75.3275
1985-08-01,163.3,SUJN-010-PZ,23.083333,75.3275
1985-09-01,24.7,SUJN-010-PZ,23.083333,75.3275
1985-10-01,103.3,SUJN-010-PZ,23.083333,75.3275
1985-11-01,0.0,SUJN-010-PZ,23.083333,75.3275
1985-12-01,4.2,SUJN-010-PZ,23.083333,75.3275
1986-01-01,0.4,SUJN-010-PZ,23.083333,75.3275
1986-02-01,32.6,SUJN-010-PZ,23.083333,75.3275
1986-03-01,0.0,SUJN-010-PZ,23.083333,75.3275
1986-04-01,0.1,SUJN-010-PZ,23.083333,75.3275
1986-05-01,2.6,SUJN-010-PZ,23.083333,75.3275
1986-06-01,243.10000000000002,SUJN-010-PZ,23.083333,75.3275
1986-07-01,300.9,SUJN-010-PZ,23.083333,75.3275
1986-08-01,137.3,SUJN-010-PZ,23.083333,75.3275
1986-09-01,6.0,SUJN-010-PZ,23.083333,75.3275
1986-10-01,0.4,SUJN-010-PZ,23.083333,75.3275
1986-11-01,0.0,SUJN-010-PZ,23.083333,75.3275
1986-12-01,0.1,SUJN-010-PZ,23.083333,75.3275
1987-01-01,28.6,SUJN-010-PZ,23.083333,75.3275
1987-02-01,2.8,SUJN-010-PZ,23.083333,75.3275
1987-03-01,0.30000000000000004,SUJN-010-PZ,23.083333,75.3275
1987-04-01,0.0,SUJN-010-PZ,23.083333,75.3275
1987-05-01,3.8,SUJN-010-PZ,23.083333,75.3275
1987-06-01,37.199999999999996,SUJN-010-PZ,23.083333,75.3275
1987-07-01,24.0,SUJN-010-PZ,23.083333,75.3275
1987-08-01,265.0,SUJN-010-PZ,23.083333,75.3275
1987-09-01,2.5,SUJN-010-PZ,23.083333,75.3275
1987-10-01,40.5,SUJN-010-PZ,23.083333,75.3275
1987-11-01,0.6,SUJN-010-PZ,23.083333,75.3275
1987-12-01,19.800000000000004,SUJN-010-PZ,23.083333,75.3275
1988-01-01,0.0,SUJN-010-PZ,23.083333,75.3275
1988-02-01,0.0,SUJN-010-PZ,23.083333,75.3275
1988-03-01,0.0,SUJN-010-PZ,23.083333,75.3275
1988-04-01,8.4,SUJN-010-PZ,23.083333,75.3275
1988-05-01,2.3,SUJN-010-PZ,23.083333,75.3275
1988-06-01,89.2,SUJN-010-PZ,23.083333,75.3275
1988-07-01,316.0,SUJN-010-PZ,23.083333,75.3275
1988-08-01,525.1,SUJN-010-PZ,23.083333,75.3275
1988-09-01,121.0,SUJN-010-PZ,23.083333,75.3275
1988-10-01,302.4,SUJN-010-PZ,23.083333,75.3275
1988-11-01,0.1,SUJN-010-PZ,23.083333,75.3275
1988-12-01,0.0,SUJN-010-PZ,23.083333,75.3275
1989-01-01,0.8,SUJN-010-PZ,23.083333,75.3275
1989-02-01,0.0,SUJN-010-PZ,23.083333,75.3275
1989-03-01,11.200000000000001,SUJN-010-PZ,23.083333,75.3275
1989-04-01,0.0,SUJN-010-PZ,23.083333,75.3275
1989-05-01,3.4000000000000004,SUJN-010-PZ,23.083333,75.3275
1989-06-01,77.6,SUJN-010-PZ,23.083333,75.3275
1989-07-01,215.3,SUJN-010-PZ,23.083333,75.3275
1989-08-01,444.09999999999997,SUJN-010-PZ,23.083333,75.3275
1989-09-01,33.9,SUJN-010-PZ,23.083333,75.3275
1989-10-01,0.0,SUJN-010-PZ,23.083333,75.3275
1989-11-01,1.9,SUJN-010-PZ,23.083333,75.3275
1989-12-01,0.7,SUJN-010-PZ,23.083333,75.3275
1990-01-01,0.1,SUJN-010-PZ,23.083333,75.3275
1990-02-01,7.5,SUJN-010-PZ,23.083333,75.3275
1990-03-01,0.8999999999999999,SUJN-010-PZ,23.083333,75.3275
1990-04-01,0.0,SUJN-010-PZ,23.083333,75.3275
1990-05-01,51.1,SUJN-010-PZ,23.083333,75.3275
1990-06-01,207.0,SUJN-010-PZ,23.083333,75.3275
1990-07-01,363.3,SUJN-010-PZ,23.083333,75.3275
1990-08-01,314.2,SUJN-010-PZ,23.083333,75.3275
1990-09-01,339.9,SUJN-010-PZ,23.083333,75.3275
1990-10-01,5.3,SUJN-010-PZ,23.083333,75.3275
1990-11-01,3.4000000000000004,SUJN-010-PZ,23.083333,75.3275
1990-12-01,5.0,SUJN-010-PZ,23.083333,75.3275
1991-01-01,0.0,SUJN-010-PZ,23.083333,75.3275
1991-02-01,0.0,SUJN-010-PZ,23.083333,75.3275
1991-03-01,4.2,SUJN-010-PZ,23.083333,75.3275
1991-04-01,2.8,SUJN-010-PZ,23.083333,75.3275
1991-05-01,0.1,SUJN-010-PZ,23.083333,75.3275
1991-06-01,36.4,SUJN-010-PZ,23.083333,75.3275
1991-07-01,372.0,SUJN-010-PZ,23.083333,75.3275
1991-08-01,192.6,SUJN-010-PZ,23.083333,75.3275
1991-09-01,13.9,SUJN-010-PZ,23.083333,75.3275
1991-10-01,0.0,SUJN-010-PZ,23.083333,75.3275
1991-11-01,0.1,SUJN-010-PZ,23.083333,75.3275
1991-12-01,0.0,SUJN-010-PZ,23.083333,75.3275
1992-01-01,0.2,SUJN-010-PZ,23.083333,75.3275
1992-02-01,0.0,SUJN-010-PZ,23.083333,75.3275
1992-03-01,0.0,SUJN-010-PZ,23.083333,75.3275
1992-04-01,0.2,SUJN-010-PZ,23.083333,75.3275
1992-05-01,4.2,SUJN-010-PZ,23.083333,75.3275
1992-06-01,51.9,SUJN-010-PZ,23.083333,75.3275
1992-07-01,239.6,SUJN-010-PZ,23.083333,75.3275
1992-08-01,261.8,SUJN-010-PZ,23.083333,75.3275
1992-09-01,100.0,SUJN-010-PZ,23.083333,75.3275
1992-10-01,41.6,SUJN-010-PZ,23.083333,75.3275
1992-11-01,0.2,SUJN-010-PZ,23.083333,75.3275
1992-12-01,0.0,SUJN-010-PZ,23.083333,75.3275
1993-01-01,0.0,SUJN-010-PZ,23.083333,75.3275
1993-02-01,1.3,SUJN-010-PZ,23.083333,75.3275
1993-03-01,11.299999999999999,SUJN-010-PZ,23.083333,75.3275
1993-04-01,0.4,SUJN-010-PZ,23.083333,75.3275
1993-05-01,7.6,SUJN-010-PZ,23.083333,75.3275
1993-06-01,134.1,SUJN-010-PZ,23.083333,75.3275
1993-07-01,462.7,SUJN-010-PZ,23.083333,75.3275
1993-08-01,207.1,SUJN-010-PZ,23.083333,75.3275
1993-09-01,111.3,SUJN-010-PZ,23.083333,75.3275
1993-10-01,9.2,SUJN-010-PZ,23.083333,75.3275
1993-11-01,0.39999999999999997,SUJN-010-PZ,23.083333,75.3275
1993-12-01,0.0,SUJN-010-PZ,23.083333,75.3275
1994-01-01,10.299999999999999,SUJN-010-PZ,23.083333,75.3275
1994-02-01,2.6,SUJN-010-PZ,23.083333,75.3275
1994-03-01,0.0,SUJN-010-PZ,23.083333,75.3275
1994-04-01,10.5,SUJN-010-PZ,23.083333,75.3275
1994-05-01,10.7,SUJN-010-PZ,23.083333,75.3275
1994-06-01,119.60000000000001,SUJN-010-PZ,23.083333,75.3275
1994-07-01,349.0,SUJN-010-PZ,23.083333,75.3275
1994-08-01,197.5,SUJN-010-PZ,23.083333,75.3275
1994-09-01,244.70000000000002,SUJN-010-PZ,23.083333,75.3275
1994-10-01,4.2,SUJN-010-PZ,23.083333,75.3275
1994-11-01,9.999999999999998,SUJN-010-PZ,23.083333,75.3275
1994-12-01,0.0,SUJN-010-PZ,23.083333,75.3275
1995-01-01,39.2,SUJN-010-PZ,23.083333,75.3275
1995-02-01,0.0,SUJN-010-PZ,23.083333,75.3275
1995-03-01,4.6000000000000005,SUJN-010-PZ,23.083333,75.3275
1995-04-01,6.1000000000000005,SUJN-010-PZ,23.083333,75.3275
1995-05-01,2.1,SUJN-010-PZ,23.083333,75.3275
1995-06-01,31.8,SUJN-010-PZ,23.083333,75.3275
1995-07-01,302.4,SUJN-010-PZ,23.083333,75.3275
1995-08-01,138.7,SUJN-010-PZ,23.083333,75.3275
1995-09-01,82.8,SUJN-010-PZ,23.083333,75.3275
1995-10-01,46.199999999999996,SUJN-010-PZ,23.083333,75.3275
1995-11-01,0.0,SUJN-010-PZ,23.083333,75.3275
1995-12-01,23.4,SUJN-010-PZ,23.083333,75.3275
1996-01-01,18.7,SUJN-010-PZ,23.083333,75.3275
1996-02-01,3.2,SUJN-010-PZ,23.083333,75.3275
1996-03-01,4.0,SUJN-010-PZ,23.083333,75.3275
1996-04-01,1.5,SUJN-010-PZ,23.083333,75.3275
1996-05-01,3.0,SUJN-010-PZ,23.083333,75.3275
1996-06-01,67.6,SUJN-010-PZ,23.083333,75.3275
1996-07-01,626.2,SUJN-010-PZ,23.083333,75.3275
1996-08-01,261.6,SUJN-010-PZ,23.083333,75.3275
1996-09-01,124.9,SUJN-010-PZ,23.083333,75.3275
1996-10-01,56.099999999999994,SUJN-010-PZ,23.083333,75.3275
1996-11-01,21.299999999999997,SUJN-010-PZ,23.083333,75.3275
1996-12-01,0.0,SUJN-010-PZ,23.083333,75.3275
1997-01-01,8.1,SUJN-010-PZ,23.083333,75.3275
1997-02-01,0.0,SUJN-010-PZ,23.083333,75.3275
1997-03-01,0.0,SUJN-010-PZ,23.083333,75.3275
1997-04-01,9.8,SUJN-010-PZ,23.083333,75.3275
1997-05-01,1.9,SUJN-010-PZ,23.083333,75.3275
1997-06-01,1168.8,SUJN-010-PZ,23.083333,75.3275
1997-07-01,221.5,SUJN-010-PZ,23.083333,75.3275
1997-08-01,384.4,SUJN-010-PZ,23.083333,75.3275
1997-09-01,96.0,SUJN-010-PZ,23.083333,75.3275
1997-10-01,17.0,SUJN-010-PZ,23.083333,75.3275
1997-11-01,44.900000000000006,SUJN-010-PZ,23.083333,75.3275
1997-12-01,86.60000000000001,SUJN-010-PZ,23.083333,75.3275
1998-01-01,0.3,SUJN-010-PZ,23.083333,75.3275
1998-02-01,0.6,SUJN-010-PZ,23.083333,75.3275
1998-03-01,1.3,SUJN-010-PZ,23.083333,75.3275
1998-04-01,8.1,SUJN-010-PZ,23.083333,75.3275
1998-05-01,1.3,SUJN-010-PZ,23.083333,75.3275
1998-06-01,96.2,SUJN-010-PZ,23.083333,75.3275
1998-07-01,139.1,SUJN-010-PZ,23.083333,75.3275
1998-08-01,208.6,SUJN-010-PZ,23.083333,75.3275
1998-09-01,179.70000000000002,SUJN-010-PZ,23.083333,75.3275
1998-10-01,29.3,SUJN-010-PZ,23.083333,75.3275
1998-11-01,13.2,SUJN-010-PZ,23.083333,75.3275
1998-12-01,0.0,SUJN-010-PZ,23.083333,75.3275
1999-01-01,0.0,SUJN-010-PZ,23.083333,75.3275
1999-02-01,13.3,SUJN-010-PZ,23.083333,75.3275
1999-03-01,0.0,SUJN-010-PZ,23.083333,75.3275
1999-04-01,0.0,SUJN-010-PZ,23.083333,75.3275
1999-05-01,4.300000000000001,SUJN-010-PZ,23.083333,75.3275
1999-06-01,138.2,SUJN-010-PZ,23.083333,75.3275
1999-07-01,269.1,SUJN-010-PZ,23.083333,75.3275
1999-08-01,69.4,SUJN-010-PZ,23.083333,75.3275
1999-09-01,80.5,SUJN-010-PZ,23.083333,75.3275
1999-10-01,90.9,SUJN-010-PZ,23.083333,75.3275
1999-11-01,0.0,SUJN-010-PZ,23.083333,75.3275
1999-12-01,0.0,SUJN-010-PZ,23.083333,75.3275
2000-01-01,0.0,SUJN-010-PZ,23.083333,75.3275
2000-02-01,0.1,SUJN-010-PZ,23.083333,75.3275
2000-03-01,0.0,SUJN-010-PZ,23.083333,75.3275
2000-04-01,0.2,SUJN-010-PZ,23.083333,75.3275
2000-05-01,21.4,SUJN-010-PZ,23.083333,75.3275
2000-06-01,44.9,SUJN-010-PZ,23.083333,75.3275
2000-07-01,143.0,SUJN-010-PZ,23.083333,75.3275
2000-08-01,112.2,SUJN-010-PZ,23.083333,75.3275
2000-09-01,27.3,SUJN-010-PZ,23.083333,75.3275
2000-10-01,1.5999999999999999,SUJN-010-PZ,23.083333,75.3275
2000-11-01,0.0,SUJN-010-PZ,23.083333,75.3275
2000-12-01,11.1,SUJN-010-PZ,23.083333,75.3275
2001-01-01,0.0,SUJN-010-PZ,23.083333,75.3275
2001-02-01,0.0,SUJN-010-PZ,23.083333,75.3275
2001-03-01,4.0,SUJN-010-PZ,23.083333,75.3275
2001-04-01,3.9,SUJN-010-PZ,23.083333,75.3275
2001-05-01,8.5,SUJN-010-PZ,23.083333,75.3275
2001-06-01,146.0,SUJN-010-PZ,23.083333,75.3275
2001-07-01,188.3,SUJN-010-PZ,23.083333,75.3275
2001-08-01,157.4,SUJN-010-PZ,23.083333,75.3275
2001-09-01,18.1,SUJN-010-PZ,23.083333,75.3275
2001-10-01,49.9,SUJN-010-PZ,23.083333,75.3275
2001-11-01,0.0,SUJN-010-PZ,23.083333,75.3275
2001-12-01,0.0,SUJN-010-PZ,23.083333,75.3275
2002-01-01,0.0,SUJN-010-PZ,23.083333,75.3275
2002-02-01,36.8,SUJN-010-PZ,23.083333,75.3275
2002-03-01,1.3,SUJN-010-PZ,23.083333,75.3275
2002-04-01,5.4,SUJN-010-PZ,23.083333,75.3275
2002-05-01,0.6,SUJN-010-PZ,23.083333,75.3275
2002-06-01,136.6,SUJN-010-PZ,23.083333,75.3275
2002-07-01,33.6,SUJN-010-PZ,23.083333,75.3275
2002-08-01,265.4,SUJN-010-PZ,23.083333,75.3275
2002-09-01,91.3,SUJN-010-PZ,23.083333,75.3275
2002-10-01,0.3,SUJN-010-PZ,23.083333,75.3275
2002-11-01,0.8,SUJN-010-PZ,23.083333,75.3275
2002-12-01,1.1,SUJN-010-PZ,23.083333,75.3275
2003-01-01,2.4000000000000004,SUJN-010-PZ,23.083333,75.3275
2003-02-01,7.2,SUJN-010-PZ,23.083333,75.3275
2003-03-01,0.1,SUJN-010-PZ,23.083333,75.3275
2003-04-01,2.4,SUJN-010-PZ,23.083333,75.3275
2003-05-01,0.0,SUJN-010-PZ,23.083333,75.3275
2003-06-01,141.0,SUJN-010-PZ,23.083333,75.3275
2003-07-01,230.0,SUJN-010-PZ,23.083333,75.3275
2003-08-01,213.9,SUJN-010-PZ,23.083333,75.3275
2003-09-01,119.6,SUJN-010-PZ,23.083333,75.3275
2003-10-01,0.0,SUJN-010-PZ,23.083333,75.3275
2003-11-01,0.0,SUJN-010-PZ,23.083333,75.3275
2003-12-01,0.0,SUJN-010-PZ,23.083333,75.3275
2004-01-01,7.300000000000001,SUJN-010-PZ,23.083333,75.3275
2004-02-01,0.0,SUJN-010-PZ,23.083333,75.3275
2004-03-01,0.0,SUJN-010-PZ,23.083333,75.3275
2004-04-01,0.0,SUJN-010-PZ,23.083333,75.3275
2004-05-01,6.1,SUJN-010-PZ,23.083333,75.3275
2004-06-01,125.1,SUJN-010-PZ,23.083333,75.3275
2004-07-01,199.0,SUJN-010-PZ,23.083333,75.3275
2004-08-01,584.6,SUJN-010-PZ,23.083333,75.3275
2004-09-01,27.1,SUJN-010-PZ,23.083333,75.3275
2004-10-01,44.0,SUJN-010-PZ,23.083333,75.3275
2004-11-01,2.6,SUJN-010-PZ,23.083333,75.3275
2004-12-01,0.0,SUJN-010-PZ,23.083333,75.3275
2005-01-01,8.2,SUJN-010-PZ,23.083333,75.3275
2005-02-01,0.8,SUJN-010-PZ,23.083333,75.3275
2005-03-01,7.4,SUJN-010-PZ,23.083333,75.3275
2005-04-01,0.0,SUJN-010-PZ,23.083333,75.3275
2005-05-01,5.3,SUJN-010-PZ,23.083333,75.3275
2005-06-01,87.4,SUJN-010-PZ,23.083333,75.3275
2005-07-01,150.8,SUJN-010-PZ,23.083333,75.3275
2005-08-01,86.5,SUJN-010-PZ,23.083333,75.3275
2005-09-01,224.7,SUJN-010-PZ,23.083333,75.3275
2005-10-01,0.0,SUJN-010-PZ,23.083333,75.3275
2005-11-01,0.0,SUJN-010-PZ,23.083333,75.3275
2005-12-01,0.0,SUJN-010-PZ,23.083333,75.3275
2006-01-01,0.0,SUJN-010-PZ,23.083333,75.3275
2006-02-01,0.0,SUJN-010-PZ,23.083333,75.3275
2006-03-01,19.599999999999998,SUJN-010-PZ,23.083333,75.3275
2006-04-01,0.0,SUJN-010-PZ,23.083333,75.3275
2006-05-01,3.7,SUJN-010-PZ,23.083333,75.3275
2006-06-01,67.4,SUJN-010-PZ,23.083333,75.3275
2006-07-01,620.5,SUJN-010-PZ,23.083333,75.3275
2006-08-01,570.6999999999999,SUJN-010-PZ,23.083333,75.3275
2006-09-01,194.2,SUJN-010-PZ,23.083333,75.3275
2006-10-01,6.9,SUJN-010-PZ,23.083333,75.3275
2006-11-01,2.9000000000000004,SUJN-010-PZ,23.083333,75.3275
2006-12-01,0.2,SUJN-010-PZ,23.083333,75.3275
2007-01-01,0.3,SUJN-010-PZ,23.083333,75.3275
2007-02-01,2.8000000000000003,SUJN-010-PZ,23.083333,75.3275
2007-03-01,0.8999999999999999,SUJN-010-PZ,23.083333,75.3275
2007-04-01,0.8,SUJN-010-PZ,23.083333,75.3275
2007-05-01,1.6,SUJN-010-PZ,23.083333,75.3275
2007-06-01,109.7,SUJN-010-PZ,23.083333,75.3275
2007-07-01,625.3,SUJN-010-PZ,23.083333,75.3275
2007-08-01,297.9,SUJN-010-PZ,23.083333,75.3275
2007-09-01,143.1,SUJN-010-PZ,23.083333,75.3275
2007-10-01,0.0,SUJN-010-PZ,23.083333,75.3275
2007-11-01,0.0,SUJN-010-PZ,23.083333,75.3275
2007-12-01,0.0,SUJN-010-PZ,23.083333,75.3275
2008-01-01,0.0,SUJN-010-PZ,23.083333,75.3275
2008-02-01,0.0,SUJN-010-PZ,23.083333,75.3275
2008-03-01,3.8000000000000003,SUJN-010-PZ,23.083333,75.3275
2008-04-01,0.7000000000000001,SUJN-010-PZ,23.083333,75.3275
2008-05-01,1.1,SUJN-010-PZ,23.083333,75.3275
2008-06-01,111.1,SUJN-010-PZ,23.083333,75.3275
2008-07-01,241.3,SUJN-010-PZ,23.083333,75.3275
2008-08-01,171.6,SUJN-010-PZ,23.083333,75.3275
2008-09-01,113.0,SUJN-010-PZ,23.083333,75.3275
2008-10-01,12.1,SUJN-010-PZ,23.083333,75.3275
2008-11-01,4.9,SUJN-010-PZ,23.083333,75.3275
2008-12-01,2.1,SUJN-010-PZ,23.083333,75.3275
2009-01-01,3.7,SUJN-010-PZ,23.083333,75.3275
2009-02-01,0.0,SUJN-010-PZ,23.083333,75.3275
2009-03-01,1.9,SUJN-010-PZ,23.083333,75.3275
2009-04-01,1.1,SUJN-010-PZ,23.083333,75.3275
2009-05-01,5.4,SUJN-010-PZ,23.083333,75.3275
2009-06-01,17.9,SUJN-010-PZ,23.083333,75.3275
2009-07-01,361.4,SUJN-010-PZ,23.083333,75.3275
2009-08-01,156.70000000000002,SUJN-010-PZ,23.083333,75.3275
2009-09-01,94.3,SUJN-010-PZ,23.083333,75.3275
2009-10-01,45.0,SUJN-010-PZ,23.083333,75.3275
2009-11-01,66.5,SUJN-010-PZ,23.083333,75.3275
2009-12-01,6.3,SUJN-010-PZ,23.083333,75.3275
2010-01-01,2.0,SUJN-010-PZ,23.083333,75.3275
2010-02-01,1.2,SUJN-010-PZ,23.083333,75.3275
2010-03-01,4.5,SUJN-010-PZ,23.083333,75.3275
2010-04-01,0.0,SUJN-010-PZ,23.083333,75.3275
2010-05-01,0.0,SUJN-010-PZ,23.083333,75.3275
2010-06-01,61.0,SUJN-010-PZ,23.083333,75.3275
2010-07-01,267.0,SUJN-010-PZ,23.083333,75.3275
2010-08-01,262.6,SUJN-010-PZ,23.083333,75.3275
2010-09-01,83.0,SUJN-010-PZ,23.083333,75.3275
2010-10-01,11.5,SUJN-010-PZ,23.083333,75.3275
2010-11-01,50.7,SUJN-010-PZ,23.083333,75.3275
2010-12-01,0.6000000000000001,SUJN-010-PZ,23.083333,75.3275
2011-01-01,0.0,SUJN-010-PZ,23.083333,75.3275
2011-02-01,0.2,SUJN-010-PZ,23.083333,75.3275
2011-03-01,0.0,SUJN-010-PZ,23.083333,75.3275
2011-04-01,0.30000000000000004,SUJN-010-PZ,23.083333,75.3275
2011-05-01,1.5999999999999999,SUJN-010-PZ,23.083333,75.3275
2011-06-01,131.5,SUJN-010-PZ,23.083333,75.3275
2011-07-01,265.7,SUJN-010-PZ,23.083333,75.3275
2011-08-01,458.5,SUJN-010-PZ,23.083333,75.3275
2011-09-01,107.7,SUJN-010-PZ,23.083333,75.3275
2011-10-01,0.0,SUJN-010-PZ,23.083333,75.3275
2011-11-01,0.0,SUJN-010-PZ,23.083333,75.3275
2011-12-01,0.0,SUJN-010-PZ,23.083333,75.3275
2012-01-01,0.0,SUJN-010-PZ,23.083333,75.3275
2012-02-01,0.0,SUJN-010-PZ,23.083333,75.3275
2012-03-01,0.0,SUJN-010-PZ,23.083333,75.3275
2012-04-01,0.6,SUJN-010-PZ,23.083333,75.3275
2012-05-01,9.1,SUJN-010-PZ,23.083333,75.3275
2012-06-01,22.0,SUJN-010-PZ,23.083333,75.3275
2012-07-01,475.3,SUJN-010-PZ,23.083333,75.3275
2012-08-01,506.1,SUJN-010-PZ,23.083333,75.3275
2012-09-01,201.70000000000002,SUJN-010-PZ,23.083333,75.3275
2012-10-01,0.6,SUJN-010-PZ,23.083333,75.3275
2012-11-01,0.0,SUJN-010-PZ,23.083333,75.3275
2012-12-01,0.0,SUJN-010-PZ,23.083333,75.3275
2013-01-01,0.4,SUJN-010-PZ,23.083333,75.3275
2013-02-01,31.1,SUJN-010-PZ,23.083333,75.3275
2013-03-01,10.9,SUJN-010-PZ,23.083333,75.3275
2013-04-01,9.2,SUJN-010-PZ,23.083333,75.3275
2013-05-01,0.1,SUJN-010-PZ,23.083333,75.3275
2013-06-01,223.70000000000002,SUJN-010-PZ,23.083333,75.3275
2013-07-01,471.90000000000003,SUJN-010-PZ,23.083333,75.3275
2013-08-01,318.0,SUJN-010-PZ,23.083333,75.3275
2013-09-01,108.7,SUJN-010-PZ,23.083333,75.3275
2013-10-01,36.2,SUJN-010-PZ,23.083333,75.3275
2013-11-01,0.2,SUJN-010-PZ,23.083333,75.3275
2013-12-01,2.3,SUJN-010-PZ,23.083333,75.3275
2014-01-01,22.7,SUJN-010-PZ,23.083333,75.3275
2014-02-01,19.9,SUJN-010-PZ,23.083333,75.3275
2014-03-01,11.0,SUJN-010-PZ,23.083333,75.3275
2014-04-01,1.0,SUJN-010-PZ,23.083333,75.3275
2014-05-01,0.5,SUJN-010-PZ,23.083333,75.3275
2014-06-01,3.1,SUJN-010-PZ,23.083333,75.3275
2014-07-01,370.5,SUJN-010-PZ,23.083333,75.3275
2014-08-01,181.6,SUJN-010-PZ,23.083333,75.3275
2014-09-01,120.0,SUJN-010-PZ,23.083333,75.3275
2014-10-01,2.4,SUJN-010-PZ,23.083333,75.3275
2014-11-01,12.999999999999998,SUJN-010-PZ,23.083333,75.3275
2014-12-01,21.0,SUJN-010-PZ,23.083333,75.3275
2015-01-01,10.1,SUJN-010-PZ,23.083333,75.3275
2015-02-01,4.5,SUJN-010-PZ,23.083333,75.3275
2015-03-01,25.9,SUJN-010-PZ,23.083333,75.3275
2015-04-01,16.8,SUJN-010-PZ,23.083333,75.3275
2015-05-01,2.6999999999999997,SUJN-010-PZ,23.083333,75.3275
2015-06-01,141.0,SUJN-010-PZ,23.083333,75.3275
2015-07-01,318.3,SUJN-010-PZ,23.083333,75.3275
2015-08-01,88.9,SUJN-010-PZ,23.083333,75.3275
2015-09-01,28.7,SUJN-010-PZ,23.083333,75.3275
2015-10-01,8.1,SUJN-010-PZ,23.083333,75.3275
2015-11-01,1.3,SUJN-010-PZ,23.083333,75.3275
2015-12-01,0.2,SUJN-010-PZ,23.083333,75.3275
2016-01-01,8.0,SUJN-010-PZ,23.083333,75.3275
2016-02-01,1.4,SUJN-010-PZ,23.083333,75.3275
2016-03-01,6.7,SUJN-010-PZ,23.083333,75.3275
2016-04-01,0.0,SUJN-010-PZ,23.083333,75.3275
2016-05-01,9.8,SUJN-010-PZ,23.083333,75.3275
2016-06-01,63.8,SUJN-010-PZ,23.083333,75.3275
2016-07-01,488.0,SUJN-010-PZ,23.083333,75.3275
2016-08-01,543.8,SUJN-010-PZ,23.083333,75.3275
2016-09-01,76.9,SUJN-010-PZ,23.083333,75.3275
2016-10-01,46.1,SUJN-010-PZ,23.083333,75.3275
2016-11-01,0.0,SUJN-010-PZ,23.083333,75.3275
2016-12-01,0.0,SUJN-010-PZ,23.083333,75.3275
2017-01-01,2.7,SUJN-010-PZ,23.083333,75.3275
2017-02-01,0.1,SUJN-010-PZ,23.083333,75.3275
2017-03-01,2.5,SUJN-010-PZ,23.083333,75.3275
2017-04-01,0.0,SUJN-010-PZ,23.083333,75.3275
2017-05-01,6.0,SUJN-010-PZ,23.083333,75.3275
2017-06-01,74.2,SUJN-010-PZ,23.083333,75.3275
2017-07-01,402.0,SUJN-010-PZ,23.083333,75.3275
2017-08-01,189.6,SUJN-010-PZ,23.083333,75.3275
2017-09-01,127.5,SUJN-010-PZ,23.083333,75.3275
2017-10-01,7.1000000000000005,SUJN-010-PZ,23.083333,75.3275
2017-11-01,0.0,SUJN-010-PZ,23.083333,75.3275
2017-12-01,16.900000000000002,SUJN-010-PZ,23.083333,75.3275
2018-01-01,0.1,SUJN-010-PZ,23.083333,75.3275
2018-02-01,1.2000000000000002,SUJN-010-PZ,23.083333,75.3275
2018-03-01,1.7000000000000002,SUJN-010-PZ,23.083333,75.3275
2018-04-01,0.2,SUJN-010-PZ,23.083333,75.3275
2018-05-01,0.8,SUJN-010-PZ,23.083333,75.3275
2018-06-01,211.0,SUJN-010-PZ,23.083333,75.3275
2018-07-01,819.9,SUJN-010-PZ,23.083333,75.3275
2018-08-01,456.5,SUJN-010-PZ,23.083333,75.3275
2018-09-01,174.4,SUJN-010-PZ,23.083333,75.3275
2018-10-01,0.4,SUJN-010-PZ,23.083333,75.3275
2018-11-01,0.0,SUJN-010-PZ,23.083333,75.3275
2018-12-01,0.0,SUJN-010-PZ,23.083333,75.3275
2019-01-01,0.0,SUJN-010-PZ,23.083333,75.3275
2019-02-01,2.8,SUJN-010-PZ,23.083333,75.3275
2019-03-01,0.1,SUJN-010-PZ,23.083333,75.3275
2019-04-01,9.4,SUJN-010-PZ,23.083333,75.3275
2019-05-01,0.0,SUJN-010-PZ,23.083333,75.3275
2019-06-01,92.4,SUJN-010-PZ,23.083333,75.3275
2019-07-01,413.1,SUJN-010-PZ,23.083333,75.3275
2019-08-01,596.7,SUJN-010-PZ,23.083333,75.3275
2019-09-01,655.5,SUJN-010-PZ,23.083333,75.3275
2019-10-01,57.8,SUJN-010-PZ,23.083333,75.3275
2019-11-01,13.100000000000001,SUJN-010-PZ,23.083333,75.3275
2019-12-01,4.7,SUJN-010-PZ,23.083333,75.3275
2020-01-01,6.1,SUJN-010-PZ,23.083333,75.3275
2020-02-01,0.0,SUJN-010-PZ,23.083333,75.3275
2020-03-01,5.9,SUJN-010-PZ,23.083333,75.3275
2020-04-01,2.7,SUJN-010-PZ,23.083333,75.3275
2020-05-01,0.39999999999999997,SUJN-010-PZ,23.083333,75.3275
2020-06-01,124.4,SUJN-010-PZ,23.083333,75.3275
2020-07-01,227.9,SUJN-010-PZ,23.083333,75.3275
2020-08-01,713.3000000000001,SUJN-010-PZ,23.083333,75.3275
2020-09-01,134.4,SUJN-010-PZ,23.083333,75.3275
2020-10-01,17.8,SUJN-010-PZ,23.083333,75.3275
2020-11-01,0.4,SUJN-010-PZ,23.083333,75.3275
2020-12-01,21.099999999999998,SUJN-010-PZ,23.083333,75.3275
2021-01-01,22.2,SUJN-010-PZ,23.083333,75.3275
2021-02-01,0.8,SUJN-010-PZ,23.083333,75.3275
2021-03-01,0.4,SUJN-010-PZ,23.083333,75.3275
2021-04-01,0.0,SUJN-010-PZ,23.083333,75.3275
2021-05-01,18.4,SUJN-010-PZ,23.083333,75.3275
2021-06-01,146.5,SUJN-010-PZ,23.083333,75.3275
2021-07-01,272.2,SUJN-010-PZ,23.083333,75.3275
2021-08-01,319.8,SUJN-010-PZ,23.083333,75.3275
2021-09-01,303.3,SUJN-010-PZ,23.083333,75.3275
2021-10-01,117.69999999999999,SUJN-010-PZ,23.083333,75.3275
2021-11-01,15.799999999999999,SUJN-010-PZ,23.083333,75.3275
2021-12-01,21.3,SUJN-010-PZ,23.083333,75.3275
2022-01-01,33.9,SUJN-010-PZ,23.083333,75.3275
2022-02-01,0.0,SUJN-010-PZ,23.083333,75.3275
2022-03-01,7.1000000000000005,SUJN-010-PZ,23.083333,75.3275
2022-04-01,0.2,SUJN-010-PZ,23.083333,75.3275
2022-05-01,1.3,SUJN-010-PZ,23.083333,75.3275
2022-06-01,57.3,SUJN-010-PZ,23.083333,75.3275
2022-07-01,382.6,SUJN-010-PZ,23.083333,75.3275
2022-08-01,443.09999999999997,SUJN-010-PZ,23.083333,75.3275
2022-09-01,136.6,SUJN-010-PZ,23.083333,75.3275
2022-10-01,58.1,SUJN-010-PZ,23.083333,75.3275
2022-11-01,0.0,SUJN-010-PZ,23.083333,75.3275
2022-12-01,3.0,SUJN-010-PZ,23.083333,75.3275
2023-01-01,0.9,SUJN-010-PZ,23.083333,75.3275
2023-02-01,0.0,SUJN-010-PZ,23.083333,75.3275
2023-03-01,22.1,SUJN-010-PZ,23.083333,75.3275
2023-04-01,4.699999999999999,SUJN-010-PZ,23.083333,75.3275
2023-05-01,4.6,SUJN-010-PZ,23.083333,75.3275
2023-06-01,159.9,SUJN-010-PZ,23.083333,75.3275
2023-07-01,341.4,SUJN-010-PZ,23.083333,75.3275
2023-08-01,100.3,SUJN-010-PZ,23.083333,75.3275
2023-09-01,328.0,SUJN-010-PZ,23.083333,75.3275
2023-10-01,0.2,SUJN-010-PZ,23.083333,75.3275
2023-11-01,19.5,SUJN-010-PZ,23.083333,75.3275
2023-12-01,5.6,SUJN-010-PZ,23.083333,75.3275
2024-01-01,6.3,SUJN-010-PZ,23.083333,75.3275
2024-02-01,0.2,SUJN-010-PZ,23.083333,75.3275
2024-03-01,0.1,SUJN-010-PZ,23.083333,75.3275
2024-04-01,16.1,SUJN-010-PZ,23.083333,75.3275
2024-05-01,5.1000000000000005,SUJN-010-PZ,23.083333,75.3275
2024-06-01,138.4,SUJN-010-PZ,23.083333,75.3275
2024-07-01,334.6,SUJN-010-PZ,23.083333,75.3275
2024-08-01,430.6,SUJN-010-PZ,23.083333,75.3275
2024-09-01,284.9,SUJN-010-PZ,23.083333,75.3275
2024-10-01,37.9,SUJN-010-PZ,23.083333,75.3275
2024-11-01,0.0,SUJN-010-PZ,23.083333,75.3275
2024-12-01,7.8,SUJN-010-PZ,23.083333,75.3275
1976-01-01,1.4000000000000001,SUJN040-OW,23.311111,75.578889
1976-02-01,0.2,SUJN040-OW,23.311111,75.578889
1976-03-01,0.4,SUJN040-OW,23.311111,75.578889
1976-04-01,4.5,SUJN040-OW,23.311111,75.578889
1976-05-01,0.8,SUJN040-OW,23.311111,75.578889
1976-06-01,168.1,SUJN040-OW,23.311111,75.578889
1976-07-01,317.4,SUJN040-OW,23.311111,75.578889
1976-08-01,459.9,SUJN040-OW,23.311111,75.578889
1976-09-01,115.1,SUJN040-OW,23.311111,75.578889
1976-10-01,0.0,SUJN040-OW,23.311111,75.578889
1976-11-01,74.4,SUJN040-OW,23.311111,75.578889
1976-12-01,0.30000000000000004,SUJN040-OW,23.311111,75.578889
1977-01-01,0.5,SUJN040-OW,23.311111,75.578889
1977-02-01,3.6999999999999997,SUJN040-OW,23.311111,75.578889
1977-03-01,4.2,SUJN040-OW,23.311111,75.578889
1977-04-01,0.6000000000000001,SUJN040-OW,23.311111,75.578889
1977-05-01,6.2,SUJN040-OW,23.311111,75.578889
1977-06-01,173.4,SUJN040-OW,23.311111,75.578889
1977-07-01,417.5,SUJN040-OW,23.311111,75.578889
1977-08-01,272.2,SUJN040-OW,23.311111,75.578889
1977-09-01,114.7,SUJN040-OW,23.311111,75.578889
1977-10-01,0.6,SUJN040-OW,23.311111,75.578889
1977-11-01,66.39999999999999,SUJN040-OW,23.311111,75.578889
1977-12-01,1.0,SUJN040-OW,23.311111,75.578889
1978-01-01,0.0,SUJN040-OW,23.311111,75.578889
1978-02-01,4.6000000000000005,SUJN040-OW,23.311111,75.578889
1978-03-01,0.2,SUJN040-OW,23.311111,75.578889
1978-04-01,5.199999999999999,SUJN040-OW,23.311111,75.578889
1978-05-01,0.0,SUJN040-OW,23.311111,75.578889
1978-06-01,82.3,SUJN040-OW,23.311111,75.578889
1978-07-01,351.6,SUJN040-OW,23.311111,75.578889
1978-08-01,376.7,SUJN040-OW,23.311111,75.578889
1978-09-01,15.9,SUJN040-OW,23.311111,75.578889
1978-10-01,7.4,SUJN040-OW,23.311111,75.578889
1978-11-01,43.9,SUJN040-OW,23.311111,75.578889
1978-12-01,5.7,SUJN040-OW,23.311111,75.578889
1979-01-01,6.3,SUJN040-OW,23.311111,75.578889
1979-02-01,16.5,SUJN040-OW,23.311111,75.578889
1979-03-01,0.0,SUJN040-OW,23.311111,75.578889
1979-04-01,0.0,SUJN040-OW,23.311111,75.578889
1979-05-01,2.3,SUJN040-OW,23.311111,75.578889
1979-06-01,94.1,SUJN040-OW,23.311111,75.578889
1979-07-01,146.1,SUJN040-OW,23.311111,75.578889
1979-08-01,282.7,SUJN040-OW,23.311111,75.578889
1979-09-01,2.5,SUJN040-OW,23.311111,75.578889
1979-10-01,2.1,SUJN040-OW,23.311111,75.578889
1979-11-01,110.10000000000001,SUJN040-OW,23.311111,75.578889
1979-12-01,0.0,SUJN040-OW,23.311111,75.578889
1980-01-01,0.0,SUJN040-OW,23.311111,75.578889
1980-02-01,0.0,SUJN040-OW,23.311111,75.578889
1980-03-01,0.0,SUJN040-OW,23.311111,75.578889
1980-04-01,0.1,SUJN040-OW,23.311111,75.578889
1980-05-01,2.0,SUJN040-OW,23.311111,75.578889
1980-06-01,272.09999999999997,SUJN040-OW,23.311111,75.578889
1980-07-01,146.29999999999998,SUJN040-OW,23.311111,75.578889
1980-08-01,444.2,SUJN040-OW,23.311111,75.578889
1980-09-01,16.6,SUJN040-OW,23.311111,75.578889
1980-10-01,0.0,SUJN040-OW,23.311111,75.578889
1980-11-01,0.0,SUJN040-OW,23.311111,75.578889
1980-12-01,24.2,SUJN040-OW,23.311111,75.578889
1981-01-01,4.2,SUJN040-OW,23.311111,75.578889
1981-02-01,0.0,SUJN040-OW,23.311111,75.578889
1981-03-01,0.7,SUJN040-OW,23.311111,75.578889
1981-04-01,0.2,SUJN040-OW,23.311111,75.578889
1981-05-01,2.7,SUJN040-OW,23.311111,75.578889
1981-06-01,105.1,SUJN040-OW,23.311111,75.578889
1981-07-01,189.8,SUJN040-OW,23.311111,75.578889
1981-08-01,186.6,SUJN040-OW,23.311111,75.578889
1981-09-01,85.60000000000001,SUJN040-OW,23.311111,75.578889
1981-10-01,24.7,SUJN040-OW,23.311111,75.578889
1981-11-01,9.700000000000001,SUJN040-OW,23.311111,75.578889
1981-12-01,7.800000000000001,SUJN040-OW,23.311111,75.578889
1982-01-01,26.1,SUJN040-OW,23.311111,75.578889
1982-02-01,0.30000000000000004,SUJN040-OW,23.311111,75.578889
1982-03-01,0.1,SUJN040-OW,23.311111,75.578889
1982-04-01,0.8999999999999999,SUJN040-OW,23.311111,75.578889
1982-05-01,10.200000000000001,SUJN040-OW,23.311111,75.578889
1982-06-01,19.4,SUJN040-OW,23.311111,75.578889
1982-07-01,337.90000000000003,SUJN040-OW,23.311111,75.578889
1982-08-01,200.7,SUJN040-OW,23.311111,75.578889
1982-09-01,7.199999999999999,SUJN040-OW,23.311111,75.578889
1982-10-01,13.9,SUJN040-OW,23.311111,75.578889
1982-11-01,93.89999999999999,SUJN040-OW,23.311111,75.578889
1982-12-01,0.0,SUJN040-OW,23.311111,75.578889
1983-01-01,0.3,SUJN040-OW,23.311111,75.578889
1983-02-01,0.0,SUJN040-OW,23.311111,75.578889
1983-03-01,0.0,SUJN040-OW,23.311111,75.578889
1983-04-01,16.6,SUJN040-OW,23.311111,75.578889
1983-05-01,0.4,SUJN040-OW,23.311111,75.578889
1983-06-01,166.6,SUJN040-OW,23.311111,75.578889
1983-07-01,123.2,SUJN040-OW,23.311111,75.578889
1983-08-01,237.9,SUJN040-OW,23.311111,75.578889
1983-09-01,177.2,SUJN040-OW,23.311111,75.578889
1983-10-01,33.1,SUJN040-OW,23.311111,75.578889
1983-11-01,0.0,SUJN040-OW,23.311111,75.578889
1983-12-01,0.0,SUJN040-OW,23.311111,75.578889
1984-01-01,3.7,SUJN040-OW,23.311111,75.578889
1984-02-01,1.9,SUJN040-OW,23.311111,75.578889
1984-03-01,0.0,SUJN040-OW,23.311111,75.578889
1984-04-01,0.0,SUJN040-OW,23.311111,75.578889
1984-05-01,0.0,SUJN040-OW,23.311111,75.578889
1984-06-01,48.699999999999996,SUJN040-OW,23.311111,75.578889
1984-07-01,247.1,SUJN040-OW,23.311111,75.578889
1984-08-01,413.4,SUJN040-OW,23.311111,75.578889
1984-09-01,48.0,SUJN040-OW,23.311111,75.578889
1984-10-01,0.0,SUJN040-OW,23.311111,75.578889
1984-11-01,0.0,SUJN040-OW,23.311111,75.578889
1984-12-01,0.0,SUJN040-OW,23.311111,75.578889
1985-01-01,0.0,SUJN040-OW,23.311111,75.578889
1985-02-01,0.0,SUJN040-OW,23.311111,75.578889
1985-03-01,0.1,SUJN040-OW,23.311111,75.578889
1985-04-01,0.30000000000000004,SUJN040-OW,23.311111,75.578889
1985-05-01,2.3000000000000003,SUJN040-OW,23.311111,75.578889
1985-06-01,6.9,SUJN040-OW,23.311111,75.578889
1985-07-01,255.5,SUJN040-OW,23.311111,75.578889
1985-08-01,188.70000000000002,SUJN040-OW,23.311111,75.578889
1985-09-01,30.8,SUJN040-OW,23.311111,75.578889
1985-10-01,98.0,SUJN040-OW,23.311111,75.578889
1985-11-01,0.0,SUJN040-OW,23.311111,75.578889
1985-12-01,5.1,SUJN040-OW,23.311111,75.578889
1986-01-01,0.5,SUJN040-OW,23.311111,75.578889
1986-02-01,24.8,SUJN040-OW,23.311111,75.578889
1986-03-01,0.0,SUJN040-OW,23.311111,75.578889
1986-04-01,0.4,SUJN040-OW,23.311111,75.578889
1986-05-01,9.3,SUJN040-OW,23.311111,75.578889
1986-06-01,181.1,SUJN040-OW,23.311111,75.578889
1986-07-01,381.3,SUJN040-OW,23.311111,75.578889
1986-08-01,127.8,SUJN040-OW,23.311111,75.578889
1986-09-01,2.1,SUJN040-OW,23.311111,75.578889
1986-10-01,0.5,SUJN040-OW,23.311111,75.578889
1986-11-01,0.0,SUJN040-OW,23.311111,75.578889
1986-12-01,0.0,SUJN040-OW,23.311111,75.578889
1987-01-01,41.3,SUJN040-OW,23.311111,75.578889
1987-02-01,0.5,SUJN040-OW,23.311111,75.578889
1987-03-01,2.4,SUJN040-OW,23.311111,75.578889
1987-04-01,0.3,SUJN040-OW,23.311111,75.578889
1987-05-01,7.2,SUJN040-OW,23.311111,75.578889
1987-06-01,41.2,SUJN040-OW,23.311111,75.578889
1987-07-01,16.2,SUJN040-OW,23.311111,75.578889
1987-08-01,315.3,SUJN040-OW,23.311111,75.578889
1987-09-01,3.6,SUJN040-OW,23.311111,75.578889
1987-10-01,24.8,SUJN040-OW,23.311111,75.578889
1987-11-01,0.0,SUJN040-OW,23.311111,75.578889
1987-12-01,21.1,SUJN040-OW,23.311111,75.578889
1988-01-01,0.0,SUJN040-OW,23.311111,75.578889
1988-02-01,0.0,SUJN040-OW,23.311111,75.578889
1988-03-01,0.0,SUJN040-OW,23.311111,75.578889
1988-04-01,8.4,SUJN040-OW,23.311111,75.578889
1988-05-01,2.7,SUJN040-OW,23.311111,75.578889
1988-06-01,161.5,SUJN040-OW,23.311111,75.578889
1988-07-01,264.7,SUJN040-OW,23.311111,75.578889
1988-08-01,336.2,SUJN040-OW,23.311111,75.578889
1988-09-01,102.6,SUJN040-OW,23.311111,75.578889
1988-10-01,204.1,SUJN040-OW,23.311111,75.578889
1988-11-01,0.0,SUJN040-OW,23.311111,75.578889
1988-12-01,0.0,SUJN040-OW,23.311111,75.578889
1989-01-01,1.1,SUJN040-OW,23.311111,75.578889
1989-02-01,0.0,SUJN040-OW,23.311111,75.578889
1989-03-01,13.5,SUJN040-OW,23.311111,75.578889
1989-04-01,0.0,SUJN040-OW,23.311111,75.578889
1989-05-01,1.3,SUJN040-OW,23.311111,75.578889
1989-06-01,86.39999999999999,SUJN040-OW,23.311111,75.578889
1989-07-01,191.6,SUJN040-OW,23.311111,75.578889
1989-08-01,385.3,SUJN040-OW,23.311111,75.578889
1989-09-01,25.5,SUJN040-OW,23.311111,75.578889
1989-10-01,0.0,SUJN040-OW,23.311111,75.578889
1989-11-01,1.0,SUJN040-OW,23.311111,75.578889
1989-12-01,1.7,SUJN040-OW,23.311111,75.578889
1990-01-01,0.0,SUJN040-OW,23.311111,75.578889
1990-02-01,4.0,SUJN040-OW,23.311111,75.578889
1990-03-01,1.5,SUJN040-OW,23.311111,75.578889
1990-04-01,0.0,SUJN040-OW,23.311111,75.578889
1990-05-01,52.4,SUJN040-OW,23.311111,75.578889
1990-06-01,158.7,SUJN040-OW,23.311111,75.578889
1990-07-01,317.8,SUJN040-OW,23.311111,75.578889
1990-08-01,347.5,SUJN040-OW,23.311111,75.578889
1990-09-01,279.6,SUJN040-OW,23.311111,75.578889
1990-10-01,5.6000000000000005,SUJN040-OW,23.311111,75.578889
1990-11-01,2.6999999999999997,SUJN040-OW,23.311111,75.578889
1990-12-01,1.6,SUJN040-OW,23.311111,75.578889
1991-01-01,0.0,SUJN040-OW,23.311111,75.578889
1991-02-01,0.0,SUJN040-OW,23.311111,75.578889
1991-03-01,1.5,SUJN040-OW,23.311111,75.578889
1991-04-01,0.5,SUJN040-OW,23.311111,75.578889
1991-05-01,0.4,SUJN040-OW,23.311111,75.578889
1991-06-01,36.699999999999996,SUJN040-OW,23.311111,75.578889
1991-07-01,424.7,SUJN040-OW,23.311111,75.578889
1991-08-01,214.3,SUJN040-OW,23.311111,75.578889
1991-09-01,12.4,SUJN040-OW,23.311111,75.578889
1991-10-01,0.0,SUJN040-OW,23.311111,75.578889
1991-11-01,0.0,SUJN040-OW,23.311111,75.578889
1991-12-01,0.0,SUJN040-OW,23.311111,75.578889
1992-01-01,0.0,SUJN040-OW,23.311111,75.578889
1992-02-01,0.0,SUJN040-OW,23.311111,75.578889
1992-03-01,0.0,SUJN040-OW,23.311111,75.578889
1992-04-01,0.0,SUJN040-OW,23.311111,75.578889
1992-05-01,2.5,SUJN040-OW,23.311111,75.578889
1992-06-01,20.5,SUJN040-OW,23.311111,75.578889
1992-07-01,342.3,SUJN040-OW,23.311111,75.578889
1992-08-01,225.70000000000002,SUJN040-OW,23.311111,75.578889
1992-09-01,64.3,SUJN040-OW,23.311111,75.578889
1992-10-01,47.2,SUJN040-OW,23.311111,75.578889
1992-11-01,0.30000000000000004,SUJN040-OW,23.311111,75.578889
1992-12-01,0.0,SUJN040-OW,23.311111,75.578889
1993-01-01,0.0,SUJN040-OW,23.311111,75.578889
1993-02-01,0.7,SUJN040-OW,23.311111,75.578889
1993-03-01,16.0,SUJN040-OW,23.311111,75.578889
1993-04-01,0.0,SUJN040-OW,23.311111,75.578889
1993-05-01,6.6,SUJN040-OW,23.311111,75.578889
1993-06-01,107.1,SUJN040-OW,23.311111,75.578889
1993-07-01,440.1,SUJN040-OW,23.311111,75.578889
1993-08-01,236.29999999999998,SUJN040-OW,23.311111,75.578889
1993-09-01,119.8,SUJN040-OW,23.311111,75.578889
1993-10-01,9.799999999999999,SUJN040-OW,23.311111,75.578889
1993-11-01,1.1,SUJN040-OW,23.311111,75.578889
1993-12-01,1.0,SUJN040-OW,23.311111,75.578889
1994-01-01,11.2,SUJN040-OW,23.311111,75.578889
1994-02-01,2.9,SUJN040-OW,23.311111,75.578889
1994-03-01,0.0,SUJN040-OW,23.311111,75.578889
1994-04-01,9.3,SUJN040-OW,23.311111,75.578889
1994-05-01,3.9000000000000004,SUJN040-OW,23.311111,75.578889
1994-06-01,116.39999999999999,SUJN040-OW,23.311111,75.578889
1994-07-01,294.8,SUJN040-OW,23.311111,75.578889
1994-08-01,173.6,SUJN040-OW,23.311111,75.578889
1994-09-01,188.70000000000002,SUJN040-OW,23.311111,75.578889
1994-10-01,4.0,SUJN040-OW,23.311111,75.578889
1994-11-01,1.7999999999999998,SUJN040-OW,23.311111,75.578889
1994-12-01,0.0,SUJN040-OW,23.311111,75.578889
1995-01-01,29.6,SUJN040-OW,23.311111,75.578889
1995-02-01,0.30000000000000004,SUJN040-OW,23.311111,75.578889
1995-03-01,1.7,SUJN040-OW,23.311111,75.578889
1995-04-01,5.7,SUJN040-OW,23.311111,75.578889
1995-05-01,0.5,SUJN040-OW,23.311111,75.578889
1995-06-01,46.5,SUJN040-OW,23.311111,75.578889
1995-07-01,280.1,SUJN040-OW,23.311111,75.578889
1995-08-01,179.1,SUJN040-OW,23.311111,75.578889
1995-09-01,74.1,SUJN040-OW,23.311111,75.578889
1995-10-01,25.3,SUJN040-OW,23.311111,75.578889
1995-11-01,0.1,SUJN040-OW,23.311111,75.578889
1995-12-01,26.6,SUJN040-OW,23.311111,75.578889
1996-01-01,15.2,SUJN040-OW,23.311111,75.578889
1996-02-01,0.6,SUJN040-OW,23.311111,75.578889
1996-03-01,4.2,SUJN040-OW,23.311111,75.578889
1996-04-01,3.2,SUJN040-OW,23.311111,75.578889
1996-05-01,2.7,SUJN040-OW,23.311111,75.578889
1996-06-01,70.9,SUJN040-OW,23.311111,75.578889
1996-07-01,627.1,SUJN040-OW,23.311111,75.578889
1996-08-01,254.0,SUJN040-OW,23.311111,75.578889
1996-09-01,137.1,SUJN040-OW,23.311111,75.578889
1996-10-01,49.300000000000004,SUJN040-OW,23.311111,75.578889
1996-11-01,6.3,SUJN040-OW,23.311111,75.578889
1996-12-01,0.0,SUJN040-OW,23.311111,75.578889
1997-01-01,7.7,SUJN040-OW,23.311111,75.578889
1997-02-01,0.0,SUJN040-OW,23.311111,75.578889
1997-03-01,0.0,SUJN040-OW,23.311111,75.578889
1997-04-01,3.9000000000000004,SUJN040-OW,23.311111,75.578889
1997-05-01,0.5,SUJN040-OW,23.311111,75.578889
1997-06-01,1086.4,SUJN040-OW,23.311111,75.578889
1997-07-01,261.4,SUJN040-OW,23.311111,75.578889
1997-08-01,368.7,SUJN040-OW,23.311111,75.578889
1997-09-01,118.8,SUJN040-OW,23.311111,75.578889
1997-10-01,25.2,SUJN040-OW,23.311111,75.578889
1997-11-01,45.4,SUJN040-OW,23.311111,75.578889
1997-12-01,89.5,SUJN040-OW,23.311111,75.578889
1998-01-01,0.5,SUJN040-OW,23.311111,75.578889
1998-02-01,0.4,SUJN040-OW,23.311111,75.578889
1998-03-01,1.9,SUJN040-OW,23.311111,75.578889
1998-04-01,3.5,SUJN040-OW,23.311111,75.578889
1998-05-01,1.5,SUJN040-OW,23.311111,75.578889
1998-06-01,111.9,SUJN040-OW,23.311111,75.578889
1998-07-01,121.5,SUJN040-OW,23.311111,75.578889
1998-08-01,218.6,SUJN040-OW,23.311111,75.578889
1998-09-01,136.2,SUJN040-OW,23.311111,75.578889
1998-10-01,23.2,SUJN040-OW,23.311111,75.578889
1998-11-01,11.8,SUJN040-OW,23.311111,75.578889
1998-12-01,0.0,SUJN040-OW,23.311111,75.578889
1999-01-01,0.0,SUJN040-OW,23.311111,75.578889
1999-02-01,13.0,SUJN040-OW,23.311111,75.578889
1999-03-01,0.0,SUJN040-OW,23.311111,75.578889
1999-04-01,0.0,SUJN040-OW,23.311111,75.578889
1999-05-01,4.4,SUJN040-OW,23.311111,75.578889
1999-06-01,124.9,SUJN040-OW,23.311111,75.578889
1999-07-01,307.1,SUJN040-OW,23.311111,75.578889
1999-08-01,68.39999999999999,SUJN040-OW,23.311111,75.578889
1999-09-01,92.2,SUJN040-OW,23.311111,75.578889
1999-10-01,70.3,SUJN040-OW,23.311111,75.578889
1999-11-01,0.0,SUJN040-OW,23.311111,75.578889
1999-12-01,0.0,SUJN040-OW,23.311111,75.578889
2000-01-01,0.0,SUJN040-OW,23.311111,75.578889
2000-02-01,0.2,SUJN040-OW,23.311111,75.578889
2000-03-01,0.0,SUJN040-OW,23.311111,75.578889
2000-04-01,0.9,SUJN040-OW,23.311111,75.578889
2000-05-01,30.1,SUJN040-OW,23.311111,75.578889
2000-06-01,33.6,SUJN040-OW,23.311111,75.578889
2000-07-01,175.9,SUJN040-OW,23.311111,75.578889
2000-08-01,111.5,SUJN040-OW,23.311111,75.578889
2000-09-01,32.300000000000004,SUJN040-OW,23.311111,75.578889
2000-10-01,0.0,SUJN040-OW,23.311111,75.578889
2000-11-01,0.0,SUJN040-OW,23.311111,75.578889
2000-12-01,8.799999999999999,SUJN040-OW,23.311111,75.578889
2001-01-01,0.0,SUJN040-OW,23.311111,75.578889
2001-02-01,0.0,SUJN040-OW,23.311111,75.578889
2001-03-01,4.0,SUJN040-OW,23.311111,75.578889
2001-04-01,0.4,SUJN040-OW,23.311111,75.578889
2001-05-01,17.4,SUJN040-OW,23.311111,75.578889
2001-06-01,135.6,SUJN040-OW,23.311111,75.578889
2001-07-01,182.4,SUJN040-OW,23.311111,75.578889
2001-08-01,146.9,SUJN040-OW,23.311111,75.578889
2001-09-01,5.8,SUJN040-OW,23.311111,75.578889
2001-10-01,30.5,SUJN040-OW,23.311111,75.578889
2001-11-01,0.0,SUJN040-OW,23.311111,75.578889
2001-12-01,0.0,SUJN040-OW,23.311111,75.578889
2002-01-01,0.0,SUJN040-OW,23.311111,75.578889
2002-02-01,45.9,SUJN040-OW,23.311111,75.578889
2002-03-01,1.4,SUJN040-OW,23.311111,75.578889
2002-04-01,2.0,SUJN040-OW,23.311111,75.578889
2002-05-01,3.8,SUJN040-OW,23.311111,75.578889
2002-06-01,153.5,SUJN040-OW,23.311111,75.578889
2002-07-01,27.0,SUJN040-OW,23.311111,75.578889
2002-08-01,253.2,SUJN040-OW,23.311111,75.578889
2002-09-01,91.0,SUJN040-OW,23.311111,75.578889
2002-10-01,0.7,SUJN040-OW,23.311111,75.578889
2002-11-01,2.5,SUJN040-OW,23.311111,75.578889
2002-12-01,1.1,SUJN040-OW,23.311111,75.578889
2003-01-01,2.7,SUJN040-OW,23.311111,75.578889
2003-02-01,5.699999999999999,SUJN040-OW,23.311111,75.578889
2003-03-01,0.2,SUJN040-OW,23.311111,75.578889
2003-04-01,0.1,SUJN040-OW,23.311111,75.578889
2003-05-01,0.7,SUJN040-OW,23.311111,75.578889
2003-06-01,115.60000000000001,SUJN040-OW,23.311111,75.578889
2003-07-01,320.4,SUJN040-OW,23.311111,75.578889
2003-08-01,164.79999999999998,SUJN040-OW,23.311111,75.578889
2003-09-01,144.29999999999998,SUJN040-OW,23.311111,75.578889
2003-10-01,0.0,SUJN040-OW,23.311111,75.578889
2003-11-01,0.0,SUJN040-OW,23.311111,75.578889
2003-12-01,0.1,SUJN040-OW,23.311111,75.578889
2004-01-01,7.8999999999999995,SUJN040-OW,23.311111,75.578889
2004-02-01,0.0,SUJN040-OW,23.311111,75.578889
2004-03-01,0.0,SUJN040-OW,23.311111,75.578889
2004-04-01,0.0,SUJN040-OW,23.311111,75.578889
2004-05-01,7.7,SUJN040-OW,23.311111,75.578889
2004-06-01,145.1,SUJN040-OW,23.311111,75.578889
2004-07-01,201.1,SUJN040-OW,23.311111,75.578889
2004-08-01,515.3,SUJN040-OW,23.311111,75.578889
2004-09-01,12.799999999999999,SUJN040-OW,23.311111,75.578889
2004-10-01,30.4,SUJN040-OW,23.311111,75.578889
2004-11-01,0.2,SUJN040-OW,23.311111,75.578889
2004-12-01,0.0,SUJN040-OW,23.311111,75.578889
2005-01-01,6.8999999999999995,SUJN040-OW,23.311111,75.578889
2005-02-01,0.0,SUJN040-OW,23.311111,75.578889
2005-03-01,6.5,SUJN040-OW,23.311111,75.578889
2005-04-01,0.0,SUJN040-OW,23.311111,75.578889
2005-05-01,2.3,SUJN040-OW,23.311111,75.578889
2005-06-01,81.6,SUJN040-OW,23.311111,75.578889
2005-07-01,166.89999999999998,SUJN040-OW,23.311111,75.578889
2005-08-01,75.8,SUJN040-OW,23.311111,75.578889
2005-09-01,174.4,SUJN040-OW,23.311111,75.578889
2005-10-01,0.0,SUJN040-OW,23.311111,75.578889
2005-11-01,0.0,SUJN040-OW,23.311111,75.578889
2005-12-01,0.0,SUJN040-OW,23.311111,75.578889
2006-01-01,0.0,SUJN040-OW,23.311111,75.578889
2006-02-01,0.7,SUJN040-OW,23.311111,75.578889
2006-03-01,14.799999999999999,SUJN040-OW,23.311111,75.578889
2006-04-01,0.0,SUJN040-OW,23.311111,75.578889
2006-05-01,2.3,SUJN040-OW,23.311111,75.578889
2006-06-01,37.9,SUJN040-OW,23.311111,75.578889
2006-07-01,424.3,SUJN040-OW,23.311111,75.578889
2006-08-01,687.0,SUJN040-OW,23.311111,75.578889
2006-09-01,161.2,SUJN040-OW,23.311111,75.578889
2006-10-01,6.1,SUJN040-OW,23.311111,75.578889
2006-11-01,0.9,SUJN040-OW,23.311111,75.578889
2006-12-01,0.0,SUJN040-OW,23.311111,75.578889
2007-01-01,0.1,SUJN040-OW,23.311111,75.578889
2007-02-01,3.6999999999999997,SUJN040-OW,23.311111,75.578889
2007-03-01,0.2,SUJN040-OW,23.311111,75.578889
2007-04-01,0.1,SUJN040-OW,23.311111,75.578889
2007-05-01,3.6,SUJN040-OW,23.311111,75.578889
2007-06-01,67.69999999999999,SUJN040-OW,23.311111,75.578889
2007-07-01,476.50000000000006,SUJN040-OW,23.311111,75.578889
2007-08-01,278.59999999999997,SUJN040-OW,23.311111,75.578889
2007-09-01,109.2,SUJN040-OW,23.311111,75.578889
2007-10-01,0.0,SUJN040-OW,23.311111,75.578889
2007-11-01,0.0,SUJN040-OW,23.311111,75.578889
2007-12-01,0.0,SUJN040-OW,23.311111,75.578889
2008-01-01,0.0,SUJN040-OW,23.311111,75.578889
2008-02-01,0.0,SUJN040-OW,23.311111,75.578889
2008-03-01,3.0,SUJN040-OW,23.311111,75.578889
2008-04-01,2.3000000000000003,SUJN040-OW,23.311111,75.578889
2008-05-01,2.6,SUJN040-OW,23.311111,75.578889
2008-06-01,102.7,SUJN040-OW,23.311111,75.578889
2008-07-01,346.3,SUJN040-OW,23.311111,75.578889
2008-08-01,145.6,SUJN040-OW,23.311111,75.578889
2008-09-01,96.1,SUJN040-OW,23.311111,75.578889
2008-10-01,6.7,SUJN040-OW,23.311111,75.578889
2008-11-01,4.3999999999999995,SUJN040-OW,23.311111,75.578889
2008-12-01,2.1,SUJN040-OW,23.311111,75.578889
2009-01-01,3.5,SUJN040-OW,23.311111,75.578889
2009-02-01,0.3,SUJN040-OW,23.311111,75.578889
2009-03-01,1.2,SUJN040-OW,23.311111,75.578889
2009-04-01,0.7,SUJN040-OW,23.311111,75.578889
2009-05-01,8.0,SUJN040-OW,23.311111,75.578889
2009-06-01,20.4,SUJN040-OW,23.311111,75.578889
2009-07-01,330.9,SUJN040-OW,23.311111,75.578889
2009-08-01,191.4,SUJN040-OW,23.311111,75.578889
2009-09-01,101.1,SUJN040-OW,23.311111,75.578889
2009-10-01,46.199999999999996,SUJN040-OW,23.311111,75.578889
2009-11-01,70.9,SUJN040-OW,23.311111,75.578889
2009-12-01,8.5,SUJN040-OW,23.311111,75.578889
2010-01-01,1.4,SUJN040-OW,23.311111,75.578889
2010-02-01,2.8000000000000003,SUJN040-OW,23.311111,75.578889
2010-03-01,1.8,SUJN040-OW,23.311111,75.578889
2010-04-01,0.0,SUJN040-OW,23.311111,75.578889
2010-05-01,0.7,SUJN040-OW,23.311111,75.578889
2010-06-01,54.5,SUJN040-OW,23.311111,75.578889
2010-07-01,192.0,SUJN040-OW,23.311111,75.578889
2010-08-01,231.8,SUJN040-OW,23.311111,75.578889
2010-09-01,83.5,SUJN040-OW,23.311111,75.578889
2010-10-01,8.7,SUJN040-OW,23.311111,75.578889
2010-11-01,36.8,SUJN040-OW,23.311111,75.578889
2010-12-01,1.5,SUJN040-OW,23.311111,75.578889
2011-01-01,0.0,SUJN040-OW,23.311111,75.578889
2011-02-01,0.1,SUJN040-OW,23.311111,75.578889
2011-03-01,0.0,SUJN040-OW,23.311111,75.578889
2011-04-01,0.0,SUJN040-OW,23.311111,75.578889
2011-05-01,3.6999999999999997,SUJN040-OW,23.311111,75.578889
2011-06-01,194.0,SUJN040-OW,23.311111,75.578889
2011-07-01,231.0,SUJN040-OW,23.311111,75.578889
2011-08-01,401.5,SUJN040-OW,23.311111,75.578889
2011-09-01,120.10000000000001,SUJN040-OW,23.311111,75.578889
2011-10-01,0.0,SUJN040-OW,23.311111,75.578889
2011-11-01,0.0,SUJN040-OW,23.311111,75.578889
2011-12-01,0.0,SUJN040-OW,23.311111,75.578889
2012-01-01,0.6,SUJN040-OW,23.311111,75.578889
2012-02-01,0.0,SUJN040-OW,23.311111,75.578889
2012-03-01,0.0,SUJN040-OW,23.311111,75.578889
2012-04-01,0.30000000000000004,SUJN040-OW,23.311111,75.578889
2012-05-01,6.6,SUJN040-OW,23.311111,75.578889
2012-06-01,18.6,SUJN040-OW,23.311111,75.578889
2012-07-01,490.2,SUJN040-OW,23.311111,75.578889
2012-08-01,558.4,SUJN040-OW,23.311111,75.578889
2012-09-01,162.4,SUJN040-OW,23.311111,75.578889
2012-10-01,0.0,SUJN040-OW,23.311111,75.578889
2012-11-01,0.0,SUJN040-OW,23.311111,75.578889
2012-12-01,0.0,SUJN040-OW,23.311111,75.578889
2013-01-01,0.0,SUJN040-OW,23.311111,75.578889
2013-02-01,30.6,SUJN040-OW,23.311111,75.578889
2013-03-01,14.600000000000001,SUJN040-OW,23.311111,75.578889
2013-04-01,5.2,SUJN040-OW,23.311111,75.578889
2013-05-01,0.1,SUJN040-OW,23.311111,75.578889
2013-06-01,248.20000000000002,SUJN040-OW,23.311111,75.578889
2013-07-01,434.7,SUJN040-OW,23.311111,75.578889
2013-08-01,331.0,SUJN040-OW,23.311111,75.578889
2013-09-01,78.39999999999999,SUJN040-OW,23.311111,75.578889
2013-10-01,34.3,SUJN040-OW,23.311111,75.578889
2013-11-01,0.30000000000000004,SUJN040-OW,23.311111,75.578889
2013-12-01,3.5,SUJN040-OW,23.311111,75.578889
2014-01-01,20.1,SUJN040-OW,23.311111,75.578889
2014-02-01,16.4,SUJN040-OW,23.311111,75.578889
2014-03-01,5.2,SUJN040-OW,23.311111,75.578889
2014-04-01,2.0999999999999996,SUJN040-OW,23.311111,75.578889
2014-05-01,0.7,SUJN040-OW,23.311111,75.578889
2014-06-01,3.6,SUJN040-OW,23.311111,75.578889
2014-07-01,409.5,SUJN040-OW,23.311111,75.578889
2014-08-01,189.6,SUJN040-OW,23.311111,75.578889
2014-09-01,128.9,SUJN040-OW,23.311111,75.578889
2014-10-01,1.7000000000000002,SUJN040-OW,23.311111,75.578889
2014-11-01,11.7,SUJN040-OW,23.311111,75.578889
2014-12-01,25.8,SUJN040-OW,23.311111,75.578889
2015-01-01,17.1,SUJN040-OW,23.311111,75.578889
2015-02-01,6.2,SUJN040-OW,23.311111,75.578889
2015-03-01,38.800000000000004,SUJN040-OW,23.311111,75.578889
2015-04-01,14.9,SUJN040-OW,23.311111,75.578889
2015-05-01,1.8,SUJN040-OW,23.311111,75.578889
2015-06-01,163.5,SUJN040-OW,23.311111,75.578889
2015-07-01,400.4,SUJN040-OW,23.311111,75.578889
2015-08-01,94.6,SUJN040-OW,23.311111,75.578889
2015-09-01,20.4,SUJN040-OW,23.311111,75.578889
2015-10-01,6.8,SUJN040-OW,23.311111,75.578889
2015-11-01,1.9,SUJN040-OW,23.311111,75.578889
2015-12-01,0.2,SUJN040-OW,23.311111,75.578889
2016-01-01,9.8,SUJN040-OW,23.311111,75.578889
2016-02-01,0.3,SUJN040-OW,23.311111,75.578889
2016-03-01,8.4,SUJN040-OW,23.311111,75.578889
2016-04-01,0.0,SUJN040-OW,23.311111,75.578889
2016-05-01,5.0,SUJN040-OW,23.311111,75.578889
2016-06-01,65.0,SUJN040-OW,23.311111,75.578889
2016-07-01,499.4,SUJN040-OW,23.311111,75.578889
2016-08-01,616.0,SUJN040-OW,23.311111,75.578889
2016-09-01,68.4,SUJN040-OW,23.311111,75.578889
2016-10-01,32.2,SUJN040-OW,23.311111,75.578889
2016-11-01,0.0,SUJN040-OW,23.311111,75.578889
2016-12-01,0.0,SUJN040-OW,23.311111,75.578889
2017-01-01,2.7,SUJN040-OW,23.311111,75.578889
2017-02-01,0.1,SUJN040-OW,23.311111,75.578889
2017-03-01,1.5,SUJN040-OW,23.311111,75.578889
2017-04-01,0.39999999999999997,SUJN040-OW,23.311111,75.578889
2017-05-01,7.0,SUJN040-OW,23.311111,75.578889
2017-06-01,108.2,SUJN040-OW,23.311111,75.578889
2017-07-01,481.1,SUJN040-OW,23.311111,75.578889
2017-08-01,235.1,SUJN040-OW,23.311111,75.578889
2017-09-01,131.0,SUJN040-OW,23.311111,75.578889
2017-10-01,7.8999999999999995,SUJN040-OW,23.311111,75.578889
2017-11-01,0.0,SUJN040-OW,23.311111,75.578889
2017-12-01,16.400000000000002,SUJN040-OW,23.311111,75.578889
2018-01-01,0.0,SUJN040-OW,23.311111,75.578889
2018-02-01,4.8,SUJN040-OW,23.311111,75.578889
2018-03-01,4.1,SUJN040-OW,23.311111,75.578889
2018-04-01,2.3,SUJN040-OW,23.311111,75.578889
2018-05-01,0.6,SUJN040-OW,23.311111,75.578889
2018-06-01,186.2,SUJN040-OW,23.311111,75.578889
2018-07-01,496.8,SUJN040-OW,23.311111,75.578889
2018-08-01,329.8,SUJN040-OW,23.311111,75.578889
2018-09-01,187.2,SUJN040-OW,23.311111,75.578889
2018-10-01,0.4,SUJN040-OW,23.311111,75.578889
2018-11-01,0.0,SUJN040-OW,23.311111,75.578889
2018-12-01,0.4,SUJN040-OW,23.311111,75.578889
2019-01-01,0.1,SUJN040-OW,23.311111,75.578889
2019-02-01,1.2,SUJN040-OW,23.311111,75.578889
2019-03-01,0.2,SUJN040-OW,23.311111,75.578889
2019-04-01,10.200000000000001,SUJN040-OW,23.311111,75.578889
2019-05-01,0.0,SUJN040-OW,23.311111,75.578889
2019-06-01,102.5,SUJN040-OW,23.311111,75.578889
2019-07-01,482.6,SUJN040-OW,23.311111,75.578889
2019-08-01,724.9,SUJN040-OW,23.311111,75.578889
2019-09-01,771.5,SUJN040-OW,23.311111,75.578889
2019-10-01,57.5,SUJN040-OW,23.311111,75.578889
2019-11-01,14.100000000000001,SUJN040-OW,23.311111,75.578889
2019-12-01,9.799999999999999,SUJN040-OW,23.311111,75.578889
2020-01-01,6.1,SUJN040-OW,23.311111,75.578889
2020-02-01,0.0,SUJN040-OW,23.311111,75.578889
2020-03-01,2.6,SUJN040-OW,23.311111,75.578889
2020-04-01,0.6,SUJN040-OW,23.311111,75.578889
2020-05-01,0.2,SUJN040-OW,23.311111,75.578889
2020-06-01,142.2,SUJN040-OW,23.311111,75.578889
2020-07-01,192.0,SUJN040-OW,23.311111,75.578889
2020-08-01,468.3,SUJN040-OW,23.311111,75.578889
2020-09-01,157.9,SUJN040-OW,23.311111,75.578889
2020-10-01,13.2,SUJN040-OW,23.311111,75.578889
2020-11-01,0.8999999999999999,SUJN040-OW,23.311111,75.578889
2020-12-01,23.5,SUJN040-OW,23.311111,75.578889
2021-01-01,19.400000000000002,SUJN040-OW,23.311111,75.578889
2021-02-01,0.0,SUJN040-OW,23.311111,75.578889
2021-03-01,1.2,SUJN040-OW,23.311111,75.578889
2021-04-01,0.0,SUJN040-OW,23.311111,75.578889
2021-05-01,29.1,SUJN040-OW,23.311111,75.578889
2021-06-01,103.7,SUJN040-OW,23.311111,75.578889
2021-07-01,393.6,SUJN040-OW,23.311111,75.578889
2021-08-01,388.6,SUJN040-OW,23.311111,75.578889
2021-09-01,373.4,SUJN040-OW,23.311111,75.578889
2021-10-01,102.3,SUJN040-OW,23.311111,75.578889
2021-11-01,5.2,SUJN040-OW,23.311111,75.578889
2021-12-01,26.2,SUJN040-OW,23.311111,75.578889
2022-01-01,24.8,SUJN040-OW,23.311111,75.578889
2022-02-01,0.0,SUJN040-OW,23.311111,75.578889
2022-03-01,2.9,SUJN040-OW,23.311111,75.578889
2022-04-01,0.0,SUJN040-OW,23.311111,75.578889
2022-05-01,5.499999999999999,SUJN040-OW,23.311111,75.578889
2022-06-01,89.4,SUJN040-OW,23.311111,75.578889
2022-07-01,435.6,SUJN040-OW,23.311111,75.578889
2022-08-01,498.1,SUJN040-OW,23.311111,75.578889
2022-09-01,128.2,SUJN040-OW,23.311111,75.578889
2022-10-01,79.6,SUJN040-OW,23.311111,75.578889
2022-11-01,0.0,SUJN040-OW,23.311111,75.578889
2022-12-01,1.5,SUJN040-OW,23.311111,75.578889
2023-01-01,3.1,SUJN040-OW,23.311111,75.578889
2023-02-01,0.0,SUJN040-OW,23.311111,75.578889
2023-03-01,20.7,SUJN040-OW,23.311111,75.578889
2023-04-01,20.7,SUJN040-OW,23.311111,75.578889
2023-05-01,3.9000000000000004,SUJN040-OW,23.311111,75.578889
2023-06-01,159.0,SUJN040-OW,23.311111,75.578889
2023-07-01,326.9,SUJN040-OW,23.311111,75.578889
2023-08-01,91.3,SUJN040-OW,23.311111,75.578889
2023-09-01,314.2,SUJN040-OW,23.311111,75.578889
2023-10-01,0.3,SUJN040-OW,23.311111,75.578889
2023-11-01,24.8,SUJN040-OW,23.311111,75.578889
2023-12-01,2.8,SUJN040-OW,23.311111,75.578889
2024-01-01,2.4000000000000004,SUJN040-OW,23.311111,75.578889
2024-02-01,0.5,SUJN040-OW,23.311111,75.578889
2024-03-01,0.0,SUJN040-OW,23.311111,75.578889
2024-04-01,12.5,SUJN040-OW,23.311111,75.578889
2024-05-01,0.6,SUJN040-OW,23.311111,75.578889
2024-06-01,144.7,SUJN040-OW,23.311111,75.578889
2024-07-01,379.0,SUJN040-OW,23.311111,75.578889
2024-08-01,406.7,SUJN040-OW,23.311111,75.578889
2024-09-01,281.5,SUJN040-OW,23.311111,75.578889
2024-10-01,22.0,SUJN040-OW,23.311111,75.578889
2024-11-01,0.0,SUJN040-OW,23.311111,75.578889
2024-12-01,8.0,SUJN040-OW,23.311111,75.578889
1976-01-01,2.3,SUJN044-OW,23.151667,75.253056
1976-02-01,0.3,SUJN044-OW,23.151667,75.253056
1976-03-01,0.5,SUJN044-OW,23.151667,75.253056
1976-04-01,1.3,SUJN044-OW,23.151667,75.253056
1976-05-01,1.8,SUJN044-OW,23.151667,75.253056
1976-06-01,138.39999999999998,SUJN044-OW,23.151667,75.253056
1976-07-01,345.6,SUJN044-OW,23.151667,75.253056
1976-08-01,386.29999999999995,SUJN044-OW,23.151667,75.253056
1976-09-01,126.4,SUJN044-OW,23.151667,75.253056
1976-10-01,0.0,SUJN044-OW,23.151667,75.253056
1976-11-01,82.3,SUJN044-OW,23.151667,75.253056
1976-12-01,0.1,SUJN044-OW,23.151667,75.253056
1977-01-01,0.4,SUJN044-OW,23.151667,75.253056
1977-02-01,2.5,SUJN044-OW,23.151667,75.253056
1977-03-01,2.9000000000000004,SUJN044-OW,23.151667,75.253056
1977-04-01,0.8,SUJN044-OW,23.151667,75.253056
1977-05-01,5.8999999999999995,SUJN044-OW,23.151667,75.253056
1977-06-01,144.1,SUJN044-OW,23.151667,75.253056
1977-07-01,428.2,SUJN044-OW,23.151667,75.253056
1977-08-01,271.40000000000003,SUJN044-OW,23.151667,75.253056
1977-09-01,141.8,SUJN044-OW,23.151667,75.253056
1977-10-01,0.4,SUJN044-OW,23.151667,75.253056
1977-11-01,69.9,SUJN044-OW,23.151667,75.253056
1977-12-01,0.8999999999999999,SUJN044-OW,23.151667,75.253056
1978-01-01,0.0,SUJN044-OW,23.151667,75.253056
1978-02-01,4.1,SUJN044-OW,23.151667,75.253056
1978-03-01,0.1,SUJN044-OW,23.151667,75.253056
1978-04-01,3.7,SUJN044-OW,23.151667,75.253056
1978-05-01,0.0,SUJN044-OW,23.151667,75.253056
1978-06-01,82.6,SUJN044-OW,23.151667,75.253056
1978-07-01,308.7,SUJN044-OW,23.151667,75.253056
1978-08-01,366.2,SUJN044-OW,23.151667,75.253056
1978-09-01,23.6,SUJN044-OW,23.151667,75.253056
1978-10-01,7.5,SUJN044-OW,23.151667,75.253056
1978-11-01,42.6,SUJN044-OW,23.151667,75.253056
1978-12-01,4.5,SUJN044-OW,23.151667,75.253056
1979-01-01,6.9,SUJN044-OW,23.151667,75.253056
1979-02-01,12.2,SUJN044-OW,23.151667,75.253056
1979-03-01,0.1,SUJN044-OW,23.151667,75.253056
1979-04-01,0.0,SUJN044-OW,23.151667,75.253056
1979-05-01,0.4,SUJN044-OW,23.151667,75.253056
1979-06-01,97.1,SUJN044-OW,23.151667,75.253056
1979-07-01,147.0,SUJN044-OW,23.151667,75.253056
1979-08-01,318.5,SUJN044-OW,23.151667,75.253056
1979-09-01,6.5,SUJN044-OW,23.151667,75.253056
1979-10-01,1.1,SUJN044-OW,23.151667,75.253056
1979-11-01,116.7,SUJN044-OW,23.151667,75.253056
1979-12-01,0.0,SUJN044-OW,23.151667,75.253056
1980-01-01,0.0,SUJN044-OW,23.151667,75.253056
1980-02-01,0.2,SUJN044-OW,23.151667,75.253056
1980-03-01,0.0,SUJN044-OW,23.151667,75.253056
1980-04-01,0.0,SUJN044-OW,23.151667,75.253056
1980-05-01,0.6,SUJN044-OW,23.151667,75.253056
1980-06-01,235.6,SUJN044-OW,23.151667,75.253056
1980-07-01,156.7,SUJN044-OW,23.151667,75.253056
1980-08-01,396.3,SUJN044-OW,23.151667,75.253056
1980-09-01,15.399999999999999,SUJN044-OW,23.151667,75.253056
1980-10-01,0.0,SUJN044-OW,23.151667,75.253056
1980-11-01,0.0,SUJN044-OW,23.151667,75.253056
1980-12-01,22.5,SUJN044-OW,23.151667,75.253056
1981-01-01,5.7,SUJN044-OW,23.151667,75.253056
1981-02-01,0.0,SUJN044-OW,23.151667,75.253056
1981-03-01,1.5,SUJN044-OW,23.151667,75.253056
1981-04-01,0.4,SUJN044-OW,23.151667,75.253056
1981-05-01,0.5,SUJN044-OW,23.151667,75.253056
1981-06-01,92.7,SUJN044-OW,23.151667,75.253056
1981-07-01,185.7,SUJN044-OW,23.151667,75.253056
1981-08-01,186.29999999999998,SUJN044-OW,23.151667,75.253056
1981-09-01,89.0,SUJN044-OW,23.151667,75.253056
1981-10-01,30.6,SUJN044-OW,23.151667,75.253056
1981-11-01,8.9,SUJN044-OW,23.151667,75.253056
1981-12-01,8.8,SUJN044-OW,23.151667,75.253056
1982-01-01,22.1,SUJN044-OW,23.151667,75.253056
1982-02-01,0.2,SUJN044-OW,23.151667,75.253056
1982-03-01,0.4,SUJN044-OW,23.151667,75.253056
1982-04-01,1.5,SUJN044-OW,23.151667,75.253056
1982-05-01,14.6,SUJN044-OW,23.151667,75.253056
1982-06-01,23.2,SUJN044-OW,23.151667,75.253056
1982-07-01,350.1,SUJN044-OW,23.151667,75.253056
1982-08-01,179.9,SUJN044-OW,23.151667,75.253056
1982-09-01,9.1,SUJN044-OW,23.151667,75.253056
1982-10-01,13.5,SUJN044-OW,23.151667,75.253056
1982-11-01,102.0,SUJN044-OW,23.151667,75.253056
1982-12-01,0.0,SUJN044-OW,23.151667,75.253056
1983-01-01,0.7,SUJN044-OW,23.151667,75.253056
1983-02-01,0.0,SUJN044-OW,23.151667,75.253056
1983-03-01,0.0,SUJN044-OW,23.151667,75.253056
1983-04-01,20.0,SUJN044-OW,23.151667,75.253056
1983-05-01,0.4,SUJN044-OW,23.151667,75.253056
1983-06-01,213.8,SUJN044-OW,23.151667,75.253056
1983-07-01,147.8,SUJN044-OW,23.151667,75.253056
1983-08-01,251.1,SUJN044-OW,23.151667,75.253056
1983-09-01,177.7,SUJN044-OW,23.151667,75.253056
1983-10-01,35.9,SUJN044-OW,23.151667,75.253056
1983-11-01,0.0,SUJN044-OW,23.151667,75.253056
1983-12-01,0.0,SUJN044-OW,23.151667,75.253056
1984-01-01,3.8000000000000003,SUJN044-OW,23.151667,75.253056
1984-02-01,1.1,SUJN044-OW,23.151667,75.253056
1984-03-01,0.0,SUJN044-OW,23.151667,75.253056
1984-04-01,0.0,SUJN044-OW,23.151667,75.253056
1984-05-01,0.0,SUJN044-OW,23.151667,75.253056
1984-06-01,41.7,SUJN044-OW,23.151667,75.253056
1984-07-01,253.0,SUJN044-OW,23.151667,75.253056
1984-08-01,416.5,SUJN044-OW,23.151667,75.253056
1984-09-01,47.6,SUJN044-OW,23.151667,75.253056
1984-10-01,0.0,SUJN044-OW,23.151667,75.253056
1984-11-01,0.0,SUJN044-OW,23.151667,75.253056
1984-12-01,0.0,SUJN044-OW,23.151667,75.253056
1985-01-01,0.0,SUJN044-OW,23.151667,75.253056
1985-02-01,0.0,SUJN044-OW,23.151667,75.253056
1985-03-01,0.0,SUJN044-OW,23.151667,75.253056
1985-04-01,0.5,SUJN044-OW,23.151667,75.253056
1985-05-01,2.9,SUJN044-OW,23.151667,75.253056
1985-06-01,6.0,SUJN044-OW,23.151667,75.253056
1985-07-01,258.6,SUJN044-OW,23.151667,75.253056
1985-08-01,181.7,SUJN044-OW,23.151667,75.253056
1985-09-01,26.6,SUJN044-OW,23.151667,75.253056
1985-10-01,112.9,SUJN044-OW,23.151667,75.253056
1985-11-01,0.0,SUJN044-OW,23.151667,75.253056
1985-12-01,6.6,SUJN044-OW,23.151667,75.253056
1986-01-01,0.2,SUJN044-OW,23.151667,75.253056
1986-02-01,22.8,SUJN044-OW,23.151667,75.253056
1986-03-01,0.0,SUJN044-OW,23.151667,75.253056
1986-04-01,0.4,SUJN044-OW,23.151667,75.253056
1986-05-01,6.8,SUJN044-OW,23.151667,75.253056
1986-06-01,199.7,SUJN044-OW,23.151667,75.253056
1986-07-01,359.3,SUJN044-OW,23.151667,75.253056
1986-08-01,124.0,SUJN044-OW,23.151667,75.253056
1986-09-01,3.2,SUJN044-OW,23.151667,75.253056
1986-10-01,0.3,SUJN044-OW,23.151667,75.253056
1986-11-01,0.0,SUJN044-OW,23.151667,75.253056
1986-12-01,0.0,SUJN044-OW,23.151667,75.253056
1987-01-01,33.0,SUJN044-OW,23.151667,75.253056
1987-02-01,0.5,SUJN044-OW,23.151667,75.253056
1987-03-01,1.2,SUJN044-OW,23.151667,75.253056
1987-04-01,0.3,SUJN044-OW,23.151667,75.253056
1987-05-01,5.5,SUJN044-OW,23.151667,75.253056
1987-06-01,37.5,SUJN044-OW,23.151667,75.253056
1987-07-01,16.400000000000002,SUJN044-OW,23.151667,75.253056
1987-08-01,303.9,SUJN044-OW,23.151667,75.253056
1987-09-01,2.1,SUJN044-OW,23.151667,75.253056
1987-10-01,40.1,SUJN044-OW,23.151667,75.253056
1987-11-01,0.0,SUJN044-OW,23.151667,75.253056
1987-12-01,20.900000000000002,SUJN044-OW,23.151667,75.253056
1988-01-01,0.0,SUJN044-OW,23.151667,75.253056
1988-02-01,0.0,SUJN044-OW,23.151667,75.253056
1988-03-01,0.0,SUJN044-OW,23.151667,75.253056
1988-04-01,6.0,SUJN044-OW,23.151667,75.253056
1988-05-01,1.2,SUJN044-OW,23.151667,75.253056
1988-06-01,114.5,SUJN044-OW,23.151667,75.253056
1988-07-01,296.59999999999997,SUJN044-OW,23.151667,75.253056
1988-08-01,390.9,SUJN044-OW,23.151667,75.253056
1988-09-01,94.0,SUJN044-OW,23.151667,75.253056
1988-10-01,226.79999999999998,SUJN044-OW,23.151667,75.253056
1988-11-01,0.0,SUJN044-OW,23.151667,75.253056
1988-12-01,0.0,SUJN044-OW,23.151667,75.253056
1989-01-01,1.8,SUJN044-OW,23.151667,75.253056
1989-02-01,0.0,SUJN044-OW,23.151667,75.253056
1989-03-01,9.2,SUJN044-OW,23.151667,75.253056
1989-04-01,0.0,SUJN044-OW,23.151667,75.253056
1989-05-01,3.0,SUJN044-OW,23.151667,75.253056
1989-06-01,76.1,SUJN044-OW,23.151667,75.253056
1989-07-01,182.5,SUJN044-OW,23.151667,75.253056
1989-08-01,402.0,SUJN044-OW,23.151667,75.253056
1989-09-01,30.8,SUJN044-OW,23.151667,75.253056
1989-10-01,0.0,SUJN044-OW,23.151667,75.253056
1989-11-01,2.0,SUJN044-OW,23.151667,75.253056
1989-12-01,1.3,SUJN044-OW,23.151667,75.253056
1990-01-01,0.0,SUJN044-OW,23.151667,75.253056
1990-02-01,5.2,SUJN044-OW,23.151667,75.253056
1990-03-01,1.7000000000000002,SUJN044-OW,23.151667,75.253056
1990-04-01,0.0,SUJN044-OW,23.151667,75.253056
1990-05-01,51.6,SUJN044-OW,23.151667,75.253056
1990-06-01,164.7,SUJN044-OW,23.151667,75.253056
1990-07-01,334.2,SUJN044-OW,23.151667,75.253056
1990-08-01,316.6,SUJN044-OW,23.151667,75.253056
1990-09-01,281.6,SUJN044-OW,23.151667,75.253056
1990-10-01,4.9,SUJN044-OW,23.151667,75.253056
1990-11-01,2.1,SUJN044-OW,23.151667,75.253056
1990-12-01,1.4000000000000001,SUJN044-OW,23.151667,75.253056
1991-01-01,0.0,SUJN044-OW,23.151667,75.253056
1991-02-01,0.1,SUJN044-OW,23.151667,75.253056
1991-03-01,2.0,SUJN044-OW,23.151667,75.253056
1991-04-01,0.8,SUJN044-OW,23.151667,75.253056
1991-05-01,0.3,SUJN044-OW,23.151667,75.253056
1991-06-01,31.3,SUJN044-OW,23.151667,75.253056
1991-07-01,444.4,SUJN044-OW,23.151667,75.253056
1991-08-01,184.5,SUJN044-OW,23.151667,75.253056
1991-09-01,10.3,SUJN044-OW,23.151667,75.253056
1991-10-01,0.0,SUJN044-OW,23.151667,75.253056
1991-11-01,0.2,SUJN044-OW,23.151667,75.253056
1991-12-01,0.0,SUJN044-OW,23.151667,75.253056
1992-01-01,0.0,SUJN044-OW,23.151667,75.253056
1992-02-01,0.0,SUJN044-OW,23.151667,75.253056
1992-03-01,0.0,SUJN044-OW,23.151667,75.253056
1992-04-01,0.0,SUJN044-OW,23.151667,75.253056
1992-05-01,5.6,SUJN044-OW,23.151667,75.253056
1992-06-01,44.1,SUJN044-OW,23.151667,75.253056
1992-07-01,268.1,SUJN044-OW,23.151667,75.253056
1992-08-01,195.1,SUJN044-OW,23.151667,75.253056
1992-09-01,99.10000000000001,SUJN044-OW,23.151667,75.253056
1992-10-01,45.6,SUJN044-OW,23.151667,75.253056
1992-11-01,0.8999999999999999,SUJN044-OW,23.151667,75.253056
1992-12-01,0.0,SUJN044-OW,23.151667,75.253056
1993-01-01,0.0,SUJN044-OW,23.151667,75.253056
1993-02-01,0.0,SUJN044-OW,23.151667,75.253056
1993-03-01,15.1,SUJN044-OW,23.151667,75.253056
1993-04-01,0.30000000000000004,SUJN044-OW,23.151667,75.253056
1993-05-01,4.3,SUJN044-OW,23.151667,75.253056
1993-06-01,109.8,SUJN044-OW,23.151667,75.253056
1993-07-01,437.5,SUJN044-OW,23.151667,75.253056
1993-08-01,198.5,SUJN044-OW,23.151667,75.253056
1993-09-01,108.8,SUJN044-OW,23.151667,75.253056
1993-10-01,10.5,SUJN044-OW,23.151667,75.253056
1993-11-01,0.8,SUJN044-OW,23.151667,75.253056
1993-12-01,0.2,SUJN044-OW,23.151667,75.253056
1994-01-01,9.9,SUJN044-OW,23.151667,75.253056
1994-02-01,0.0,SUJN044-OW,23.151667,75.253056
1994-03-01,0.0,SUJN044-OW,23.151667,75.253056
1994-04-01,8.7,SUJN044-OW,23.151667,75.253056
1994-05-01,8.3,SUJN044-OW,23.151667,75.253056
1994-06-01,105.3,SUJN044-OW,23.151667,75.253056
1994-07-01,327.4,SUJN044-OW,23.151667,75.253056
1994-08-01,184.20000000000002,SUJN044-OW,23.151667,75.253056
1994-09-01,213.5,SUJN044-OW,23.151667,75.253056
1994-10-01,4.2,SUJN044-OW,23.151667,75.253056
1994-11-01,3.4,SUJN044-OW,23.151667,75.253056
1994-12-01,0.0,SUJN044-OW,23.151667,75.253056
1995-01-01,33.199999999999996,SUJN044-OW,23.151667,75.253056
1995-02-01,0.0,SUJN044-OW,23.151667,75.253056
1995-03-01,1.5,SUJN044-OW,23.151667,75.253056
1995-04-01,3.7,SUJN044-OW,23.151667,75.253056
1995-05-01,0.3,SUJN044-OW,23.151667,75.253056
1995-06-01,47.2,SUJN044-OW,23.151667,75.253056
1995-07-01,319.5,SUJN044-OW,23.151667,75.253056
1995-08-01,146.7,SUJN044-OW,23.151667,75.253056
1995-09-01,71.3,SUJN044-OW,23.151667,75.253056
1995-10-01,38.7,SUJN044-OW,23.151667,75.253056
1995-11-01,0.1,SUJN044-OW,23.151667,75.253056
1995-12-01,25.6,SUJN044-OW,23.151667,75.253056
1996-01-01,16.799999999999997,SUJN044-OW,23.151667,75.253056
1996-02-01,1.0,SUJN044-OW,23.151667,75.253056
1996-03-01,4.0,SUJN044-OW,23.151667,75.253056
1996-04-01,0.7,SUJN044-OW,23.151667,75.253056
1996-05-01,3.6999999999999997,SUJN044-OW,23.151667,75.253056
1996-06-01,74.4,SUJN044-OW,23.151667,75.253056
1996-07-01,640.3,SUJN044-OW,23.151667,75.253056
1996-08-01,277.6,SUJN044-OW,23.151667,75.253056
1996-09-01,154.3,SUJN044-OW,23.151667,75.253056
1996-10-01,44.8,SUJN044-OW,23.151667,75.253056
1996-11-01,7.2,SUJN044-OW,23.151667,75.253056
1996-12-01,0.0,SUJN044-OW,23.151667,75.253056
1997-01-01,4.800000000000001,SUJN044-OW,23.151667,75.253056
1997-02-01,0.0,SUJN044-OW,23.151667,75.253056
1997-03-01,0.1,SUJN044-OW,23.151667,75.253056
1997-04-01,5.5,SUJN044-OW,23.151667,75.253056
1997-05-01,1.0,SUJN044-OW,23.151667,75.253056
1997-06-01,1078.7,SUJN044-OW,23.151667,75.253056
1997-07-01,258.2,SUJN044-OW,23.151667,75.253056
1997-08-01,355.9,SUJN044-OW,23.151667,75.253056
1997-09-01,157.39999999999998,SUJN044-OW,23.151667,75.253056
1997-10-01,20.8,SUJN044-OW,23.151667,75.253056
1997-11-01,41.1,SUJN044-OW,23.151667,75.253056
1997-12-01,86.7,SUJN044-OW,23.151667,75.253056
1998-01-01,0.3,SUJN044-OW,23.151667,75.253056
1998-02-01,0.6,SUJN044-OW,23.151667,75.253056
1998-03-01,0.5,SUJN044-OW,23.151667,75.253056
1998-04-01,8.4,SUJN044-OW,23.151667,75.253056
1998-05-01,1.2,SUJN044-OW,23.151667,75.253056
1998-06-01,110.5,SUJN044-OW,23.151667,75.253056
1998-07-01,120.3,SUJN044-OW,23.151667,75.253056
1998-08-01,224.7,SUJN044-OW,23.151667,75.253056
1998-09-01,149.5,SUJN044-OW,23.151667,75.253056
1998-10-01,21.5,SUJN044-OW,23.151667,75.253056
1998-11-01,8.9,SUJN044-OW,23.151667,75.253056
1998-12-01,0.0,SUJN044-OW,23.151667,75.253056
1999-01-01,0.0,SUJN044-OW,23.151667,75.253056
1999-02-01,6.8,SUJN044-OW,23.151667,75.253056
1999-03-01,0.0,SUJN044-OW,23.151667,75.253056
1999-04-01,0.0,SUJN044-OW,23.151667,75.253056
1999-05-01,4.8,SUJN044-OW,23.151667,75.253056
1999-06-01,138.2,SUJN044-OW,23.151667,75.253056
1999-07-01,294.8,SUJN044-OW,23.151667,75.253056
1999-08-01,58.8,SUJN044-OW,23.151667,75.253056
1999-09-01,80.3,SUJN044-OW,23.151667,75.253056
1999-10-01,72.5,SUJN044-OW,23.151667,75.253056
1999-11-01,0.0,SUJN044-OW,23.151667,75.253056
1999-12-01,0.0,SUJN044-OW,23.151667,75.253056
2000-01-01,0.0,SUJN044-OW,23.151667,75.253056
2000-02-01,0.3,SUJN044-OW,23.151667,75.253056
2000-03-01,0.0,SUJN044-OW,23.151667,75.253056
2000-04-01,0.9,SUJN044-OW,23.151667,75.253056
2000-05-01,23.3,SUJN044-OW,23.151667,75.253056
2000-06-01,33.8,SUJN044-OW,23.151667,75.253056
2000-07-01,177.9,SUJN044-OW,23.151667,75.253056
2000-08-01,112.89999999999999,SUJN044-OW,23.151667,75.253056
2000-09-01,31.3,SUJN044-OW,23.151667,75.253056
2000-10-01,0.30000000000000004,SUJN044-OW,23.151667,75.253056
2000-11-01,0.0,SUJN044-OW,23.151667,75.253056
2000-12-01,11.2,SUJN044-OW,23.151667,75.253056
2001-01-01,0.0,SUJN044-OW,23.151667,75.253056
2001-02-01,0.0,SUJN044-OW,23.151667,75.253056
2001-03-01,3.8,SUJN044-OW,23.151667,75.253056
2001-04-01,0.2,SUJN044-OW,23.151667,75.253056
2001-05-01,9.1,SUJN044-OW,23.151667,75.253056
2001-06-01,148.8,SUJN044-OW,23.151667,75.253056
2001-07-01,190.7,SUJN044-OW,23.151667,75.253056
2001-08-01,165.5,SUJN044-OW,23.151667,75.253056
2001-09-01,8.0,SUJN044-OW,23.151667,75.253056
2001-10-01,38.9,SUJN044-OW,23.151667,75.253056
2001-11-01,0.0,SUJN044-OW,23.151667,75.253056
2001-12-01,0.0,SUJN044-OW,23.151667,75.253056
2002-01-01,0.0,SUJN044-OW,23.151667,75.253056
2002-02-01,36.2,SUJN044-OW,23.151667,75.253056
2002-03-01,0.7999999999999999,SUJN044-OW,23.151667,75.253056
2002-04-01,2.2,SUJN044-OW,23.151667,75.253056
2002-05-01,0.30000000000000004,SUJN044-OW,23.151667,75.253056
2002-06-01,140.8,SUJN044-OW,23.151667,75.253056
2002-07-01,28.400000000000002,SUJN044-OW,23.151667,75.253056
2002-08-01,254.7,SUJN044-OW,23.151667,75.253056
2002-09-01,99.5,SUJN044-OW,23.151667,75.253056
2002-10-01,0.2,SUJN044-OW,23.151667,75.253056
2002-11-01,1.2,SUJN044-OW,23.151667,75.253056
2002-12-01,1.2,SUJN044-OW,23.151667,75.253056
2003-01-01,1.9000000000000001,SUJN044-OW,23.151667,75.253056
2003-02-01,6.2,SUJN044-OW,23.151667,75.253056
2003-03-01,0.3,SUJN044-OW,23.151667,75.253056
2003-04-01,0.1,SUJN044-OW,23.151667,75.253056
2003-05-01,0.1,SUJN044-OW,23.151667,75.253056
2003-06-01,126.2,SUJN044-OW,23.151667,75.253056
2003-07-01,258.9,SUJN044-OW,23.151667,75.253056
2003-08-01,168.1,SUJN044-OW,23.151667,75.253056
2003-09-01,131.9,SUJN044-OW,23.151667,75.253056
2003-10-01,0.2,SUJN044-OW,23.151667,75.253056
2003-11-01,0.0,SUJN044-OW,23.151667,75.253056
2003-12-01,0.0,SUJN044-OW,23.151667,75.253056
2004-01-01,6.7,SUJN044-OW,23.151667,75.253056
2004-02-01,0.0,SUJN044-OW,23.151667,75.253056
2004-03-01,0.0,SUJN044-OW,23.151667,75.253056
2004-04-01,0.0,SUJN044-OW,23.151667,75.253056
2004-05-01,3.5,SUJN044-OW,23.151667,75.253056
2004-06-01,136.20000000000002,SUJN044-OW,23.151667,75.253056
2004-07-01,211.1,SUJN044-OW,23.151667,75.253056
2004-08-01,603.4,SUJN044-OW,23.151667,75.253056
2004-09-01,14.0,SUJN044-OW,23.151667,75.253056
2004-10-01,48.1,SUJN044-OW,23.151667,75.253056
2004-11-01,0.1,SUJN044-OW,23.151667,75.253056
2004-12-01,0.0,SUJN044-OW,23.151667,75.253056
2005-01-01,5.6000000000000005,SUJN044-OW,23.151667,75.253056
2005-02-01,0.0,SUJN044-OW,23.151667,75.253056
2005-03-01,7.1000000000000005,SUJN044-OW,23.151667,75.253056
2005-04-01,0.1,SUJN044-OW,23.151667,75.253056
2005-05-01,3.1,SUJN044-OW,23.151667,75.253056
2005-06-01,71.3,SUJN044-OW,23.151667,75.253056
2005-07-01,155.9,SUJN044-OW,23.151667,75.253056
2005-08-01,78.2,SUJN044-OW,23.151667,75.253056
2005-09-01,206.6,SUJN044-OW,23.151667,75.253056
2005-10-01,0.0,SUJN044-OW,23.151667,75.253056
2005-11-01,0.0,SUJN044-OW,23.151667,75.253056
2005-12-01,0.0,SUJN044-OW,23.151667,75.253056
2006-01-01,0.0,SUJN044-OW,23.151667,75.253056
2006-02-01,0.0,SUJN044-OW,23.151667,75.253056
2006-03-01,11.4,SUJN044-OW,23.151667,75.253056
2006-04-01,0.0,SUJN044-OW,23.151667,75.253056
2006-05-01,2.0,SUJN044-OW,23.151667,75.253056
2006-06-01,47.7,SUJN044-OW,23.151667,75.253056
2006-07-01,493.6,SUJN044-OW,23.151667,75.253056
2006-08-01,606.7,SUJN044-OW,23.151667,75.253056
2006-09-01,186.9,SUJN044-OW,23.151667,75.253056
2006-10-01,5.1,SUJN044-OW,23.151667,75.253056
2006-11-01,0.9999999999999999,SUJN044-OW,23.151667,75.253056
2006-12-01,0.0,SUJN044-OW,23.151667,75.253056
2007-01-01,0.2,SUJN044-OW,23.151667,75.253056
2007-02-01,3.5,SUJN044-OW,23.151667,75.253056
2007-03-01,0.4,SUJN044-OW,23.151667,75.253056
2007-04-01,0.9,SUJN044-OW,23.151667,75.253056
2007-05-01,3.0,SUJN044-OW,23.151667,75.253056
2007-06-01,89.4,SUJN044-OW,23.151667,75.253056
2007-07-01,491.90000000000003,SUJN044-OW,23.151667,75.253056
2007-08-01,287.4,SUJN044-OW,23.151667,75.253056
2007-09-01,115.8,SUJN044-OW,23.151667,75.253056
2007-10-01,0.0,SUJN044-OW,23.151667,75.253056
2007-11-01,0.0,SUJN044-OW,23.151667,75.253056
2007-12-01,0.0,SUJN044-OW,23.151667,75.253056
2008-01-01,0.0,SUJN044-OW,23.151667,75.253056
2008-02-01,0.0,SUJN044-OW,23.151667,75.253056
2008-03-01,3.0999999999999996,SUJN044-OW,23.151667,75.253056
2008-04-01,0.5,SUJN044-OW,23.151667,75.253056
2008-05-01,1.3,SUJN044-OW,23.151667,75.253056
2008-06-01,109.6,SUJN044-OW,23.151667,75.253056
2008-07-01,315.3,SUJN044-OW,23.151667,75.253056
2008-08-01,165.2,SUJN044-OW,23.151667,75.253056
2008-09-01,100.4,SUJN044-OW,23.151667,75.253056
2008-10-01,6.3999999999999995,SUJN044-OW,23.151667,75.253056
2008-11-01,3.4,SUJN044-OW,23.151667,75.253056
2008-12-01,2.6,SUJN044-OW,23.151667,75.253056
2009-01-01,4.1,SUJN044-OW,23.151667,75.253056
2009-02-01,0.3,SUJN044-OW,23.151667,75.253056
2009-03-01,3.3,SUJN044-OW,23.151667,75.253056
2009-04-01,2.4,SUJN044-OW,23.151667,75.253056
2009-05-01,8.0,SUJN044-OW,23.151667,75.253056
2009-06-01,17.5,SUJN044-OW,23.151667,75.253056
2009-07-01,293.8,SUJN044-OW,23.151667,75.253056
2009-08-01,159.29999999999998,SUJN044-OW,23.151667,75.253056
2009-09-01,99.0,SUJN044-OW,23.151667,75.253056
2009-10-01,40.199999999999996,SUJN044-OW,23.151667,75.253056
2009-11-01,58.5,SUJN044-OW,23.151667,75.253056
2009-12-01,7.699999999999999,SUJN044-OW,23.151667,75.253056
2010-01-01,1.5,SUJN044-OW,23.151667,75.253056
2010-02-01,2.3,SUJN044-OW,23.151667,75.253056
2010-03-01,2.7,SUJN044-OW,23.151667,75.253056
2010-04-01,0.0,SUJN044-OW,23.151667,75.253056
2010-05-01,0.0,SUJN044-OW,23.151667,75.253056
2010-06-01,52.9,SUJN044-OW,23.151667,75.253056
2010-07-01,219.29999999999998,SUJN044-OW,23.151667,75.253056
2010-08-01,242.2,SUJN044-OW,23.151667,75.253056
2010-09-01,80.39999999999999,SUJN044-OW,23.151667,75.253056
2010-10-01,10.3,SUJN044-OW,23.151667,75.253056
2010-11-01,37.0,SUJN044-OW,23.151667,75.253056
2010-12-01,0.4,SUJN044-OW,23.151667,75.253056
2011-01-01,0.0,SUJN044-OW,23.151667,75.253056
2011-02-01,0.0,SUJN044-OW,23.151667,75.253056
2011-03-01,0.0,SUJN044-OW,23.151667,75.253056
2011-04-01,0.1,SUJN044-OW,23.151667,75.253056
2011-05-01,1.7999999999999998,SUJN044-OW,23.151667,75.253056
2011-06-01,163.5,SUJN044-OW,23.151667,75.253056
2011-07-01,259.3,SUJN044-OW,23.151667,75.253056
2011-08-01,456.7,SUJN044-OW,23.151667,75.253056
2011-09-01,106.8,SUJN044-OW,23.151667,75.253056
2011-10-01,0.0,SUJN044-OW,23.151667,75.253056
2011-11-01,0.0,SUJN044-OW,23.151667,75.253056
2011-12-01,0.0,SUJN044-OW,23.151667,75.253056
2012-01-01,0.4,SUJN044-OW,23.151667,75.253056
2012-02-01,0.0,SUJN044-OW,23.151667,75.253056
2012-03-01,0.0,SUJN044-OW,23.151667,75.253056
2012-04-01,0.2,SUJN044-OW,23.151667,75.253056
2012-05-01,11.0,SUJN044-OW,23.151667,75.253056
2012-06-01,17.3,SUJN044-OW,23.151667,75.253056
2012-07-01,489.3,SUJN044-OW,23.151667,75.253056
2012-08-01,596.4,SUJN044-OW,23.151667,75.253056
2012-09-01,188.3,SUJN044-OW,23.151667,75.253056
2012-10-01,0.2,SUJN044-OW,23.151667,75.253056
2012-11-01,0.0,SUJN044-OW,23.151667,75.253056
2012-12-01,0.0,SUJN044-OW,23.151667,75.253056
2013-01-01,0.0,SUJN044-OW,23.151667,75.253056
2013-02-01,26.4,SUJN044-OW,23.151667,75.253056
2013-03-01,11.8,SUJN044-OW,23.151667,75.253056
2013-04-01,7.1,SUJN044-OW,23.151667,75.253056
2013-05-01,0.0,SUJN044-OW,23.151667,75.253056
2013-06-01,224.4,SUJN044-OW,23.151667,75.253056
2013-07-01,430.7,SUJN044-OW,23.151667,75.253056
2013-08-01,288.3,SUJN044-OW,23.151667,75.253056
2013-09-01,76.3,SUJN044-OW,23.151667,75.253056
2013-10-01,35.6,SUJN044-OW,23.151667,75.253056
2013-11-01,0.4,SUJN044-OW,23.151667,75.253056
2013-12-01,2.5,SUJN044-OW,23.151667,75.253056
2014-01-01,17.8,SUJN044-OW,23.151667,75.253056
2014-02-01,18.0,SUJN044-OW,23.151667,75.253056
2014-03-01,6.5,SUJN044-OW,23.151667,75.253056
2014-04-01,1.1,SUJN044-OW,23.151667,75.253056
2014-05-01,1.0,SUJN044-OW,23.151667,75.253056
2014-06-01,3.2,SUJN044-OW,23.151667,75.253056
2014-07-01,370.5,SUJN044-OW,23.151667,75.253056
2014-08-01,192.6,SUJN044-OW,23.151667,75.253056
2014-09-01,126.6,SUJN044-OW,23.151667,75.253056
2014-10-01,0.6,SUJN044-OW,23.151667,75.253056
2014-11-01,9.7,SUJN044-OW,23.151667,75.253056
2014-12-01,19.099999999999998,SUJN044-OW,23.151667,75.253056
2015-01-01,7.8999999999999995,SUJN044-OW,23.151667,75.253056
2015-02-01,4.7,SUJN044-OW,23.151667,75.253056
2015-03-01,31.299999999999997,SUJN044-OW,23.151667,75.253056
2015-04-01,14.899999999999999,SUJN044-OW,23.151667,75.253056
2015-05-01,1.7,SUJN044-OW,23.151667,75.253056
2015-06-01,159.6,SUJN044-OW,23.151667,75.253056
2015-07-01,394.7,SUJN044-OW,23.151667,75.253056
2015-08-01,84.9,SUJN044-OW,23.151667,75.253056
2015-09-01,22.6,SUJN044-OW,23.151667,75.253056
2015-10-01,3.7,SUJN044-OW,23.151667,75.253056
2015-11-01,1.3,SUJN044-OW,23.151667,75.253056
2015-12-01,0.2,SUJN044-OW,23.151667,75.253056
2016-01-01,5.6000000000000005,SUJN044-OW,23.151667,75.253056
2016-02-01,0.0,SUJN044-OW,23.151667,75.253056
2016-03-01,4.4,SUJN044-OW,23.151667,75.253056
2016-04-01,0.0,SUJN044-OW,23.151667,75.253056
2016-05-01,9.0,SUJN044-OW,23.151667,75.253056
2016-06-01,58.0,SUJN044-OW,23.151667,75.253056
2016-07-01,489.3,SUJN044-OW,23.151667,75.253056
2016-08-01,615.3000000000001,SUJN044-OW,23.151667,75.253056
2016-09-01,62.2,SUJN044-OW,23.151667,75.253056
2016-10-01,36.2,SUJN044-OW,23.151667,75.253056
2016-11-01,0.0,SUJN044-OW,23.151667,75.253056
2016-12-01,0.0,SUJN044-OW,23.151667,75.253056
2017-01-01,1.7,SUJN044-OW,23.151667,75.253056
2017-02-01,0.1,SUJN044-OW,23.151667,75.253056
2017-03-01,0.5,SUJN044-OW,23.151667,75.253056
2017-04-01,0.0,SUJN044-OW,23.151667,75.253056
2017-05-01,7.4,SUJN044-OW,23.151667,75.253056
2017-06-01,75.7,SUJN044-OW,23.151667,75.253056
2017-07-01,429.0,SUJN044-OW,23.151667,75.253056
2017-08-01,197.20000000000002,SUJN044-OW,23.151667,75.253056
2017-09-01,115.3,SUJN044-OW,23.151667,75.253056
2017-10-01,8.1,SUJN044-OW,23.151667,75.253056
2017-11-01,0.0,SUJN044-OW,23.151667,75.253056
2017-12-01,19.9,SUJN044-OW,23.151667,75.253056
2018-01-01,0.0,SUJN044-OW,23.151667,75.253056
2018-02-01,2.7,SUJN044-OW,23.151667,75.253056
2018-03-01,2.1,SUJN044-OW,23.151667,75.253056
2018-04-01,1.3,SUJN044-OW,23.151667,75.253056
2018-05-01,0.8,SUJN044-OW,23.151667,75.253056
2018-06-01,180.4,SUJN044-OW,23.151667,75.253056
2018-07-01,650.3,SUJN044-OW,23.151667,75.253056
2018-08-01,528.1,SUJN044-OW,23.151667,75.253056
2018-09-01,166.3,SUJN044-OW,23.151667,75.253056
2018-10-01,1.1,SUJN044-OW,23.151667,75.253056
2018-11-01,0.1,SUJN044-OW,23.151667,75.253056
2018-12-01,0.0,SUJN044-OW,23.151667,75.253056
2019-01-01,0.30000000000000004,SUJN044-OW,23.151667,75.253056
2019-02-01,2.9,SUJN044-OW,23.151667,75.253056
2019-03-01,0.1,SUJN044-OW,23.151667,75.253056
2019-04-01,9.2,SUJN044-OW,23.151667,75.253056
2019-05-01,0.0,SUJN044-OW,23.151667,75.253056
2019-06-01,83.0,SUJN044-OW,23.151667,75.253056
2019-07-01,367.8,SUJN044-OW,23.151667,75.253056
2019-08-01,629.0,SUJN044-OW,23.151667,75.253056
2019-09-01,709.4,SUJN044-OW,23.151667,75.253056
2019-10-01,53.2,SUJN044-OW,23.151667,75.253056
2019-11-01,14.3,SUJN044-OW,23.151667,75.253056
2019-12-01,7.2,SUJN044-OW,23.151667,75.253056
2020-01-01,6.8,SUJN044-OW,23.151667,75.253056
2020-02-01,0.0,SUJN044-OW,23.151667,75.253056
2020-03-01,2.8000000000000003,SUJN044-OW,23.151667,75.253056
2020-04-01,1.0,SUJN044-OW,23.151667,75.253056
2020-05-01,1.3,SUJN044-OW,23.151667,75.253056
2020-06-01,112.1,SUJN044-OW,23.151667,75.253056
2020-07-01,217.0,SUJN044-OW,23.151667,75.253056
2020-08-01,819.8000000000001,SUJN044-OW,23.151667,75.253056
2020-09-01,133.2,SUJN044-OW,23.151667,75.253056
2020-10-01,16.3,SUJN044-OW,23.151667,75.253056
2020-11-01,0.7999999999999999,SUJN044-OW,23.151667,75.253056
2020-12-01,22.2,SUJN044-OW,23.151667,75.253056
2021-01-01,19.6,SUJN044-OW,23.151667,75.253056
2021-02-01,0.0,SUJN044-OW,23.151667,75.253056
2021-03-01,0.6000000000000001,SUJN044-OW,23.151667,75.253056
2021-04-01,0.0,SUJN044-OW,23.151667,75.253056
2021-05-01,32.9,SUJN044-OW,23.151667,75.253056
2021-06-01,156.4,SUJN044-OW,23.151667,75.253056
2021-07-01,287.8,SUJN044-OW,23.151667,75.253056
2021-08-01,380.2,SUJN044-OW,23.151667,75.253056
2021-09-01,318.8,SUJN044-OW,23.151667,75.253056
2021-10-01,106.2,SUJN044-OW,23.151667,75.253056
2021-11-01,16.4,SUJN044-OW,23.151667,75.253056
2021-12-01,23.8,SUJN044-OW,23.151667,75.253056
2022-01-01,24.2,SUJN044-OW,23.151667,75.253056
2022-02-01,0.0,SUJN044-OW,23.151667,75.253056
2022-03-01,5.6000000000000005,SUJN044-OW,23.151667,75.253056
2022-04-01,0.2,SUJN044-OW,23.151667,75.253056
2022-05-01,2.5,SUJN044-OW,23.151667,75.253056
2022-06-01,46.5,SUJN044-OW,23.151667,75.253056
2022-07-01,410.4,SUJN044-OW,23.151667,75.253056
2022-08-01,456.6,SUJN044-OW,23.151667,75.253056
2022-09-01,134.6,SUJN044-OW,23.151667,75.253056
2022-10-01,55.699999999999996,SUJN044-OW,23.151667,75.253056
2022-11-01,0.0,SUJN044-OW,23.151667,75.253056
2022-12-01,2.7,SUJN044-OW,23.151667,75.253056
2023-01-01,2.0999999999999996,SUJN044-OW,23.151667,75.253056
2023-02-01,0.0,SUJN044-OW,23.151667,75.253056
2023-03-01,17.6,SUJN044-OW,23.151667,75.253056
2023-04-01,5.5,SUJN044-OW,23.151667,75.253056
2023-05-01,2.2,SUJN044-OW,23.151667,75.253056
2023-06-01,142.3,SUJN044-OW,23.151667,75.253056
2023-07-01,355.4,SUJN044-OW,23.151667,75.253056
2023-08-01,98.9,SUJN044-OW,23.151667,75.253056
2023-09-01,325.6,SUJN044-OW,23.151667,75.253056
2023-10-01,0.4,SUJN044-OW,23.151667,75.253056
2023-11-01,18.2,SUJN044-OW,23.151667,75.253056
2023-12-01,5.7,SUJN044-OW,23.151667,75.253056
2024-01-01,4.1,SUJN044-OW,23.151667,75.253056
2024-02-01,0.2,SUJN044-OW,23.151667,75.253056
2024-03-01,0.1,SUJN044-OW,23.151667,75.253056
2024-04-01,16.2,SUJN044-OW,23.151667,75.253056
2024-05-01,5.6,SUJN044-OW,23.151667,75.253056
2024-06-01,142.4,SUJN044-OW,23.151667,75.253056
2024-07-01,326.7,SUJN044-OW,23.151667,75.253056
2024-08-01,432.6,SUJN044-OW,23.151667,75.253056
2024-09-01,271.5,SUJN044-OW,23.151667,75.253056
2024-10-01,41.1,SUJN044-OW,23.151667,75.253056
2024-11-01,0.0,SUJN044-OW,23.151667,75.253056
2024-12-01,6.9,SUJN044-OW,23.151667,75.253056
1976-01-01,27.4,Tikm-20-PZ,24.613611,79.01
1976-02-01,1.5,Tikm-20-PZ,24.613611,79.01
1976-03-01,6.4,Tikm-20-PZ,24.613611,79.01
1976-04-01,16.2,Tikm-20-PZ,24.613611,79.01
1976-05-01,7.0,Tikm-20-PZ,24.613611,79.01
1976-06-01,245.5,Tikm-20-PZ,24.613611,79.01
1976-07-01,273.0,Tikm-20-PZ,24.613611,79.01
1976-08-01,545.8,Tikm-20-PZ,24.613611,79.01
1976-09-01,122.9,Tikm-20-PZ,24.613611,79.01
1976-10-01,0.1,Tikm-20-PZ,24.613611,79.01
1976-11-01,14.4,Tikm-20-PZ,24.613611,79.01
1976-12-01,1.0,Tikm-20-PZ,24.613611,79.01
1977-01-01,6.699999999999999,Tikm-20-PZ,24.613611,79.01
1977-02-01,8.3,Tikm-20-PZ,24.613611,79.01
1977-03-01,9.6,Tikm-20-PZ,24.613611,79.01
1977-04-01,5.7,Tikm-20-PZ,24.613611,79.01
1977-05-01,7.4,Tikm-20-PZ,24.613611,79.01
1977-06-01,135.4,Tikm-20-PZ,24.613611,79.01
1977-07-01,465.8,Tikm-20-PZ,24.613611,79.01
1977-08-01,241.89999999999998,Tikm-20-PZ,24.613611,79.01
1977-09-01,127.39999999999999,Tikm-20-PZ,24.613611,79.01
1977-10-01,17.400000000000002,Tikm-20-PZ,24.613611,79.01
1977-11-01,59.0,Tikm-20-PZ,24.613611,79.01
1977-12-01,1.3,Tikm-20-PZ,24.613611,79.01
1978-01-01,12.7,Tikm-20-PZ,24.613611,79.01
1978-02-01,51.9,Tikm-20-PZ,24.613611,79.01
1978-03-01,18.700000000000003,Tikm-20-PZ,24.613611,79.01
1978-04-01,5.6,Tikm-20-PZ,24.613611,79.01
1978-05-01,0.0,Tikm-20-PZ,24.613611,79.01
1978-06-01,205.0,Tikm-20-PZ,24.613611,79.01
1978-07-01,293.40000000000003,Tikm-20-PZ,24.613611,79.01
1978-08-01,308.8,Tikm-20-PZ,24.613611,79.01
1978-09-01,168.6,Tikm-20-PZ,24.613611,79.01
1978-10-01,0.0,Tikm-20-PZ,24.613611,79.01
1978-11-01,42.0,Tikm-20-PZ,24.613611,79.01
1978-12-01,20.9,Tikm-20-PZ,24.613611,79.01
1979-01-01,29.1,Tikm-20-PZ,24.613611,79.01
1979-02-01,47.7,Tikm-20-PZ,24.613611,79.01
1979-03-01,1.9000000000000001,Tikm-20-PZ,24.613611,79.01
1979-04-01,0.0,Tikm-20-PZ,24.613611,79.01
1979-05-01,13.9,Tikm-20-PZ,24.613611,79.01
1979-06-01,101.4,Tikm-20-PZ,24.613611,79.01
1979-07-01,365.5,Tikm-20-PZ,24.613611,79.01
1979-08-01,84.5,Tikm-20-PZ,24.613611,79.01
1979-09-01,8.4,Tikm-20-PZ,24.613611,79.01
1979-10-01,0.5,Tikm-20-PZ,24.613611,79.01
1979-11-01,67.6,Tikm-20-PZ,24.613611,79.01
1979-12-01,0.2,Tikm-20-PZ,24.613611,79.01
1980-01-01,1.7,Tikm-20-PZ,24.613611,79.01
1980-02-01,0.0,Tikm-20-PZ,24.613611,79.01
1980-03-01,0.0,Tikm-20-PZ,24.613611,79.01
1980-04-01,0.4,Tikm-20-PZ,24.613611,79.01
1980-05-01,0.2,Tikm-20-PZ,24.613611,79.01
1980-06-01,249.4,Tikm-20-PZ,24.613611,79.01
1980-07-01,381.7,Tikm-20-PZ,24.613611,79.01
1980-08-01,463.7,Tikm-20-PZ,24.613611,79.01
1980-09-01,55.8,Tikm-20-PZ,24.613611,79.01
1980-10-01,0.3,Tikm-20-PZ,24.613611,79.01
1980-11-01,0.0,Tikm-20-PZ,24.613611,79.01
1980-12-01,32.3,Tikm-20-PZ,24.613611,79.01
1981-01-01,0.4,Tikm-20-PZ,24.613611,79.01
1981-02-01,0.3,Tikm-20-PZ,24.613611,79.01
1981-03-01,29.099999999999998,Tikm-20-PZ,24.613611,79.01
1981-04-01,1.5,Tikm-20-PZ,24.613611,79.01
1981-05-01,6.4,Tikm-20-PZ,24.613611,79.01
1981-06-01,94.7,Tikm-20-PZ,24.613611,79.01
1981-07-01,219.1,Tikm-20-PZ,24.613611,79.01
1981-08-01,161.1,Tikm-20-PZ,24.613611,79.01
1981-09-01,140.0,Tikm-20-PZ,24.613611,79.01
1981-10-01,4.8,Tikm-20-PZ,24.613611,79.01
1981-11-01,1.4000000000000001,Tikm-20-PZ,24.613611,79.01
1981-12-01,8.1,Tikm-20-PZ,24.613611,79.01
1982-01-01,59.6,Tikm-20-PZ,24.613611,79.01
1982-02-01,2.3,Tikm-20-PZ,24.613611,79.01
1982-03-01,4.0,Tikm-20-PZ,24.613611,79.01
1982-04-01,5.5,Tikm-20-PZ,24.613611,79.01
1982-05-01,11.6,Tikm-20-PZ,24.613611,79.01
1982-06-01,21.9,Tikm-20-PZ,24.613611,79.01
1982-07-01,256.5,Tikm-20-PZ,24.613611,79.01
1982-08-01,331.3,Tikm-20-PZ,24.613611,79.01
1982-09-01,198.7,Tikm-20-PZ,24.613611,79.01
1982-10-01,15.3,Tikm-20-PZ,24.613611,79.01
1982-11-01,40.5,Tikm-20-PZ,24.613611,79.01
1982-12-01,0.6,Tikm-20-PZ,24.613611,79.01
1983-01-01,29.500000000000004,Tikm-20-PZ,24.613611,79.01
1983-02-01,1.3,Tikm-20-PZ,24.613611,79.01
1983-03-01,0.0,Tikm-20-PZ,24.613611,79.01
1983-04-01,22.1,Tikm-20-PZ,24.613611,79.01
1983-05-01,17.5,Tikm-20-PZ,24.613611,79.01
1983-06-01,75.2,Tikm-20-PZ,24.613611,79.01
1983-07-01,237.3,Tikm-20-PZ,24.613611,79.01
1983-08-01,191.3,Tikm-20-PZ,24.613611,79.01
1983-09-01,208.6,Tikm-20-PZ,24.613611,79.01
1983-10-01,61.8,Tikm-20-PZ,24.613611,79.01
1983-11-01,0.0,Tikm-20-PZ,24.613611,79.01
1983-12-01,2.3,Tikm-20-PZ,24.613611,79.01
1984-01-01,27.8,Tikm-20-PZ,24.613611,79.01
1984-02-01,37.1,Tikm-20-PZ,24.613611,79.01
1984-03-01,0.2,Tikm-20-PZ,24.613611,79.01
1984-04-01,0.1,Tikm-20-PZ,24.613611,79.01
1984-05-01,0.4,Tikm-20-PZ,24.613611,79.01
1984-06-01,88.7,Tikm-20-PZ,24.613611,79.01
1984-07-01,251.4,Tikm-20-PZ,24.613611,79.01
1984-08-01,535.3000000000001,Tikm-20-PZ,24.613611,79.01
1984-09-01,60.7,Tikm-20-PZ,24.613611,79.01
1984-10-01,1.1,Tikm-20-PZ,24.613611,79.01
1984-11-01,0.0,Tikm-20-PZ,24.613611,79.01
1984-12-01,3.3,Tikm-20-PZ,24.613611,79.01
1985-01-01,20.2,Tikm-20-PZ,24.613611,79.01
1985-02-01,0.0,Tikm-20-PZ,24.613611,79.01
1985-03-01,0.5,Tikm-20-PZ,24.613611,79.01
1985-04-01,6.7,Tikm-20-PZ,24.613611,79.01
1985-05-01,4.7,Tikm-20-PZ,24.613611,79.01
1985-06-01,31.700000000000003,Tikm-20-PZ,24.613611,79.01
1985-07-01,297.3,Tikm-20-PZ,24.613611,79.01
1985-08-01,234.4,Tikm-20-PZ,24.613611,79.01
1985-09-01,141.4,Tikm-20-PZ,24.613611,79.01
1985-10-01,90.5,Tikm-20-PZ,24.613611,79.01
1985-11-01,0.0,Tikm-20-PZ,24.613611,79.01
1985-12-01,0.7,Tikm-20-PZ,24.613611,79.01
1986-01-01,23.2,Tikm-20-PZ,24.613611,79.01
1986-02-01,63.599999999999994,Tikm-20-PZ,24.613611,79.01
1986-03-01,1.9,Tikm-20-PZ,24.613611,79.01
1986-04-01,0.1,Tikm-20-PZ,24.613611,79.01
1986-05-01,13.6,Tikm-20-PZ,24.613611,79.01
1986-06-01,122.60000000000001,Tikm-20-PZ,24.613611,79.01
1986-07-01,445.2,Tikm-20-PZ,24.613611,79.01
1986-08-01,233.2,Tikm-20-PZ,24.613611,79.01
1986-09-01,63.8,Tikm-20-PZ,24.613611,79.01
1986-10-01,3.3000000000000003,Tikm-20-PZ,24.613611,79.01
1986-11-01,0.0,Tikm-20-PZ,24.613611,79.01
1986-12-01,18.200000000000003,Tikm-20-PZ,24.613611,79.01
1987-01-01,34.0,Tikm-20-PZ,24.613611,79.01
1987-02-01,19.3,Tikm-20-PZ,24.613611,79.01
1987-03-01,2.8000000000000003,Tikm-20-PZ,24.613611,79.01
1987-04-01,0.4,Tikm-20-PZ,24.613611,79.01
1987-05-01,3.5,Tikm-20-PZ,24.613611,79.01
1987-06-01,17.1,Tikm-20-PZ,24.613611,79.01
1987-07-01,135.4,Tikm-20-PZ,24.613611,79.01
1987-08-01,229.4,Tikm-20-PZ,24.613611,79.01
1987-09-01,153.7,Tikm-20-PZ,24.613611,79.01
1987-10-01,106.8,Tikm-20-PZ,24.613611,79.01
1987-11-01,0.0,Tikm-20-PZ,24.613611,79.01
1987-12-01,11.2,Tikm-20-PZ,24.613611,79.01
1988-01-01,0.7,Tikm-20-PZ,24.613611,79.01
1988-02-01,11.100000000000001,Tikm-20-PZ,24.613611,79.01
1988-03-01,0.5,Tikm-20-PZ,24.613611,79.01
1988-04-01,2.2,Tikm-20-PZ,24.613611,79.01
1988-05-01,4.2,Tikm-20-PZ,24.613611,79.01
1988-06-01,191.2,Tikm-20-PZ,24.613611,79.01
1988-07-01,296.3,Tikm-20-PZ,24.613611,79.01
1988-08-01,240.0,Tikm-20-PZ,24.613611,79.01
1988-09-01,66.89999999999999,Tikm-20-PZ,24.613611,79.01
1988-10-01,37.9,Tikm-20-PZ,24.613611,79.01
1988-11-01,0.0,Tikm-20-PZ,24.613611,79.01
1988-12-01,0.0,Tikm-20-PZ,24.613611,79.01
1989-01-01,0.2,Tikm-20-PZ,24.613611,79.01
1989-02-01,0.0,Tikm-20-PZ,24.613611,79.01
1989-03-01,17.6,Tikm-20-PZ,24.613611,79.01
1989-04-01,0.0,Tikm-20-PZ,24.613611,79.01
1989-05-01,0.4,Tikm-20-PZ,24.613611,79.01
1989-06-01,119.9,Tikm-20-PZ,24.613611,79.01
1989-07-01,213.20000000000002,Tikm-20-PZ,24.613611,79.01
1989-08-01,230.2,Tikm-20-PZ,24.613611,79.01
1989-09-01,57.2,Tikm-20-PZ,24.613611,79.01
1989-10-01,0.2,Tikm-20-PZ,24.613611,79.01
1989-11-01,2.5,Tikm-20-PZ,24.613611,79.01
1989-12-01,25.3,Tikm-20-PZ,24.613611,79.01
1990-01-01,0.0,Tikm-20-PZ,24.613611,79.01
1990-02-01,24.400000000000002,Tikm-20-PZ,24.613611,79.01
1990-03-01,3.1,Tikm-20-PZ,24.613611,79.01
1990-04-01,0.6000000000000001,Tikm-20-PZ,24.613611,79.01
1990-05-01,19.299999999999997,Tikm-20-PZ,24.613611,79.01
1990-06-01,327.1,Tikm-20-PZ,24.613611,79.01
1990-07-01,196.6,Tikm-20-PZ,24.613611,79.01
1990-08-01,271.1,Tikm-20-PZ,24.613611,79.01
1990-09-01,416.3,Tikm-20-PZ,24.613611,79.01
1990-10-01,11.7,Tikm-20-PZ,24.613611,79.01
1990-11-01,5.8,Tikm-20-PZ,24.613611,79.01
1990-12-01,18.799999999999997,Tikm-20-PZ,24.613611,79.01
1991-01-01,1.0,Tikm-20-PZ,24.613611,79.01
1991-02-01,3.1,Tikm-20-PZ,24.613611,79.01
1991-03-01,2.9,Tikm-20-PZ,24.613611,79.01
1991-04-01,2.0,Tikm-20-PZ,24.613611,79.01
1991-05-01,0.4,Tikm-20-PZ,24.613611,79.01
1991-06-01,43.4,Tikm-20-PZ,24.613611,79.01
1991-07-01,347.5,Tikm-20-PZ,24.613611,79.01
1991-08-01,683.1,Tikm-20-PZ,24.613611,79.01
1991-09-01,38.1,Tikm-20-PZ,24.613611,79.01
1991-10-01,0.0,Tikm-20-PZ,24.613611,79.01
1991-11-01,6.6,Tikm-20-PZ,24.613611,79.01
1991-12-01,1.4,Tikm-20-PZ,24.613611,79.01
1992-01-01,2.6,Tikm-20-PZ,24.613611,79.01
1992-02-01,0.0,Tikm-20-PZ,24.613611,79.01
1992-03-01,3.3000000000000003,Tikm-20-PZ,24.613611,79.01
1992-04-01,0.0,Tikm-20-PZ,24.613611,79.01
1992-05-01,6.3,Tikm-20-PZ,24.613611,79.01
1992-06-01,8.3,Tikm-20-PZ,24.613611,79.01
1992-07-01,182.3,Tikm-20-PZ,24.613611,79.01
1992-08-01,531.5,Tikm-20-PZ,24.613611,79.01
1992-09-01,89.8,Tikm-20-PZ,24.613611,79.01
1992-10-01,38.8,Tikm-20-PZ,24.613611,79.01
1992-11-01,0.0,Tikm-20-PZ,24.613611,79.01
1992-12-01,0.0,Tikm-20-PZ,24.613611,79.01
1993-01-01,0.0,Tikm-20-PZ,24.613611,79.01
1993-02-01,28.1,Tikm-20-PZ,24.613611,79.01
1993-03-01,5.7,Tikm-20-PZ,24.613611,79.01
1993-04-01,6.1,Tikm-20-PZ,24.613611,79.01
1993-05-01,6.4,Tikm-20-PZ,24.613611,79.01
1993-06-01,179.0,Tikm-20-PZ,24.613611,79.01
1993-07-01,171.8,Tikm-20-PZ,24.613611,79.01
1993-08-01,190.2,Tikm-20-PZ,24.613611,79.01
1993-09-01,520.3,Tikm-20-PZ,24.613611,79.01
1993-10-01,2.6,Tikm-20-PZ,24.613611,79.01
1993-11-01,0.2,Tikm-20-PZ,24.613611,79.01
1993-12-01,0.0,Tikm-20-PZ,24.613611,79.01
1994-01-01,32.0,Tikm-20-PZ,24.613611,79.01
1994-02-01,22.900000000000002,Tikm-20-PZ,24.613611,79.01
1994-03-01,0.9,Tikm-20-PZ,24.613611,79.01
1994-04-01,9.3,Tikm-20-PZ,24.613611,79.01
1994-05-01,4.0,Tikm-20-PZ,24.613611,79.01
1994-06-01,156.4,Tikm-20-PZ,24.613611,79.01
1994-07-01,343.3,Tikm-20-PZ,24.613611,79.01
1994-08-01,266.0,Tikm-20-PZ,24.613611,79.01
1994-09-01,88.4,Tikm-20-PZ,24.613611,79.01
1994-10-01,13.4,Tikm-20-PZ,24.613611,79.01
1994-11-01,0.0,Tikm-20-PZ,24.613611,79.01
1994-12-01,0.0,Tikm-20-PZ,24.613611,79.01
1995-01-01,41.599999999999994,Tikm-20-PZ,24.613611,79.01
1995-02-01,14.600000000000001,Tikm-20-PZ,24.613611,79.01
1995-03-01,27.3,Tikm-20-PZ,24.613611,79.01
1995-04-01,2.5,Tikm-20-PZ,24.613611,79.01
1995-05-01,1.2,Tikm-20-PZ,24.613611,79.01
1995-06-01,24.7,Tikm-20-PZ,24.613611,79.01
1995-07-01,327.8,Tikm-20-PZ,24.613611,79.01
1995-08-01,496.6,Tikm-20-PZ,24.613611,79.01
1995-09-01,134.4,Tikm-20-PZ,24.613611,79.01
1995-10-01,8.8,Tikm-20-PZ,24.613611,79.01
1995-11-01,0.0,Tikm-20-PZ,24.613611,79.01
1995-12-01,18.4,Tikm-20-PZ,24.613611,79.01
1996-01-01,23.4,Tikm-20-PZ,24.613611,79.01
1996-02-01,22.5,Tikm-20-PZ,24.613611,79.01
1996-03-01,15.0,Tikm-20-PZ,24.613611,79.01
1996-04-01,5.6,Tikm-20-PZ,24.613611,79.01
1996-05-01,1.1,Tikm-20-PZ,24.613611,79.01
1996-06-01,15.200000000000001,Tikm-20-PZ,24.613611,79.01
1996-07-01,241.9,Tikm-20-PZ,24.613611,79.01
1996-08-01,579.6,Tikm-20-PZ,24.613611,79.01
1996-09-01,121.2,Tikm-20-PZ,24.613611,79.01
1996-10-01,69.3,Tikm-20-PZ,24.613611,79.01
1996-11-01,0.0,Tikm-20-PZ,24.613611,79.01
1996-12-01,0.0,Tikm-20-PZ,24.613611,79.01
1997-01-01,0.7,Tikm-20-PZ,24.613611,79.01
1997-02-01,0.0,Tikm-20-PZ,24.613611,79.01
1997-03-01,1.5,Tikm-20-PZ,24.613611,79.01
1997-04-01,7.0,Tikm-20-PZ,24.613611,79.01
1997-05-01,9.5,Tikm-20-PZ,24.613611,79.01
1997-06-01,83.2,Tikm-20-PZ,24.613611,79.01
1997-07-01,367.6,Tikm-20-PZ,24.613611,79.01
1997-08-01,359.4,Tikm-20-PZ,24.613611,79.01
1997-09-01,106.89999999999999,Tikm-20-PZ,24.613611,79.01
1997-10-01,44.5,Tikm-20-PZ,24.613611,79.01
1997-11-01,72.9,Tikm-20-PZ,24.613611,79.01
1997-12-01,72.2,Tikm-20-PZ,24.613611,79.01
1998-01-01,0.8,Tikm-20-PZ,24.613611,79.01
1998-02-01,0.8999999999999999,Tikm-20-PZ,24.613611,79.01
1998-03-01,23.8,Tikm-20-PZ,24.613611,79.01
1998-04-01,7.8,Tikm-20-PZ,24.613611,79.01
1998-05-01,2.1,Tikm-20-PZ,24.613611,79.01
1998-06-01,77.2,Tikm-20-PZ,24.613611,79.01
1998-07-01,323.40000000000003,Tikm-20-PZ,24.613611,79.01
1998-08-01,227.4,Tikm-20-PZ,24.613611,79.01
1998-09-01,82.6,Tikm-20-PZ,24.613611,79.01
1998-10-01,14.6,Tikm-20-PZ,24.613611,79.01
1998-11-01,37.099999999999994,Tikm-20-PZ,24.613611,79.01
1998-12-01,0.0,Tikm-20-PZ,24.613611,79.01
1999-01-01,5.6000000000000005,Tikm-20-PZ,24.613611,79.01
1999-02-01,31.9,Tikm-20-PZ,24.613611,79.01
1999-03-01,0.0,Tikm-20-PZ,24.613611,79.01
1999-04-01,0.0,Tikm-20-PZ,24.613611,79.01
1999-05-01,6.3,Tikm-20-PZ,24.613611,79.01
1999-06-01,50.2,Tikm-20-PZ,24.613611,79.01
1999-07-01,275.2,Tikm-20-PZ,24.613611,79.01
1999-08-01,181.9,Tikm-20-PZ,24.613611,79.01
1999-09-01,286.4,Tikm-20-PZ,24.613611,79.01
1999-10-01,38.9,Tikm-20-PZ,24.613611,79.01
1999-11-01,0.0,Tikm-20-PZ,24.613611,79.01
1999-12-01,0.4,Tikm-20-PZ,24.613611,79.01
2000-01-01,0.4,Tikm-20-PZ,24.613611,79.01
2000-02-01,0.0,Tikm-20-PZ,24.613611,79.01
2000-03-01,0.0,Tikm-20-PZ,24.613611,79.01
2000-04-01,4.699999999999999,Tikm-20-PZ,24.613611,79.01
2000-05-01,54.8,Tikm-20-PZ,24.613611,79.01
2000-06-01,165.1,Tikm-20-PZ,24.613611,79.01
2000-07-01,339.0,Tikm-20-PZ,24.613611,79.01
2000-08-01,141.3,Tikm-20-PZ,24.613611,79.01
2000-09-01,53.099999999999994,Tikm-20-PZ,24.613611,79.01
2000-10-01,0.5,Tikm-20-PZ,24.613611,79.01
2000-11-01,0.0,Tikm-20-PZ,24.613611,79.01
2000-12-01,4.5,Tikm-20-PZ,24.613611,79.01
2001-01-01,0.3,Tikm-20-PZ,24.613611,79.01
2001-02-01,1.5,Tikm-20-PZ,24.613611,79.01
2001-03-01,0.7999999999999999,Tikm-20-PZ,24.613611,79.01
2001-04-01,12.1,Tikm-20-PZ,24.613611,79.01
2001-05-01,18.599999999999998,Tikm-20-PZ,24.613611,79.01
2001-06-01,242.8,Tikm-20-PZ,24.613611,79.01
2001-07-01,416.1,Tikm-20-PZ,24.613611,79.01
2001-08-01,178.0,Tikm-20-PZ,24.613611,79.01
2001-09-01,26.0,Tikm-20-PZ,24.613611,79.01
2001-10-01,56.5,Tikm-20-PZ,24.613611,79.01
2001-11-01,0.6000000000000001,Tikm-20-PZ,24.613611,79.01
2001-12-01,0.0,Tikm-20-PZ,24.613611,79.01
2002-01-01,3.0,Tikm-20-PZ,24.613611,79.01
2002-02-01,13.4,Tikm-20-PZ,24.613611,79.01
2002-03-01,0.2,Tikm-20-PZ,24.613611,79.01
2002-04-01,2.1,Tikm-20-PZ,24.613611,79.01
2002-05-01,4.7,Tikm-20-PZ,24.613611,79.01
2002-06-01,63.6,Tikm-20-PZ,24.613611,79.01
2002-07-01,67.3,Tikm-20-PZ,24.613611,79.01
2002-08-01,402.0,Tikm-20-PZ,24.613611,79.01
2002-09-01,134.0,Tikm-20-PZ,24.613611,79.01
2002-10-01,87.0,Tikm-20-PZ,24.613611,79.01
2002-11-01,13.3,Tikm-20-PZ,24.613611,79.01
2002-12-01,5.2,Tikm-20-PZ,24.613611,79.01
2003-01-01,8.7,Tikm-20-PZ,24.613611,79.01
2003-02-01,41.800000000000004,Tikm-20-PZ,24.613611,79.01
2003-03-01,3.5,Tikm-20-PZ,24.613611,79.01
2003-04-01,5.0,Tikm-20-PZ,24.613611,79.01
2003-05-01,0.7,Tikm-20-PZ,24.613611,79.01
2003-06-01,96.60000000000001,Tikm-20-PZ,24.613611,79.01
2003-07-01,296.5,Tikm-20-PZ,24.613611,79.01
2003-08-01,272.4,Tikm-20-PZ,24.613611,79.01
2003-09-01,361.9,Tikm-20-PZ,24.613611,79.01
2003-10-01,2.4,Tikm-20-PZ,24.613611,79.01
2003-11-01,0.3,Tikm-20-PZ,24.613611,79.01
2003-12-01,6.1000000000000005,Tikm-20-PZ,24.613611,79.01
2004-01-01,20.7,Tikm-20-PZ,24.613611,79.01
2004-02-01,0.0,Tikm-20-PZ,24.613611,79.01
2004-03-01,0.0,Tikm-20-PZ,24.613611,79.01
2004-04-01,2.2,Tikm-20-PZ,24.613611,79.01
2004-05-01,1.6,Tikm-20-PZ,24.613611,79.01
2004-06-01,252.9,Tikm-20-PZ,24.613611,79.01
2004-07-01,232.7,Tikm-20-PZ,24.613611,79.01
2004-08-01,273.6,Tikm-20-PZ,24.613611,79.01
2004-09-01,57.9,Tikm-20-PZ,24.613611,79.01
2004-10-01,14.3,Tikm-20-PZ,24.613611,79.01
2004-11-01,0.30000000000000004,Tikm-20-PZ,24.613611,79.01
2004-12-01,0.0,Tikm-20-PZ,24.613611,79.01
2005-01-01,10.3,Tikm-20-PZ,24.613611,79.01
2005-02-01,3.4,Tikm-20-PZ,24.613611,79.01
2005-03-01,13.799999999999999,Tikm-20-PZ,24.613611,79.01
2005-04-01,1.1,Tikm-20-PZ,24.613611,79.01
2005-05-01,0.4,Tikm-20-PZ,24.613611,79.01
2005-06-01,171.2,Tikm-20-PZ,24.613611,79.01
2005-07-01,549.9,Tikm-20-PZ,24.613611,79.01
2005-08-01,89.4,Tikm-20-PZ,24.613611,79.01
2005-09-01,134.8,Tikm-20-PZ,24.613611,79.01
2005-10-01,2.5,Tikm-20-PZ,24.613611,79.01
2005-11-01,0.0,Tikm-20-PZ,24.613611,79.01
2005-12-01,2.5,Tikm-20-PZ,24.613611,79.01
2006-01-01,0.0,Tikm-20-PZ,24.613611,79.01
2006-02-01,0.0,Tikm-20-PZ,24.613611,79.01
2006-03-01,77.3,Tikm-20-PZ,24.613611,79.01
2006-04-01,0.5,Tikm-20-PZ,24.613611,79.01
2006-05-01,12.399999999999999,Tikm-20-PZ,24.613611,79.01
2006-06-01,95.10000000000001,Tikm-20-PZ,24.613611,79.01
2006-07-01,541.7,Tikm-20-PZ,24.613611,79.01
2006-08-01,225.9,Tikm-20-PZ,24.613611,79.01
2006-09-01,100.60000000000001,Tikm-20-PZ,24.613611,79.01
2006-10-01,6.2,Tikm-20-PZ,24.613611,79.01
2006-11-01,11.7,Tikm-20-PZ,24.613611,79.01
2006-12-01,0.1,Tikm-20-PZ,24.613611,79.01
2007-01-01,0.0,Tikm-20-PZ,24.613611,79.01
2007-02-01,34.300000000000004,Tikm-20-PZ,24.613611,79.01
2007-03-01,1.2,Tikm-20-PZ,24.613611,79.01
2007-04-01,0.5,Tikm-20-PZ,24.613611,79.01
2007-05-01,4.5,Tikm-20-PZ,24.613611,79.01
2007-06-01,62.3,Tikm-20-PZ,24.613611,79.01
2007-07-01,199.0,Tikm-20-PZ,24.613611,79.01
2007-08-01,231.4,Tikm-20-PZ,24.613611,79.01
2007-09-01,95.5,Tikm-20-PZ,24.613611,79.01
2007-10-01,0.0,Tikm-20-PZ,24.613611,79.01
2007-11-01,0.0,Tikm-20-PZ,24.613611,79.01
2007-12-01,0.6,Tikm-20-PZ,24.613611,79.01
2008-01-01,0.0,Tikm-20-PZ,24.613611,79.01
2008-02-01,0.30000000000000004,Tikm-20-PZ,24.613611,79.01
2008-03-01,5.1000000000000005,Tikm-20-PZ,24.613611,79.01
2008-04-01,1.5999999999999999,Tikm-20-PZ,24.613611,79.01
2008-05-01,6.0,Tikm-20-PZ,24.613611,79.01
2008-06-01,616.7,Tikm-20-PZ,24.613611,79.01
2008-07-01,268.3,Tikm-20-PZ,24.613611,79.01
2008-08-01,210.9,Tikm-20-PZ,24.613611,79.01
2008-09-01,168.29999999999998,Tikm-20-PZ,24.613611,79.01
2008-10-01,7.0,Tikm-20-PZ,24.613611,79.01
2008-11-01,5.8999999999999995,Tikm-20-PZ,24.613611,79.01
2008-12-01,0.0,Tikm-20-PZ,24.613611,79.01
2009-01-01,16.1,Tikm-20-PZ,24.613611,79.01
2009-02-01,0.3,Tikm-20-PZ,24.613611,79.01
2009-03-01,0.8999999999999999,Tikm-20-PZ,24.613611,79.01
2009-04-01,3.1,Tikm-20-PZ,24.613611,79.01
2009-05-01,7.800000000000001,Tikm-20-PZ,24.613611,79.01
2009-06-01,52.6,Tikm-20-PZ,24.613611,79.01
2009-07-01,262.3,Tikm-20-PZ,24.613611,79.01
2009-08-01,160.8,Tikm-20-PZ,24.613611,79.01
2009-09-01,110.9,Tikm-20-PZ,24.613611,79.01
2009-10-01,133.4,Tikm-20-PZ,24.613611,79.01
2009-11-01,97.8,Tikm-20-PZ,24.613611,79.01
2009-12-01,6.6,Tikm-20-PZ,24.613611,79.01
2010-01-01,2.8000000000000003,Tikm-20-PZ,24.613611,79.01
2010-02-01,17.0,Tikm-20-PZ,24.613611,79.01
2010-03-01,0.0,Tikm-20-PZ,24.613611,79.01
2010-04-01,0.0,Tikm-20-PZ,24.613611,79.01
2010-05-01,0.0,Tikm-20-PZ,24.613611,79.01
2010-06-01,27.6,Tikm-20-PZ,24.613611,79.01
2010-07-01,287.9,Tikm-20-PZ,24.613611,79.01
2010-08-01,258.6,Tikm-20-PZ,24.613611,79.01
2010-09-01,152.2,Tikm-20-PZ,24.613611,79.01
2010-10-01,15.4,Tikm-20-PZ,24.613611,79.01
2010-11-01,39.1,Tikm-20-PZ,24.613611,79.01
2010-12-01,1.5,Tikm-20-PZ,24.613611,79.01
2011-01-01,0.0,Tikm-20-PZ,24.613611,79.01
2011-02-01,7.0,Tikm-20-PZ,24.613611,79.01
2011-03-01,0.2,Tikm-20-PZ,24.613611,79.01
2011-04-01,4.1,Tikm-20-PZ,24.613611,79.01
2011-05-01,0.4,Tikm-20-PZ,24.613611,79.01
2011-06-01,478.8,Tikm-20-PZ,24.613611,79.01
2011-07-01,356.9,Tikm-20-PZ,24.613611,79.01
2011-08-01,263.3,Tikm-20-PZ,24.613611,79.01
2011-09-01,150.3,Tikm-20-PZ,24.613611,79.01
2011-10-01,0.2,Tikm-20-PZ,24.613611,79.01
2011-11-01,0.0,Tikm-20-PZ,24.613611,79.01
2011-12-01,3.2,Tikm-20-PZ,24.613611,79.01
2012-01-01,17.7,Tikm-20-PZ,24.613611,79.01
2012-02-01,2.5,Tikm-20-PZ,24.613611,79.01
2012-03-01,1.2,Tikm-20-PZ,24.613611,79.01
2012-04-01,2.6,Tikm-20-PZ,24.613611,79.01
2012-05-01,2.3000000000000003,Tikm-20-PZ,24.613611,79.01
2012-06-01,32.5,Tikm-20-PZ,24.613611,79.01
2012-07-01,391.4,Tikm-20-PZ,24.613611,79.01
2012-08-01,393.1,Tikm-20-PZ,24.613611,79.01
2012-09-01,102.6,Tikm-20-PZ,24.613611,79.01
2012-10-01,0.1,Tikm-20-PZ,24.613611,79.01
2012-11-01,0.0,Tikm-20-PZ,24.613611,79.01
2012-12-01,0.0,Tikm-20-PZ,24.613611,79.01
2013-01-01,0.0,Tikm-20-PZ,24.613611,79.01
2013-02-01,64.10000000000001,Tikm-20-PZ,24.613611,79.01
2013-03-01,7.4,Tikm-20-PZ,24.613611,79.01
2013-04-01,6.2,Tikm-20-PZ,24.613611,79.01
2013-05-01,0.2,Tikm-20-PZ,24.613611,79.01
2013-06-01,318.7,Tikm-20-PZ,24.613611,79.01
2013-07-01,490.0,Tikm-20-PZ,24.613611,79.01
2013-08-01,407.3,Tikm-20-PZ,24.613611,79.01
2013-09-01,57.0,Tikm-20-PZ,24.613611,79.01
2013-10-01,80.0,Tikm-20-PZ,24.613611,79.01
2013-11-01,1.2,Tikm-20-PZ,24.613611,79.01
2013-12-01,3.2,Tikm-20-PZ,24.613611,79.01
2014-01-01,50.2,Tikm-20-PZ,24.613611,79.01
2014-02-01,65.7,Tikm-20-PZ,24.613611,79.01
2014-03-01,6.6000000000000005,Tikm-20-PZ,24.613611,79.01
2014-04-01,2.0,Tikm-20-PZ,24.613611,79.01
2014-05-01,1.2000000000000002,Tikm-20-PZ,24.613611,79.01
2014-06-01,28.4,Tikm-20-PZ,24.613611,79.01
2014-07-01,221.2,Tikm-20-PZ,24.613611,79.01
2014-08-01,189.7,Tikm-20-PZ,24.613611,79.01
2014-09-01,130.7,Tikm-20-PZ,24.613611,79.01
2014-10-01,10.799999999999999,Tikm-20-PZ,24.613611,79.01
2014-11-01,0.1,Tikm-20-PZ,24.613611,79.01
2014-12-01,35.9,Tikm-20-PZ,24.613611,79.01
2015-01-01,65.5,Tikm-20-PZ,24.613611,79.01
2015-02-01,20.0,Tikm-20-PZ,24.613611,79.01
2015-03-01,78.8,Tikm-20-PZ,24.613611,79.01
2015-04-01,42.3,Tikm-20-PZ,24.613611,79.01
2015-05-01,3.2,Tikm-20-PZ,24.613611,79.01
2015-06-01,85.0,Tikm-20-PZ,24.613611,79.01
2015-07-01,261.4,Tikm-20-PZ,24.613611,79.01
2015-08-01,233.6,Tikm-20-PZ,24.613611,79.01
2015-09-01,47.0,Tikm-20-PZ,24.613611,79.01
2015-10-01,43.9,Tikm-20-PZ,24.613611,79.01
2015-11-01,2.1,Tikm-20-PZ,24.613611,79.01
2015-12-01,1.5,Tikm-20-PZ,24.613611,79.01
2016-01-01,13.100000000000001,Tikm-20-PZ,24.613611,79.01
2016-02-01,3.8000000000000003,Tikm-20-PZ,24.613611,79.01
2016-03-01,14.8,Tikm-20-PZ,24.613611,79.01
2016-04-01,0.4,Tikm-20-PZ,24.613611,79.01
2016-05-01,7.1,Tikm-20-PZ,24.613611,79.01
2016-06-01,69.0,Tikm-20-PZ,24.613611,79.01
2016-07-01,542.0,Tikm-20-PZ,24.613611,79.01
2016-08-01,354.6,Tikm-20-PZ,24.613611,79.01
2016-09-01,78.6,Tikm-20-PZ,24.613611,79.01
2016-10-01,50.6,Tikm-20-PZ,24.613611,79.01
2016-11-01,0.0,Tikm-20-PZ,24.613611,79.01
2016-12-01,0.0,Tikm-20-PZ,24.613611,79.01
2017-01-01,2.2,Tikm-20-PZ,24.613611,79.01
2017-02-01,3.5,Tikm-20-PZ,24.613611,79.01
2017-03-01,9.5,Tikm-20-PZ,24.613611,79.01
2017-04-01,2.8,Tikm-20-PZ,24.613611,79.01
2017-05-01,6.0,Tikm-20-PZ,24.613611,79.01
2017-06-01,85.0,Tikm-20-PZ,24.613611,79.01
2017-07-01,291.8,Tikm-20-PZ,24.613611,79.01
2017-08-01,187.2,Tikm-20-PZ,24.613611,79.01
2017-09-01,189.6,Tikm-20-PZ,24.613611,79.01
2017-10-01,7.8999999999999995,Tikm-20-PZ,24.613611,79.01
2017-11-01,1.0,Tikm-20-PZ,24.613611,79.01
2017-12-01,2.5,Tikm-20-PZ,24.613611,79.01
2018-01-01,0.0,Tikm-20-PZ,24.613611,79.01
2018-02-01,26.6,Tikm-20-PZ,24.613611,79.01
2018-03-01,5.6,Tikm-20-PZ,24.613611,79.01
2018-04-01,9.4,Tikm-20-PZ,24.613611,79.01
2018-05-01,10.6,Tikm-20-PZ,24.613611,79.01
2018-06-01,93.10000000000001,Tikm-20-PZ,24.613611,79.01
2018-07-01,398.2,Tikm-20-PZ,24.613611,79.01
2018-08-01,452.0,Tikm-20-PZ,24.613611,79.01
2018-09-01,286.3,Tikm-20-PZ,24.613611,79.01
2018-10-01,0.1,Tikm-20-PZ,24.613611,79.01
2018-11-01,0.1,Tikm-20-PZ,24.613611,79.01
2018-12-01,0.0,Tikm-20-PZ,24.613611,79.01
2019-01-01,12.4,Tikm-20-PZ,24.613611,79.01
2019-02-01,10.7,Tikm-20-PZ,24.613611,79.01
2019-03-01,13.5,Tikm-20-PZ,24.613611,79.01
2019-04-01,10.200000000000001,Tikm-20-PZ,24.613611,79.01
2019-05-01,0.0,Tikm-20-PZ,24.613611,79.01
2019-06-01,64.5,Tikm-20-PZ,24.613611,79.01
2019-07-01,416.09999999999997,Tikm-20-PZ,24.613611,79.01
2019-08-01,420.3,Tikm-20-PZ,24.613611,79.01
2019-09-01,428.7,Tikm-20-PZ,24.613611,79.01
2019-10-01,29.3,Tikm-20-PZ,24.613611,79.01
2019-11-01,3.0,Tikm-20-PZ,24.613611,79.01
2019-12-01,40.6,Tikm-20-PZ,24.613611,79.01
2020-01-01,38.9,Tikm-20-PZ,24.613611,79.01
2020-02-01,1.1,Tikm-20-PZ,24.613611,79.01
2020-03-01,8.8,Tikm-20-PZ,24.613611,79.01
2020-04-01,0.0,Tikm-20-PZ,24.613611,79.01
2020-05-01,0.4,Tikm-20-PZ,24.613611,79.01
2020-06-01,113.89999999999999,Tikm-20-PZ,24.613611,79.01
2020-07-01,221.2,Tikm-20-PZ,24.613611,79.01
2020-08-01,429.7,Tikm-20-PZ,24.613611,79.01
2020-09-01,119.2,Tikm-20-PZ,24.613611,79.01
2020-10-01,1.5,Tikm-20-PZ,24.613611,79.01
2020-11-01,7.3,Tikm-20-PZ,24.613611,79.01
2020-12-01,31.2,Tikm-20-PZ,24.613611,79.01
2021-01-01,4.3,Tikm-20-PZ,24.613611,79.01
2021-02-01,0.3,Tikm-20-PZ,24.613611,79.01
2021-03-01,5.5,Tikm-20-PZ,24.613611,79.01
2021-04-01,1.4,Tikm-20-PZ,24.613611,79.01
2021-05-01,28.9,Tikm-20-PZ,24.613611,79.01
2021-06-01,50.9,Tikm-20-PZ,24.613611,79.01
2021-07-01,283.1,Tikm-20-PZ,24.613611,79.01
2021-08-01,355.6,Tikm-20-PZ,24.613611,79.01
2021-09-01,192.1,Tikm-20-PZ,24.613611,79.01
2021-10-01,58.9,Tikm-20-PZ,24.613611,79.01
2021-11-01,0.0,Tikm-20-PZ,24.613611,79.01
2021-12-01,12.1,Tikm-20-PZ,24.613611,79.01
2022-01-01,92.2,Tikm-20-PZ,24.613611,79.01
2022-02-01,0.0,Tikm-20-PZ,24.613611,79.01
2022-03-01,0.1,Tikm-20-PZ,24.613611,79.01
2022-04-01,0.5,Tikm-20-PZ,24.613611,79.01
2022-05-01,10.200000000000001,Tikm-20-PZ,24.613611,79.01
2022-06-01,115.0,Tikm-20-PZ,24.613611,79.01
2022-07-01,393.0,Tikm-20-PZ,24.613611,79.01
2022-08-01,417.4,Tikm-20-PZ,24.613611,79.01
2022-09-01,216.1,Tikm-20-PZ,24.613611,79.01
2022-10-01,153.9,Tikm-20-PZ,24.613611,79.01
2022-11-01,0.0,Tikm-20-PZ,24.613611,79.01
2022-12-01,0.0,Tikm-20-PZ,24.613611,79.01
2023-01-01,31.0,Tikm-20-PZ,24.613611,79.01
2023-02-01,0.0,Tikm-20-PZ,24.613611,79.01
2023-03-01,27.2,Tikm-20-PZ,24.613611,79.01
2023-04-01,11.7,Tikm-20-PZ,24.613611,79.01
2023-05-01,27.3,Tikm-20-PZ,24.613611,79.01
2023-06-01,186.0,Tikm-20-PZ,24.613611,79.01
2023-07-01,285.6,Tikm-20-PZ,24.613611,79.01
2023-08-01,237.5,Tikm-20-PZ,24.613611,79.01
2023-09-01,262.5,Tikm-20-PZ,24.613611,79.01
2023-10-01,4.6,Tikm-20-PZ,24.613611,79.01
2023-11-01,2.8,Tikm-20-PZ,24.613611,79.01
2023-12-01,5.0,Tikm-20-PZ,24.613611,79.01
2024-01-01,2.1,Tikm-20-PZ,24.613611,79.01
2024-02-01,8.7,Tikm-20-PZ,24.613611,79.01
2024-03-01,17.8,Tikm-20-PZ,24.613611,79.01
2024-04-01,2.4,Tikm-20-PZ,24.613611,79.01
2024-05-01,0.8,Tikm-20-PZ,24.613611,79.01
2024-06-01,111.0,Tikm-20-PZ,24.613611,79.01
2024-07-01,334.4,Tikm-20-PZ,24.613611,79.01
2024-08-01,414.8,Tikm-20-PZ,24.613611,79.01
2024-09-01,351.7,Tikm-20-PZ,24.613611,79.01
2024-10-01,3.1,Tikm-20-PZ,24.613611,79.01
2024-11-01,0.1,Tikm-20-PZ,24.613611,79.01
2024-12-01,27.1,Tikm-20-PZ,24.613611,79.01
1976-01-01,33.8,TKM018-OW,25.100833,79.3225
1976-02-01,0.2,TKM018-OW,25.100833,79.3225
1976-03-01,4.3,TKM018-OW,25.100833,79.3225
1976-04-01,11.200000000000001,TKM018-OW,25.100833,79.3225
1976-05-01,5.5,TKM018-OW,25.100833,79.3225
1976-06-01,110.7,TKM018-OW,25.100833,79.3225
1976-07-01,286.9,TKM018-OW,25.100833,79.3225
1976-08-01,401.7,TKM018-OW,25.100833,79.3225
1976-09-01,115.9,TKM018-OW,25.100833,79.3225
1976-10-01,0.0,TKM018-OW,25.100833,79.3225
1976-11-01,19.8,TKM018-OW,25.100833,79.3225
1976-12-01,0.30000000000000004,TKM018-OW,25.100833,79.3225
1977-01-01,13.1,TKM018-OW,25.100833,79.3225
1977-02-01,4.5,TKM018-OW,25.100833,79.3225
1977-03-01,6.2,TKM018-OW,25.100833,79.3225
1977-04-01,3.2,TKM018-OW,25.100833,79.3225
1977-05-01,3.9,TKM018-OW,25.100833,79.3225
1977-06-01,155.70000000000002,TKM018-OW,25.100833,79.3225
1977-07-01,392.7,TKM018-OW,25.100833,79.3225
1977-08-01,214.4,TKM018-OW,25.100833,79.3225
1977-09-01,84.9,TKM018-OW,25.100833,79.3225
1977-10-01,15.200000000000001,TKM018-OW,25.100833,79.3225
1977-11-01,16.3,TKM018-OW,25.100833,79.3225
1977-12-01,7.0,TKM018-OW,25.100833,79.3225
1978-01-01,11.6,TKM018-OW,25.100833,79.3225
1978-02-01,42.099999999999994,TKM018-OW,25.100833,79.3225
1978-03-01,23.5,TKM018-OW,25.100833,79.3225
1978-04-01,1.5,TKM018-OW,25.100833,79.3225
1978-05-01,0.0,TKM018-OW,25.100833,79.3225
1978-06-01,202.0,TKM018-OW,25.100833,79.3225
1978-07-01,266.1,TKM018-OW,25.100833,79.3225
1978-08-01,355.1,TKM018-OW,25.100833,79.3225
1978-09-01,212.2,TKM018-OW,25.100833,79.3225
1978-10-01,0.1,TKM018-OW,25.100833,79.3225
1978-11-01,29.6,TKM018-OW,25.100833,79.3225
1978-12-01,32.800000000000004,TKM018-OW,25.100833,79.3225
1979-01-01,14.0,TKM018-OW,25.100833,79.3225
1979-02-01,42.5,TKM018-OW,25.100833,79.3225
1979-03-01,2.4,TKM018-OW,25.100833,79.3225
1979-04-01,0.3,TKM018-OW,25.100833,79.3225
1979-05-01,12.7,TKM018-OW,25.100833,79.3225
1979-06-01,110.3,TKM018-OW,25.100833,79.3225
1979-07-01,270.8,TKM018-OW,25.100833,79.3225
1979-08-01,78.3,TKM018-OW,25.100833,79.3225
1979-09-01,9.4,TKM018-OW,25.100833,79.3225
1979-10-01,0.0,TKM018-OW,25.100833,79.3225
1979-11-01,79.9,TKM018-OW,25.100833,79.3225
1979-12-01,0.0,TKM018-OW,25.100833,79.3225
1980-01-01,3.0,TKM018-OW,25.100833,79.3225
1980-02-01,0.4,TKM018-OW,25.100833,79.3225
1980-03-01,0.3,TKM018-OW,25.100833,79.3225
1980-04-01,0.0,TKM018-OW,25.100833,79.3225
1980-05-01,0.5,TKM018-OW,25.100833,79.3225
1980-06-01,205.1,TKM018-OW,25.100833,79.3225
1980-07-01,317.3,TKM018-OW,25.100833,79.3225
1980-08-01,470.2,TKM018-OW,25.100833,79.3225
1980-09-01,93.5,TKM018-OW,25.100833,79.3225
1980-10-01,0.6000000000000001,TKM018-OW,25.100833,79.3225
1980-11-01,0.0,TKM018-OW,25.100833,79.3225
1980-12-01,29.1,TKM018-OW,25.100833,79.3225
1981-01-01,3.1,TKM018-OW,25.100833,79.3225
1981-02-01,0.6,TKM018-OW,25.100833,79.3225
1981-03-01,10.6,TKM018-OW,25.100833,79.3225
1981-04-01,2.2,TKM018-OW,25.100833,79.3225
1981-05-01,5.7,TKM018-OW,25.100833,79.3225
1981-06-01,101.0,TKM018-OW,25.100833,79.3225
1981-07-01,300.9,TKM018-OW,25.100833,79.3225
1981-08-01,139.7,TKM018-OW,25.100833,79.3225
1981-09-01,129.8,TKM018-OW,25.100833,79.3225
1981-10-01,2.2,TKM018-OW,25.100833,79.3225
1981-11-01,3.0,TKM018-OW,25.100833,79.3225
1981-12-01,9.0,TKM018-OW,25.100833,79.3225
1982-01-01,46.300000000000004,TKM018-OW,25.100833,79.3225
1982-02-01,1.0,TKM018-OW,25.100833,79.3225
1982-03-01,3.1,TKM018-OW,25.100833,79.3225
1982-04-01,8.1,TKM018-OW,25.100833,79.3225
1982-05-01,13.299999999999999,TKM018-OW,25.100833,79.3225
1982-06-01,10.0,TKM018-OW,25.100833,79.3225
1982-07-01,203.6,TKM018-OW,25.100833,79.3225
1982-08-01,291.9,TKM018-OW,25.100833,79.3225
1982-09-01,140.5,TKM018-OW,25.100833,79.3225
1982-10-01,7.9,TKM018-OW,25.100833,79.3225
1982-11-01,40.2,TKM018-OW,25.100833,79.3225
1982-12-01,2.6,TKM018-OW,25.100833,79.3225
1983-01-01,37.50000000000001,TKM018-OW,25.100833,79.3225
1983-02-01,0.2,TKM018-OW,25.100833,79.3225
1983-03-01,0.5,TKM018-OW,25.100833,79.3225
1983-04-01,33.8,TKM018-OW,25.100833,79.3225
1983-05-01,12.3,TKM018-OW,25.100833,79.3225
1983-06-01,144.5,TKM018-OW,25.100833,79.3225
1983-07-01,292.5,TKM018-OW,25.100833,79.3225
1983-08-01,187.3,TKM018-OW,25.100833,79.3225
1983-09-01,241.29999999999998,TKM018-OW,25.100833,79.3225
1983-10-01,54.5,TKM018-OW,25.100833,79.3225
1983-11-01,0.0,TKM018-OW,25.100833,79.3225
1983-12-01,0.9,TKM018-OW,25.100833,79.3225
1984-01-01,12.6,TKM018-OW,25.100833,79.3225
1984-02-01,27.9,TKM018-OW,25.100833,79.3225
1984-03-01,0.4,TKM018-OW,25.100833,79.3225
1984-04-01,0.7,TKM018-OW,25.100833,79.3225
1984-05-01,0.6,TKM018-OW,25.100833,79.3225
1984-06-01,89.1,TKM018-OW,25.100833,79.3225
1984-07-01,202.0,TKM018-OW,25.100833,79.3225
1984-08-01,306.0,TKM018-OW,25.100833,79.3225
1984-09-01,69.0,TKM018-OW,25.100833,79.3225
1984-10-01,0.3,TKM018-OW,25.100833,79.3225
1984-11-01,0.0,TKM018-OW,25.100833,79.3225
1984-12-01,4.4,TKM018-OW,25.100833,79.3225
1985-01-01,15.3,TKM018-OW,25.100833,79.3225
1985-02-01,0.0,TKM018-OW,25.100833,79.3225
1985-03-01,0.2,TKM018-OW,25.100833,79.3225
1985-04-01,7.3,TKM018-OW,25.100833,79.3225
1985-05-01,2.6,TKM018-OW,25.100833,79.3225
1985-06-01,16.0,TKM018-OW,25.100833,79.3225
1985-07-01,308.0,TKM018-OW,25.100833,79.3225
1985-08-01,212.79999999999998,TKM018-OW,25.100833,79.3225
1985-09-01,135.8,TKM018-OW,25.100833,79.3225
1985-10-01,100.3,TKM018-OW,25.100833,79.3225
1985-11-01,0.0,TKM018-OW,25.100833,79.3225
1985-12-01,0.7,TKM018-OW,25.100833,79.3225
1986-01-01,53.6,TKM018-OW,25.100833,79.3225
1986-02-01,45.4,TKM018-OW,25.100833,79.3225
1986-03-01,0.0,TKM018-OW,25.100833,79.3225
1986-04-01,0.5,TKM018-OW,25.100833,79.3225
1986-05-01,8.100000000000001,TKM018-OW,25.100833,79.3225
1986-06-01,130.5,TKM018-OW,25.100833,79.3225
1986-07-01,384.2,TKM018-OW,25.100833,79.3225
1986-08-01,207.1,TKM018-OW,25.100833,79.3225
1986-09-01,54.5,TKM018-OW,25.100833,79.3225
1986-10-01,1.8,TKM018-OW,25.100833,79.3225
1986-11-01,0.0,TKM018-OW,25.100833,79.3225
1986-12-01,17.2,TKM018-OW,25.100833,79.3225
1987-01-01,32.6,TKM018-OW,25.100833,79.3225
1987-02-01,20.8,TKM018-OW,25.100833,79.3225
1987-03-01,3.9,TKM018-OW,25.100833,79.3225
1987-04-01,0.4,TKM018-OW,25.100833,79.3225
1987-05-01,2.8000000000000003,TKM018-OW,25.100833,79.3225
1987-06-01,7.1,TKM018-OW,25.100833,79.3225
1987-07-01,89.7,TKM018-OW,25.100833,79.3225
1987-08-01,179.60000000000002,TKM018-OW,25.100833,79.3225
1987-09-01,257.1,TKM018-OW,25.100833,79.3225
1987-10-01,55.6,TKM018-OW,25.100833,79.3225
1987-11-01,0.0,TKM018-OW,25.100833,79.3225
1987-12-01,8.9,TKM018-OW,25.100833,79.3225
1988-01-01,1.5,TKM018-OW,25.100833,79.3225
1988-02-01,2.9,TKM018-OW,25.100833,79.3225
1988-03-01,0.8,TKM018-OW,25.100833,79.3225
1988-04-01,4.6,TKM018-OW,25.100833,79.3225
1988-05-01,2.3,TKM018-OW,25.100833,79.3225
1988-06-01,187.5,TKM018-OW,25.100833,79.3225
1988-07-01,277.5,TKM018-OW,25.100833,79.3225
1988-08-01,246.7,TKM018-OW,25.100833,79.3225
1988-09-01,63.7,TKM018-OW,25.100833,79.3225
1988-10-01,60.6,TKM018-OW,25.100833,79.3225
1988-11-01,0.0,TKM018-OW,25.100833,79.3225
1988-12-01,0.2,TKM018-OW,25.100833,79.3225
1989-01-01,0.1,TKM018-OW,25.100833,79.3225
1989-02-01,0.0,TKM018-OW,25.100833,79.3225
1989-03-01,16.2,TKM018-OW,25.100833,79.3225
1989-04-01,0.0,TKM018-OW,25.100833,79.3225
1989-05-01,0.0,TKM018-OW,25.100833,79.3225
1989-06-01,142.3,TKM018-OW,25.100833,79.3225
1989-07-01,213.7,TKM018-OW,25.100833,79.3225
1989-08-01,236.0,TKM018-OW,25.100833,79.3225
1989-09-01,68.6,TKM018-OW,25.100833,79.3225
1989-10-01,0.1,TKM018-OW,25.100833,79.3225
1989-11-01,0.6,TKM018-OW,25.100833,79.3225
1989-12-01,22.2,TKM018-OW,25.100833,79.3225
1990-01-01,0.0,TKM018-OW,25.100833,79.3225
1990-02-01,38.4,TKM018-OW,25.100833,79.3225
1990-03-01,3.0999999999999996,TKM018-OW,25.100833,79.3225
1990-04-01,0.8999999999999999,TKM018-OW,25.100833,79.3225
1990-05-01,14.6,TKM018-OW,25.100833,79.3225
1990-06-01,292.0,TKM018-OW,25.100833,79.3225
1990-07-01,216.6,TKM018-OW,25.100833,79.3225
1990-08-01,265.2,TKM018-OW,25.100833,79.3225
1990-09-01,323.1,TKM018-OW,25.100833,79.3225
1990-10-01,5.0,TKM018-OW,25.100833,79.3225
1990-11-01,3.8,TKM018-OW,25.100833,79.3225
1990-12-01,7.8999999999999995,TKM018-OW,25.100833,79.3225
1991-01-01,11.299999999999999,TKM018-OW,25.100833,79.3225
1991-02-01,7.5,TKM018-OW,25.100833,79.3225
1991-03-01,7.6,TKM018-OW,25.100833,79.3225
1991-04-01,2.1,TKM018-OW,25.100833,79.3225
1991-05-01,0.5,TKM018-OW,25.100833,79.3225
1991-06-01,37.2,TKM018-OW,25.100833,79.3225
1991-07-01,334.2,TKM018-OW,25.100833,79.3225
1991-08-01,609.5,TKM018-OW,25.100833,79.3225
1991-09-01,48.8,TKM018-OW,25.100833,79.3225
1991-10-01,0.0,TKM018-OW,25.100833,79.3225
1991-11-01,4.1,TKM018-OW,25.100833,79.3225
1991-12-01,16.1,TKM018-OW,25.100833,79.3225
1992-01-01,1.1,TKM018-OW,25.100833,79.3225
1992-02-01,0.0,TKM018-OW,25.100833,79.3225
1992-03-01,2.1,TKM018-OW,25.100833,79.3225
1992-04-01,0.4,TKM018-OW,25.100833,79.3225
1992-05-01,5.7,TKM018-OW,25.100833,79.3225
1992-06-01,3.0,TKM018-OW,25.100833,79.3225
1992-07-01,178.2,TKM018-OW,25.100833,79.3225
1992-08-01,380.9,TKM018-OW,25.100833,79.3225
1992-09-01,100.4,TKM018-OW,25.100833,79.3225
1992-10-01,32.8,TKM018-OW,25.100833,79.3225
1992-11-01,0.0,TKM018-OW,25.100833,79.3225
1992-12-01,0.0,TKM018-OW,25.100833,79.3225
1993-01-01,0.1,TKM018-OW,25.100833,79.3225
1993-02-01,14.600000000000001,TKM018-OW,25.100833,79.3225
1993-03-01,7.6000000000000005,TKM018-OW,25.100833,79.3225
1993-04-01,2.1999999999999997,TKM018-OW,25.100833,79.3225
1993-05-01,7.4,TKM018-OW,25.100833,79.3225
1993-06-01,124.6,TKM018-OW,25.100833,79.3225
1993-07-01,166.2,TKM018-OW,25.100833,79.3225
1993-08-01,138.9,TKM018-OW,25.100833,79.3225
1993-09-01,483.1,TKM018-OW,25.100833,79.3225
1993-10-01,2.7,TKM018-OW,25.100833,79.3225
1993-11-01,0.0,TKM018-OW,25.100833,79.3225
1993-12-01,0.0,TKM018-OW,25.100833,79.3225
1994-01-01,35.8,TKM018-OW,25.100833,79.3225
1994-02-01,21.4,TKM018-OW,25.100833,79.3225
1994-03-01,1.1,TKM018-OW,25.100833,79.3225
1994-04-01,8.700000000000001,TKM018-OW,25.100833,79.3225
1994-05-01,0.6000000000000001,TKM018-OW,25.100833,79.3225
1994-06-01,158.2,TKM018-OW,25.100833,79.3225
1994-07-01,322.0,TKM018-OW,25.100833,79.3225
1994-08-01,275.9,TKM018-OW,25.100833,79.3225
1994-09-01,69.6,TKM018-OW,25.100833,79.3225
1994-10-01,3.5,TKM018-OW,25.100833,79.3225
1994-11-01,0.2,TKM018-OW,25.100833,79.3225
1994-12-01,0.0,TKM018-OW,25.100833,79.3225
1995-01-01,27.099999999999998,TKM018-OW,25.100833,79.3225
1995-02-01,5.4,TKM018-OW,25.100833,79.3225
1995-03-01,15.799999999999999,TKM018-OW,25.100833,79.3225
1995-04-01,2.6,TKM018-OW,25.100833,79.3225
1995-05-01,1.5,TKM018-OW,25.100833,79.3225
1995-06-01,22.0,TKM018-OW,25.100833,79.3225
1995-07-01,289.6,TKM018-OW,25.100833,79.3225
1995-08-01,415.2,TKM018-OW,25.100833,79.3225
1995-09-01,235.0,TKM018-OW,25.100833,79.3225
1995-10-01,3.6,TKM018-OW,25.100833,79.3225
1995-11-01,0.2,TKM018-OW,25.100833,79.3225
1995-12-01,18.4,TKM018-OW,25.100833,79.3225
1996-01-01,17.4,TKM018-OW,25.100833,79.3225
1996-02-01,30.3,TKM018-OW,25.100833,79.3225
1996-03-01,10.6,TKM018-OW,25.100833,79.3225
1996-04-01,2.8000000000000003,TKM018-OW,25.100833,79.3225
1996-05-01,4.1,TKM018-OW,25.100833,79.3225
1996-06-01,20.900000000000002,TKM018-OW,25.100833,79.3225
1996-07-01,235.2,TKM018-OW,25.100833,79.3225
1996-08-01,461.6,TKM018-OW,25.100833,79.3225
1996-09-01,116.2,TKM018-OW,25.100833,79.3225
1996-10-01,75.9,TKM018-OW,25.100833,79.3225
1996-11-01,0.0,TKM018-OW,25.100833,79.3225
1996-12-01,0.0,TKM018-OW,25.100833,79.3225
1997-01-01,0.1,TKM018-OW,25.100833,79.3225
1997-02-01,0.0,TKM018-OW,25.100833,79.3225
1997-03-01,0.9,TKM018-OW,25.100833,79.3225
1997-04-01,7.9,TKM018-OW,25.100833,79.3225
1997-05-01,13.7,TKM018-OW,25.100833,79.3225
1997-06-01,83.7,TKM018-OW,25.100833,79.3225
1997-07-01,368.2,TKM018-OW,25.100833,79.3225
1997-08-01,319.4,TKM018-OW,25.100833,79.3225
1997-09-01,141.0,TKM018-OW,25.100833,79.3225
1997-10-01,46.0,TKM018-OW,25.100833,79.3225
1997-11-01,58.8,TKM018-OW,25.100833,79.3225
1997-12-01,60.6,TKM018-OW,25.100833,79.3225
1998-01-01,0.4,TKM018-OW,25.100833,79.3225
1998-02-01,1.8,TKM018-OW,25.100833,79.3225
1998-03-01,19.2,TKM018-OW,25.100833,79.3225
1998-04-01,11.0,TKM018-OW,25.100833,79.3225
1998-05-01,3.6,TKM018-OW,25.100833,79.3225
1998-06-01,74.10000000000001,TKM018-OW,25.100833,79.3225
1998-07-01,397.3,TKM018-OW,25.100833,79.3225
1998-08-01,266.5,TKM018-OW,25.100833,79.3225
1998-09-01,77.7,TKM018-OW,25.100833,79.3225
1998-10-01,16.5,TKM018-OW,25.100833,79.3225
1998-11-01,20.7,TKM018-OW,25.100833,79.3225
1998-12-01,0.0,TKM018-OW,25.100833,79.3225
1999-01-01,5.5,TKM018-OW,25.100833,79.3225
1999-02-01,20.9,TKM018-OW,25.100833,79.3225
1999-03-01,0.0,TKM018-OW,25.100833,79.3225
1999-04-01,0.1,TKM018-OW,25.100833,79.3225
1999-05-01,5.4,TKM018-OW,25.100833,79.3225
1999-06-01,48.099999999999994,TKM018-OW,25.100833,79.3225
1999-07-01,222.7,TKM018-OW,25.100833,79.3225
1999-08-01,183.4,TKM018-OW,25.100833,79.3225
1999-09-01,284.0,TKM018-OW,25.100833,79.3225
1999-10-01,42.0,TKM018-OW,25.100833,79.3225
1999-11-01,0.0,TKM018-OW,25.100833,79.3225
1999-12-01,0.1,TKM018-OW,25.100833,79.3225
2000-01-01,0.4,TKM018-OW,25.100833,79.3225
2000-02-01,0.0,TKM018-OW,25.100833,79.3225
2000-03-01,0.0,TKM018-OW,25.100833,79.3225
2000-04-01,1.1,TKM018-OW,25.100833,79.3225
2000-05-01,60.8,TKM018-OW,25.100833,79.3225
2000-06-01,131.2,TKM018-OW,25.100833,79.3225
2000-07-01,334.6,TKM018-OW,25.100833,79.3225
2000-08-01,130.9,TKM018-OW,25.100833,79.3225
2000-09-01,51.3,TKM018-OW,25.100833,79.3225
2000-10-01,0.0,TKM018-OW,25.100833,79.3225
2000-11-01,0.0,TKM018-OW,25.100833,79.3225
2000-12-01,4.9,TKM018-OW,25.100833,79.3225
2001-01-01,0.0,TKM018-OW,25.100833,79.3225
2001-02-01,1.5,TKM018-OW,25.100833,79.3225
2001-03-01,0.4,TKM018-OW,25.100833,79.3225
2001-04-01,11.0,TKM018-OW,25.100833,79.3225
2001-05-01,14.3,TKM018-OW,25.100833,79.3225
2001-06-01,213.9,TKM018-OW,25.100833,79.3225
2001-07-01,424.8,TKM018-OW,25.100833,79.3225
2001-08-01,132.2,TKM018-OW,25.100833,79.3225
2001-09-01,21.2,TKM018-OW,25.100833,79.3225
2001-10-01,70.9,TKM018-OW,25.100833,79.3225
2001-11-01,1.4,TKM018-OW,25.100833,79.3225
2001-12-01,0.0,TKM018-OW,25.100833,79.3225
2002-01-01,9.9,TKM018-OW,25.100833,79.3225
2002-02-01,15.1,TKM018-OW,25.100833,79.3225
2002-03-01,1.5,TKM018-OW,25.100833,79.3225
2002-04-01,1.7,TKM018-OW,25.100833,79.3225
2002-05-01,5.8999999999999995,TKM018-OW,25.100833,79.3225
2002-06-01,50.2,TKM018-OW,25.100833,79.3225
2002-07-01,73.5,TKM018-OW,25.100833,79.3225
2002-08-01,369.3,TKM018-OW,25.100833,79.3225
2002-09-01,95.8,TKM018-OW,25.100833,79.3225
2002-10-01,36.199999999999996,TKM018-OW,25.100833,79.3225
2002-11-01,9.2,TKM018-OW,25.100833,79.3225
2002-12-01,9.600000000000001,TKM018-OW,25.100833,79.3225
2003-01-01,13.4,TKM018-OW,25.100833,79.3225
2003-02-01,31.7,TKM018-OW,25.100833,79.3225
2003-03-01,4.3,TKM018-OW,25.100833,79.3225
2003-04-01,4.800000000000001,TKM018-OW,25.100833,79.3225
2003-05-01,0.7,TKM018-OW,25.100833,79.3225
2003-06-01,79.2,TKM018-OW,25.100833,79.3225
2003-07-01,361.2,TKM018-OW,25.100833,79.3225
2003-08-01,239.70000000000002,TKM018-OW,25.100833,79.3225
2003-09-01,507.4,TKM018-OW,25.100833,79.3225
2003-10-01,1.5,TKM018-OW,25.100833,79.3225
2003-11-01,0.0,TKM018-OW,25.100833,79.3225
2003-12-01,12.399999999999999,TKM018-OW,25.100833,79.3225
2004-01-01,23.299999999999997,TKM018-OW,25.100833,79.3225
2004-02-01,0.0,TKM018-OW,25.100833,79.3225
2004-03-01,0.0,TKM018-OW,25.100833,79.3225
2004-04-01,3.2,TKM018-OW,25.100833,79.3225
2004-05-01,0.1,TKM018-OW,25.100833,79.3225
2004-06-01,135.9,TKM018-OW,25.100833,79.3225
2004-07-01,260.0,TKM018-OW,25.100833,79.3225
2004-08-01,219.0,TKM018-OW,25.100833,79.3225
2004-09-01,67.6,TKM018-OW,25.100833,79.3225
2004-10-01,20.099999999999998,TKM018-OW,25.100833,79.3225
2004-11-01,0.8,TKM018-OW,25.100833,79.3225
2004-12-01,0.0,TKM018-OW,25.100833,79.3225
2005-01-01,13.6,TKM018-OW,25.100833,79.3225
2005-02-01,2.0,TKM018-OW,25.100833,79.3225
2005-03-01,20.7,TKM018-OW,25.100833,79.3225
2005-04-01,0.8,TKM018-OW,25.100833,79.3225
2005-05-01,0.5,TKM018-OW,25.100833,79.3225
2005-06-01,159.9,TKM018-OW,25.100833,79.3225
2005-07-01,482.6,TKM018-OW,25.100833,79.3225
2005-08-01,89.5,TKM018-OW,25.100833,79.3225
2005-09-01,130.4,TKM018-OW,25.100833,79.3225
2005-10-01,2.4,TKM018-OW,25.100833,79.3225
2005-11-01,0.0,TKM018-OW,25.100833,79.3225
2005-12-01,4.0,TKM018-OW,25.100833,79.3225
2006-01-01,0.0,TKM018-OW,25.100833,79.3225
2006-02-01,0.0,TKM018-OW,25.100833,79.3225
2006-03-01,61.800000000000004,TKM018-OW,25.100833,79.3225
2006-04-01,2.3,TKM018-OW,25.100833,79.3225
2006-05-01,12.0,TKM018-OW,25.100833,79.3225
2006-06-01,79.9,TKM018-OW,25.100833,79.3225
2006-07-01,435.6,TKM018-OW,25.100833,79.3225
2006-08-01,184.2,TKM018-OW,25.100833,79.3225
2006-09-01,81.6,TKM018-OW,25.100833,79.3225
2006-10-01,3.5,TKM018-OW,25.100833,79.3225
2006-11-01,2.3,TKM018-OW,25.100833,79.3225
2006-12-01,0.0,TKM018-OW,25.100833,79.3225
2007-01-01,0.0,TKM018-OW,25.100833,79.3225
2007-02-01,56.6,TKM018-OW,25.100833,79.3225
2007-03-01,2.7,TKM018-OW,25.100833,79.3225
2007-04-01,1.5999999999999999,TKM018-OW,25.100833,79.3225
2007-05-01,4.8,TKM018-OW,25.100833,79.3225
2007-06-01,54.7,TKM018-OW,25.100833,79.3225
2007-07-01,135.4,TKM018-OW,25.100833,79.3225
2007-08-01,241.4,TKM018-OW,25.100833,79.3225
2007-09-01,114.1,TKM018-OW,25.100833,79.3225
2007-10-01,0.0,TKM018-OW,25.100833,79.3225
2007-11-01,0.0,TKM018-OW,25.100833,79.3225
2007-12-01,2.6999999999999997,TKM018-OW,25.100833,79.3225
2008-01-01,0.0,TKM018-OW,25.100833,79.3225
2008-02-01,0.7,TKM018-OW,25.100833,79.3225
2008-03-01,1.7999999999999998,TKM018-OW,25.100833,79.3225
2008-04-01,5.5,TKM018-OW,25.100833,79.3225
2008-05-01,6.7,TKM018-OW,25.100833,79.3225
2008-06-01,527.2,TKM018-OW,25.100833,79.3225
2008-07-01,274.6,TKM018-OW,25.100833,79.3225
2008-08-01,243.4,TKM018-OW,25.100833,79.3225
2008-09-01,115.8,TKM018-OW,25.100833,79.3225
2008-10-01,4.0,TKM018-OW,25.100833,79.3225
2008-11-01,4.8,TKM018-OW,25.100833,79.3225
2008-12-01,0.0,TKM018-OW,25.100833,79.3225
2009-01-01,11.3,TKM018-OW,25.100833,79.3225
2009-02-01,1.0,TKM018-OW,25.100833,79.3225
2009-03-01,3.4000000000000004,TKM018-OW,25.100833,79.3225
2009-04-01,7.0,TKM018-OW,25.100833,79.3225
2009-05-01,3.8,TKM018-OW,25.100833,79.3225
2009-06-01,50.8,TKM018-OW,25.100833,79.3225
2009-07-01,255.1,TKM018-OW,25.100833,79.3225
2009-08-01,173.7,TKM018-OW,25.100833,79.3225
2009-09-01,96.39999999999999,TKM018-OW,25.100833,79.3225
2009-10-01,124.9,TKM018-OW,25.100833,79.3225
2009-11-01,49.6,TKM018-OW,25.100833,79.3225
2009-12-01,5.4,TKM018-OW,25.100833,79.3225
2010-01-01,2.3,TKM018-OW,25.100833,79.3225
2010-02-01,28.0,TKM018-OW,25.100833,79.3225
2010-03-01,0.0,TKM018-OW,25.100833,79.3225
2010-04-01,0.3,TKM018-OW,25.100833,79.3225
2010-05-01,0.4,TKM018-OW,25.100833,79.3225
2010-06-01,25.9,TKM018-OW,25.100833,79.3225
2010-07-01,234.5,TKM018-OW,25.100833,79.3225
2010-08-01,258.9,TKM018-OW,25.100833,79.3225
2010-09-01,153.0,TKM018-OW,25.100833,79.3225
2010-10-01,19.6,TKM018-OW,25.100833,79.3225
2010-11-01,33.2,TKM018-OW,25.100833,79.3225
2010-12-01,2.0,TKM018-OW,25.100833,79.3225
2011-01-01,0.1,TKM018-OW,25.100833,79.3225
2011-02-01,5.0,TKM018-OW,25.100833,79.3225
2011-03-01,1.2,TKM018-OW,25.100833,79.3225
2011-04-01,2.4,TKM018-OW,25.100833,79.3225
2011-05-01,1.1,TKM018-OW,25.100833,79.3225
2011-06-01,365.20000000000005,TKM018-OW,25.100833,79.3225
2011-07-01,355.8,TKM018-OW,25.100833,79.3225
2011-08-01,258.3,TKM018-OW,25.100833,79.3225
2011-09-01,143.6,TKM018-OW,25.100833,79.3225
2011-10-01,0.1,TKM018-OW,25.100833,79.3225
2011-11-01,0.0,TKM018-OW,25.100833,79.3225
2011-12-01,0.2,TKM018-OW,25.100833,79.3225
2012-01-01,8.5,TKM018-OW,25.100833,79.3225
2012-02-01,5.6,TKM018-OW,25.100833,79.3225
2012-03-01,0.7,TKM018-OW,25.100833,79.3225
2012-04-01,4.2,TKM018-OW,25.100833,79.3225
2012-05-01,0.9,TKM018-OW,25.100833,79.3225
2012-06-01,8.8,TKM018-OW,25.100833,79.3225
2012-07-01,425.1,TKM018-OW,25.100833,79.3225
2012-08-01,345.5,TKM018-OW,25.100833,79.3225
2012-09-01,121.4,TKM018-OW,25.100833,79.3225
2012-10-01,0.0,TKM018-OW,25.100833,79.3225
2012-11-01,0.0,TKM018-OW,25.100833,79.3225
2012-12-01,0.0,TKM018-OW,25.100833,79.3225
