Well No,date,time,Ht of Ms Pt,Water Level,Remarks,Flag
"SIND-019-A-PZ","01/09/15 00:00:00",,0.30000001,8.8999996,,
"SIND-019-A-PZ","01/02/98 00:00:00",,0.30000001,13.55,,
"SIND-019-A-PZ","05/25/98 00:00:00",,0.30000001,17.4,,
"SIND-019-A-PZ","08/01/98 00:00:00",,0.30000001,13.1,,
"SIND-019-A-PZ","11/25/98 00:00:00",,0.30000001,10.45,,
"SIND-019-A-PZ","01/03/99 00:00:00",,0.30000001,14.05,,
"SIND-019-A-PZ","05/20/99 00:00:00",,0.30000001,17.9,,
"SIND-019-A-PZ","08/05/99 00:00:00",,0.30000001,15.05,,
"SIND-019-A-PZ","11/27/99 00:00:00",,0.30000001,9.1499996,,
"SIND-019-A-PZ","01/05/00 00:00:00",,0.30000001,14.05,,
"SIND-019-A-PZ","05/21/00 00:00:00",,0.30000001,17.65,,
"SIND-019-A-PZ","08/09/00 00:00:00",,0.30000001,13.8,,
"SIND-019-A-PZ","11/20/00 00:00:00",,0.30000001,14.4,,
"SIND-019-A-PZ","01/07/01 00:00:00",,0.30000001,19.85,,
"SIND-019-B-PZ","01/02/01 00:00:00",,0.60000002,21.700001,,
"SIND-019-C-PZ","10/21/16 00:00:00",,0.60000002,33.200001,,
"SIND-020-PZ","01/02/98 00:00:00",,0.47999999,16.85,,
"SIND-020-PZ","05/20/98 00:00:00",,0.47999999,19.4,,
"SIND-020-PZ","08/01/98 00:00:00",,0.47999999,16.35,,
"SIND-020-PZ","11/20/98 00:00:00",,0.47999999,15.55,,
"SIND-020-PZ","01/03/99 00:00:00",,0.47999999,18.200001,,
"SIND-020-PZ","05/25/99 00:00:00",,0.47999999,21.9,,
"SIND-020-PZ","08/05/99 00:00:00",,0.47999999,19.65,,
"SIND-020-PZ","11/21/99 00:00:00",,0.47999999,15.85,,
"SIND-020-PZ","01/05/00 00:00:00",,0.47999999,18.700001,,
"SIND-020-PZ","05/27/00 00:00:00",,0.47999999,21.799999,,
"SIND-020-PZ","08/07/00 00:00:00",,0.47999999,18.15,,
"SIND-020-PZ","11/25/00 00:00:00",,0.47999999,18.65,,
"SIND-020-PZ","01/01/01 00:00:00",,0.47999999,22.1,,
"SIND-021-PZ","01/02/98 00:00:00",,0.51999998,12.4,,
"SIND-021-PZ","05/20/98 00:00:00",,0.51999998,15.3,,
"SIND-021-PZ","08/01/98 00:00:00",,0.51999998,13.5,,
"SIND-021-PZ","11/20/98 00:00:00",,0.51999998,10.9,,
"SIND-021-PZ","01/05/99 00:00:00",,0.51999998,12.8,,
"SIND-021-PZ","05/23/99 00:00:00",,0.51999998,15.85,,
"SIND-021-PZ","08/02/99 00:00:00",,0.51999998,13.2,,
"SIND-021-PZ","11/22/99 00:00:00",,0.51999998,10.35,,
"SIND-021-PZ","01/07/00 00:00:00",,0.51999998,12.95,,
"SIND-021-PZ","05/25/00 00:00:00",,0.51999998,15.1,,
"SIND-021-PZ","08/05/00 00:00:00",,0.51999998,11.05,,
"SIND-021-PZ","11/25/00 00:00:00",,0.51999998,11.45,,
"SIND-021-PZ","01/01/01 00:00:00",,0.51999998,13.7,,
"SIND-022-PZ","01/03/98 00:00:00",,0.63,16.85,,
"SIND-022-PZ","05/25/98 00:00:00",,0.63,20,,
"SIND-022-PZ","08/03/98 00:00:00",,0.63,16.1,,
"SIND-022-PZ","11/25/98 00:00:00",,0.63,14.95,,
"SIND-022-PZ","01/08/99 00:00:00",,0.63,17.450001,,
"SIND-022-PZ","05/27/99 00:00:00",,0.63,20.85,,
"SIND-022-PZ","08/07/99 00:00:00",,0.63,17.15,,
"SIND-022-PZ","11/27/99 00:00:00",,0.63,14.85,,
"SIND-022-PZ","01/10/00 00:00:00",,0.63,16.950001,,
"SIND-022-PZ","05/28/00 00:00:00",,0.63,20.65,,
"SIND-022-PZ","08/09/00 00:00:00",,0.63,15.4,,
"SIND-022-PZ","11/29/00 00:00:00",,0.63,15.9,,
"SIND-022-PZ","01/09/01 00:00:00",,0.63,17.75,,
"SIND-023-PZ","06/23/14 00:00:00",,0.47,12.65,,
"SIND-023-PZ","05/20/98 00:00:00",,0.47,15.6,,
"SIND-023-PZ","11/20/98 00:00:00",,0.47,11.85,,
"SIND-023-PZ","01/02/99 00:00:00",,0.47,14.05,,
"SIND-023-PZ","05/23/99 00:00:00",,0.47,17.15,,
"SIND-023-PZ","08/08/99 00:00:00",,0.47,15.65,,
"SIND-023-PZ","11/25/99 00:00:00",,0.47,12.1,,
"SIND-023-PZ","01/03/00 00:00:00",,0.47,15.6,,
"SIND-023-PZ","05/27/00 00:00:00",,0.47,20.1,,
"SIND-023-PZ","08/09/00 00:00:00",,0.47,16.85,,
"SIND-023-PZ","11/27/00 00:00:00",,0.47,17.549999,,
"SIND-023-PZ","01/01/01 00:00:00",,0.47,21.049999,,
"SIND-027-PZ","01/02/98 00:00:00",,0.69999999,15.3,,
"SIND-027-PZ","05/20/98 00:00:00",,0.69999999,17.799999,,
"SIND-027-PZ","08/01/98 00:00:00",,0.69999999,13.85,,
"SIND-027-PZ","11/22/98 00:00:00",,0.69999999,12.55,,
"SIND-027-PZ","01/05/99 00:00:00",,0.69999999,15.85,,
"SIND-027-PZ","05/25/99 00:00:00",,0.69999999,19.35,,
"SIND-027-PZ","08/03/99 00:00:00",,0.69999999,16.15,,
"SIND-027-PZ","11/25/99 00:00:00",,0.69999999,13.25,,
"SIND-027-PZ","01/07/00 00:00:00",,0.69999999,16.700001,,
"SIND-027-PZ","05/30/00 00:00:00",,0.69999999,20.450001,,
"SIND-027-PZ","08/08/00 00:00:00",,0.69999999,14.95,,
"SIND-027-PZ","11/27/00 00:00:00",,0.69999999,15.4,,
"SIND-027-PZ","01/01/01 00:00:00",,0.69999999,18.35,,
"SIND-035-PZ","01/01/98 00:00:00",,0.54000002,10.65,,
"SIND-035-PZ","05/20/98 00:00:00",,0.54000002,12.6,,
"SIND-035-PZ","08/02/98 00:00:00",,0.54000002,10.05,,
"SIND-035-PZ","11/25/98 00:00:00",,0.54000002,8.3000002,,
"SIND-035-PZ","01/05/99 00:00:00",,0.54000002,10.15,,
"SIND-035-PZ","05/25/99 00:00:00",,0.54000002,13.4,,
"SIND-035-PZ","08/03/99 00:00:00",,0.54000002,12.3,,
"SIND-035-PZ","11/27/99 00:00:00",,0.54000002,9.1000004,,
"SIND-035-PZ","01/07/00 00:00:00",,0.54000002,11.5,,
"SIND-035-PZ","05/27/00 00:00:00",,0.54000002,13.35,,
"SIND-028-PZ","04/30/04 00:00:00",,0.56,18.040001,,
"SIND-035-PZ","08/04/00 00:00:00",,0.54000002,9.8000002,,
"SIND-035-PZ","11/30/00 00:00:00",,0.54000002,10.55,,
"SIND-037-PZ","05/20/98 00:00:00",,0.60000002,17.799999,,
"SIND-037-PZ","08/01/98 00:00:00",,0.60000002,15.3,,
"SIND-037-PZ","11/20/98 00:00:00",,0.60000002,12.05,,
"SIND-037-PZ","01/02/99 00:00:00",,0.60000002,15.95,,
"SIND-037-PZ","05/20/99 00:00:00",,0.60000002,19.25,,
"SIND-037-PZ","08/05/99 00:00:00",,0.60000002,17.700001,,
"SIND-037-PZ","11/25/99 00:00:00",,0.60000002,15.3,,
"SIND-037-PZ","01/05/00 00:00:00",,0.60000002,18.15,,
"SIND-037-PZ","05/22/00 00:00:00",,0.60000002,22.4,,
"SIND-037-PZ","08/09/00 00:00:00",,0.60000002,16.549999,,
"SIND-037-PZ","11/30/00 00:00:00",,0.60000002,16.950001,,
"SIND-037-PZ","01/10/01 00:00:00",,0.60000002,22.65,,
"SIND-036-PZ","05/20/98 00:00:00",,0.44999999,12.6,,
"SIND-036-PZ","08/01/98 00:00:00",,0.44999999,11.5,,
"SIND-036-PZ","11/22/98 00:00:00",,0.44999999,10.15,,
"SIND-036-PZ","01/01/99 00:00:00",,0.44999999,11.85,,
"SIND-036-PZ","05/25/99 00:00:00",,0.44999999,14.8,,
"SIND-036-PZ","08/09/99 00:00:00",,0.44999999,13.65,,
"SIND-036-PZ","11/25/99 00:00:00",,0.44999999,11.4,,
"SIND-036-PZ","01/03/00 00:00:00",,0.44999999,12.35,,
"SIND-036-PZ","05/27/00 00:00:00",,0.44999999,15.6,,
"SIND-036-PZ","08/08/00 00:00:00",,0.44999999,10.85,,
"SIND-036-PZ","11/27/00 00:00:00",,0.44999999,11.3,,
"SIND-036-PZ","01/08/01 00:00:00",,0.44999999,12.55,,
"SIND-025-PZ","01/02/98 00:00:00",,0.43000001,13.65,,
"SIND-025-PZ","05/20/98 00:00:00",,0.43000001,17.200001,,
"SIND-025-PZ","08/06/98 00:00:00",,0.43000001,17.049999,,
"SIND-025-PZ","11/25/98 00:00:00",,0.43000001,10.35,,
"SIND-025-PZ","01/05/99 00:00:00",,0.43000001,14.2,,
"SIND-025-PZ","05/25/99 00:00:00",,0.43000001,17.799999,,
"SIND-025-PZ","08/07/99 00:00:00",,0.43000001,15.6,,
"SIND-025-PZ","11/27/99 00:00:00",,0.43000001,10.85,,
"SIND-025-PZ","01/07/00 00:00:00",,0.43000001,14.65,,
"SIND-025-PZ","05/28/00 00:00:00",,0.43000001,18.799999,,
"SIND-025-PZ","08/09/00 00:00:00",,0.43000001,13.15,,
"SIND-025-PZ","11/29/00 00:00:00",,0.43000001,13.65,,
"SIND-025-PZ","01/09/01 00:00:00",,0.43000001,16.85,,
"SIND-040-PZ","05/20/00 00:00:00",,0.61000001,18.799999,,
"SIND-040-PZ","08/01/00 00:00:00",,0.61000001,10.2,,
"SIND-040-PZ","11/20/00 00:00:00",,0.61000001,12.3,,
"SIND-040-PZ","01/02/01 00:00:00",,0.61000001,13.35,,
"SIND-006-PZ","01/02/98 00:00:00",,0.69999999,12.15,,
"SIND-006-PZ","05/20/98 00:00:00",,0.69999999,14.2,,
"SIND-002-PZ","11/30/08 00:00:00",,0.64999998,12.7,,
"SIND-006-PZ","08/02/98 00:00:00",,0.69999999,12.7,,
"SIND-006-PZ","11/26/98 00:00:00",,0.69999999,10.65,,
"SIND-006-PZ","01/05/99 00:00:00",,0.69999999,12.8,,
"SIND-006-PZ","05/25/99 00:00:00",,0.69999999,15.55,,
"SIND-006-PZ","08/09/99 00:00:00",,0.69999999,13.05,,
"SIND-006-PZ","11/27/99 00:00:00",,0.69999999,10.95,,
"SIND-006-PZ","01/07/00 00:00:00",,0.69999999,13.15,,
"SIND-006-PZ","05/30/00 00:00:00",,0.69999999,15.9,,
"SIND-006-PZ","08/08/00 00:00:00",,0.69999999,11.6,,
"SIND-006-PZ","11/29/00 00:00:00",,0.69999999,12.05,,
"SIND-006-PZ","01/09/01 00:00:00",,0.69999999,14.5,,
"SIND-008-PZ","12/21/16 00:00:00",,0.36000001,14.5,,
"SIND-008-PZ","05/20/98 00:00:00",,0.36000001,11.7,,
"SIND-008-PZ","08/01/98 00:00:00",,0.36000001,9.6499996,,
"SIND-008-PZ","11/22/98 00:00:00",,0.36000001,7.4000001,,
"SIND-008-PZ","01/05/99 00:00:00",,0.36000001,10.15,,
"SIND-008-PZ","05/25/99 00:00:00",,0.36000001,13.8,,
"SIND-008-PZ","08/02/99 00:00:00",,0.36000001,11.7,,
"SIND-008-PZ","11/25/99 00:00:00",,0.36000001,9.8500004,,
"SIND-008-PZ","01/07/00 00:00:00",,0.36000001,12.05,,
"SIND-008-PZ","05/27/00 00:00:00",,0.36000001,14.9,,
"SIND-008-PZ","08/03/00 00:00:00",,0.36000001,11.7,,
"SIND-008-PZ","11/29/00 00:00:00",,0.36000001,12.2,,
"SIND-008-PZ","01/09/01 00:00:00",,0.36000001,13.8,,
"SIND-009-PZ","01/03/98 00:00:00",,0.89999998,12.05,,
"SIND-009-PZ","05/20/98 00:00:00",,0.89999998,13.6,,
"SIND-009-PZ","08/01/98 00:00:00",,0.89999998,11.55,,
"SIND-009-PZ","11/20/98 00:00:00",,0.89999998,10.2,,
"SIND-009-PZ","01/05/99 00:00:00",,0.89999998,15.05,,
"SIND-009-PZ","05/23/99 00:00:00",,0.89999998,21.65,,
"SIND-009-PZ","08/03/99 00:00:00",,0.89999998,19.35,,
"SIND-009-PZ","11/22/99 00:00:00",,0.89999998,17.1,,
"SIND-009-PZ","01/07/00 00:00:00",,0.89999998,22.299999,,
"SIND-009-PZ","05/27/00 00:00:00",,0.89999998,28.950001,,
"SIND-009-PZ","08/09/00 00:00:00",,0.89999998,22.65,,
"SIND-009-PZ","11/24/00 00:00:00",,0.89999998,23.049999,,
"SIND-009-PZ","01/09/01 00:00:00",,0.89999998,33.299999,,
"SIND-010-PZ","01/10/18 00:00:00",,0.44999999,23.950001,,
"SIND-010-PZ","05/20/98 00:00:00",,0.44999999,12.7,,
"SIND-010-PZ","08/02/98 00:00:00",,0.44999999,10.95,,
"SIND-010-PZ","11/22/98 00:00:00",,0.44999999,9.3000002,,
"SIND-010-PZ","01/03/99 00:00:00",,0.44999999,12.4,,
"SIND-010-PZ","05/23/99 00:00:00",,0.44999999,15.2,,
"SIND-010-PZ","08/03/99 00:00:00",,0.44999999,11.3,,
"SIND-010-PZ","11/25/99 00:00:00",,0.44999999,6.6999998,,
"SIND-010-PZ","01/05/00 00:00:00",,0.44999999,11.85,,
"SIND-010-PZ","05/28/00 00:00:00",,0.44999999,17.65,,
"SIND-010-PZ","08/07/00 00:00:00",,0.44999999,13.75,,
"SIND-010-PZ","11/28/00 00:00:00",,0.44999999,14.1,,
"SIND-010-PZ","01/02/01 00:00:00",,0.44999999,21.700001,,
"SIND-011-PZ","01/01/98 00:00:00",,0.2,9.5500002,,
"SIND-011-PZ","05/20/98 00:00:00",,0.2,11.8,,
"SIND-011-PZ","08/01/98 00:00:00",,0.2,10.3,,
"SIND-011-PZ","11/20/98 00:00:00",,0.2,8.9499998,,
"SIND-011-PZ","01/05/99 00:00:00",,0.2,11.65,,
"SIND-011-PZ","05/27/99 00:00:00",,0.2,14.35,,
"SIND-011-PZ","08/03/99 00:00:00",,0.2,12.1,,
"SIND-011-PZ","11/25/99 00:00:00",,0.2,7.25,,
"SIND-011-PZ","01/07/00 00:00:00",,0.2,10.65,,
"SIND-011-PZ","05/21/00 00:00:00",,0.2,13.4,,
"SIND-011-PZ","08/08/00 00:00:00",,0.2,11.7,,
"SIND-011-PZ","11/27/00 00:00:00",,0.2,12.05,,
"SIND-011-PZ","01/09/01 00:00:00",,0.2,16.299999,,
"SIND-012-PZ","01/01/98 00:00:00",,0.43000001,11.8,,
"SIND-012-PZ","05/20/98 00:00:00",,0.43000001,13.4,,
"SIND-012-PZ","08/02/98 00:00:00",,0.43000001,11.1,,
"SIND-012-PZ","11/20/98 00:00:00",,0.43000001,9.6499996,,
"SIND-012-PZ","01/03/99 00:00:00",,0.43000001,13.65,,
"SIND-012-PZ","05/28/99 00:00:00",,0.43000001,17.85,,
"SIND-012-PZ","08/05/99 00:00:00",,0.43000001,15.1,,
"SIND-012-PZ","11/25/99 00:00:00",,0.43000001,10.3,,
"SIND-012-PZ","01/07/00 00:00:00",,0.43000001,16.549999,,
"SIND-012-PZ","05/29/00 00:00:00",,0.43000001,22.1,,
"SIND-012-PZ","08/09/00 00:00:00",,0.43000001,19.9,,
"SIND-012-PZ","11/27/00 00:00:00",,0.43000001,20.15,,
"SIND-012-PZ","01/02/01 00:00:00",,0.43000001,22.15,,
"SIND-014-PZ","10/22/16 00:00:00",,0.23999999,9.3999996,,
"SIND-014-PZ","12/22/16 00:00:00",,0.23999999,10.85,,
"SIND-014-PZ","08/02/98 00:00:00",,0.23999999,17.049999,,
"SIND-014-PZ","11/20/98 00:00:00",,0.23999999,13.65,,
"SIND-014-PZ","01/05/99 00:00:00",,0.23999999,17.799999,,
"SIND-014-PZ","05/30/99 00:00:00",,0.23999999,23.15,,
"SIND-014-PZ","11/25/99 00:00:00",,0.23999999,15.35,,
"SIND-014-PZ","01/07/00 00:00:00",,0.23999999,19.4,,
"SIND-014-PZ","05/27/00 00:00:00",,0.23999999,24.6,,
"SIND-014-PZ","08/07/00 00:00:00",,0.23999999,21.85,,
"SIND-014-PZ","11/28/00 00:00:00",,0.23999999,22.65,,
"SIND-014-PZ","01/09/01 00:00:00",,0.23999999,24.450001,,
"SIND-015-PZ","01/02/98 00:00:00",,0.75,17.4,,
"SIND-015-PZ","05/20/98 00:00:00",,0.75,22.200001,,
"SIND-015-PZ","08/02/98 00:00:00",,0.75,20.450001,,
"SIND-003-PZ","11/23/08 00:00:00",,0.80000001,13.05,,
"SIND-015-PZ","11/20/98 00:00:00",,0.75,18.6,,
"SIND-015-PZ","01/05/99 00:00:00",,0.75,22.9,,
"SIND-015-PZ","05/25/99 00:00:00",,0.75,27.799999,,
"SIND-015-PZ","08/03/99 00:00:00",,0.75,24.1,,
"SIND-015-PZ","11/27/99 00:00:00",,0.75,18.85,,
"SIND-015-PZ","01/07/00 00:00:00",,0.75,23.4,,
"SIND-015-PZ","05/28/00 00:00:00",,0.75,26.35,,
"SIND-015-PZ","08/07/00 00:00:00",,0.75,20.950001,,
"SIND-015-PZ","11/29/00 00:00:00",,0.75,21.9,,
"SIND-015-PZ","01/09/01 00:00:00",,0.75,25.65,,
"SIND-016-PZ","01/04/98 00:00:00",,0.60000002,17.799999,,
"SIND-016-PZ","05/20/98 00:00:00",,0.60000002,21.700001,,
"SIND-016-PZ","08/01/98 00:00:00",,0.60000002,18.299999,,
"SIND-016-PZ","01/05/99 00:00:00",,0.60000002,18.950001,,
"SIND-016-PZ","05/23/99 00:00:00",,0.60000002,23.049999,,
"SIND-016-PZ","08/03/99 00:00:00",,0.60000002,21.700001,,
"SIND-016-PZ","11/23/99 00:00:00",,0.60000002,15.55,,
"SIND-016-PZ","01/07/00 00:00:00",,0.60000002,19.799999,,
"SIND-016-PZ","05/27/00 00:00:00",,0.60000002,24.200001,,
"SIND-016-PZ","08/09/00 00:00:00",,0.60000002,19.1,,
"SIND-016-PZ","11/27/00 00:00:00",,0.60000002,20.6,,
"SIND-016-PZ","01/09/01 00:00:00",,0.60000002,26.950001,,
"SIND-017-PZ","01/04/98 00:00:00",,0.75,21.299999,,
"SIND-017-PZ","05/20/98 00:00:00",,0.75,26.200001,,
"SIND-017-PZ","08/01/98 00:00:00",,0.75,22.1,,
"SIND-017-PZ","11/20/98 00:00:00",,0.75,18.4,,
"SIND-017-PZ","01/07/99 00:00:00",,0.75,22.35,,
"SIND-017-PZ","05/30/99 00:00:00",,0.75,27.200001,,
"SIND-017-PZ","08/03/99 00:00:00",,0.75,22.15,,
"SIND-017-PZ","11/27/99 00:00:00",,0.75,18.299999,,
"SIND-017-PZ","01/08/00 00:00:00",,0.75,23.1,,
"SIND-017-PZ","05/27/00 00:00:00",,0.75,26.450001,,
"SIND-017-PZ","08/09/00 00:00:00",,0.75,20.700001,,
"SIND-017-PZ","11/29/00 00:00:00",,0.75,21.9,,
"SIND-017-PZ","01/09/01 00:00:00",,0.75,25.25,,
"SIND-018-PZ","01/04/98 00:00:00",,0.47,13.15,,
"SIND-018-PZ","05/20/98 00:00:00",,0.47,16.200001,,
"SIND-018-PZ","08/02/98 00:00:00",,0.47,13.9,,
"SIND-018-PZ","11/25/98 00:00:00",,0.47,11.35,,
"SIND-018-PZ","01/07/99 00:00:00",,0.47,14.65,,
"SIND-018-PZ","05/30/99 00:00:00",,0.47,19.9,,
"SIND-018-PZ","08/03/99 00:00:00",,0.47,16.4,,
"SIND-018-PZ","11/20/99 00:00:00",,0.47,14.1,,
"SIND-018-PZ","01/09/00 00:00:00",,0.47,17.799999,,
"SIND-018-PZ","05/27/00 00:00:00",,0.47,21.65,,
"SIND-019-C-PZ","08/19/08 00:00:00",,0.60000002,20.299999,,
"SIND-018-PZ","08/09/00 00:00:00",,0.47,18.35,,
"SIND-018-PZ","11/27/00 00:00:00",,0.47,18.950001,,
"SIND-018-PZ","01/10/01 00:00:00",,0.47,22.049999,,
"SIND-026-PZ","01/18/98 00:00:00",,0.34,10.65,,
"SIND-026-PZ","05/20/98 00:00:00",,0.34,12.4,,
"SIND-026-PZ","08/01/98 00:00:00",,0.34,11.15,,
"SIND-026-PZ","11/20/98 00:00:00",,0.34,9.8500004,,
"SIND-026-PZ","01/03/99 00:00:00",,0.34,11.7,,
"SIND-026-PZ","05/25/99 00:00:00",,0.34,13.85,,
"SIND-026-PZ","08/03/99 00:00:00",,0.34,12.55,,
"SIND-026-PZ","11/27/99 00:00:00",,0.34,10.3,,
"SIND-026-PZ","01/05/00 00:00:00",,0.34,12.05,,
"SIND-026-PZ","05/30/00 00:00:00",,0.34,15.4,,
"SIND-026-PZ","08/05/00 00:00:00",,0.34,12.85,,
"SIND-026-PZ","11/29/00 00:00:00",,0.34,13.15,,
"SIND-026-PZ","01/07/01 00:00:00",,0.34,15.3,,
"SIND-039-A-PZ","01/05/01 00:00:00",,0.60000002,41.049999,,
"SIND-039-B-PZ","01/07/01 00:00:00",,0.75,12.9,,
"SIND-001-PZ","08/29/17 00:00:00",,0.44999999,6.1500001,,
"SIND-001-PZ","05/20/98 00:00:00",,0.44999999,7.3000002,,
"SIND-001-PZ","08/01/98 00:00:00",,0.44999999,5.8000002,,
"SIND-001-PZ","11/20/98 00:00:00",,0.44999999,5.0500002,,
"SIND-001-PZ","01/05/99 00:00:00",,0.44999999,7.4000001,,
"SIND-001-PZ","05/30/99 00:00:00",,0.44999999,10.65,,
"SIND-001-PZ","08/09/99 00:00:00",,0.44999999,8.1499996,,
"SIND-001-PZ","11/25/99 00:00:00",,0.44999999,6.3499999,,
"SIND-001-PZ","01/07/00 00:00:00",,0.44999999,9.6999998,,
"SIND-001-PZ","05/27/00 00:00:00",,0.44999999,13.3,,
"SIND-001-PZ","08/08/00 00:00:00",,0.44999999,11.05,,
"SIND-001-PZ","11/27/00 00:00:00",,0.44999999,11.5,,
"SIND-001-PZ","01/02/01 00:00:00",,0.44999999,14.7,,
"SIND-002-PZ","01/03/98 00:00:00",,0.64999998,7.4000001,,
"SIND-002-PZ","05/20/98 00:00:00",,0.64999998,8.3000002,,
"SIND-002-PZ","08/02/98 00:00:00",,0.64999998,7.0999999,,
"SIND-002-PZ","11/20/98 00:00:00",,0.64999998,6.5999999,,
"SIND-002-PZ","01/05/99 00:00:00",,0.64999998,8.1499996,,
"SIND-002-PZ","05/27/99 00:00:00",,0.64999998,11.35,,
"SIND-002-PZ","08/03/99 00:00:00",,0.64999998,9.5500002,,
"SIND-002-PZ","11/25/99 00:00:00",,0.64999998,8.6999998,,
"SIND-002-PZ","01/07/00 00:00:00",,0.64999998,10.9,,
"SIND-002-PZ","05/28/00 00:00:00",,0.64999998,12.3,,
"SIND-002-PZ","08/07/00 00:00:00",,0.64999998,9.1000004,,
"SIND-002-PZ","11/27/00 00:00:00",,0.64999998,9.9499998,,
"SIND-002-PZ","01/09/01 00:00:00",,0.64999998,13.6,,
"SIND-003-PZ","12/25/10 00:00:00",,0.80000001,16,,
"SIND-003-PZ","05/20/98 00:00:00",,0.80000001,17.5,,
"SIND-003-PZ","08/02/98 00:00:00",,0.80000001,15.8,,
"SIND-003-PZ","11/20/98 00:00:00",,0.80000001,14.05,,
"SIND-003-PZ","01/04/99 00:00:00",,0.80000001,18.200001,,
"SIND-003-PZ","05/30/99 00:00:00",,0.80000001,22.9,,
"SIND-003-PZ","08/03/99 00:00:00",,0.80000001,20.85,,
"SIND-003-PZ","11/27/99 00:00:00",,0.80000001,16.6,,
"SIND-003-PZ","01/07/00 00:00:00",,0.80000001,22.700001,,
"SIND-003-PZ","05/24/00 00:00:00",,0.80000001,27.75,,
"SIND-003-PZ","08/09/00 00:00:00",,0.80000001,21.5,,
"SIND-003-PZ","11/30/00 00:00:00",,0.80000001,22.6,,
"SIND-003-PZ","01/09/01 00:00:00",,0.80000001,28.299999,,
"SIND-004-A-PZ","01/29/13 00:00:00",,0.5,10.05,,
"SIND-004-A-PZ","05/20/98 00:00:00",,0.5,12.8,,
"SIND-004-A-PZ","08/01/98 00:00:00",,0.5,10.35,,
"SIND-004-A-PZ","11/20/98 00:00:00",,0.5,8.75,,
"SIND-004-A-PZ","01/05/99 00:00:00",,0.5,12.3,,
"SIND-004-A-PZ","05/23/99 00:00:00",,0.5,17.15,,
"SIND-004-A-PZ","08/09/99 00:00:00",,0.5,13.55,,
"SIND-004-A-PZ","11/27/99 00:00:00",,0.5,11.4,,
"SIND-004-A-PZ","01/07/00 00:00:00",,0.5,15.9,,
"SIND-004-A-PZ","05/27/00 00:00:00",,0.5,20.799999,,
"SIND-004-A-PZ","08/07/00 00:00:00",,0.5,17.299999,,
"SIND-004-A-PZ","11/28/00 00:00:00",,0.5,18.65,,
"SIND-004-A-PZ","01/09/01 00:00:00",,0.5,25.75,,
"SIND-004-B-PZ","02/26/01 00:00:00",,0.60000002,46.299999,,
"SIND-004-C-PZ","01/30/11 00:00:00",,0.69999999,10.3,,
"SIND-005-PZ","12/30/98 00:00:00",,0.69999999,6.3499999,,
"SIND-005-PZ","05/20/98 00:00:00",,0.69999999,7.4499998,,
"SIND-005-PZ","08/02/98 00:00:00",,0.69999999,6.3000002,,
"SIND-005-PZ","11/20/98 00:00:00",,0.69999999,5.6500001,,
"SIND-005-PZ","01/02/99 00:00:00",,0.69999999,8.8999996,,
"SIND-005-PZ","05/25/99 00:00:00",,0.69999999,12.85,,
"SIND-005-PZ","08/03/99 00:00:00",,0.69999999,12.2,,
"SIND-005-PZ","11/25/99 00:00:00",,0.69999999,10.65,,
"SIND-005-PZ","01/05/00 00:00:00",,0.69999999,13.95,,
"SIND-005-PZ","05/30/00 00:00:00",,0.69999999,17.549999,,
"SIND-005-PZ","08/07/00 00:00:00",,0.69999999,15.1,,
"SIND-005-PZ","11/27/00 00:00:00",,0.69999999,15.7,,
"SIND-005-PZ","01/07/01 00:00:00",,0.69999999,17.6,,
"SIND-028-PZ","09/28/14 00:00:00",,0.56,4.9000001,,
"SIND-028-PZ","05/20/98 00:00:00",,0.56,13.9,,
"SIND-028-PZ","08/02/98 00:00:00",,0.56,11.85,,
"SIND-028-PZ","11/20/98 00:00:00",,0.56,10.4,,
"SIND-028-PZ","01/03/99 00:00:00",,0.56,11.9,,
"SIND-028-PZ","05/27/99 00:00:00",,0.56,14.85,,
"SIND-040-PZ","08/25/01 00:00:00",,0.61000001,10.1,,
"SIND-040-PZ","11/07/01 00:00:00",,0.61000001,11.2,,
"SIND-040-PZ","01/04/02 00:00:00",,0.61000001,11.8,,
"SIND-006-PZ","05/22/01 00:00:00",,0.69999999,16.6,,
"SIND-006-PZ","08/19/01 00:00:00",,0.69999999,12.35,,
"SIND-006-PZ","11/03/01 00:00:00",,0.69999999,13.95,,
"SIND-006-PZ","01/10/02 00:00:00",,0.69999999,15.15,,
"SIND-008-PZ","05/24/01 00:00:00",,0.36000001,15.6,,
"SIND-008-PZ","08/21/01 00:00:00",,0.36000001,13.1,,
"SIND-008-PZ","11/08/01 00:00:00",,0.36000001,14.2,,
"SIND-008-PZ","01/10/02 00:00:00",,0.36000001,14.65,,
"SIND-009-PZ","05/23/01 00:00:00",,0.89999998,40.650002,,
"SIND-009-PZ","08/20/01 00:00:00",,0.89999998,34.150002,,
"SIND-009-PZ","11/07/01 00:00:00",,0.89999998,36.799999,,
"SIND-009-PZ","01/09/02 00:00:00",,0.89999998,40.650002,,
"SIND-010-PZ","05/24/01 00:00:00",,0.44999999,24.9,,
"SIND-010-PZ","08/20/01 00:00:00",,0.44999999,22.049999,,
"SIND-010-PZ","11/07/01 00:00:00",,0.44999999,23.65,,
"SIND-010-PZ","01/10/02 00:00:00",,0.44999999,25.85,,
"SIND-011-PZ","05/24/01 00:00:00",,0.2,27.950001,,
"SIND-011-PZ","08/19/01 00:00:00",,0.2,11.85,,
"SIND-011-PZ","11/06/01 00:00:00",,0.2,14.35,,
"SIND-011-PZ","01/08/02 00:00:00",,0.2,19.700001,,
"SIND-012-PZ","05/25/01 00:00:00",,0.43000001,23.549999,,
"SIND-012-PZ","08/21/01 00:00:00",,0.43000001,21.450001,,
"SIND-012-PZ","11/09/01 00:00:00",,0.43000001,23.1,,
"SIND-012-PZ","01/08/02 00:00:00",,0.43000001,24.6,,
"SIND-014-PZ","05/28/01 00:00:00",,0.23999999,26.35,,
"SIND-014-PZ","08/18/01 00:00:00",,0.23999999,20.1,,
"SIND-014-PZ","11/04/01 00:00:00",,0.23999999,21.700001,,
"SIND-014-PZ","01/02/02 00:00:00",,0.23999999,22.1,,
"SIND-015-PZ","05/28/01 00:00:00",,0.75,28.799999,,
"SIND-015-PZ","08/17/01 00:00:00",,0.75,23.35,,
"SIND-015-PZ","11/04/01 00:00:00",,0.75,24.5,,
"SIND-015-PZ","01/05/02 00:00:00",,0.75,29.049999,,
"SIND-016-PZ","05/27/01 00:00:00",,0.60000002,31.6,,
"SIND-016-PZ","08/24/01 00:00:00",,0.60000002,20.549999,,
"SIND-016-PZ","11/10/01 00:00:00",,0.60000002,24.15,,
"SIND-016-PZ","01/14/02 00:00:00",,0.60000002,29.190001,,
"SIND-017-PZ","05/26/01 00:00:00",,0.75,27.950001,,
"SIND-017-PZ","08/24/01 00:00:00",,0.75,21.700001,,
"SIND-017-PZ","11/12/01 00:00:00",,0.75,24.35,,
"SIND-017-PZ","01/15/02 00:00:00",,0.75,26.860001,,
"SIND-018-PZ","08/24/01 00:00:00",,0.47,15.65,,
"SIND-018-PZ","11/12/01 00:00:00",,0.47,15.95,,
"SIND-026-PZ","05/28/01 00:00:00",,0.34,18.9,,
"SIND-026-PZ","08/18/01 00:00:00",,0.34,9.9499998,,
"SIND-026-PZ","11/05/01 00:00:00",,0.34,12.9,,
"SIND-026-PZ","01/04/02 00:00:00",,0.34,14.85,,
"SIND-039-A-PZ","05/24/01 00:00:00",,0.60000002,45.650002,,
"SIND-039-A-PZ","08/19/01 00:00:00",,0.60000002,12.85,,
"SIND-039-A-PZ","11/06/01 00:00:00",,0.60000002,27.200001,,
"SIND-039-A-PZ","01/08/02 00:00:00",,0.60000002,44.150002,,
"SIND-039-B-PZ","05/24/01 00:00:00",,0.75,24.049999,,
"SIND-039-B-PZ","08/19/01 00:00:00",,,10.95,,
"SIND-039-B-PZ","11/06/01 00:00:00",,0.75,11.9,,
"SIND-039-B-PZ","01/08/02 00:00:00",,0.75,13.65,,
"SIND-002-PZ","05/17/01 00:00:00",,0.64999998,17.35,,
"SIND-002-PZ","08/29/01 00:00:00",,0.64999998,10.65,,
"SIND-002-PZ","11/04/01 00:00:00",,0.64999998,12.5,,
"SIND-002-PZ","01/07/02 00:00:00",,0.64999998,13.35,,
"SIND-003-PZ","05/17/01 00:00:00",,0.80000001,30.049999,,
"SIND-003-PZ","08/29/01 00:00:00",,0.80000001,23.15,,
"SIND-003-PZ","11/04/01 00:00:00",,0.80000001,22.299999,,
"SIND-003-PZ","01/07/02 00:00:00",,0.80000001,26.35,,
"SIND-004-A-PZ","05/22/01 00:00:00",,0.5,28.1,,
"SIND-004-A-PZ","08/25/01 00:00:00",,0.5,12.55,,
"SIND-004-A-PZ","11/10/01 00:00:00",,0.5,13.2,,
"SIND-004-A-PZ","01/09/02 00:00:00",,0.5,13.95,,
"SIND-004-C-PZ","05/22/01 00:00:00",,0.69999999,54.650002,,
"SIND-005-PZ","05/30/01 00:00:00",,0.69999999,25.1,,
"SIND-005-PZ","08/18/01 00:00:00",,0.69999999,5.3000002,,
"SIND-005-PZ","11/06/01 00:00:00",,0.69999999,6.3499999,,
"SIND-005-PZ","01/04/02 00:00:00",,0.69999999,8.4499998,,
"SIND-028-PZ","05/20/01 00:00:00",,0.56,21.15,,
"SIND-028-PZ","08/21/01 00:00:00",,0.56,14.05,,
"SIND-028-PZ","11/09/01 00:00:00",,0.56,16.450001,,
"SIND-028-PZ","01/10/02 00:00:00",,0.56,18.15,,
"SIND-029-PZ","05/22/01 00:00:00",,0.44999999,20.700001,,
"SIND-029-PZ","08/25/01 00:00:00",,0.44999999,14.85,,
"SIND-029-PZ","11/10/01 00:00:00",,0.44999999,19.049999,,
"SIND-029-PZ","01/09/02 00:00:00",,0.44999999,20.1,,
"SIND-030-PZ","08/22/01 00:00:00",,0.85000002,10.3,,
"SIND-030-PZ","11/09/01 00:00:00",,0.85000002,12.55,,
"SIND-004-C-PZ","08/20/01 00:00:00",,0.69999999,25.049999,,
"SIND-004-C-PZ","11/20/01 00:00:00",,0.69999999,33.950001,,
"SIND-004-A-PZ","11/25/08 00:00:00",,0.5,14.8,,
"SIND-004-B-PZ","11/25/08 00:00:00",,0.60000002,12,,
"SIND-004-C-PZ","11/25/08 00:00:00",,0.69999999,22.049999,,
"SIND-005-PZ","11/19/08 00:00:00",,0.69999999,6.0500002,,
"SIND-005-PZ","01/23/13 00:00:00",,0.69999999,8.1000004,,
"SIND-031-PZ","05/20/01 00:00:00",,0.51999998,29.85,,
"SIND-031-PZ","08/22/01 00:00:00",,0.51999998,18.35,,
"SIND-031-PZ","11/09/01 00:00:00",,0.51999998,21.700001,,
"SIND-031-PZ","01/07/02 00:00:00",,0.51999998,25.950001,,
"SIND-032-PZ","05/18/01 00:00:00",,0.51999998,23.950001,,
"SIND-032-PZ","08/27/01 00:00:00",,0.51999998,15.5,,
"SIND-032-PZ","11/05/01 00:00:00",,0.51999998,17.700001,,
"SIND-032-PZ","01/11/02 00:00:00",,0.51999998,21.549999,,
"SIND-033-PZ","05/18/01 00:00:00",,0.64999998,25.75,,
"SIND-033-PZ","08/29/01 00:00:00",,0.64999998,13.8,,
"SIND-033-PZ","11/05/01 00:00:00",,0.64999998,15.4,,
"SIND-033-PZ","01/11/02 00:00:00",,0.64999998,19.6,,
"SIND-034-PZ","05/19/01 00:00:00",,0.41999999,23.9,,
"SIND-034-PZ","08/28/01 00:00:00",,0.41999999,12.75,,
"SIND-034-PZ","11/06/01 00:00:00",,0.41999999,14.45,,
"SIND-034-PZ","01/10/02 00:00:00",,0.41999999,19.049999,,
"SIND-020-PZ","05/24/02 00:00:00",,0.47999999,31.700001,,
"SIND-021-PZ","05/24/02 00:00:00",,0.51999998,15.25,,
"SIND-022-PZ","05/25/02 00:00:00",,0.63,25.6,,
"SIND-023-PZ","05/18/02 00:00:00",,0.47,27,,
"SIND-024-PZ","05/21/02 00:00:00",,0.44999999,27.950001,,
"SIND-025-PZ","05/18/02 00:00:00",,0.43000001,26.35,,
"SIND-027-PZ","05/26/02 00:00:00",,0.69999999,19.4,,
"SIND-035-PZ","05/24/02 00:00:00",,0.54000002,,"N.R.",
"SIND-036-PZ","05/23/02 00:00:00",,0.44999999,13,,
"SIND-037-PZ","05/24/02 00:00:00",,0.60000002,23.75,,
"SIND-038-PZ","05/24/02 00:00:00",,0.44999999,,"N.R.",
"SIND-040-PZ","05/18/02 00:00:00",,0.61000001,14.9,,
"SIND-006-PZ","05/31/02 00:00:00",,0.69999999,16.299999,,
"SIND-008-PZ","05/19/02 00:00:00",,0.36000001,14.5,,
"SIND-009-PZ","05/21/02 00:00:00",,0.89999998,45.599998,,
"SIND-010-PZ","05/22/02 00:00:00",,0.44999999,26.5,,
"SIND-011-PZ","05/01/02 00:00:00",,0.2,29.950001,,
"SIND-012-PZ","05/23/02 00:00:00",,0.43000001,24.65,,
"SIND-013-PZ","05/17/02 00:00:00",,,,"N.R.",
"SIND-014-PZ","05/17/02 00:00:00",,0.23999999,28.85,,
"SIND-015-PZ","05/17/02 00:00:00",,0.75,26.799999,,
"SIND-016-PZ","05/24/02 00:00:00",,0.60000002,32.650002,,
"SIND-017-PZ","05/25/02 00:00:00",,0.75,26.4,,
"SIND-018-PZ","05/25/02 00:00:00",,0.47,,"N.R.",
"SIND-008-PZ","11/23/08 00:00:00",,0.36000001,12,,
"SIND-009-PZ","11/28/08 00:00:00",,0.89999998,24.65,,
"SIND-010-PZ","11/28/08 00:00:00",,0.44999999,14.3,,
"SIND-019-C-PZ","09/27/08 00:00:00",,0.60000002,18.9,,
"SIND-028-PZ","08/05/99 00:00:00",,0.56,13.6,,
"SIND-028-PZ","11/27/99 00:00:00",,0.56,10.7,,
"SIND-028-PZ","01/05/00 00:00:00",,0.56,12.35,,
"SIND-028-PZ","05/28/00 00:00:00",,0.56,15.6,,
"SIND-028-PZ","08/08/00 00:00:00",,0.56,13.4,,
"SIND-028-PZ","11/28/00 00:00:00",,0.56,13.6,,
"SIND-028-PZ","01/07/01 00:00:00",,0.56,17.85,,
"SIND-029-PZ","01/02/98 00:00:00",,0.44999999,11.9,,
"SIND-029-PZ","05/20/98 00:00:00",,0.44999999,14.6,,
"SIND-029-PZ","08/01/98 00:00:00",,0.44999999,12.1,,
"SIND-029-PZ","11/20/98 00:00:00",,0.44999999,10.9,,
"SIND-029-PZ","01/05/99 00:00:00",,0.44999999,12.2,,
"SIND-029-PZ","05/27/99 00:00:00",,0.44999999,15.35,,
"SIND-029-PZ","08/03/99 00:00:00",,0.44999999,13.7,,
"SIND-029-PZ","11/25/99 00:00:00",,0.44999999,11.1,,
"SIND-029-PZ","01/07/00 00:00:00",,0.44999999,12.6,,
"SIND-029-PZ","05/28/00 00:00:00",,0.44999999,15.85,,
"SIND-029-PZ","08/07/00 00:00:00",,0.44999999,12.45,,
"SIND-029-PZ","11/27/00 00:00:00",,0.44999999,13.2,,
"SIND-029-PZ","01/03/01 00:00:00",,0.44999999,18.299999,,
"SIND-030-PZ","01/04/98 00:00:00",,0.85000002,6.6999998,,
"SIND-030-PZ","05/20/98 00:00:00",,0.85000002,8.1499996,,
"SIND-030-PZ","08/01/98 00:00:00",,0.85000002,6.8000002,,
"SIND-030-PZ","11/20/98 00:00:00",,0.85000002,5.9499998,,
"SIND-030-PZ","01/07/99 00:00:00",,0.85000002,8.6999998,,
"SIND-030-PZ","05/28/99 00:00:00",,0.85000002,12.35,,
"SIND-030-PZ","08/03/99 00:00:00",,0.85000002,10.5,,
"SIND-030-PZ","11/27/99 00:00:00",,0.85000002,8.1499996,,
"SIND-030-PZ","01/09/00 00:00:00",,0.85000002,11.3,,
"SIND-030-PZ","05/27/00 00:00:00",,0.85000002,14.7,,
"SIND-030-PZ","08/09/00 00:00:00",,0.85000002,12.2,,
"SIND-030-PZ","11/29/00 00:00:00",,0.85000002,12.65,,
"SIND-030-PZ","01/10/01 00:00:00",,0.85000002,16.6,,
"SIND-031-PZ","01/03/98 00:00:00",,0.51999998,16.9,,
"SIND-031-PZ","05/20/98 00:00:00",,0.51999998,22.15,,
"SIND-031-PZ","08/01/98 00:00:00",,0.51999998,16.85,,
"SIND-031-PZ","11/20/98 00:00:00",,0.51999998,14.1,,
"SIND-031-PZ","01/07/99 00:00:00",,0.51999998,17.15,,
"SIND-031-PZ","05/23/99 00:00:00",,0.51999998,22.950001,,
"SIND-031-PZ","08/09/99 00:00:00",,0.51999998,19.299999,,
"SIND-031-PZ","11/23/99 00:00:00",,0.51999998,14.85,,
"SIND-031-PZ","01/08/00 00:00:00",,0.51999998,17.4,,
"SIND-031-PZ","05/27/00 00:00:00",,0.51999998,23.049999,,
"SIND-031-PZ","08/03/00 00:00:00",,0.51999998,16.15,,
"SIND-031-PZ","11/27/00 00:00:00",,0.51999998,16.85,,
"SIND-031-PZ","01/09/01 00:00:00",,0.51999998,28.299999,,
"SIND-032-PZ","01/04/98 00:00:00",,0.51999998,12.4,,
"SIND-032-PZ","05/20/98 00:00:00",,0.51999998,15.1,,
"SIND-032-PZ","08/02/98 00:00:00",,0.51999998,13.55,,
"SIND-032-PZ","11/20/98 00:00:00",,0.51999998,12.3,,
"SIND-032-PZ","01/07/99 00:00:00",,0.51999998,17.549999,,
"SIND-032-PZ","05/23/99 00:00:00",,0.51999998,21.35,,
"SIND-032-PZ","08/04/99 00:00:00",,0.51999998,18.6,,
"SIND-032-PZ","11/27/99 00:00:00",,0.51999998,16.15,,
"SIND-032-PZ","01/09/00 00:00:00",,0.51999998,18.35,,
"SIND-032-PZ","05/27/00 00:00:00",,0.51999998,20.65,,
"SIND-032-PZ","08/10/00 00:00:00",,0.51999998,16.799999,,
"SIND-032-PZ","11/29/00 00:00:00",,0.51999998,18.049999,,
"SIND-032-PZ","01/01/01 00:00:00",,0.51999998,21.85,,
"SIND-033-PZ","01/02/98 00:00:00",,0.64999998,6.8499999,,
"SIND-033-PZ","05/20/98 00:00:00",,0.64999998,8.25,,
"SIND-033-PZ","08/02/98 00:00:00",,0.64999998,7.0999999,,
"SIND-033-PZ","11/20/98 00:00:00",,0.64999998,6.6999998,,
"SIND-033-PZ","01/05/99 00:00:00",,0.64999998,10.55,,
"SIND-033-PZ","05/23/99 00:00:00",,0.64999998,15.8,,
"SIND-033-PZ","08/04/99 00:00:00",,0.64999998,14.45,,
"SIND-033-PZ","11/23/99 00:00:00",,0.64999998,12.9,,
"SIND-033-PZ","01/07/00 00:00:00",,0.64999998,17.65,,
"SIND-033-PZ","05/27/00 00:00:00",,0.64999998,21.35,,
"SIND-033-PZ","08/08/00 00:00:00",,0.64999998,17.6,,
"SIND-033-PZ","11/27/00 00:00:00",,0.64999998,18.1,,
"SIND-033-PZ","01/08/01 00:00:00",,0.64999998,23.9,,
"SIND-034-PZ","01/03/98 00:00:00",,0.41999999,5.4000001,,
"SIND-034-PZ","05/20/98 00:00:00",,0.41999999,6.1999998,,
"SIND-034-PZ","08/01/98 00:00:00",,0.41999999,5.6999998,,
"SIND-034-PZ","11/20/98 00:00:00",,0.41999999,4.9499998,,
"SIND-034-PZ","01/07/99 00:00:00",,0.41999999,8.6499996,,
"SIND-034-PZ","05/23/99 00:00:00",,0.41999999,14.45,,
"SIND-034-PZ","08/03/99 00:00:00",,0.41999999,13.1,,
"SIND-034-PZ","11/27/99 00:00:00",,0.41999999,12.6,,
"SIND-034-PZ","01/09/00 00:00:00",,0.41999999,14.8,,
"SIND-034-PZ","05/27/00 00:00:00",,0.41999999,17.65,,
"SIND-034-PZ","08/09/00 00:00:00",,0.41999999,14.05,,
"SIND-034-PZ","01/08/01 00:00:00",,0.41999999,17.1,,
"SIND-019-A-PZ","05/21/01 00:00:00",,0.30000001,22.1,,
"SIND-019-A-PZ","08/25/01 00:00:00",,0.30000001,15.35,,
"SIND-019-A-PZ","11/01/01 00:00:00",,0.30000001,17.77,,
"SIND-019-A-PZ","01/10/02 00:00:00",,0.30000001,19.58,,
"SIND-019-B-PZ","05/21/01 00:00:00",,0.60000002,24.65,,
"SIND-019-B-PZ","08/25/01 00:00:00",,0.60000002,16.200001,,
"SIND-019-B-PZ","11/01/01 00:00:00",,0.60000002,18.67,,
"SIND-019-B-PZ","01/10/02 00:00:00",,0.60000002,21.063,,
"SIND-019-C-PZ","05/21/01 00:00:00",,0.60000002,35.849998,,
"SIND-019-C-PZ","08/25/01 00:00:00",,0.60000002,21.084,,
"SIND-019-C-PZ","11/01/01 00:00:00",,0.60000002,25.35,,
"SIND-019-C-PZ","01/10/02 00:00:00",,0.60000002,32.063,,
"SIND-020-PZ","05/19/01 00:00:00",,0.47999999,30.200001,,
"SIND-020-PZ","08/26/01 00:00:00",,0.47999999,18.049999,,
"SIND-020-PZ","11/04/01 00:00:00",,0.47999999,21.4,,
"SIND-020-PZ","01/05/02 00:00:00",,0.47999999,23.950001,,
"SIND-021-PZ","05/19/01 00:00:00",,0.51999998,15.65,,
"SIND-021-PZ","08/26/01 00:00:00",,0.51999998,11.4,,
"SIND-021-PZ","11/04/01 00:00:00",,0.51999998,12.75,,
"SIND-021-PZ","01/05/02 00:00:00",,0.51999998,14.45,,
"SIND-022-PZ","05/21/01 00:00:00",,0.63,25.200001,,
"SIND-022-PZ","08/25/01 00:00:00",,,11.55,,
"SIND-022-PZ","11/01/01 00:00:00",,0.63,12.35,,
"SIND-022-PZ","01/05/02 00:00:00",,0.63,14.85,,
"SIND-023-PZ","05/21/01 00:00:00",,0.47,23.35,,
"SIND-023-PZ","08/25/01 00:00:00",,0.47,12.95,,
"SIND-023-PZ","11/08/01 00:00:00",,0.47,13.45,,
"SIND-023-PZ","01/08/02 00:00:00",,0.47,14.15,,
"SIND-024-PZ","05/21/01 00:00:00",,0.44999999,23.200001,,
"SIND-024-PZ","08/21/01 00:00:00",,0.44999999,14.45,,
"SIND-024-PZ","11/08/01 00:00:00",,0.44999999,16.1,,
"SIND-024-PZ","01/08/02 00:00:00",,0.44999999,18.049999,,
"SIND-027-PZ","05/29/01 00:00:00",,0.69999999,20.15,,
"SIND-027-PZ","08/27/01 00:00:00",,0.69999999,16.85,,
"SIND-027-PZ","11/03/01 00:00:00",,0.69999999,17.6,,
"SIND-027-PZ","01/04/02 00:00:00",,0.69999999,19.200001,,
"SIND-035-PZ","05/16/01 00:00:00",,0.54000002,14.05,,
"SIND-035-PZ","08/30/01 00:00:00",,0.54000002,9.6499996,,
"SIND-035-PZ","11/03/01 00:00:00",,0.54000002,12.01,,
"SIND-035-PZ","01/07/02 00:00:00",,0.54000002,12.15,,
"SIND-037-PZ","05/20/01 00:00:00",,0.60000002,23.9,,
"SIND-037-PZ","08/27/01 00:00:00",,0.60000002,10.4,,
"SIND-037-PZ","11/08/01 00:00:00",,0.60000002,14.2,,
"SIND-037-PZ","01/08/02 00:00:00",,0.60000002,23.85,,
"SIND-036-PZ","05/20/01 00:00:00",,0.44999999,14.9,,
"SIND-036-PZ","08/27/01 00:00:00",,0.44999999,9.6499996,,
"SIND-036-PZ","11/08/01 00:00:00",,0.44999999,11.1,,
"SIND-036-PZ","01/08/02 00:00:00",,0.44999999,12.8,,
"SIND-025-PZ","05/28/01 00:00:00",,0.43000001,21.549999,,
"SIND-025-PZ","08/18/01 00:00:00",,0.43000001,15.85,,
"SIND-025-PZ","11/05/01 00:00:00",,0.43000001,16.25,,
"SIND-025-PZ","01/04/02 00:00:00",,0.43000001,18.35,,
"SIND-040-PZ","05/21/01 00:00:00",,0.61000001,15.6,,
"SIND-026-PZ","05/18/02 00:00:00",,0.34,22.6,,
"SIND-039-A-PZ","05/19/02 00:00:00",,0.60000002,44.450001,,
"SIND-039-B-PZ","05/19/02 00:00:00",,0.75,20.299999,,
"SIND-001-PZ","05/25/02 00:00:00",,0.44999999,,"N.R.",
"SIND-002-PZ","05/25/02 00:00:00",,0.64999998,14.8,,
"SIND-003-PZ","05/25/02 00:00:00",,0.80000001,28.549999,,
"SIND-004-A-PZ","05/27/02 00:00:00",,0.5,24.4,,
"SIND-004-C-PZ","05/27/02 00:00:00",,0.69999999,48.349998,,
"SIND-005-PZ","05/29/02 00:00:00",,0.69999999,17.9,,
"SIND-028-PZ","05/30/02 00:00:00",,0.56,18.700001,,
"SIND-029-PZ","05/26/02 00:00:00",,0.44999999,20.200001,,
"SIND-030-PZ","05/30/02 00:00:00",,0.85000002,,"N.R.",
"SIND-031-PZ","05/28/02 00:00:00",,0.51999998,34.799999,,
"SIND-032-PZ","05/31/02 00:00:00",,0.51999998,23.299999,,
"SIND-033-PZ","05/31/02 00:00:00",,0.64999998,22.65,,
"SIND-034-PZ","05/29/02 00:00:00",,0.41999999,21.5,,
"SIND-019-A-PZ","08/27/02 00:00:00",,0.30000001,22.5,,
"SIND-019-C-PZ","08/27/02 00:00:00",,0.60000002,35.150002,,
"SIND-020-PZ","08/17/02 00:00:00",,0.47999999,25.299999,,
"SIND-021-PZ","08/17/02 00:00:00",,0.51999998,13.85,,
"SIND-022-PZ","08/16/02 00:00:00",,0.63,16.65,,
"SIND-023-PZ","08/27/02 00:00:00",,0.47,16.4,,
"SIND-024-PZ","08/27/02 00:00:00",,0.44999999,,"Not received",
"SIND-027-PZ","08/28/02 00:00:00",,0.69999999,17.950001,,
"SIND-035-PZ","08/28/02 00:00:00",,0.54000002,13.15,,
"SIND-037-PZ","08/18/02 00:00:00",,0.60000002,15.85,,
"SIND-036-PZ","08/18/02 00:00:00",,0.44999999,11.6,,
"SIND-038-PZ","08/18/02 00:00:00",,0.44999999,,"Not received",
"SIND-040-PZ","08/27/02 00:00:00",,0.61000001,13.4,,
"SIND-025-PZ","08/16/02 00:00:00",,0.43000001,18.15,,
"SIND-007-PZ","05/30/02 00:00:00",,0.5,,"Not received.",
"SIND-006-PZ","08/22/02 00:00:00",,0.69999999,13.7,,
"SIND-008-PZ","08/22/02 00:00:00",,0.36000001,13.65,,
"SIND-009-PZ","08/23/02 00:00:00",,0.89999998,35.049999,,
"SIND-010-PZ","08/23/02 00:00:00",,0.44999999,23.200001,,
"SIND-011-PZ","08/22/02 00:00:00",,0.2,13.6,,
"SIND-012-PZ","08/18/02 00:00:00",,0.43000001,22.15,,
"SIND-013-PZ","08/18/02 00:00:00",,,,"Not received",
"SIND-014-PZ","08/17/02 00:00:00",,0.23999999,22.75,,
"SIND-015-PZ","08/17/02 00:00:00",,0.75,24.6,,
"SIND-016-PZ","08/20/02 00:00:00",,0.60000002,30.25,,
"SIND-011-PZ","11/21/08 00:00:00",,0.2,14.35,,
"SIND-012-PZ","11/23/08 00:00:00",,0.43000001,22.049999,,
"SIND-017-PZ","08/21/02 00:00:00",,0.75,23.15,,
"SIND-018-PZ","08/21/02 00:00:00",,0.47,,"Not received",
"SIND-026-PZ","08/16/02 00:00:00",,0.34,12.35,,
"SIND-039-A-PZ","08/22/02 00:00:00",,0.60000002,17.9,,
"SIND-039-B-PZ","08/22/02 00:00:00",,0.75,14.65,,
"SIND-001-PZ","08/27/02 00:00:00",,0.44999999,,"Not received",
"SIND-002-PZ","08/27/02 00:00:00",,0.64999998,15.85,,
"SIND-003-PZ","08/27/02 00:00:00",,0.80000001,22.65,,
"SIND-004-A-PZ","08/24/02 00:00:00",,0.5,13.5,,
"SIND-004-B-PZ","08/24/02 00:00:00",,0.60000002,36.450001,,
"SIND-004-C-PZ","08/24/02 00:00:00",,0.69999999,33.25,,
"SIND-005-PZ","08/29/02 00:00:00",,0.69999999,10.65,,
"SIND-028-PZ","08/29/02 00:00:00",,0.56,16.299999,,
"SIND-029-PZ","08/24/02 00:00:00",,0.44999999,20.049999,,
"SIND-030-PZ","08/25/02 00:00:00",,0.85000002,14.8,,
"SIND-031-PZ","08/26/02 00:00:00",,0.51999998,18.9,,
"SIND-032-PZ","08/26/02 00:00:00",,0.51999998,15.7,,
"SIND-033-PZ","08/27/02 00:00:00",,0.64999998,14.3,,
"SIND-034-PZ","08/26/02 00:00:00",,0.41999999,13.85,,
"SIND-019-A-PZ","01/28/03 00:00:00",,0.30000001,19.700001,,
"SIND-019-B-PZ","01/28/03 00:00:00",,0.60000002,20.450001,,
"SIND-019-C-PZ","01/28/03 00:00:00",,0.60000002,24.65,,
"SIND-020-PZ","01/27/03 00:00:00",,0.47999999,19.65,,
"SIND-021-PZ","01/11/03 00:00:00",,0.51999998,13.95,,
"SIND-022-PZ","01/28/03 00:00:00",,0.63,15.35,,
"SIND-023-PZ","01/11/03 00:00:00",,0.47,21.562,,
"SIND-024-PZ","01/28/03 00:00:00",,0.44999999,16.9,,
"SIND-027-PZ","01/10/03 00:00:00",,0.69999999,18.886999,,
"SIND-035-PZ","01/24/03 00:00:00",,0.54000002,12.85,,
"SIND-037-PZ","01/27/03 00:00:00",,0.60000002,23.700001,,
"SIND-036-PZ","01/11/03 00:00:00",,0.44999999,12.909,,
"SIND-025-PZ","01/25/03 00:00:00",,0.43000001,17.65,,
"SIND-040-PZ","01/11/03 00:00:00",,0.61000001,12.85,,
"SIND-006-PZ","01/07/03 00:00:00",,0.69999999,14.1,,
"SIND-008-PZ","01/25/03 00:00:00",,0.36000001,12.85,,
"SIND-009-PZ","01/25/03 00:00:00",,0.89999998,33.049999,,
"SIND-010-PZ","01/25/03 00:00:00",,0.44999999,19.15,,
"SIND-011-PZ","01/27/03 00:00:00",,0.2,18.549999,,
"SIND-012-PZ","01/27/03 00:00:00",,0.43000001,23.25,,
"SIND-013-PZ","01/28/03 00:00:00",,0.73000002,,"Not Received.",
"SIND-014-PZ","01/28/03 00:00:00",,0.23999999,24.6,,
"SIND-015-PZ","01/28/03 00:00:00",,0.75,29.85,,
"SIND-016-PZ","01/09/03 00:00:00",,0.60000002,29.799999,,
"SIND-017-PZ","01/09/03 00:00:00",,0.75,26.700001,,
"SIND-018-PZ","01/09/03 00:00:00",,0.47,,"Not received",
"SIND-026-PZ","01/28/03 00:00:00",,0.34,14.1,,
"SIND-039-A-PZ","01/27/03 00:00:00",,0.60000002,42.700001,,
"SIND-039-B-PZ","01/27/03 00:00:00",,0.75,13.95,,
"SIND-001-PZ","01/25/03 00:00:00",,0.44999999,,"Not received",
"SIND-002-PZ","01/09/03 00:00:00",,0.64999998,14.4,,
"SIND-003-PZ","01/27/03 00:00:00",,0.80000001,28.6,,
"SIND-004-A-PZ","01/25/03 00:00:00",,0.5,13.5,,
"SIND-004-B-PZ","01/25/03 00:00:00",,0.60000002,23.1,,
"SIND-004-C-PZ","01/25/03 00:00:00",,0.69999999,13.85,,
"SIND-005-PZ","01/28/03 00:00:00",,0.69999999,10.05,,
"SIND-028-PZ","01/10/03 00:00:00",,0.56,18.524,,
"SIND-029-PZ","01/09/03 00:00:00",,0.44999999,19.591999,,
"SIND-030-PZ","01/25/03 00:00:00",,0.85000002,16.65,,
"SIND-031-PZ","01/27/03 00:00:00",,0.51999998,35.75,,
"SIND-032-PZ","01/09/03 00:00:00",,0.51999998,18.17,,
"SIND-033-PZ","01/27/03 00:00:00",,0.64999998,14.5,,
"SIND-034-PZ","01/10/03 00:00:00",,0.41999999,18.634001,,
"SIND-019-A-PZ","08/20/03 00:00:00",,0.30000001,15.681,,
"SIND-019-B-PZ","08/20/03 00:00:00",,0.60000002,15.465,,
"SIND-019-C-PZ","08/20/03 00:00:00",,0.60000002,21.552,,
"SIND-020-PZ","08/30/03 00:00:00",,0.47999999,18.9,,
"SIND-021-PZ","08/30/03 00:00:00",,0.51999998,10.15,,
"SIND-022-PZ","08/22/03 00:00:00",,0.63,10.7,,
"SIND-023-PZ","05/22/03 00:00:00",,0.47,26.975,,
"SIND-024-PZ","08/25/03 00:00:00",,0.44999999,10.05,,
"SIND-027-PZ","08/20/03 00:00:00",,0.69999999,11.289,,
"SIND-035-PZ","08/21/03 00:00:00",,0.54000002,7.0999999,,
"SIND-037-PZ","08/30/03 00:00:00",,0.60000002,17.781,,
"SIND-036-PZ","08/30/03 00:00:00",,0.44999999,6.8990002,,
"SIND-025-PZ","08/19/03 00:00:00",,0.43000001,12.35,,
"SIND-040-PZ","08/22/03 00:00:00",,0.61000001,10.65,,
"SIND-006-PZ","05/28/03 00:00:00",,0.69999999,14.826,,
"SIND-008-PZ","08/19/03 00:00:00",,0.36000001,13.7,,
"SIND-009-PZ","08/19/03 00:00:00",,0.89999998,30.219999,,
"SIND-010-PZ","08/19/03 00:00:00",,0.44999999,18.405001,,
"SIND-011-PZ","08/19/03 00:00:00",,0.2,7.0999999,,
"SIND-012-PZ","08/19/03 00:00:00",,0.43000001,25.125,,
"SIND-014-PZ","08/22/03 00:00:00",,0.23999999,20.049999,,
"SIND-015-PZ","08/24/03 00:00:00",,0.75,29.094999,,
"SIND-016-PZ","08/25/03 00:00:00",,0.60000002,23.992001,,
"SIND-017-PZ","08/28/03 00:00:00",,0.75,19.645,,
"SIND-018-PZ","08/28/03 00:00:00",,0.47,10.75,,
"SIND-026-PZ","08/29/03 00:00:00",,0.34,6.8499999,,
"SIND-039-A-PZ","08/19/03 00:00:00",,0.60000002,8.6000004,,
"SIND-039-B-PZ","08/19/03 00:00:00",,0.75,6.9099998,,
"SIND-002-PZ","08/24/03 00:00:00",,0.64999998,14.55,,
"SIND-003-PZ","08/24/03 00:00:00",,0.80000001,18.299999,,
"SIND-004-A-PZ","08/21/03 00:00:00",,0.5,11.886,,
"SIND-004-B-PZ","08/21/03 00:00:00",,0.60000002,12.52,,
"SIND-004-C-PZ","08/21/03 00:00:00",,0.69999999,28.18,,
"SIND-005-PZ","08/20/03 00:00:00",,0.69999999,6.3600001,,
"SIND-028-PZ","08/21/03 00:00:00",,0.56,11.7,,
"SIND-029-PZ","08/21/03 00:00:00",,0.44999999,19.441,,
"SIND-030-PZ","08/25/03 00:00:00",,0.85000002,8.3500004,,
"SIND-031-PZ","08/21/03 00:00:00",,0.51999998,3.05,,
"SIND-032-PZ","08/21/03 00:00:00",,0.51999998,19.07,,
"SIND-033-PZ","08/21/03 00:00:00",,0.64999998,9.0649996,,
"SIND-034-PZ","08/21/03 00:00:00",,0.41999999,7.7859998,,
"SIND-019-A-PZ","05/20/03 00:00:00",,0.30000001,18.611,,
"SIND-019-B-PZ","05/20/03 00:00:00",,0.60000002,16.6,,
"SIND-019-C-PZ","05/20/03 00:00:00",,0.60000002,31.551001,,
"SIND-020-PZ","05/30/03 00:00:00",,0.47999999,32.810001,,
"SIND-021-PZ","05/30/03 00:00:00",,0.51999998,15.25,,
"SIND-022-PZ","05/22/03 00:00:00",,0.63,24.85,,
"SIND-023-PZ","08/22/03 00:00:00",,0.47,9.5,,
"SIND-024-PZ","05/25/03 00:00:00",,0.44999999,23.35,,
"SIND-027-PZ","05/20/03 00:00:00",,0.69999999,19.107,,
"SIND-035-PZ","05/21/03 00:00:00",,0.54000002,,"N.R.",
"SIND-037-PZ","05/30/03 00:00:00",,0.60000002,23.635,,
"SIND-036-PZ","05/30/03 00:00:00",,0.44999999,13.223,,
"SIND-025-PZ","05/19/03 00:00:00",,0.43000001,24.65,,
"SIND-040-PZ","05/22/03 00:00:00",,0.61000001,12.985,,
"SIND-006-PZ","08/28/03 00:00:00",,0.69999999,13.65,,
"SIND-008-PZ","05/19/03 00:00:00",,0.36000001,14.38,,
"SIND-009-PZ","05/19/03 00:00:00",,0.89999998,41.365002,,
"SIND-010-PZ","05/19/03 00:00:00",,0.44999999,24.379999,,
"SIND-011-PZ","05/19/03 00:00:00",,0.2,20.219,,
"SIND-012-PZ","05/19/03 00:00:00",,0.43000001,24.780001,,
"SIND-014-PZ","05/22/03 00:00:00",,0.23999999,25.799999,,
"SIND-015-PZ","05/24/03 00:00:00",,0.75,29.145,,
"SIND-016-PZ","05/25/03 00:00:00",,0.60000002,29.431,,
"SIND-017-PZ","05/28/03 00:00:00",,0.75,26.149,,
"SIND-026-PZ","05/29/03 00:00:00",,0.34,19.65,,
"SIND-039-A-PZ","05/19/03 00:00:00",,0.60000002,43.650002,,
"SIND-039-B-PZ","05/19/03 00:00:00",,0.75,15.9,,
"SIND-002-PZ","05/24/03 00:00:00",,0.64999998,15.9,,
"SIND-003-PZ","05/24/03 00:00:00",,0.80000001,30.9,,
"SIND-004-A-PZ","05/21/03 00:00:00",,0.5,21.25,,
"SIND-004-B-PZ","05/21/03 00:00:00",,0.60000002,41.049999,,
"SIND-004-C-PZ","05/21/03 00:00:00",,0.69999999,26.6,,
"SIND-005-PZ","05/20/03 00:00:00",,0.69999999,17.85,,
"SIND-028-PZ","05/21/03 00:00:00",,0.56,18.631001,,
"SIND-029-PZ","05/21/03 00:00:00",,0.44999999,19.943001,,
"SIND-030-PZ","05/25/03 00:00:00",,0.85000002,,"N.R.",
"SIND-031-PZ","05/21/03 00:00:00",,0.51999998,36.799999,,
"SIND-032-PZ","05/21/03 00:00:00",,0.51999998,22.6,,
"SIND-033-PZ","05/21/03 00:00:00",,0.64999998,24.85,,
"SIND-034-PZ","05/21/03 00:00:00",,0.41999999,20.993999,,
"SIND-019-A-PZ","11/07/03 00:00:00",,0.30000001,7.8109999,,
"SIND-019-B-PZ","11/07/03 00:00:00",,0.60000002,6.474,,
"SIND-019-C-PZ","11/07/03 00:00:00",,0.60000002,,"N.R. Due to heaves of honey bee",
"SIND-020-PZ","11/06/03 00:00:00",,0.47999999,14.7,"DWLR not working",
"SIND-021-PZ","11/06/03 00:00:00",,0.51999998,5.8499999,"DWLR not working",
"SIND-022-PZ","11/01/03 00:00:00",,0.63,5.0500002,"DWLR not working",
"SIND-023-PZ","11/02/03 00:00:00",,0.47,2.2,"DWLR not working",
"SIND-024-PZ","11/08/03 00:00:00",,0.44999999,7.6500001,,
"SIND-027-PZ","11/14/03 00:00:00",,0.69999999,8.5699997,,
"SIND-035-PZ","11/11/03 00:00:00",,0.54000002,5.9499998,,
"SIND-037-PZ","11/06/03 00:00:00",,0.60000002,11.871,"DWLR not working",
"SIND-036-PZ","11/06/03 00:00:00",,0.44999999,6.9299998,,
"SIND-038-PZ","11/06/03 00:00:00",,0.44999999,,"NR Bore filled up",
"SIND-025-PZ","11/12/03 00:00:00",,0.43000001,8.8500004,,
"SIND-040-PZ","11/07/03 00:00:00",,0.61000001,9.4020004,"DWLR nor working",
"SIND-006-PZ","11/10/03 00:00:00",,0.69999999,6.4120002,,
"SIND-007-PZ","11/10/03 00:00:00",,0.5,,"NR Bore filled up",
"SIND-008-PZ","11/01/03 00:00:00",,0.36000001,7.6500001,"DWLR not working",
"SIND-009-PZ","11/11/03 00:00:00",,0.89999998,13.431,,
"SIND-010-PZ","11/11/03 00:00:00",,0.44999999,18.5,"DWLR show 18.504 mts.",
"SIND-011-PZ","11/04/03 00:00:00",,0.2,3.55,"DWLr not working",
"SIND-012-PZ","11/13/03 00:00:00",,0.43000001,16.989,,
"SIND-013-PZ","11/13/03 00:00:00",,0.73000002,,"NR. Bore filled up",
"SIND-014-PZ","11/08/03 00:00:00",,0.23999999,13.7,,
"SIND-015-PZ","11/13/03 00:00:00",,0.75,11.65,"DWLR show 22.818 mts.",
"SIND-016-PZ","11/13/03 00:00:00",,0.60000002,12.942,,
"SIND-017-PZ","11/09/03 00:00:00",,0.75,11.55,"DWLR not working",
"SIND-018-PZ","11/09/03 00:00:00",,0.47,11.4,"DWLR not working",
"SIND-026-PZ","11/08/03 00:00:00",,0.34,5.5,"DWLR not working",
"SIND-039-A-PZ","11/13/03 00:00:00",,0.60000002,3.9879999,,
"SIND-039-B-PZ","11/13/03 00:00:00",,0.75,4.9499998,"DWLR not working",
"SIND-001-PZ","11/13/03 00:00:00",,0.44999999,,"NR Bore filled up",
"SIND-003-PZ","11/11/03 00:00:00",,0.80000001,18.700001,,
"SIND-004-A-PZ","11/11/03 00:00:00",,0.5,5.3499999,"DWLR show 23.423 mts.",
"SIND-004-B-PZ","11/11/03 00:00:00",,0.60000002,5.6170001,,
"SIND-004-C-PZ","11/11/03 00:00:00",,0.69999999,10.589,,
"SIND-002-PZ","11/11/03 00:00:00",,0.64999998,10.35,"DWLR not working",
"SIND-005-PZ","11/12/03 00:00:00",,0.69999999,2.75,,
"SIND-028-PZ","11/14/03 00:00:00",,0.56,9.1309996,,
"SIND-029-PZ","11/11/03 00:00:00",,0.44999999,14.558,,
"SIND-030-PZ","11/10/03 00:00:00",,0.85000002,7.1500001,,
"SIND-031-PZ","11/14/03 00:00:00",,0.51999998,15.192,,
"SIND-032-PZ","11/11/03 00:00:00",,0.51999998,10.02,,
"SIND-033-PZ","11/11/03 00:00:00",,0.64999998,10.8,"DWLR show 17.808 mts.",
"SIND-034-PZ","11/14/03 00:00:00",,0.41999999,6.7870002,,
"SIND-019-A-PZ","03/22/04 00:00:00",,0.30000001,17.069,,
"SIND-019-C-PZ","03/23/04 00:00:00",,0.60000002,23.023001,,
"SIND-020-PZ","03/21/04 00:00:00",,0.47999999,18.950001,,
"SIND-021-PZ","03/21/04 00:00:00",,0.51999998,12.85,,
"SIND-022-PZ","03/21/04 00:00:00",,0.63,14.65,,
"SIND-023-PZ","03/31/04 00:00:00",,0.47,11.9,,
"SIND-024-PZ","03/22/04 00:00:00",,0.44999999,23.1,,
"SIND-035-PZ","03/26/04 00:00:00",,0.54000002,10.55,,
"SIND-037-PZ","03/21/04 00:00:00",,0.60000002,,"N.R.",
"SIND-036-PZ","03/23/04 00:00:00",,0.44999999,,"N.R.",
"SIND-038-PZ","03/23/04 00:00:00",,0.44999999,,"N.R.",
"SIND-025-PZ","03/26/04 00:00:00",,0.43000001,15.82,,
"SIND-040-PZ","03/31/04 00:00:00",,0.61000001,10.35,,
"SIND-007-PZ","03/23/04 00:00:00",,0.5,,"N.R.",
"SIND-006-PZ","03/23/04 00:00:00",,0.69999999,13.92,,
"SIND-008-PZ","03/24/04 00:00:00",,0.36000001,13.05,,
"SIND-010-PZ","03/24/04 00:00:00",,0.44999999,,"N.R.",
"SIND-011-PZ","03/24/04 00:00:00",,0.2,13.85,,
"SIND-010-PZ","11/20/02 00:00:00",,0.44999999,12.95,,
"SIND-012-PZ","03/26/04 00:00:00",,0.43000001,24.198,,
"SIND-013-PZ","03/26/04 00:00:00",,0.73000002,,"N.R.",
"SIND-014-PZ","03/26/04 00:00:00",,0.23999999,21,,
"SIND-015-PZ","03/26/04 00:00:00",,0.75,27.719999,,
"SIND-016-PZ","03/28/04 00:00:00",,0.60000002,22.198,,
"SIND-017-PZ","03/28/04 00:00:00",,0.75,24.700001,,
"SIND-018-PZ","03/28/04 00:00:00",,0.47,15.45,,
"SIND-039-A-PZ","03/24/04 00:00:00",,0.60000002,,"N.R.",
"SIND-039-B-PZ","03/24/04 00:00:00",,0.75,12.35,,
"SIND-026-PZ","03/26/04 00:00:00",,0.34,14.05,,
"SIND-034-PZ","03/29/04 00:00:00",,0.41999999,10.349,,
"SIND-033-PZ","03/29/04 00:00:00",,0.64999998,14.394,,
"SIND-032-PZ","03/29/04 00:00:00",,0.51999998,16.934,,
"SIND-031-PZ","03/26/04 00:00:00",,0.51999998,22.747999,,
"SIND-030-PZ","03/26/04 00:00:00",,0.85000002,12.35,,
"SIND-029-PZ","03/26/04 00:00:00",,0.44999999,16.907,,
"SIND-028-PZ","03/27/04 00:00:00",,0.56,17.540001,,
"SIND-005-PZ","03/27/04 00:00:00",,0.69999999,6.3000002,,
"SIND-002-PZ","03/28/04 00:00:00",,0.64999998,12.9,,
"SIND-001-PZ","03/28/04 00:00:00",,0.44999999,,"NR Bore filled up",
"SIND-003-PZ","03/28/04 00:00:00",,0.80000001,28.5,,
"SIND-004-A-PZ","03/26/04 00:00:00",,0.5,13.05,,
"SIND-004-C-PZ","03/26/04 00:00:00",,0.69999999,22.200001,,
"SIND-019-A-PZ","01/09/04 00:00:00",,0.30000001,13.962,,
"SIND-019-B-PZ","01/09/04 00:00:00",,0.60000002,12.153,,
"SIND-019-C-PZ","01/09/04 00:00:00",,0.60000002,,"N.R.",
"SIND-020-PZ","01/06/04 00:00:00",,0.47999999,16.85,,
"SIND-021-PZ","01/06/04 00:00:00",,0.51999998,10.35,,
"SIND-022-PZ","01/03/04 00:00:00",,0.63,7.5999999,,
"SIND-024-PZ","01/03/04 00:00:00",,0.44999999,12.75,,
"SIND-027-PZ","01/12/04 00:00:00",,0.69999999,12.426,,
"SIND-035-PZ","01/10/04 00:00:00",,0.54000002,6.4499998,,
"SIND-037-PZ","01/08/04 00:00:00",,0.60000002,21.916,,
"SIND-036-PZ","01/08/04 00:00:00",,0.44999999,11.902,,
"SIND-025-PZ","01/20/04 00:00:00",,0.43000001,12.466,,
"SIND-040-PZ","01/03/04 00:00:00",,0.61000001,10.2,,
"SIND-006-PZ","01/14/04 00:00:00",,0.69999999,10.6,,
"SIND-008-PZ","01/20/04 00:00:00",,0.36000001,9.6999998,,
"SIND-009-PZ","01/20/04 00:00:00",,0.89999998,21.004999,,
"SIND-010-PZ","01/20/04 00:00:00",,0.44999999,18.504,,
"SIND-011-PZ","01/21/04 00:00:00",,0.2,12.6,,
"SIND-004-C-PZ","01/20/02 00:00:00",,0.69999999,36.400002,,
"SIND-013-PZ","11/18/08 00:00:00",,0.73000002,23.85,,
"SIND-012-PZ","01/20/04 00:00:00",,0.43000001,19.938999,,
"SIND-014-PZ","01/20/04 00:00:00",,0.23999999,20.941,,
"SIND-015-PZ","01/20/04 00:00:00",,0.75,26.454,,
"SIND-016-PZ","01/20/04 00:00:00",,0.60000002,19.884001,,
"SIND-017-PZ","01/21/04 00:00:00",,0.75,18.85,,
"SIND-039-A-PZ","01/20/04 00:00:00",,0.60000002,24.617001,,
"SIND-039-B-PZ","01/20/04 00:00:00",,0.75,11.05,,
"SIND-026-PZ","01/20/04 00:00:00",,0.34,9.75,,
"SIND-001-PZ","01/09/04 00:00:00",,0.44999999,,"NR Bore filled up",
"SIND-003-PZ","01/09/04 00:00:00",,0.80000001,28.4,,
"SIND-004-A-PZ","01/10/04 00:00:00",,0.5,10.25,,
"SIND-004-B-PZ","01/10/04 00:00:00",,0.60000002,6.0999999,,
"SIND-004-C-PZ","01/10/04 00:00:00",,0.69999999,20.173,,
"SIND-002-PZ","01/09/04 00:00:00",,0.64999998,11.15,,
"SIND-005-PZ","01/12/04 00:00:00",,0.69999999,4.9699998,,
"SIND-028-PZ","01/12/04 00:00:00",,0.56,,"N.R.",
"SIND-029-PZ","01/10/04 00:00:00",,0.44999999,15.755,,
"SIND-030-PZ","01/08/04 00:00:00",,0.85000002,7.8000002,,
"SIND-031-PZ","01/10/04 00:00:00",,0.51999998,22.747,,
"SIND-032-PZ","01/10/04 00:00:00",,0.51999998,14.763,,
"SIND-033-PZ","01/10/04 00:00:00",,0.64999998,13.714,,
"SIND-034-PZ","01/10/04 00:00:00",,0.41999999,10.988,,
"SIND-002-PZ","05/29/04 00:00:00",,0.64999998,14.5,,
"SIND-003-PZ","05/29/04 00:00:00",,0.80000001,28.25,,
"SIND-004-A-PZ","05/26/04 00:00:00",,0.5,14.15,,
"SIND-004-B-PZ","05/26/04 00:00:00",,0.60000002,29.26,,
"SIND-004-C-PZ","05/26/04 00:00:00",,0.69999999,30.055,,
"SIND-005-PZ","05/25/04 00:00:00",,0.69999999,9.3000002,,
"SIND-006-PZ","05/21/04 00:00:00",,0.69999999,14.53,,
"SIND-007-PZ","05/21/04 00:00:00",,0.5,,"defunked pz",
"SIND-008-PZ","05/24/04 00:00:00",,0.36000001,14.45,,
"SIND-009-PZ","05/31/04 00:00:00",,0.89999998,37.25,,
"SIND-010-PZ","05/31/04 00:00:00",,0.44999999,21.5,,
"SIND-011-PZ","05/24/04 00:00:00",,0.2,15.7,,
"SIND-012-PZ","05/31/04 00:00:00",,0.43000001,21.552999,,
"SIND-013-PZ","05/31/04 00:00:00",,0.73000002,,"NR",
"SIND-014-PZ","05/31/04 00:00:00",,0.23999999,22.867001,,
"SIND-015-PZ","05/31/04 00:00:00",,0.75,28.666,,
"SIND-016-PZ","05/05/04 00:00:00",,0.60000002,25.955999,,
"SIND-017-PZ","05/27/04 00:00:00",,0.75,27.549999,,
"SIND-018-PZ","05/27/04 00:00:00",,0.47,,"N R",
"SIND-019-A-PZ","05/24/04 00:00:00",,0.30000001,17.281,,
"SIND-019-B-PZ","05/24/04 00:00:00",,0.60000002,16.476,,
"SIND-019-C-PZ","05/24/04 00:00:00",,0.60000002,24.013,,
"SIND-020-PZ","05/25/04 00:00:00",,0.47999999,26.9,,
"SIND-021-PZ","05/26/04 00:00:00",,0.51999998,16.65,,
"SIND-022-PZ","05/27/04 00:00:00",,0.63,17.799999,,
"SIND-023-PZ","05/18/04 00:00:00",,0.47,13.65,,
"SIND-024-PZ","05/18/04 00:00:00",,0.44999999,25.6,,
"SIND-025-PZ","05/31/04 00:00:00",,0.43000001,17.782,,
"SIND-026-PZ","05/30/04 00:00:00",,0.34,17.35,,
"SIND-027-PZ","05/25/04 00:00:00",,0.69999999,18.864,,
"SIND-028-PZ","05/25/04 00:00:00",,0.56,18.052,,
"SIND-029-PZ","05/26/04 00:00:00",,0.44999999,18.15,,
"SIND-030-PZ","05/28/04 00:00:00",,0.85000002,14.3,,
"SIND-031-PZ","05/27/04 00:00:00",,0.51999998,36.950001,,
"SIND-032-PZ","05/26/04 00:00:00",,0.51999998,18.374001,,
"SIND-033-PZ","05/26/04 00:00:00",,0.64999998,15.19,,
"SIND-034-PZ","05/27/04 00:00:00",,0.41999999,11.824,,
"SIND-035-PZ","05/28/04 00:00:00",,0.54000002,,"N R.",
"SIND-036-PZ","05/24/04 00:00:00",,0.44999999,13.105,,
"SIND-037-PZ","05/24/04 00:00:00",,0.60000002,23.684,,
"SIND-038-PZ","05/24/04 00:00:00",,0.44999999,,"N R.",
"SIND-039-A-PZ","05/24/04 00:00:00",,0.60000002,43.599998,,
"SIND-039-B-PZ","05/24/04 00:00:00",,0.75,13.45,,
"SIND-040-PZ","05/27/04 00:00:00",,0.61000001,11.25,,
"SIND-001-PZ","06/23/04 00:00:00",,0.44999999,,"NR Bore filled up",
"SIND-002-PZ","06/23/04 00:00:00",,0.64999998,14.8,,
"SIND-003-PZ","06/23/04 00:00:00",,0.80000001,27.6,,
"SIND-004-A-PZ","06/25/04 00:00:00",,0.5,14.2,,
"SIND-004-B-PZ","06/25/04 00:00:00",,0.60000002,29.584999,,
"SIND-004-C-PZ","06/25/04 00:00:00",,0.69999999,30.056,,
"SIND-005-PZ","06/30/04 00:00:00",,0.69999999,9.9499998,,
"SIND-006-PZ","06/28/04 00:00:00",,0.69999999,14.65,,
"SIND-008-PZ","06/27/04 00:00:00",,0.36000001,14.7,,
"SIND-009-PZ","06/30/04 00:00:00",,0.89999998,37.849998,,
"SIND-010-PZ","06/27/04 00:00:00",,0.44999999,23.700001,,
"SIND-011-PZ","06/29/04 00:00:00",,0.2,16.049999,,
"SIND-012-PZ","06/28/04 00:00:00",,0.43000001,20.614,,
"SIND-014-PZ","06/28/04 00:00:00",,0.23999999,22.944,,
"SIND-015-PZ","06/28/04 00:00:00",,0.75,28.882999,,
"SIND-016-PZ","06/28/04 00:00:00",,0.60000002,28.179001,,
"SIND-017-PZ","06/26/04 00:00:00",,0.75,27.65,,
"SIND-018-PZ","06/26/04 00:00:00",,0.47,,"N R",
"SIND-019-A-PZ","06/23/04 00:00:00",,0.30000001,17.447001,,
"SIND-019-B-PZ","06/23/04 00:00:00",,0.60000002,16.577,,
"SIND-019-C-PZ","06/23/04 00:00:00",,0.60000002,24.191999,,
"SIND-020-PZ","06/18/04 00:00:00",,0.47999999,28.1,,
"SIND-021-PZ","06/18/04 00:00:00",,0.51999998,17.5,,
"SIND-022-PZ","06/17/04 00:00:00",,0.63,20.5,,
"SIND-023-PZ","06/17/04 00:00:00",,0.47,13.95,,
"SIND-024-PZ","06/18/04 00:00:00",,0.44999999,25.700001,,
"SIND-025-PZ","06/16/04 00:00:00",,0.43000001,17.743999,,
"SIND-026-PZ","06/28/04 00:00:00",,0.34,17.85,,
"SIND-027-PZ","06/28/04 00:00:00",,0.69999999,18.973,,
"SIND-028-PZ","06/26/04 00:00:00",,0.56,17.721001,,
"SIND-029-PZ","06/25/04 00:00:00",,0.44999999,18.478001,,
"SIND-030-PZ","06/24/04 00:00:00",,0.85000002,15.8,,
"SIND-031-PZ","06/26/04 00:00:00",,0.51999998,37.150002,,
"SIND-032-PZ","06/25/04 00:00:00",,0.51999998,18.527,,
"SIND-033-PZ","06/25/04 00:00:00",,0.64999998,15.87,,
"SIND-034-PZ","06/26/04 00:00:00",,0.41999999,12.147,,
"SIND-035-PZ","06/20/04 00:00:00",,0.54000002,,"NR.",
"SIND-036-PZ","06/24/04 00:00:00",,0.44999999,13.204,,
"SIND-037-PZ","06/24/04 00:00:00",,0.60000002,,"N R.",
"SIND-038-PZ","06/24/04 00:00:00",,0.44999999,,"N R.",
"SIND-039-A-PZ","06/29/04 00:00:00",,0.60000002,41.75,,
"SIND-039-B-PZ","06/29/04 00:00:00",,0.75,14.25,,
"SIND-040-PZ","06/17/04 00:00:00",,0.61000001,11.55,,
"SIND-019-A-PZ","08/12/04 00:00:00",,0.30000001,16.101,,
"SIND-019-B-PZ","08/12/04 00:00:00",,0.60000002,16.621,,
"SIND-019-C-PZ","08/12/04 00:00:00",,0.60000002,20.275,,
"SIND-020-PZ","08/14/04 00:00:00",,0.47999999,21.450001,,
"SIND-021-PZ","08/14/04 00:00:00",,0.51999998,8.6999998,,
"SIND-022-PZ","08/12/04 00:00:00",,0.63,6.8499999,,
"SIND-023-PZ","08/12/04 00:00:00",,0.47,12.25,,
"SIND-024-PZ","08/28/04 00:00:00",,0.44999999,10.15,,
"SIND-027-PZ","08/31/04 00:00:00",,0.69999999,8.5710001,,
"SIND-029-PZ","08/27/04 00:00:00",,0.44999999,15.25,,
"SIND-030-PZ","08/24/04 00:00:00",,0.85000002,4.8000002,,
"SIND-031-PZ","08/28/04 00:00:00",,0.51999998,2.322,,
"SIND-032-PZ","08/27/04 00:00:00",,0.51999998,16.023001,,
"SIND-033-PZ","08/27/04 00:00:00",,0.64999998,4.1550002,,
"SIND-034-PZ","08/28/04 00:00:00",,0.41999999,1.844,,
"SIND-035-PZ","08/18/04 00:00:00",,0.54000002,3.9000001,,
"SIND-036-PZ","08/26/04 00:00:00",,0.44999999,6.256,,
"SIND-037-PZ","08/26/04 00:00:00",,0.60000002,4.1999998,,
"SIND-039-A-PZ","08/13/04 00:00:00",,0.60000002,3.9000001,,
"SIND-014-PZ","11/18/08 00:00:00",,0.23999999,23.200001,,
"SIND-019-A-PZ","04/25/09 00:00:00",,0.30000001,23.799999,,
"SIND-019-B-PZ","04/25/09 00:00:00",,0.60000002,28,,
"SIND-039-B-PZ","08/13/04 00:00:00",,0.75,1.85,,
"SIND-040-PZ","08/12/04 00:00:00",,0.61000001,11.75,,
"SIND-025-PZ","08/20/04 00:00:00",,0.43000001,13.049,,
"SIND-006-PZ","08/22/04 00:00:00",,0.69999999,10.3,,
"SIND-008-PZ","08/28/04 00:00:00",,0.36000001,12.35,,
"SIND-010-PZ","08/13/04 00:00:00",,0.44999999,8.0500002,,
"SIND-011-PZ","08/13/04 00:00:00",,0.2,6.8000002,,
"SIND-012-PZ","08/13/04 00:00:00",,0.43000001,18.172001,,
"SIND-014-PZ","08/27/04 00:00:00",,0.23999999,22.648001,,
"SIND-015-PZ","08/27/04 00:00:00",,0.75,21.700001,,
"SIND-016-PZ","08/25/04 00:00:00",,0.60000002,19.827,,
"SIND-017-PZ","08/12/04 00:00:00",,0.75,25.5,,
"SIND-018-PZ","08/24/04 00:00:00",,0.47,14.85,,
"SIND-026-PZ","08/27/04 00:00:00",,0.34,7.6500001,,
"SIND-004-A-PZ","08/27/04 00:00:00",,0.5,7.6500001,,
"SIND-004-B-PZ","08/27/04 00:00:00",,0.60000002,7.6919999,,
"SIND-004-C-PZ","08/27/04 00:00:00",,0.69999999,14.511,,
"SIND-002-PZ","08/23/04 00:00:00",,0.64999998,11.35,,
"SIND-002-PZ","09/25/04 00:00:00",,0.64999998,11.2,,
"SIND-003-PZ","09/25/04 00:00:00",,0.80000001,10.15,,
"SIND-004-A-PZ","09/29/04 00:00:00",,0.5,5.8000002,,
"SIND-004-B-PZ","09/29/04 00:00:00",,0.60000002,5.9099998,,
"SIND-004-C-PZ","09/29/04 00:00:00",,0.69999999,7.8530002,,
"SIND-005-PZ","09/23/04 00:00:00",,0.69999999,2.4000001,,
"SIND-006-PZ","09/28/04 00:00:00",,0.69999999,4.302,,
"SIND-008-PZ","09/19/04 00:00:00",,0.36000001,10.85,,
"SIND-009-PZ","09/16/04 00:00:00",,0.89999998,12.65,,
"SIND-010-PZ","09/16/04 00:00:00",,0.44999999,2.2,,
"SIND-011-PZ","09/15/04 00:00:00",,0.2,5.6999998,,
"SIND-012-PZ","09/16/04 00:00:00",,0.43000001,11.7,,
"SIND-014-PZ","09/16/04 00:00:00",,0.23999999,10.985,,
"SIND-015-PZ","09/16/04 00:00:00",,0.75,12.05,,
"SIND-016-PZ","09/14/04 00:00:00",,0.60000002,13.164,,
"SIND-017-PZ","09/14/04 00:00:00",,0.75,15.45,,
"SIND-018-PZ","09/20/04 00:00:00",,0.47,11.85,,
"SIND-019-A-PZ","09/24/04 00:00:00",,0.30000001,8.8369999,,
"SIND-019-B-PZ","09/24/04 00:00:00",,0.60000002,8.7679996,,
"SIND-019-C-PZ","09/24/04 00:00:00",,0.60000002,8.2620001,,
"SIND-020-PZ","09/30/04 00:00:00",,0.47999999,13.45,,
"SIND-021-PZ","09/30/04 00:00:00",,0.51999998,7.4499998,,
"SIND-022-PZ","09/21/04 00:00:00",,0.63,4.3000002,,
"SIND-023-PZ","09/21/04 00:00:00",,0.47,2.6500001,,
"SIND-024-PZ","09/23/04 00:00:00",,0.44999999,7.5500002,,
"SIND-005-PZ","03/20/07 00:00:00",,0.69999999,9.0500002,,
"SIND-010-PZ","04/20/04 00:00:00",,0.44999999,18.5,,
"SIND-025-PZ","09/16/04 00:00:00",,0.43000001,8.6079998,,
"SIND-026-PZ","09/15/04 00:00:00",,0.34,2.9000001,,
"SIND-027-PZ","09/27/04 00:00:00",,0.69999999,8.5699997,,
"SIND-028-PZ","09/27/04 00:00:00",,0.56,10.515,,
"SIND-029-PZ","09/28/04 00:00:00",,0.44999999,15.1,,
"SIND-030-PZ","09/30/04 00:00:00",,0.85000002,3.3499999,,
"SIND-031-PZ","09/27/04 00:00:00",,0.51999998,2.7460001,,
"SIND-032-PZ","09/29/04 00:00:00",,0.51999998,12.255,,
"SIND-033-PZ","09/29/04 00:00:00",,0.64999998,3.05,,
"SIND-035-PZ","09/29/04 00:00:00",,0.54000002,2.7,,
"SIND-036-PZ","09/25/04 00:00:00",,0.44999999,7.6500001,,
"SIND-037-PZ","09/25/04 00:00:00",,0.60000002,2.8,,
"SIND-039-A-PZ","09/22/04 00:00:00",,0.60000002,4.3499999,,
"SIND-039-B-PZ","09/22/04 00:00:00",,0.75,2.1500001,,
"SIND-040-PZ","09/21/04 00:00:00",,0.61000001,10.35,,
"SIND-002-PZ","10/25/04 00:00:00",,0.64999998,8.8999996,,
"SIND-003-PZ","10/25/04 00:00:00",,0.80000001,10.2,,
"SIND-004-A-PZ","10/27/04 00:00:00",,0.5,5,,
"SIND-004-B-PZ","10/27/04 00:00:00",,0.60000002,5.368,,
"SIND-004-C-PZ","10/27/04 00:00:00",,0.69999999,7.8520002,,
"SIND-005-PZ","10/21/04 00:00:00",,0.69999999,2.9000001,,
"SIND-006-PZ","10/25/04 00:00:00",,0.69999999,5.6739998,,
"SIND-008-PZ","10/18/04 00:00:00",,0.36000001,7.3499999,,
"SIND-009-PZ","10/17/04 00:00:00",,0.89999998,13.95,,
"SIND-010-PZ","10/17/04 00:00:00",,0.44999999,5.3000002,,
"SIND-011-PZ","10/18/04 00:00:00",,0.2,5.0999999,,
"SIND-012-PZ","10/19/04 00:00:00",,0.43000001,11.7,,
"SIND-014-PZ","10/24/04 00:00:00",,0.23999999,10.053,,
"SIND-015-PZ","10/29/04 00:00:00",,0.75,15.55,,
"SIND-016-PZ","10/25/04 00:00:00",,0.60000002,11.184,,
"SIND-017-PZ","10/25/04 00:00:00",,0.75,16.1,,
"SIND-018-PZ","10/25/04 00:00:00",,0.47,12.65,,
"SIND-019-A-PZ","10/19/04 00:00:00",,0.30000001,8.29,,
"SIND-019-B-PZ","10/19/04 00:00:00",,0.60000002,8.1630001,,
"SIND-019-C-PZ","10/19/04 00:00:00",,0.60000002,8.2620001,,
"SIND-020-PZ","10/15/04 00:00:00",,0.47999999,12.75,,
"SIND-021-PZ","10/15/04 00:00:00",,0.51999998,7.6500001,,
"SIND-022-PZ","10/19/04 00:00:00",,0.63,4.8499999,,
"SIND-023-PZ","10/14/04 00:00:00",,0.47,3.4000001,,
"SIND-024-PZ","10/14/04 00:00:00",,0.44999999,8.3500004,,
"SIND-025-PZ","10/29/04 00:00:00",,0.43000001,7.8850002,,
"SIND-026-PZ","10/29/04 00:00:00",,0.34,3.5999999,,
"SIND-027-PZ","10/21/04 00:00:00",,0.69999999,8.5,,
"SIND-028-PZ","10/27/04 00:00:00",,0.56,9.7629995,,
"SIND-029-PZ","10/28/04 00:00:00",,0.44999999,15.25,,
"SIND-030-PZ","10/29/04 00:00:00",,0.85000002,3.95,,
"SIND-031-PZ","10/27/04 00:00:00",,0.51999998,13.566,,
"SIND-032-PZ","10/26/04 00:00:00",,0.51999998,11.952,,
"SIND-033-PZ","10/26/04 00:00:00",,0.64999998,14.97,,
"SIND-034-PZ","10/26/04 00:00:00",,0.41999999,2.2,,
"SIND-034-PZ","09/30/04 00:00:00",,0.41999999,,"N R",
"SIND-035-PZ","10/16/04 00:00:00",,0.54000002,2.9000001,,
"SIND-036-PZ","10/20/04 00:00:00",,0.44999999,7.1960001,,
"SIND-037-PZ","10/20/04 00:00:00",,0.60000002,3.4000001,,
"SIND-038-PZ","10/20/04 00:00:00",,0.44999999,,"defunked",
"SIND-039-A-PZ","10/18/04 00:00:00",,0.60000002,2.3499999,,
"SIND-039-B-PZ","10/18/04 00:00:00",,0.75,2.5999999,,
"SIND-040-PZ","10/31/04 00:00:00",,0.61000001,9.3500004,,
"SIND-002-PZ","11/22/04 00:00:00",,0.64999998,10.1,,
"SIND-003-PZ","11/22/04 00:00:00",,0.80000001,17.6,,
"SIND-004-A-PZ","11/24/04 00:00:00",,0.5,6.3499999,,
"SIND-005-PZ","11/25/04 00:00:00",,0.69999999,3.3499999,,
"SIND-006-PZ","11/27/04 00:00:00",,0.69999999,9.1000004,,
"SIND-008-PZ","11/24/04 00:00:00",,0.36000001,7.3499999,,
"SIND-009-PZ","11/25/04 00:00:00",,0.89999998,13.95,,
"SIND-010-PZ","11/25/04 00:00:00",,0.44999999,5.3000002,,
"SIND-011-PZ","11/24/04 00:00:00",,0.2,5.4499998,,
"SIND-012-PZ","11/05/04 00:00:00",,0.43000001,11.7,,
"SIND-014-PZ","11/05/04 00:00:00",,0.23999999,12.231,,
"SIND-015-PZ","11/25/04 00:00:00",,0.75,15.55,,
"SIND-016-PZ","11/05/04 00:00:00",,0.60000002,14.927,,
"SIND-017-PZ","11/28/04 00:00:00",,0.75,16.65,,
"SIND-018-PZ","11/28/04 00:00:00",,0.47,13.1,,
"SIND-019-A-PZ","11/19/04 00:00:00",,0.30000001,13.008,,
"SIND-019-B-PZ","11/19/04 00:00:00",,0.60000002,11.704,,
"SIND-019-C-PZ","11/19/04 00:00:00",,0.60000002,11.518,,
"SIND-020-PZ","11/19/04 00:00:00",,0.47999999,17.35,,
"SIND-021-PZ","11/19/04 00:00:00",,0.51999998,10.05,,
"SIND-022-PZ","11/18/04 00:00:00",,0.63,5.3000002,,
"SIND-023-PZ","11/18/04 00:00:00",,0.47,4.6500001,,
"SIND-024-PZ","11/18/04 00:00:00",,0.44999999,10.4,,
"SIND-025-PZ","11/05/04 00:00:00",,0.43000001,8.3170004,,
"SIND-026-PZ","11/25/04 00:00:00",,0.34,3.8499999,,
"SIND-027-PZ","11/23/04 00:00:00",,0.69999999,8.6499996,,
"SIND-028-PZ","11/30/04 00:00:00",,0.56,14.609,,
"SIND-029-PZ","11/24/04 00:00:00",,0.44999999,15.95,,
"SIND-030-PZ","11/23/04 00:00:00",,0.85000002,4.4499998,,
"SIND-031-PZ","11/30/04 00:00:00",,0.51999998,27.65,,
"SIND-015-PZ","11/18/08 00:00:00",,0.75,24.15,,
"SIND-016-PZ","11/30/08 00:00:00",,0.60000002,25.799999,,
"SIND-032-PZ","11/29/04 00:00:00",,0.51999998,15.5,,
"SIND-033-PZ","11/29/04 00:00:00",,0.64999998,15,,
"SIND-034-PZ","11/30/04 00:00:00",,0.41999999,5.1999998,,
"SIND-035-PZ","11/21/04 00:00:00",,0.54000002,5.8000002,,
"SIND-036-PZ","11/22/04 00:00:00",,0.44999999,10.278,,
"SIND-037-PZ","11/22/04 00:00:00",,0.60000002,3.95,,
"SIND-039-A-PZ","11/24/04 00:00:00",,0.60000002,2.5999999,,
"SIND-039-B-PZ","11/24/04 00:00:00",,0.75,2.9000001,,
"SIND-040-PZ","11/18/04 00:00:00",,0.61000001,9.3999996,,
"SIND-002-PZ","12/30/04 00:00:00",,0.64999998,11.05,,
"SIND-003-PZ","12/16/04 00:00:00",,0.80000001,22.4,,
"SIND-004-B-PZ","12/28/04 00:00:00",,0.60000002,10.41,,
"SIND-004-C-PZ","12/28/04 00:00:00",,0.69999999,10.9,,
"SIND-005-PZ","12/22/04 00:00:00",,0.69999999,4.9499998,,
"SIND-006-PZ","12/24/04 00:00:00",,0.69999999,10.89,,
"SIND-008-PZ","12/26/04 00:00:00",,0.36000001,11.8,,
"SIND-009-PZ","12/27/04 00:00:00",,0.89999998,18.65,,
"SIND-010-PZ","12/27/04 00:00:00",,0.44999999,13.05,,
"SIND-011-PZ","12/29/04 00:00:00",,0.2,11.35,,
"SIND-012-PZ","12/26/04 00:00:00",,0.43000001,16.989,,
"SIND-014-PZ","12/26/04 00:00:00",,0.23999999,20.264999,,
"SIND-015-PZ","12/28/04 00:00:00",,0.75,23.950001,,
"SIND-016-PZ","12/29/04 00:00:00",,0.60000002,19.700001,,
"SIND-017-PZ","12/30/04 00:00:00",,0.75,26.15,,
"SIND-018-PZ","12/30/04 00:00:00",,0.47,13.5,,
"SIND-019-A-PZ","12/22/04 00:00:00",,0.30000001,16.434,,
"SIND-019-B-PZ","12/22/04 00:00:00",,0.60000002,15.368,,
"SIND-019-C-PZ","12/22/04 00:00:00",,0.60000002,15.773,,
"SIND-020-PZ","12/14/04 00:00:00",,0.47999999,19.799999,,
"SIND-021-PZ","12/14/04 00:00:00",,0.51999998,10.3,,
"SIND-022-PZ","12/27/04 00:00:00",,0.63,8.75,,
"SIND-023-PZ","12/20/04 00:00:00",,0.47,8.1499996,,
"SIND-024-PZ","12/15/04 00:00:00",,0.44999999,12.95,,
"SIND-025-PZ","12/28/04 00:00:00",,0.43000001,11.313,,
"SIND-026-PZ","12/28/04 00:00:00",,0.34,10.35,,
"SIND-027-PZ","12/29/04 00:00:00",,0.69999999,13.1,,
"SIND-028-PZ","12/30/04 00:00:00",,0.56,14.85,,
"SIND-029-PZ","12/29/04 00:00:00",,0.44999999,16.1,,
"SIND-030-PZ","12/31/04 00:00:00",,0.85000002,11.4,,
"SIND-031-PZ","12/30/04 00:00:00",,0.51999998,30.85,,
"SIND-032-PZ","12/27/04 00:00:00",,0.51999998,15.85,,
"SIND-033-PZ","12/28/04 00:00:00",,0.64999998,16.969999,,
"SIND-034-PZ","12/30/04 00:00:00",,0.41999999,,"N R",
"SIND-035-PZ","12/28/04 00:00:00",,0.54000002,7.6500001,,
"SIND-006-PZ","11/20/02 00:00:00",,0.69999999,12.71,,
"SIND-036-PZ","12/31/04 00:00:00",,0.44999999,12.327,,
"SIND-037-PZ","12/31/04 00:00:00",,0.60000002,7.1999998,,
"SIND-039-A-PZ","12/27/04 00:00:00",,0.60000002,10.55,,
"SIND-039-B-PZ","12/27/04 00:00:00",,0.75,10.1,,
"SIND-040-PZ","12/15/04 00:00:00",,0.61000001,8.8500004,,
"SIND-002-PZ","01/28/05 00:00:00",,0.64999998,11.55,,
"SIND-003-PZ","01/28/05 00:00:00",,0.80000001,26.9,,
"SIND-004-A-PZ","01/29/05 00:00:00",,0.5,12.85,,
"SIND-004-B-PZ","01/29/05 00:00:00",,0.60000002,13.06,,
"SIND-004-C-PZ","01/29/05 00:00:00",,0.69999999,14.45,,
"SIND-005-PZ","01/28/05 00:00:00",,0.69999999,5.3499999,,
"SIND-006-PZ","01/28/05 00:00:00",,0.69999999,12.805,,
"SIND-008-PZ","01/29/05 00:00:00",,0.36000001,13.5,,
"SIND-009-PZ","01/29/05 00:00:00",,0.89999998,22.65,,
"SIND-010-PZ","01/29/05 00:00:00",,0.44999999,15.9,,
"SIND-011-PZ","01/29/05 00:00:00",,0.2,12.55,,
"SIND-012-PZ","01/29/05 00:00:00",,0.43000001,18.167999,,
"SIND-014-PZ","01/11/05 00:00:00",,0.23999999,21.597,,
"SIND-015-PZ","01/29/05 00:00:00",,0.75,27.5,,
"SIND-016-PZ","01/18/05 00:00:00",,0.60000002,21.35,,
"SIND-017-PZ","01/18/05 00:00:00",,0.75,28.700001,,
"SIND-018-PZ","01/18/05 00:00:00",,0.47,16.049999,,
"SIND-019-A-PZ","01/26/05 00:00:00",,0.30000001,16.996,,
"SIND-019-B-PZ","01/26/05 00:00:00",,0.60000002,16.528999,,
"SIND-019-C-PZ","01/26/05 00:00:00",,0.60000002,21.855,,
"SIND-020-PZ","01/20/05 00:00:00",,0.47999999,20.65,,
"SIND-021-PZ","01/20/05 00:00:00",,0.51999998,11.5,,
"SIND-022-PZ","01/20/05 00:00:00",,0.63,9.5500002,,
"SIND-023-PZ","01/24/05 00:00:00",,0.47,9.6999998,,
"SIND-024-PZ","01/24/05 00:00:00",,0.44999999,14.95,,
"SIND-025-PZ","01/11/05 00:00:00",,0.43000001,12.261,,
"SIND-026-PZ","01/29/05 00:00:00",,0.34,12.6,,
"SIND-027-PZ","01/13/05 00:00:00",,0.69999999,14.15,,
"SIND-028-PZ","01/28/05 00:00:00",,0.56,18.594,,
"SIND-029-PZ","01/31/05 00:00:00",,0.44999999,16.950001,,
"SIND-030-PZ","01/22/05 00:00:00",,0.85000002,13.65,,
"SIND-031-PZ","01/29/05 00:00:00",,0.51999998,36.200001,,
"SIND-032-PZ","01/31/05 00:00:00",,0.51999998,17.75,,
"SIND-033-PZ","01/31/05 00:00:00",,0.64999998,20.9,,
"SIND-034-PZ","01/22/05 00:00:00",,0.41999999,,"N R",
"SIND-035-PZ","01/25/05 00:00:00",,0.54000002,8.8500004,,
"SIND-036-PZ","01/14/05 00:00:00",,0.44999999,12.563,,
"SIND-037-PZ","01/14/05 00:00:00",,0.60000002,18.049999,,
"SIND-039-A-PZ","01/29/05 00:00:00",,0.60000002,14.1,,
"SIND-039-B-PZ","01/29/05 00:00:00",,0.75,10.95,,
"SIND-040-PZ","01/24/05 00:00:00",,0.61000001,8.9499998,,
"SIND-002-PZ","02/20/05 00:00:00",,0.64999998,12.45,,
"SIND-003-PZ","02/23/05 00:00:00",,0.80000001,28.200001,,
"SIND-004-A-PZ","02/21/05 00:00:00",,0.5,13.35,,
"SIND-004-B-PZ","02/21/05 00:00:00",,0.60000002,17.957001,,
"SIND-004-C-PZ","02/21/05 00:00:00",,0.69999999,15.85,,
"SIND-005-PZ","02/28/05 00:00:00",,0.69999999,6.6999998,,
"SIND-006-PZ","02/23/05 00:00:00",,0.69999999,13.219,,
"SIND-008-PZ","02/26/05 00:00:00",,0.36000001,13.85,,
"SIND-009-PZ","02/26/05 00:00:00",,0.89999998,23.700001,,
"SIND-010-PZ","02/26/05 00:00:00",,0.44999999,16.700001,,
"SIND-011-PZ","02/26/05 00:00:00",,0.2,13.2,,
"SIND-012-PZ","02/28/05 00:00:00",,0.43000001,20.538,,
"SIND-014-PZ","02/28/05 00:00:00",,0.23999999,21.799999,,
"SIND-015-PZ","02/28/05 00:00:00",,0.75,28.700001,,
"SIND-016-PZ","02/27/05 00:00:00",,0.60000002,22.15,,
"SIND-017-PZ","02/27/05 00:00:00",,0.75,28.950001,,
"SIND-019-A-PZ","02/17/05 00:00:00",,0.30000001,17.058001,,
"SIND-019-B-PZ","02/17/05 00:00:00",,0.60000002,16.672001,,
"SIND-019-C-PZ","02/17/05 00:00:00",,0.60000002,23.183001,,
"SIND-020-PZ","02/16/05 00:00:00",,0.47999999,20.950001,,
"SIND-021-PZ","02/16/05 00:00:00",,0.51999998,13.8,,
"SIND-022-PZ","02/17/05 00:00:00",,0.63,11.65,,
"SIND-023-PZ","02/21/05 00:00:00",,0.47,12.35,,
"SIND-024-PZ","02/21/05 00:00:00",,0.44999999,15.1,,
"SIND-025-PZ","02/19/05 00:00:00",,0.43000001,15.2,,
"SIND-026-PZ","02/28/05 00:00:00",,0.34,12.7,,
"SIND-027-PZ","02/19/05 00:00:00",,0.69999999,15.2,,
"SIND-028-PZ","02/22/05 00:00:00",,0.56,18.738001,,
"SIND-029-PZ","02/21/05 00:00:00",,0.44999999,17.6,,
"SIND-030-PZ","02/20/05 00:00:00",,0.85000002,14.35,,
"SIND-031-PZ","02/22/05 00:00:00",,0.51999998,36.950001,,
"SIND-032-PZ","02/23/05 00:00:00",,0.51999998,18.35,,
"SIND-035-PZ","02/28/05 00:00:00",,0.54000002,9,,
"SIND-036-PZ","02/18/05 00:00:00",,0.44999999,12.904,,
"SIND-037-PZ","02/18/05 00:00:00",,0.60000002,23.4,,
"SIND-039-A-PZ","02/26/05 00:00:00",,0.60000002,18.950001,,
"SIND-039-B-PZ","02/26/05 00:00:00",,0.75,11.65,,
"SIND-040-PZ","02/21/05 00:00:00",,0.61000001,9,,
"SIND-002-PZ","03/22/05 00:00:00",,0.64999998,12.9,,
"SIND-003-PZ","03/22/05 00:00:00",,0.80000001,28.200001,,
"SIND-004-B-PZ","03/24/05 00:00:00",,0.60000002,20.066,,
"SIND-004-C-PZ","03/24/05 00:00:00",,0.69999999,18.25,,
"SIND-034-PZ","11/20/00 00:00:00",,0.41999999,14.8,,
"SIND-006-PZ","04/20/04 00:00:00",,0.69999999,14.41,,
"SIND-005-PZ","03/18/05 00:00:00",,0.69999999,8.3500004,,
"SIND-006-PZ","03/23/05 00:00:00",,0.69999999,13.25,,
"SIND-008-PZ","03/28/05 00:00:00",,0.36000001,14.1,,
"SIND-009-PZ","03/24/05 00:00:00",,0.89999998,24.299999,,
"SIND-010-PZ","03/24/05 00:00:00",,0.44999999,20.700001,,
"SIND-011-PZ","03/28/05 00:00:00",,0.2,13.85,,
"SIND-012-PZ","03/17/05 00:00:00",,0.43000001,21.639,,
"SIND-014-PZ","03/09/05 00:00:00",,0.23999999,22.25,,
"SIND-015-PZ","03/23/05 00:00:00",,0.75,29.6,,
"SIND-016-PZ","03/29/05 00:00:00",,0.60000002,24.1,,
"SIND-017-PZ","03/29/05 00:00:00",,0.75,29.049999,,
"SIND-019-A-PZ","03/22/05 00:00:00",,0.30000001,17.281,,
"SIND-019-B-PZ","03/22/05 00:00:00",,0.60000002,16.754999,,
"SIND-019-C-PZ","03/22/05 00:00:00",,0.60000002,24.281,,
"SIND-020-PZ","03/17/05 00:00:00",,0.47999999,24.85,,
"SIND-021-PZ","03/17/05 00:00:00",,0.51999998,14.15,,
"SIND-022-PZ","03/28/05 00:00:00",,0.63,12.85,,
"SIND-023-PZ","03/28/05 00:00:00",,0.47,13.1,,
"SIND-024-PZ","03/28/05 00:00:00",,0.44999999,16.15,,
"SIND-025-PZ","03/09/05 00:00:00",,0.43000001,15.467,,
"SIND-026-PZ","03/23/05 00:00:00",,0.34,12.9,,
"SIND-027-PZ","03/18/05 00:00:00",,0.69999999,17.854,,
"SIND-028-PZ","03/31/05 00:00:00",,0.56,18.378,,
"SIND-029-PZ","03/23/05 00:00:00",,0.44999999,18.450001,,
"SIND-030-PZ","03/29/05 00:00:00",,0.85000002,15.85,,
"SIND-031-PZ","03/31/05 00:00:00",,0.51999998,37,,
"SIND-032-PZ","03/23/05 00:00:00",,0.51999998,20.450001,,
"SIND-033-PZ","03/24/05 00:00:00",,0.64999998,23.4,,
"SIND-035-PZ","03/25/05 00:00:00",,0.54000002,10.15,,
"SIND-036-PZ","03/20/05 00:00:00",,0.44999999,13.109,,
"SIND-037-PZ","03/20/05 00:00:00",,0.60000002,24.6,,
"SIND-039-A-PZ","03/28/05 00:00:00",,0.60000002,31.35,,
"SIND-039-B-PZ","03/28/05 00:00:00",,0.75,12.05,,
"SIND-040-PZ","03/27/05 00:00:00",,0.61000001,11,,
"SIND-002-PZ","05/26/05 00:00:00",,0.64999998,13.35,,
"SIND-002-PZ","04/26/05 00:00:00",,0.64999998,13.25,,
"SIND-003-PZ","04/26/05 00:00:00",,0.80000001,29.1,,
"SIND-003-PZ","05/24/05 00:00:00",,0.80000001,29.4,,
"SIND-004-A-PZ","04/29/05 00:00:00",,0.5,16.049999,,
"SIND-004-A-PZ","05/25/05 00:00:00",,0.5,16.15,,
"SIND-004-B-PZ","04/29/05 00:00:00",,0.60000002,24.489,,
"SIND-004-B-PZ","05/25/05 00:00:00",,0.60000002,26.018999,,
"SIND-004-C-PZ","04/29/05 00:00:00",,0.69999999,22.200001,,
"SIND-004-C-PZ","05/25/05 00:00:00",,0.69999999,22.25,,
"SIND-005-PZ","04/28/05 00:00:00",,0.69999999,9.1499996,,
"SIND-005-PZ","05/27/05 00:00:00",,0.69999999,10.3,,
"SIND-006-PZ","04/25/05 00:00:00",,0.69999999,13.628,,
"SIND-006-PZ","05/24/05 00:00:00",,0.69999999,13.593,,
"SIND-008-PZ","05/20/05 00:00:00",,0.36000001,14.7,,
"SIND-008-PZ","04/28/05 00:00:00",,0.36000001,14.65,,
"SIND-009-PZ","04/27/05 00:00:00",,0.89999998,25.450001,,
"SIND-009-PZ","05/29/05 00:00:00",,0.89999998,29.35,,
"SIND-010-PZ","04/27/05 00:00:00",,0.44999999,25.200001,,
"SIND-010-PZ","05/29/05 00:00:00",,0.44999999,26.049999,,
"SIND-011-PZ","04/27/05 00:00:00",,0.2,14.8,,
"SIND-011-PZ","05/20/05 00:00:00",,0.2,15.85,,
"SIND-012-PZ","04/07/05 00:00:00",,0.43000001,22.159,,
"SIND-012-PZ","05/17/05 00:00:00",,0.43000001,22.108,,
"SIND-014-PZ","05/17/05 00:00:00",,0.23999999,22.951,,
"SIND-014-PZ","04/07/05 00:00:00",,0.23999999,22.6,,
"SIND-015-PZ","04/28/05 00:00:00",,0.75,29.9,,
"SIND-015-PZ","05/27/05 00:00:00",,0.75,30.450001,,
"SIND-016-PZ","05/24/05 00:00:00",,0.60000002,29.450001,,
"SIND-016-PZ","04/29/05 00:00:00",,0.60000002,27.15,,
"SIND-017-PZ","04/29/05 00:00:00",,0.75,28.65,,
"SIND-017-PZ","05/26/05 00:00:00",,0.75,28.700001,,
"SIND-019-A-PZ","04/21/05 00:00:00",,0.30000001,17.521999,,
"SIND-019-A-PZ","05/18/05 00:00:00",,0.30000001,17.672001,,
"SIND-019-B-PZ","04/21/05 00:00:00",,0.60000002,16.754999,,
"SIND-019-B-PZ","05/18/05 00:00:00",,0.60000002,16.653,,
"SIND-019-C-PZ","05/18/05 00:00:00",,0.60000002,24.962,,
"SIND-019-C-PZ","04/21/05 00:00:00",,0.60000002,24.511999,,
"SIND-020-PZ","04/20/05 00:00:00",,0.47999999,25.65,,
"SIND-020-PZ","05/17/05 00:00:00",,0.47999999,28.65,,
"SIND-021-PZ","04/20/05 00:00:00",,0.51999998,14.55,,
"SIND-021-PZ","05/17/05 00:00:00",,0.51999998,14.85,,
"SIND-022-PZ","05/17/05 00:00:00",,0.63,23.65,,
"SIND-022-PZ","04/20/05 00:00:00",,0.63,14.95,,
"SIND-023-PZ","04/22/05 00:00:00",,0.47,13.8,,
"SIND-023-PZ","05/19/05 00:00:00",,0.47,14.2,,
"SIND-024-PZ","04/22/05 00:00:00",,0.44999999,18.950001,,
"SIND-024-PZ","05/19/05 00:00:00",,0.44999999,20.5,,
"SIND-025-PZ","04/16/05 00:00:00",,0.43000001,16.605,,
"SIND-025-PZ","05/17/05 00:00:00",,0.43000001,16.91,,
"SIND-026-PZ","05/27/05 00:00:00",,0.34,15.65,,
"SIND-026-PZ","04/28/05 00:00:00",,0.34,13.2,,
"SIND-027-PZ","04/28/05 00:00:00",,0.69999999,18.933001,,
"SIND-027-PZ","05/27/05 00:00:00",,0.69999999,19.086,,
"SIND-028-PZ","05/26/05 00:00:00",,0.56,18.608,,
"SIND-029-PZ","04/27/05 00:00:00",,0.44999999,18.85,,
"SIND-029-PZ","11/20/02 00:00:00",,0.44999999,19.469999,,
"SIND-025-PZ","06/23/05 00:00:00",,0.43000001,16.943001,,
"SIND-026-PZ","06/29/05 00:00:00",,0.34,15.85,,
"SIND-027-PZ","06/21/05 00:00:00",,0.69999999,19.167999,,
"SIND-028-PZ","06/21/05 00:00:00",,0.56,18.813999,,
"SIND-029-PZ","06/25/05 00:00:00",,0.44999999,19.450001,,
"SIND-031-PZ","06/28/05 00:00:00",,0.51999998,37.25,,
"SIND-032-PZ","06/23/05 00:00:00",,0.51999998,21.85,,
"SIND-033-PZ","06/22/05 00:00:00",,0.64999998,24,,
"SIND-034-PZ","06/27/05 00:00:00",,0.41999999,,"N R",
"SIND-035-PZ","06/22/05 00:00:00",,0.54000002,14,,
"SIND-036-PZ","06/17/05 00:00:00",,0.44999999,13.558,,
"SIND-037-PZ","06/17/05 00:00:00",,0.60000002,27,,
"SIND-039-A-PZ","06/25/05 00:00:00",,0.60000002,42.900002,,
"SIND-039-B-PZ","06/25/05 00:00:00",,0.75,14,,
"SIND-040-PZ","06/24/05 00:00:00",,0.61000001,13.5,,
"SIND-002-PZ","07/25/05 00:00:00",,0.64999998,13.6,,
"SIND-003-PZ","07/25/05 00:00:00",,0.80000001,26.1,,
"SIND-004-A-PZ","07/26/05 00:00:00",,0.5,14.2,,
"SIND-004-B-PZ","07/26/05 00:00:00",,0.60000002,25.639,,
"SIND-004-C-PZ","07/26/05 00:00:00",,0.69999999,21.950001,,
"SIND-005-PZ","07/29/05 00:00:00",,0.69999999,8.8999996,,
"SIND-006-PZ","07/29/05 00:00:00",,0.69999999,14.195,,
"SIND-008-PZ","07/26/05 00:00:00",,0.36000001,14.65,,
"SIND-009-PZ","07/26/05 00:00:00",,0.89999998,34.099998,,
"SIND-010-PZ","07/26/05 00:00:00",,0.44999999,25.950001,,
"SIND-011-PZ","07/25/05 00:00:00",,0.2,20.700001,,
"SIND-012-PZ","07/25/05 00:00:00",,0.43000001,19.413,,
"SIND-014-PZ","07/28/05 00:00:00",,0.23999999,23.021999,,
"SIND-015-PZ","07/23/05 00:00:00",,0.75,29.799999,,
"SIND-016-PZ","07/27/05 00:00:00",,0.60000002,28.85,,
"SIND-017-PZ","07/27/05 00:00:00",,0.75,26.4,,
"SIND-018-PZ","07/27/05 00:00:00",,0.47,15.9,,
"SIND-019-A-PZ","07/29/05 00:00:00",,0.30000001,17.538,,
"SIND-019-B-PZ","07/29/05 00:00:00",,0.60000002,17.569,,
"SIND-019-C-PZ","07/29/05 00:00:00",,0.60000002,25.781,,
"SIND-020-PZ","07/29/05 00:00:00",,0.47999999,28.65,,
"SIND-021-PZ","07/19/05 00:00:00",,0.51999998,14.85,,
"SIND-022-PZ","07/21/05 00:00:00",,0.63,21.35,,
"SIND-023-PZ","07/18/05 00:00:00",,0.47,19.85,,
"SIND-024-PZ","07/18/05 00:00:00",,0.44999999,19.950001,,
"SIND-025-PZ","07/31/05 00:00:00",,0.43000001,15.03,,
"SIND-026-PZ","07/28/05 00:00:00",,0.34,14.3,,
"SIND-027-PZ","07/30/05 00:00:00",,0.69999999,18.108999,,
"SIND-028-PZ","07/30/05 00:00:00",,0.56,15.511,,
"SIND-030-PZ","08/28/08 00:00:00",,0.85000002,8.6499996,,
"SIND-029-PZ","07/27/05 00:00:00",,0.44999999,19.5,,
"SIND-030-PZ","07/27/05 00:00:00",,0.85000002,16.450001,,
"SIND-032-PZ","07/27/05 00:00:00",,0.51999998,22.6,,
"SIND-033-PZ","07/26/05 00:00:00",,0.64999998,11.53,,
"SIND-034-PZ","07/27/05 00:00:00",,0.41999999,,"NR.",
"SIND-035-PZ","07/26/05 00:00:00",,0.54000002,11.15,,
"SIND-036-PZ","07/23/05 00:00:00",,0.44999999,13.592,,
"SIND-037-PZ","07/23/05 00:00:00",,0.60000002,22.9,,
"SIND-039-A-PZ","07/25/05 00:00:00",,0.60000002,40.650002,,
"SIND-039-B-PZ","07/25/05 00:00:00",,0.75,12.05,,
"SIND-040-PZ","07/18/05 00:00:00",,0.61000001,11.6,,
"SIND-001-PZ","08/22/05 00:00:00",,0.44999999,,"NR Bore filled up",
"SIND-002-PZ","08/22/05 00:00:00",,0.64999998,13.1,,
"SIND-003-PZ","08/22/05 00:00:00",,0.80000001,24.65,,
"SIND-004-A-PZ","08/31/05 00:00:00",,0.5,13.95,,
"SIND-004-B-PZ","08/31/05 00:00:00",,0.60000002,22.797001,,
"SIND-004-C-PZ","08/31/05 00:00:00",,0.69999999,20.299999,,
"SIND-005-PZ","08/26/05 00:00:00",,0.69999999,7.6999998,,
"SIND-006-PZ","08/30/05 00:00:00",,0.69999999,14.062,,
"SIND-008-PZ","08/20/05 00:00:00",,0.36000001,14.4,,
"SIND-009-PZ","08/20/05 00:00:00",,0.89999998,29.5,,
"SIND-011-PZ","08/22/05 00:00:00",,0.2,14.3,,
"SIND-012-PZ","08/26/05 00:00:00",,0.43000001,18.726,,
"SIND-014-PZ","08/16/05 00:00:00",,0.23999999,19.75,,
"SIND-015-PZ","08/17/05 00:00:00",,0.75,26.65,,
"SIND-016-PZ","08/24/05 00:00:00",,0.60000002,24.4,,
"SIND-017-PZ","08/24/05 00:00:00",,0.75,25.1,,
"SIND-018-PZ","08/24/05 00:00:00",,0.47,14.2,,
"SIND-019-A-PZ","08/24/05 00:00:00",,0.30000001,16.246,,
"SIND-019-B-PZ","08/24/05 00:00:00",,0.60000002,16.231001,,
"SIND-019-C-PZ","08/24/05 00:00:00",,0.60000002,18.85,,
"SIND-020-PZ","08/20/05 00:00:00",,0.47999999,19.200001,,
"SIND-021-PZ","08/20/05 00:00:00",,0.51999998,12.3,,
"SIND-022-PZ","08/22/05 00:00:00",,0.63,10.05,,
"SIND-023-PZ","08/21/05 00:00:00",,0.47,13.35,,
"SIND-024-PZ","08/21/05 00:00:00",,0.44999999,13.8,,
"SIND-025-PZ","08/16/05 00:00:00",,0.43000001,14.265,,
"SIND-026-PZ","08/17/05 00:00:00",,0.34,12.95,,
"SIND-027-PZ","08/27/05 00:00:00",,0.69999999,15.75,,
"SIND-028-PZ","08/31/05 00:00:00",,0.56,17.343,,
"SIND-029-PZ","08/29/05 00:00:00",,0.44999999,19.5,,
"SIND-030-PZ","08/17/05 00:00:00",,0.85000002,13.15,,
"SIND-031-PZ","08/23/05 00:00:00",,0.51999998,26.299999,,
"SIND-032-PZ","08/31/05 00:00:00",,0.51999998,20.700001,,
"SIND-033-PZ","08/31/05 00:00:00",,0.64999998,15.55,,
"SIND-034-PZ","08/16/05 00:00:00",,0.41999999,,"N R.",
"SIND-035-PZ","08/18/05 00:00:00",,0.54000002,10.2,,
"SIND-036-PZ","08/23/05 00:00:00",,0.44999999,11.207,,
"SIND-037-PZ","08/23/05 00:00:00",,0.60000002,17.950001,,
"SIND-039-A-PZ","08/22/05 00:00:00",,0.60000002,27.5,,
"SIND-039-B-PZ","08/22/05 00:00:00",,0.75,8.5,,
"SIND-040-PZ","08/21/05 00:00:00",,0.61000001,11.3,,
"SIND-002-PZ","09/22/05 00:00:00",,0.64999998,12.9,,
"SIND-003-PZ","09/22/05 00:00:00",,0.80000001,17.35,,
"SIND-004-A-PZ","09/26/05 00:00:00",,0.5,13.65,,
"SIND-004-B-PZ","09/23/05 00:00:00",,0.60000002,18.656,,
"SIND-004-C-PZ","09/23/05 00:00:00",,0.69999999,18.4,,
"SIND-005-PZ","09/21/05 00:00:00",,0.69999999,6.3000002,,
"SIND-006-PZ","09/22/05 00:00:00",,0.69999999,10.338,,
"SIND-008-PZ","09/29/05 00:00:00",,0.36000001,11.35,,
"SIND-009-PZ","09/25/05 00:00:00",,0.89999998,20,,
"SIND-010-PZ","09/25/05 00:00:00",,0.44999999,13.55,,
"SIND-011-PZ","09/25/05 00:00:00",,0.2,7.6500001,,
"SIND-012-PZ","09/29/05 00:00:00",,0.43000001,18.391001,,
"SIND-014-PZ","09/29/05 00:00:00",,0.23999999,20.1,,
"SIND-015-PZ","09/29/05 00:00:00",,0.75,17.049999,,
"SIND-016-PZ","09/30/05 00:00:00",,0.60000002,20.75,,
"SIND-017-PZ","09/30/05 00:00:00",,0.75,20.049999,,
"SIND-018-PZ","09/30/05 00:00:00",,0.47,13.7,,
"SIND-019-A-PZ","09/23/05 00:00:00",,0.30000001,15.072,,
"SIND-019-B-PZ","09/23/05 00:00:00",,0.60000002,15.55,,
"SIND-019-C-PZ","09/23/05 00:00:00",,0.60000002,16.1,,
"SIND-020-PZ","09/26/05 00:00:00",,0.47999999,18.85,,
"SIND-021-PZ","09/26/05 00:00:00",,0.51999998,11.75,,
"SIND-022-PZ","09/26/05 00:00:00",,0.63,5.8000002,,
"SIND-023-PZ","09/27/05 00:00:00",,0.47,9.0500002,,
"SIND-024-PZ","09/27/05 00:00:00",,0.44999999,9.8000002,,
"SIND-025-PZ","09/29/05 00:00:00",,0.43000001,11.113,,
"SIND-026-PZ","09/29/05 00:00:00",,0.34,4.3499999,,
"SIND-027-PZ","09/25/05 00:00:00",,0.69999999,11.5,,
"SIND-028-PZ","09/03/05 00:00:00",,0.56,17.243,,
"SIND-029-PZ","09/29/05 00:00:00",,0.44999999,18.65,,
"SIND-030-PZ","09/26/05 00:00:00",,0.85000002,6.9499998,,
"SIND-031-PZ","09/27/05 00:00:00",,0.51999998,14.25,,
"SIND-032-PZ","09/24/05 00:00:00",,0.51999998,19.200001,,
"SIND-033-PZ","09/24/05 00:00:00",,0.64999998,7.75,,
"SIND-035-PZ","09/29/05 00:00:00",,0.54000002,6.6500001,,
"SIND-036-PZ","09/28/05 00:00:00",,0.44999999,8.1490002,,
"SIND-037-PZ","09/28/05 00:00:00",,0.60000002,4.9499998,,
"SIND-039-A-PZ","09/25/05 00:00:00",,0.60000002,9.3999996,,
"SIND-039-B-PZ","09/25/05 00:00:00",,0.75,7.25,,
"SIND-040-PZ","09/27/05 00:00:00",,0.61000001,11.15,,
"SIND-001-PZ","10/28/05 00:00:00",,0.44999999,,"NR Bore filled up",
"SIND-002-PZ","10/24/05 00:00:00",,0.64999998,12.95,,
"SIND-003-PZ","10/24/05 00:00:00",,0.80000001,17.6,,
"SIND-004-A-PZ","10/25/05 00:00:00",,0.5,13.5,,
"SIND-004-B-PZ","10/25/05 00:00:00",,0.60000002,18.341999,,
"SIND-004-C-PZ","10/25/05 00:00:00",,0.69999999,16.950001,,
"SIND-005-PZ","10/22/05 00:00:00",,0.69999999,6.3499999,,
"SIND-006-PZ","10/28/05 00:00:00",,0.69999999,10.364,,
"SIND-008-PZ","10/26/05 00:00:00",,0.36000001,11.5,,
"SIND-009-PZ","10/21/05 00:00:00",,0.89999998,18,,
"SIND-010-PZ","10/26/05 00:00:00",,0.44999999,13.7,,
"SIND-011-PZ","10/25/05 00:00:00",,0.2,7.8499999,,
"SIND-012-PZ","10/21/05 00:00:00",,0.43000001,18.028999,,
"SIND-014-PZ","10/21/05 00:00:00",,0.23999999,20.5,,
"SIND-015-PZ","10/27/05 00:00:00",,0.75,17.9,,
"SIND-016-PZ","10/24/05 00:00:00",,0.60000002,21.049999,,
"SIND-017-PZ","10/24/05 00:00:00",,0.75,20.299999,,
"SIND-018-PZ","10/24/05 00:00:00",,0.47,13.85,,
"SIND-019-A-PZ","10/19/05 00:00:00",,0.30000001,14.421,,
"SIND-019-B-PZ","10/19/05 00:00:00",,0.60000002,14.426,,
"SIND-019-C-PZ","10/19/05 00:00:00",,0.60000002,14.7,,
"SIND-020-PZ","10/20/05 00:00:00",,0.47999999,19.15,,
"SIND-021-PZ","10/20/05 00:00:00",,0.51999998,11.9,,
"SIND-022-PZ","10/20/05 00:00:00",,0.63,6.0500002,,
"SIND-023-PZ","10/17/05 00:00:00",,0.47,9.6000004,,
"SIND-024-PZ","10/17/05 00:00:00",,0.44999999,10.05,,
"SIND-025-PZ","10/21/05 00:00:00",,0.43000001,11.402,,
"SIND-026-PZ","10/27/05 00:00:00",,0.34,4.5,,
"SIND-027-PZ","10/26/05 00:00:00",,0.69999999,11.75,,
"SIND-028-PZ","10/20/05 00:00:00",,0.56,15.285,,
"SIND-029-PZ","10/26/05 00:00:00",,0.44999999,19.200001,,
"SIND-030-PZ","10/29/05 00:00:00",,0.85000002,7.1500001,,
"SIND-031-PZ","10/29/05 00:00:00",,0.51999998,14.53,,
"SIND-032-PZ","10/26/05 00:00:00",,0.51999998,19.25,,
"SIND-033-PZ","10/25/05 00:00:00",,0.64999998,18.639999,,
"SIND-035-PZ","10/24/05 00:00:00",,0.54000002,7.1500001,,
"SIND-036-PZ","10/18/05 00:00:00",,0.44999999,8.9460001,,
"SIND-037-PZ","10/18/05 00:00:00",,0.60000002,5.0500002,,
"SIND-039-A-PZ","10/25/05 00:00:00",,0.60000002,9.4499998,,
"SIND-039-B-PZ","10/25/05 00:00:00",,0.75,7.3499999,,
"SIND-040-PZ","10/17/05 00:00:00",,0.61000001,10.95,,
"SIND-002-PZ","11/18/05 00:00:00",,0.64999998,13.35,,
"SIND-003-PZ","11/29/05 00:00:00",,0.80000001,17.9,,
"SIND-004-A-PZ","11/22/05 00:00:00",,0.5,13.7,,
"SIND-004-B-PZ","11/22/05 00:00:00",,0.60000002,19.629,,
"SIND-004-C-PZ","11/22/05 00:00:00",,0.69999999,19.85,,
"SIND-005-PZ","11/29/05 00:00:00",,0.69999999,7.0500002,,
"SIND-006-PZ","11/25/05 00:00:00",,0.69999999,10.87,,
"SIND-008-PZ","11/25/05 00:00:00",,0.36000001,12.9,,
"SIND-009-PZ","11/25/05 00:00:00",,0.89999998,15,,
"SIND-010-PZ","11/25/05 00:00:00",,0.44999999,14.95,,
"SIND-011-PZ","11/23/05 00:00:00",,0.2,11.8,,
"SIND-012-PZ","11/27/05 00:00:00",,0.43000001,18.735001,,
"SIND-014-PZ","11/27/05 00:00:00",,0.23999999,20.799999,,
"SIND-015-PZ","11/29/05 00:00:00",,0.75,23.700001,,
"SIND-016-PZ","11/30/05 00:00:00",,0.60000002,24.65,,
"SIND-018-PZ","11/30/05 00:00:00",,0.47,15.1,,
"SIND-019-A-PZ","11/24/05 00:00:00",,0.30000001,17.013,,
"SIND-019-B-PZ","11/24/05 00:00:00",,0.60000002,15.63,,
"SIND-019-C-PZ","11/24/05 00:00:00",,0.60000002,20.950001,,
"SIND-020-PZ","11/18/05 00:00:00",,0.47999999,19.35,,
"SIND-021-PZ","11/18/05 00:00:00",,0.51999998,13.9,,
"SIND-022-PZ","11/18/05 00:00:00",,0.63,7.6500001,,
"SIND-023-PZ","11/21/05 00:00:00",,0.47,12.2,,
"SIND-024-PZ","11/21/05 00:00:00",,0.44999999,13.9,,
"SIND-025-PZ","11/29/05 00:00:00",,0.43000001,12.894,,
"SIND-026-PZ","11/29/05 00:00:00",,0.34,9.5500002,,
"SIND-027-PZ","11/23/05 00:00:00",,0.69999999,16.76,,
"SIND-028-PZ","11/23/05 00:00:00",,0.56,15.763,,
"SIND-029-PZ","11/24/05 00:00:00",,0.44999999,19.700001,,
"SIND-030-PZ","11/25/05 00:00:00",,0.85000002,8,,
"SIND-031-PZ","11/23/05 00:00:00",,0.51999998,28.4,,
"SIND-032-PZ","11/24/05 00:00:00",,0.51999998,20.299999,,
"SIND-033-PZ","11/23/05 00:00:00",,0.64999998,19,,
"SIND-035-PZ","11/22/05 00:00:00",,0.54000002,7.6500001,,
"SIND-036-PZ","11/16/05 00:00:00",,0.44999999,11.518,,
"SIND-037-PZ","11/26/05 00:00:00",,0.60000002,5.8499999,,
"SIND-039-A-PZ","11/23/05 00:00:00",,0.60000002,11.15,,
"SIND-040-PZ","11/21/05 00:00:00",,0.61000001,11.05,,
"SIND-019-A-PZ","12/20/05 00:00:00",,0.30000001,17.32,,
"SIND-019-A-PZ","01/23/06 00:00:00",,0.30000001,18.040001,,
"SIND-019-B-PZ","12/20/05 00:00:00",,0.60000002,15.85,,
"SIND-019-B-PZ","01/23/06 00:00:00",,0.60000002,16.969999,,
"SIND-019-C-PZ","12/20/05 00:00:00",,0.60000002,22.6,,
"SIND-019-C-PZ","01/23/06 00:00:00",,0.60000002,24.1,,
"SIND-017-PZ","11/30/08 00:00:00",,0.75,22.700001,,
"SIND-020-PZ","12/16/05 00:00:00",,0.47999999,19.549999,,
"SIND-020-PZ","01/19/06 00:00:00",,0.47999999,27.200001,,
"SIND-021-PZ","12/16/05 00:00:00",,0.51999998,14.3,,
"SIND-021-PZ","01/19/06 00:00:00",,0.51999998,14.85,,
"SIND-022-PZ","12/16/05 00:00:00",,0.63,9.9499998,,
"SIND-022-PZ","01/19/06 00:00:00",,0.63,18.25,,
"SIND-023-PZ","12/19/05 00:00:00",,0.47,13.35,,
"SIND-023-PZ","01/18/06 00:00:00",,0.47,13.95,,
"SIND-024-PZ","12/19/05 00:00:00",,0.44999999,14.85,,
"SIND-024-PZ","01/18/06 00:00:00",,0.44999999,15.6,,
"SIND-025-PZ","12/06/05 00:00:00",,0.43000001,13.25,,
"SIND-025-PZ","01/28/06 00:00:00",,0.43000001,15.92,,
"SIND-027-PZ","12/24/05 00:00:00",,0.69999999,17.049999,,
"SIND-027-PZ","01/21/06 00:00:00",,0.69999999,19.15,,
"SIND-035-PZ","12/23/05 00:00:00",,0.54000002,8,,
"SIND-035-PZ","01/28/06 00:00:00",,0.54000002,13.2,,
"SIND-036-PZ","12/21/05 00:00:00",,0.44999999,12.61,,
"SIND-036-PZ","01/20/06 00:00:00",,0.44999999,13.12,,
"SIND-037-PZ","12/21/05 00:00:00",,0.60000002,10.5,,
"SIND-037-PZ","01/20/06 00:00:00",,0.60000002,23.75,,
"SIND-040-PZ","12/19/05 00:00:00",,0.61000001,11.15,,
"SIND-040-PZ","01/18/06 00:00:00",,0.61000001,11.4,,
"SIND-006-PZ","12/26/05 00:00:00",,0.69999999,12,,
"SIND-006-PZ","01/30/06 00:00:00",,0.69999999,14.26,,
"SIND-008-PZ","12/24/05 00:00:00",,0.36000001,13.4,,
"SIND-008-PZ","01/23/06 00:00:00",,0.36000001,14.45,,
"SIND-009-PZ","12/28/05 00:00:00",,0.89999998,20,,
"SIND-009-PZ","01/23/06 00:00:00",,0.89999998,22,,
"SIND-010-PZ","12/28/05 00:00:00",,0.44999999,16.35,,
"SIND-010-PZ","01/23/06 00:00:00",,0.44999999,19.200001,,
"SIND-011-PZ","12/27/05 00:00:00",,0.2,13.85,,
"SIND-011-PZ","01/24/06 00:00:00",,0.2,20.049999,,
"SIND-012-PZ","12/06/05 00:00:00",,0.43000001,18.870001,,
"SIND-012-PZ","01/28/06 00:00:00",,0.43000001,21.73,,
"SIND-014-PZ","12/06/05 00:00:00",,0.23999999,21,,
"SIND-014-PZ","01/28/06 00:00:00",,0.23999999,22.5,,
"SIND-015-PZ","12/23/05 00:00:00",,0.75,25.1,,
"SIND-015-PZ","01/22/06 00:00:00",,0.75,27.4,,
"SIND-016-PZ","12/29/05 00:00:00",,0.60000002,25.950001,,
"SIND-016-PZ","01/29/06 00:00:00",,0.60000002,26.65,,
"SIND-017-PZ","12/29/05 00:00:00",,0.75,21.5,,
"SIND-017-PZ","01/29/06 00:00:00",,0.75,23.5,,
"SIND-026-PZ","12/23/05 00:00:00",,0.34,10.85,,
"SIND-026-PZ","01/22/06 00:00:00",,0.34,12.05,,
"SIND-039-A-PZ","12/27/05 00:00:00",,0.60000002,13.65,,
"SIND-039-A-PZ","01/24/06 00:00:00",,0.60000002,28.15,,
"SIND-039-B-PZ","12/27/05 00:00:00",,0.75,11.55,,
"SIND-039-B-PZ","01/24/06 00:00:00",,0.75,12.6,,
"SIND-002-PZ","12/21/05 00:00:00",,0.64999998,14.1,,
"SIND-002-PZ","01/22/06 00:00:00",,0.64999998,14.8,,
"SIND-003-PZ","12/23/05 00:00:00",,0.80000001,19.549999,,
"SIND-003-PZ","01/22/06 00:00:00",,0.80000001,28.85,,
"SIND-004-A-PZ","12/22/05 00:00:00",,0.5,13.95,,
"SIND-004-A-PZ","01/24/06 00:00:00",,0.5,14.1,,
"SIND-004-B-PZ","12/22/05 00:00:00",,0.60000002,21.82,,
"SIND-004-B-PZ","01/24/06 00:00:00",,0.60000002,23.940001,,
"SIND-004-C-PZ","12/22/05 00:00:00",,0.69999999,20.15,,
"SIND-004-C-PZ","01/24/06 00:00:00",,0.69999999,21.549999,,
"SIND-005-PZ","12/20/05 00:00:00",,0.69999999,9.4499998,,
"SIND-005-PZ","01/31/06 00:00:00",,0.69999999,10.35,,
"SIND-028-PZ","12/27/05 00:00:00",,0.56,15.77,,
"SIND-028-PZ","01/29/06 00:00:00",,0.56,18.66,,
"SIND-029-PZ","12/29/05 00:00:00",,0.44999999,20.049999,,
"SIND-029-PZ","01/25/06 00:00:00",,0.44999999,20.700001,,
"SIND-030-PZ","12/30/05 00:00:00",,0.85000002,13.8,,
"SIND-030-PZ","01/28/06 00:00:00",,0.85000002,15.95,,
"SIND-031-PZ","01/30/06 00:00:00",,0.51999998,34.849998,,
"SIND-032-PZ","12/26/05 00:00:00",,0.51999998,20.85,,
"SIND-032-PZ","01/25/06 00:00:00",,0.51999998,22.9,,
"SIND-033-PZ","12/22/05 00:00:00",,0.64999998,20,,
"SIND-033-PZ","01/24/06 00:00:00",,0.64999998,23.540001,,
"SIND-002-PZ","02/21/06 00:00:00",,0.64999998,15.05,,
"SIND-003-PZ","02/21/06 00:00:00",,0.80000001,29.950001,,
"SIND-004-A-PZ","02/20/06 00:00:00",,0.5,14.2,,
"SIND-004-B-PZ","02/20/06 00:00:00",,0.60000002,25.790001,,
"SIND-004-C-PZ","02/20/06 00:00:00",,0.69999999,29.1,,
"SIND-005-PZ","02/27/06 00:00:00",,0.69999999,10.6,,
"SIND-028-PZ","02/27/06 00:00:00",,0.56,18.809999,,
"SIND-029-PZ","02/23/06 00:00:00",,0.44999999,20.950001,,
"SIND-030-PZ","02/24/06 00:00:00",,0.85000002,16.1,,
"SIND-031-PZ","02/24/06 00:00:00",,0.51999998,34.900002,,
"SIND-032-PZ","02/23/06 00:00:00",,0.51999998,23.049999,,
"SIND-033-PZ","02/20/06 00:00:00",,0.64999998,23.559999,,
"SIND-034-PZ","02/25/06 00:00:00",,0.41999999,,"N R.",
"SIND-008-PZ","02/26/06 00:00:00",,0.36000001,14.55,,
"SIND-009-PZ","02/27/06 00:00:00",,0.89999998,27,,
"SIND-010-PZ","02/27/06 00:00:00",,0.44999999,19.65,,
"SIND-011-PZ","02/26/06 00:00:00",,0.2,21.200001,,
"SIND-012-PZ","02/26/06 00:00:00",,0.43000001,22.139999,,
"SIND-014-PZ","02/04/06 00:00:00",,0.23999999,23.540001,,
"SIND-006-PZ","07/18/04 00:00:00",,0.69999999,14.72,,
"SIND-029-PZ","05/25/05 00:00:00",,0.44999999,19.200001,,
"SIND-030-PZ","04/27/05 00:00:00",,0.85000002,15.95,,
"SIND-030-PZ","05/27/05 00:00:00",,0.85000002,16.299999,,
"SIND-031-PZ","04/27/05 00:00:00",,0.51999998,37.049999,,
"SIND-031-PZ","05/27/05 00:00:00",,0.51999998,37.150002,,
"SIND-032-PZ","04/29/05 00:00:00",,0.51999998,21.549999,,
"SIND-032-PZ","05/26/05 00:00:00",,0.51999998,21.85,,
"SIND-033-PZ","04/29/05 00:00:00",,0.64999998,23.23,,
"SIND-033-PZ","05/25/05 00:00:00",,0.64999998,23.459999,,
"SIND-035-PZ","04/26/05 00:00:00",,0.54000002,11.85,,
"SIND-035-PZ","05/29/05 00:00:00",,0.54000002,12.3,,
"SIND-036-PZ","05/18/05 00:00:00",,0.44999999,13.413,,
"SIND-036-PZ","04/23/05 00:00:00",,0.44999999,13.226,,
"SIND-037-PZ","04/23/05 00:00:00",,0.60000002,25.950001,,
"SIND-037-PZ","05/18/05 00:00:00",,0.60000002,26.15,,
"SIND-039-A-PZ","04/27/05 00:00:00",,0.60000002,38.650002,,
"SIND-039-A-PZ","05/20/05 00:00:00",,0.60000002,42.900002,,
"SIND-039-B-PZ","05/20/05 00:00:00",,0.75,13.65,,
"SIND-039-B-PZ","04/27/05 00:00:00",,0.75,12.7,,
"SIND-040-PZ","04/22/05 00:00:00",,0.61000001,12,,
"SIND-040-PZ","05/19/05 00:00:00",,0.61000001,14,,
"SIND-002-PZ","06/22/05 00:00:00",,0.64999998,13.45,,
"SIND-003-PZ","06/22/05 00:00:00",,0.80000001,26.75,,
"SIND-004-A-PZ","06/25/05 00:00:00",,0.5,16.200001,,
"SIND-004-C-PZ","06/25/05 00:00:00",,0.69999999,22.700001,,
"SIND-005-PZ","06/24/05 00:00:00",,0.69999999,10.7,,
"SIND-006-PZ","06/28/05 00:00:00",,0.69999999,14.041,,
"SIND-008-PZ","06/27/05 00:00:00",,0.36000001,14.85,,
"SIND-009-PZ","06/26/05 00:00:00",,0.89999998,34.700001,,
"SIND-010-PZ","06/25/05 00:00:00",,0.44999999,26.700001,,
"SIND-012-PZ","06/23/05 00:00:00",,0.43000001,21.927,,
"SIND-014-PZ","06/23/05 00:00:00",,0.23999999,23,,
"SIND-015-PZ","06/23/05 00:00:00",,0.75,29.742001,,
"SIND-016-PZ","06/23/05 00:00:00",,0.60000002,30.332001,,
"SIND-017-PZ","06/28/05 00:00:00",,0.75,28.75,,
"SIND-020-PZ","06/21/05 00:00:00",,0.47999999,29.1,,
"SIND-021-PZ","06/21/05 00:00:00",,0.51999998,15.05,,
"SIND-022-PZ","06/21/05 00:00:00",,0.63,24.35,,
"SIND-023-PZ","06/24/05 00:00:00",,0.47,20.65,,
"SIND-024-PZ","06/25/05 00:00:00",,0.44999999,24.65,,
"SIND-004-C-PZ","11/20/02 00:00:00",,0.69999999,10.15,,
"SIND-019-B-PZ","05/20/02 00:00:00",,0.60000002,25.950001,,
"SIND-020-PZ","11/20/02 00:00:00",,0.47999999,15.7,,
"SIND-018-PZ","11/30/08 00:00:00",,0.47,12,,
"SIND-019-C-PZ","10/24/08 00:00:00",,0.60000002,20.549999,,
"SIND-016-PZ","02/28/06 00:00:00",,0.60000002,26.950001,,
"SIND-017-PZ","02/28/06 00:00:00",,0.75,24,,
"SIND-026-PZ","02/19/06 00:00:00",,0.34,12.85,,
"SIND-039-A-PZ","02/26/06 00:00:00",,0.60000002,30.6,,
"SIND-039-B-PZ","02/26/06 00:00:00",,0.75,12.7,,
"SIND-019-A-PZ","02/28/06 00:00:00",,0.30000001,18.639999,,
"SIND-019-B-PZ","02/28/06 00:00:00",,0.60000002,17.129999,,
"SIND-019-C-PZ","02/28/06 00:00:00",,0.60000002,25.9,,
"SIND-020-PZ","02/20/06 00:00:00",,0.47999999,27.65,,
"SIND-021-PZ","02/20/06 00:00:00",,0.51999998,14.95,,
"SIND-022-PZ","02/20/06 00:00:00",,0.63,22.6,,
"SIND-023-PZ","02/20/06 00:00:00",,0.47,15.75,,
"SIND-024-PZ","02/19/06 00:00:00",,0.44999999,18.25,,
"SIND-025-PZ","02/04/06 00:00:00",,0.43000001,16.030001,,
"SIND-027-PZ","02/18/06 00:00:00",,0.69999999,19.299999,,
"SIND-035-PZ","02/26/06 00:00:00",,0.54000002,13.3,,
"SIND-036-PZ","02/21/06 00:00:00",,0.44999999,13.48,,
"SIND-037-PZ","02/21/06 00:00:00",,0.60000002,24.049999,,
"SIND-040-PZ","02/19/06 00:00:00",,0.61000001,11.7,,
"SIND-006-PZ","02/23/06 00:00:00",,0.69999999,14.63,,
"SIND-002-PZ","03/21/06 00:00:00",,0.64999998,15.5,,
"SIND-003-PZ","03/20/06 00:00:00",,0.80000001,30.049999,,
"SIND-004-A-PZ","03/28/06 00:00:00",,0.5,14.25,,
"SIND-004-B-PZ","03/28/06 00:00:00",,0.60000002,25.052,,
"SIND-004-C-PZ","03/28/06 00:00:00",,0.69999999,29.35,,
"SIND-005-PZ","03/25/06 00:00:00",,0.69999999,11.3,,
"SIND-006-PZ","03/29/06 00:00:00",,0.69999999,14.667,,
"SIND-008-PZ","03/25/06 00:00:00",,0.36000001,14.7,,
"SIND-009-PZ","03/25/06 00:00:00",,0.89999998,31,,
"SIND-010-PZ","03/25/06 00:00:00",,0.44999999,20.049999,,
"SIND-011-PZ","03/25/06 00:00:00",,0.2,21.700001,,
"SIND-012-PZ","03/07/06 00:00:00",,0.43000001,22.417999,,
"SIND-014-PZ","03/07/06 00:00:00",,0.23999999,24,,
"SIND-015-PZ","03/28/06 00:00:00",,0.75,27.85,,
"SIND-016-PZ","03/27/06 00:00:00",,0.60000002,29.200001,,
"SIND-017-PZ","03/27/06 00:00:00",,0.75,25,,
"SIND-019-A-PZ","03/21/06 00:00:00",,0.30000001,18.881001,,
"SIND-019-B-PZ","03/21/06 00:00:00",,0.60000002,17.299999,,
"SIND-019-C-PZ","03/21/06 00:00:00",,0.60000002,26.75,,
"SIND-020-PZ","03/18/06 00:00:00",,0.47999999,31.049999,,
"SIND-021-PZ","03/18/06 00:00:00",,0.51999998,15.35,,
"SIND-022-PZ","03/18/06 00:00:00",,0.63,22.950001,,
"SIND-023-PZ","03/17/06 00:00:00",,0.47,16.9,,
"SIND-024-PZ","03/17/06 00:00:00",,0.44999999,18.9,,
"SIND-019-A-PZ","11/25/08 00:00:00",,0.30000001,20.5,,
"SIND-025-PZ","03/07/06 00:00:00",,0.43000001,16.030001,,
"SIND-026-PZ","03/28/06 00:00:00",,0.34,13.15,,
"SIND-027-PZ","03/25/06 00:00:00",,0.69999999,19.35,,
"SIND-028-PZ","03/24/06 00:00:00",,0.56,18.780001,,
"SIND-029-PZ","03/28/06 00:00:00",,0.44999999,21.049999,,
"SIND-030-PZ","03/23/06 00:00:00",,0.85000002,17,,
"SIND-031-PZ","03/22/06 00:00:00",,0.51999998,36.900002,,
"SIND-032-PZ","03/21/06 00:00:00",,0.51999998,23.15,,
"SIND-033-PZ","03/28/06 00:00:00",,0.64999998,23.49,,
"SIND-034-PZ","03/21/06 00:00:00",,0.41999999,,"N.R.",
"SIND-035-PZ","03/24/06 00:00:00",,0.54000002,,"N R.",
"SIND-036-PZ","03/21/06 00:00:00",,0.44999999,13.621,,
"SIND-037-PZ","03/18/06 00:00:00",,0.60000002,24.299999,,
"SIND-039-A-PZ","03/25/06 00:00:00",,0.60000002,31.799999,,
"SIND-039-B-PZ","03/25/06 00:00:00",,0.75,13.15,,
"SIND-040-PZ","03/17/06 00:00:00",,0.61000001,11.9,,
"SIND-001-PZ","12/21/05 00:00:00",,0.44999999,,"NR Bore filled up",
"SIND-001-PZ","01/26/06 00:00:00",,0.44999999,,"NR Bore filled up",
"SIND-001-PZ","02/24/06 00:00:00",,0.44999999,,"NR Bore filled up",
"SIND-001-PZ","03/24/06 00:00:00",,0.44999999,,"NR Bore filled up",
"SIND-001-PZ","04/26/06 00:00:00",,0.44999999,,"NR Bore filled up",
"SIND-001-PZ","05/24/06 00:00:00",,0.44999999,,"defunked",
"SIND-002-PZ","04/24/06 00:00:00",,0.64999998,15.7,,
"SIND-002-PZ","05/26/06 00:00:00",,0.64999998,16.1,,
"SIND-003-PZ","04/23/06 00:00:00",,0.80000001,30.799999,,
"SIND-003-PZ","05/20/06 00:00:00",,0.80000001,28.15,,
"SIND-004-A-PZ","04/23/06 00:00:00",,0.5,14.25,,
"SIND-004-A-PZ","05/20/06 00:00:00",,0.5,14.25,,
"SIND-004-B-PZ","05/26/06 00:00:00",,0.60000002,23.83,,
"SIND-004-C-PZ","05/20/06 00:00:00",,0.69999999,20.450001,,
"SIND-005-PZ","05/26/06 00:00:00",,0.69999999,11.85,,
"SIND-006-PZ","04/23/06 00:00:00",,0.69999999,14.8,,
"SIND-006-PZ","05/26/06 00:00:00",,0.69999999,14.9,,
"SIND-008-PZ","04/26/06 00:00:00",,0.36000001,14.85,,
"SIND-008-PZ","05/20/06 00:00:00",,0.36000001,16.700001,,
"SIND-009-PZ","04/26/06 00:00:00",,0.89999998,33,,
"SIND-009-PZ","05/25/06 00:00:00",,0.89999998,35.599998,,
"SIND-010-PZ","04/24/06 00:00:00",,0.44999999,20.25,,
"SIND-010-PZ","05/26/06 00:00:00",,0.44999999,23.85,,
"SIND-011-PZ","04/23/06 00:00:00",,0.2,21.950001,,
"SIND-011-PZ","05/24/06 00:00:00",,0.2,25.700001,,
"SIND-004-B-PZ","01/20/01 00:00:00",,0.60000002,46.299999,,
"SIND-005-PZ","10/20/06 00:00:00",,0.69999999,4.5,,
"SIND-019-B-PZ","11/25/08 00:00:00",,0.60000002,15,,
"SIND-012-PZ","04/24/06 00:00:00",,0.43000001,,"N R",
"SIND-012-PZ","05/25/06 00:00:00",,0.43000001,22.540001,,
"SIND-014-PZ","04/23/06 00:00:00",,0.23999999,25,,
"SIND-014-PZ","05/24/06 00:00:00",,0.23999999,26,,
"SIND-015-PZ","04/26/06 00:00:00",,0.75,27.950001,,
"SIND-015-PZ","05/25/06 00:00:00",,0.75,28.65,,
"SIND-016-PZ","04/23/06 00:00:00",,0.60000002,29.5,,
"SIND-016-PZ","05/24/06 00:00:00",,0.60000002,29.700001,,
"SIND-017-PZ","04/29/06 00:00:00",,0.75,26.65,,
"SIND-017-PZ","05/30/06 00:00:00",,0.75,27.299999,,
"SIND-019-A-PZ","04/24/06 00:00:00",,0.30000001,19.162001,,
"SIND-019-A-PZ","05/26/06 00:00:00",,0.30000001,19.395,,
"SIND-019-B-PZ","04/24/06 00:00:00",,0.60000002,17.889999,,
"SIND-019-B-PZ","05/17/06 00:00:00",,0.60000002,17.9,,
"SIND-019-C-PZ","04/25/06 00:00:00",,0.60000002,26.1,,
"SIND-019-C-PZ","05/26/06 00:00:00",,0.60000002,25.75,,
"SIND-020-PZ","04/30/06 00:00:00",,0.47999999,31.700001,,
"SIND-020-PZ","05/25/06 00:00:00",,0.47999999,31.200001,,
"SIND-021-PZ","04/24/06 00:00:00",,0.51999998,15.45,,
"SIND-021-PZ","05/26/06 00:00:00",,0.51999998,15.55,,
"SIND-022-PZ","04/20/06 00:00:00",,0.63,23.200001,,
"SIND-022-PZ","05/26/06 00:00:00",,0.63,23.450001,,
"SIND-023-PZ","05/25/06 00:00:00",,0.47,17.85,,
"SIND-024-PZ","04/26/06 00:00:00",,0.44999999,19.4,,
"SIND-024-PZ","05/24/06 00:00:00",,0.44999999,19.450001,,
"SIND-025-PZ","04/25/06 00:00:00",,0.43000001,16.450001,,
"SIND-025-PZ","05/25/06 00:00:00",,0.43000001,16.67,,
"SIND-026-PZ","04/27/06 00:00:00",,0.34,13.4,,
"SIND-026-PZ","05/22/06 00:00:00",,0.34,18.6,,
"SIND-027-PZ","04/27/06 00:00:00",,0.69999999,19.35,,
"SIND-027-PZ","05/16/06 00:00:00",,0.69999999,19.4,,
"SIND-028-PZ","04/22/06 00:00:00",,0.56,18.809999,,
"SIND-028-PZ","05/26/06 00:00:00",,0.56,21.360001,,
"SIND-029-PZ","04/27/06 00:00:00",,0.44999999,21.35,,
"SIND-029-PZ","05/28/06 00:00:00",,0.44999999,21.75,,
"SIND-030-PZ","05/27/06 00:00:00",,0.85000002,19,,
"SIND-031-PZ","04/21/06 00:00:00",,0.51999998,37.400002,,
"SIND-031-PZ","05/29/06 00:00:00",,0.51999998,39.75,,
"SIND-032-PZ","04/22/06 00:00:00",,0.51999998,23.450001,,
"SIND-032-PZ","05/27/06 00:00:00",,0.51999998,23.700001,,
"SIND-033-PZ","04/26/06 00:00:00",,0.64999998,23.65,,
"SIND-033-PZ","05/24/06 00:00:00",,0.64999998,25.85,,
"SIND-036-PZ","04/24/06 00:00:00",,0.44999999,13.69,,
"SIND-019-C-PZ","11/25/08 00:00:00",,0.60000002,21.299999,,
"SIND-030-PZ","09/26/08 00:00:00",,0.85000002,6.1999998,,
"SIND-037-PZ","07/24/06 00:00:00",,0.60000002,16.1,,
"SIND-039-A-PZ","07/24/06 00:00:00",,0.60000002,13.65,,
"SIND-039-B-PZ","07/24/06 00:00:00",,0.75,10.15,,
"SIND-040-PZ","07/20/06 00:00:00",,0.61000001,12.55,,
"SIND-019-A-PZ","08/29/06 00:00:00",,0.30000001,5.6300001,,
"SIND-019-A-PZ","09/23/06 00:00:00",,0.30000001,3.05,,
"SIND-019-B-PZ","08/29/06 00:00:00",,0.60000002,6.0700002,,
"SIND-019-B-PZ","09/28/06 00:00:00",,0.60000002,3.26,,
"SIND-019-C-PZ","08/29/06 00:00:00",,0.60000002,8.3500004,,
"SIND-019-C-PZ","09/28/06 00:00:00",,0.60000002,3.3,,
"SIND-020-PZ","08/20/06 00:00:00",,0.47999999,7.9499998,,
"SIND-020-PZ","09/23/06 00:00:00",,0.47999999,5.0500002,,
"SIND-021-PZ","08/20/06 00:00:00",,0.51999998,4.1500001,,
"SIND-021-PZ","09/23/06 00:00:00",,0.51999998,3.8,,
"SIND-022-PZ","08/20/06 00:00:00",,0.63,3.2,,
"SIND-022-PZ","09/23/06 00:00:00",,0.63,2.6500001,,
"SIND-023-PZ","08/24/06 00:00:00",,0.47,4.6500001,,
"SIND-023-PZ","09/21/06 00:00:00",,0.47,0.07,,
"SIND-024-PZ","08/24/06 00:00:00",,0.44999999,3.3499999,,
"SIND-024-PZ","09/21/06 00:00:00",,0.44999999,5.0999999,,
"SIND-025-PZ","08/11/06 00:00:00",,0.43000001,12.68,,
"SIND-025-PZ","09/28/06 00:00:00",,0.43000001,2.5999999,,
"SIND-027-PZ","08/28/06 00:00:00",,0.69999999,7.9000001,,
"SIND-027-PZ","09/26/06 00:00:00",,0.69999999,6.3499999,,
"SIND-036-PZ","09/24/06 00:00:00",,0.44999999,3.3699999,,
"SIND-037-PZ","08/20/06 00:00:00",,0.60000002,1.85,,
"SIND-037-PZ","09/24/06 00:00:00",,0.60000002,0.75,,
"SIND-040-PZ","08/24/06 00:00:00",,0.61000001,8.6499996,,
"SIND-040-PZ","09/21/06 00:00:00",,0.61000001,8.5,,
"SIND-006-PZ","08/20/06 00:00:00",,0.69999999,4.1900001,,
"SIND-008-PZ","08/25/06 00:00:00",,0.36000001,7.0500002,,
"SIND-008-PZ","09/19/06 00:00:00",,0.36000001,6.1500001,,
"SIND-009-PZ","08/31/06 00:00:00",,0.89999998,18.950001,,
"SIND-009-PZ","09/19/06 00:00:00",,0.89999998,12.35,,
"SIND-010-PZ","08/31/06 00:00:00",,0.44999999,10.3,,
"SIND-010-PZ","09/19/06 00:00:00",,0.44999999,2.3,,
"SIND-011-PZ","08/25/06 00:00:00",,0.2,9.1499996,,
"SIND-011-PZ","09/21/06 00:00:00",,0.2,3.9000001,,
"SIND-012-PZ","08/25/06 00:00:00",,0.43000001,16.99,,
"SIND-012-PZ","09/22/06 00:00:00",,0.43000001,4.9000001,,
"SIND-014-PZ","08/24/06 00:00:00",,0.23999999,7.75,,
"SIND-014-PZ","09/27/06 00:00:00",,0.23999999,13.5,,
"SIND-015-PZ","08/24/06 00:00:00",,0.75,6.75,,
"SIND-004-A-PZ","09/27/08 00:00:00",,0.5,11.95,,
"SIND-022-PZ","09/24/09 00:00:00",,0.63,4.6999998,,
"SIND-015-PZ","09/28/06 00:00:00",,0.75,4.6500001,,
"SIND-016-PZ","08/28/06 00:00:00",,0.60000002,11.35,,
"SIND-016-PZ","09/28/06 00:00:00",,0.60000002,4.1999998,,
"SIND-017-PZ","08/28/06 00:00:00",,0.75,9.1999998,,
"SIND-017-PZ","09/28/06 00:00:00",,0.75,3.9000001,,
"SIND-018-PZ","08/28/06 00:00:00",,0.47,8.8500004,,
"SIND-018-PZ","09/28/06 00:00:00",,0.47,6.8000002,,
"SIND-026-PZ","09/19/06 00:00:00",,0.34,5.9000001,,
"SIND-039-A-PZ","08/25/06 00:00:00",,0.60000002,10.05,,
"SIND-039-A-PZ","09/20/06 00:00:00",,0.60000002,9.8000002,,
"SIND-039-B-PZ","08/25/06 00:00:00",,0.75,7.3000002,,
"SIND-039-B-PZ","09/20/06 00:00:00",,0.75,5.5999999,,
"SIND-002-PZ","08/26/06 00:00:00",,0.64999998,9.1499996,,
"SIND-002-PZ","09/26/06 00:00:00",,0.64999998,8.8000002,,
"SIND-003-PZ","08/26/06 00:00:00",,0.80000001,8.6000004,,
"SIND-003-PZ","09/26/06 00:00:00",,0.80000001,7.5500002,,
"SIND-004-A-PZ","08/31/06 00:00:00",,0.5,3.6500001,,
"SIND-004-A-PZ","09/30/06 00:00:00",,0.5,1.7,,
"SIND-004-B-PZ","09/30/06 00:00:00",,0.60000002,1.9,,
"SIND-004-C-PZ","08/31/06 00:00:00",,0.69999999,3.8499999,,
"SIND-004-C-PZ","09/30/06 00:00:00",,0.69999999,1.95,,
"SIND-005-PZ","08/23/06 00:00:00",,0.69999999,4.3499999,,
"SIND-005-PZ","09/21/06 00:00:00",,0.69999999,4.4000001,,
"SIND-028-PZ","08/25/06 00:00:00",,0.56,3.21,,
"SIND-028-PZ","09/22/06 00:00:00",,0.56,2.7,,
"SIND-029-PZ","08/31/06 00:00:00",,0.44999999,11.95,,
"SIND-029-PZ","09/29/06 00:00:00",,0.44999999,12,,
"SIND-030-PZ","08/31/06 00:00:00",,0.85000002,3.05,,
"SIND-030-PZ","09/29/06 00:00:00",,0.85000002,1.15,,
"SIND-031-PZ","08/31/06 00:00:00",,0.51999998,5.25,,
"SIND-031-PZ","09/29/06 00:00:00",,0.51999998,3.0999999,,
"SIND-032-PZ","08/29/06 00:00:00",,0.51999998,4.8499999,,
"SIND-032-PZ","09/28/06 00:00:00",,0.51999998,3.7,,
"SIND-033-PZ","08/28/06 00:00:00",,0.64999998,4.1500001,,
"SIND-033-PZ","09/27/06 00:00:00",,0.64999998,10.05,,
"SIND-034-PZ","09/23/06 00:00:00",,0.41999999,,"N.R.",
"SIND-019-A-PZ","02/20/07 00:00:00",,0.30000001,16.85,,
"SIND-019-A-PZ","03/21/07 00:00:00",,0.30000001,16.879999,,
"SIND-019-A-PZ","04/07/07 00:00:00",,0.30000001,16.889999,,
"SIND-019-A-PZ","05/29/07 00:00:00",,0.30000001,16.92,,
"SIND-019-A-PZ","06/24/07 00:00:00",,0.30000001,16.85,,
"SIND-019-B-PZ","02/20/07 00:00:00",,0.60000002,16.76,,
"SIND-019-B-PZ","03/21/07 00:00:00",,0.60000002,16.83,,
"SIND-021-PZ","11/20/08 00:00:00",,0.51999998,10.25,,
"SIND-019-C-PZ","04/25/09 00:00:00",,0.60000002,24.65,,
"SIND-019-B-PZ","04/07/07 00:00:00",,0.60000002,16.889999,,
"SIND-019-B-PZ","05/29/07 00:00:00",,0.60000002,16.969999,,
"SIND-019-B-PZ","06/24/07 00:00:00",,0.60000002,17,,
"SIND-019-B-PZ","07/14/07 00:00:00",,0.60000002,16.629999,,
"SIND-019-C-PZ","02/20/07 00:00:00",,0.60000002,17.9,,
"SIND-019-C-PZ","03/21/07 00:00:00",,0.60000002,18.85,,
"SIND-019-C-PZ","04/07/07 00:00:00",,0.60000002,19.6,,
"SIND-019-C-PZ","05/29/07 00:00:00",,0.60000002,20,,
"SIND-019-C-PZ","06/24/07 00:00:00",,0.60000002,20.5,,
"SIND-019-C-PZ","07/14/07 00:00:00",,0.60000002,17.35,,
"SIND-020-PZ","02/22/07 00:00:00",,0.47999999,17.65,,
"SIND-020-PZ","03/21/07 00:00:00",,0.47999999,19.950001,,
"SIND-020-PZ","04/17/07 00:00:00",,0.47999999,21.75,,
"SIND-020-PZ","05/29/07 00:00:00",,0.47999999,21.950001,,
"SIND-020-PZ","06/25/07 00:00:00",,0.47999999,22.4,,
"SIND-020-PZ","07/19/07 00:00:00",,0.47999999,14.35,,
"SIND-021-PZ","02/21/07 00:00:00",,0.51999998,10.8,,
"SIND-021-PZ","03/31/07 00:00:00",,0.51999998,12.1,,
"SIND-021-PZ","04/18/07 00:00:00",,0.51999998,12.9,,
"SIND-021-PZ","05/23/07 00:00:00",,0.51999998,13.15,,
"SIND-021-PZ","06/25/07 00:00:00",,0.51999998,14.35,,
"SIND-021-PZ","07/19/07 00:00:00",,0.51999998,8.6999998,,
"SIND-022-PZ","02/21/07 00:00:00",,0.63,15.85,,
"SIND-022-PZ","03/31/07 00:00:00",,0.63,17.700001,,
"SIND-022-PZ","05/23/07 00:00:00",,0.63,22.35,,
"SIND-022-PZ","06/23/07 00:00:00",,0.63,23,,
"SIND-022-PZ","07/19/07 00:00:00",,0.63,6.8000002,,
"SIND-023-PZ","02/19/07 00:00:00",,0.47,9.6999998,,
"SIND-023-PZ","03/23/07 00:00:00",,0.47,13.6,,
"SIND-023-PZ","04/18/07 00:00:00",,0.47,15.65,,
"SIND-023-PZ","05/19/07 00:00:00",,0.47,15.85,,
"SIND-023-PZ","06/23/07 00:00:00",,0.47,16.299999,,
"SIND-023-PZ","07/20/07 00:00:00",,0.47,9.3999996,,
"SIND-024-PZ","02/20/07 00:00:00",,0.44999999,14.2,,
"SIND-024-PZ","03/30/07 00:00:00",,0.44999999,15.55,,
"SIND-024-PZ","04/18/07 00:00:00",,0.44999999,18.049999,,
"SIND-024-PZ","05/19/07 00:00:00",,0.44999999,19.4,,
"SIND-024-PZ","06/23/07 00:00:00",,0.44999999,16.65,,
"SIND-024-PZ","07/23/07 00:00:00",,0.44999999,11.65,,
"SIND-025-PZ","02/18/07 00:00:00",,0.43000001,11.95,,
"SIND-025-PZ","03/28/07 00:00:00",,0.43000001,13.53,,
"SIND-025-PZ","04/17/07 00:00:00",,0.43000001,14.37,,
"SIND-025-PZ","05/31/07 00:00:00",,0.43000001,16.530001,,
"SIND-025-PZ","07/31/07 00:00:00",,0.43000001,10.95,,
"SIND-023-PZ","08/20/98 00:00:00",,0.47,13.35,,
"SIND-027-PZ","02/17/07 00:00:00",,0.69999999,16.049999,,
"SIND-027-PZ","03/29/07 00:00:00",,0.69999999,18.200001,,
"SIND-027-PZ","04/22/07 00:00:00",,0.69999999,18.549999,,
"SIND-027-PZ","05/18/07 00:00:00",,0.69999999,19.6,,
"SIND-027-PZ","06/21/07 00:00:00",,0.69999999,19.35,,
"SIND-027-PZ","07/27/07 00:00:00",,0.69999999,14.3,,
"SIND-035-PZ","02/18/07 00:00:00",,0.54000002,12,,
"SIND-035-PZ","03/28/07 00:00:00",,0.54000002,13,,
"SIND-035-PZ","04/21/07 00:00:00",,0.54000002,14,,
"SIND-035-PZ","05/22/07 00:00:00",,0.54000002,15,,
"SIND-035-PZ","06/20/07 00:00:00",,0.54000002,16,,
"SIND-035-PZ","07/25/07 00:00:00",,0.54000002,7.0500002,,
"SIND-036-PZ","02/21/07 00:00:00",,0.44999999,13.02,,
"SIND-036-PZ","03/20/07 00:00:00",,0.44999999,13.06,,
"SIND-036-PZ","04/17/07 00:00:00",,0.44999999,13.11,,
"SIND-036-PZ","05/23/07 00:00:00",,0.44999999,13.19,,
"SIND-036-PZ","06/07/07 00:00:00",,0.44999999,13.14,,
"SIND-036-PZ","07/18/07 00:00:00",,0.44999999,10.7,,
"SIND-037-PZ","02/22/07 00:00:00",,0.60000002,18.35,,
"SIND-037-PZ","03/20/07 00:00:00",,0.60000002,21.950001,,
"SIND-037-PZ","04/17/07 00:00:00",,0.60000002,23.4,,
"SIND-037-PZ","05/23/07 00:00:00",,0.60000002,23.700001,,
"SIND-037-PZ","06/25/07 00:00:00",,0.60000002,23.85,,
"SIND-037-PZ","07/19/07 00:00:00",,0.60000002,19.200001,,
"SIND-040-PZ","02/19/07 00:00:00",,0.61000001,9.1999998,,
"SIND-040-PZ","03/30/07 00:00:00",,0.61000001,9.4499998,,
"SIND-040-PZ","04/18/07 00:00:00",,0.61000001,9.6000004,,
"SIND-040-PZ","05/19/07 00:00:00",,0.61000001,9.8000002,,
"SIND-040-PZ","06/23/07 00:00:00",,0.61000001,9.9499998,,
"SIND-040-PZ","07/20/07 00:00:00",,0.61000001,7.3499999,,
"SIND-006-PZ","02/23/07 00:00:00",,0.69999999,8.9099998,,
"SIND-006-PZ","04/20/07 00:00:00",,0.69999999,10.835,,
"SIND-006-PZ","05/18/07 00:00:00",,0.69999999,11.781,,
"SIND-006-PZ","06/27/07 00:00:00",,0.69999999,12.424,,
"SIND-006-PZ","07/30/07 00:00:00",,0.69999999,12.116,,
"SIND-008-PZ","02/21/07 00:00:00",,0.36000001,13.5,,
"SIND-008-PZ","03/25/07 00:00:00",,0.36000001,13.9,,
"SIND-008-PZ","04/22/07 00:00:00",,0.36000001,14.2,,
"SIND-008-PZ","05/25/07 00:00:00",,0.36000001,14.55,,
"SIND-008-PZ","06/23/07 00:00:00",,0.36000001,13.95,,
"SIND-008-PZ","07/25/07 00:00:00",,0.36000001,12.15,,
"SIND-009-PZ","02/21/07 00:00:00",,0.89999998,29.700001,,
"SIND-009-PZ","03/25/07 00:00:00",,0.89999998,32.349998,,
"SIND-009-PZ","04/22/07 00:00:00",,0.89999998,33.150002,,
"SIND-009-PZ","05/28/07 00:00:00",,0.89999998,33.549999,,
"SIND-022-PZ","11/24/08 00:00:00",,0.63,8.6999998,,
"SIND-036-PZ","05/24/06 00:00:00",,0.44999999,13.72,,
"SIND-037-PZ","04/27/06 00:00:00",,0.60000002,24.65,,
"SIND-037-PZ","05/28/06 00:00:00",,0.60000002,24.799999,,
"SIND-039-A-PZ","04/27/06 00:00:00",,0.60000002,34.099998,,
"SIND-039-A-PZ","05/28/06 00:00:00",,0.60000002,34.599998,,
"SIND-039-B-PZ","04/28/06 00:00:00",,0.75,13.8,,
"SIND-039-B-PZ","05/27/06 00:00:00",,0.75,14.05,,
"SIND-040-PZ","04/27/06 00:00:00",,0.61000001,12.1,,
"SIND-040-PZ","05/28/06 00:00:00",,0.61000001,12.3,,
"SIND-002-PZ","07/21/06 00:00:00",,0.64999998,16.1,,
"SIND-003-PZ","07/22/06 00:00:00",,0.80000001,21.85,,
"SIND-004-A-PZ","07/06/06 00:00:00",,0.5,14.3,,
"SIND-004-B-PZ","07/06/06 00:00:00",,0.60000002,24.323999,,
"SIND-004-C-PZ","07/06/06 00:00:00",,0.69999999,24.799999,,
"SIND-005-PZ","07/24/06 00:00:00",,0.69999999,8.6499996,,
"SIND-006-PZ","07/28/06 00:00:00",,0.69999999,13.185,,
"SIND-008-PZ","07/29/06 00:00:00",,0.36000001,10.6,,
"SIND-009-PZ","07/29/06 00:00:00",,0.89999998,26.15,,
"SIND-010-PZ","07/29/06 00:00:00",,0.44999999,19.299999,,
"SIND-011-PZ","07/24/06 00:00:00",,0.2,16.35,,
"SIND-012-PZ","07/28/06 00:00:00",,0.43000001,21.950001,,
"SIND-014-PZ","07/28/06 00:00:00",,0.23999999,22.85,,
"SIND-015-PZ","07/28/06 00:00:00",,0.75,14.9,,
"SIND-016-PZ","07/22/06 00:00:00",,0.60000002,17.4,,
"SIND-017-PZ","07/22/06 00:00:00",,0.75,15.95,,
"SIND-018-PZ","07/22/06 00:00:00",,0.47,14.35,,
"SIND-019-A-PZ","07/25/06 00:00:00",,0.30000001,19.839001,,
"SIND-019-B-PZ","07/25/06 00:00:00",,0.60000002,19.664,,
"SIND-019-C-PZ","07/25/06 00:00:00",,0.60000002,26.35,,
"SIND-020-PZ","07/21/06 00:00:00",,0.47999999,14.65,,
"SIND-021-PZ","07/21/06 00:00:00",,0.51999998,11.3,,
"SIND-022-PZ","07/21/06 00:00:00",,0.63,9.1000004,,
"SIND-023-PZ","07/20/06 00:00:00",,0.47,12.4,,
"SIND-024-PZ","07/20/06 00:00:00",,0.44999999,13.7,,
"SIND-025-PZ","07/26/06 00:00:00",,0.43000001,15.747,,
"SIND-026-PZ","07/28/06 00:00:00",,0.34,12.6,,
"SIND-027-PZ","07/29/06 00:00:00",,0.69999999,18.299999,,
"SIND-028-PZ","07/25/06 00:00:00",,0.56,17.593,,
"SIND-030-PZ","07/29/06 00:00:00",,0.85000002,13.7,,
"SIND-031-PZ","07/28/06 00:00:00",,0.51999998,19.549999,,
"SIND-032-PZ","07/19/06 00:00:00",,0.51999998,16.35,,
"SIND-033-PZ","07/20/06 00:00:00",,0.64999998,15.3,,
"SIND-035-PZ","07/22/06 00:00:00",,0.54000002,9.8000002,,
"SIND-036-PZ","07/24/06 00:00:00",,0.44999999,10.075,,
"SIND-030-PZ","01/20/02 00:00:00",,0.85000002,16.799999,,
"SIND-009-PZ","06/23/07 00:00:00",,0.89999998,25.4,,
"SIND-009-PZ","07/25/07 00:00:00",,0.89999998,21.35,,
"SIND-010-PZ","02/21/07 00:00:00",,0.44999999,23.049999,,
"SIND-010-PZ","03/25/07 00:00:00",,0.44999999,24.65,,
"SIND-010-PZ","04/22/07 00:00:00",,0.44999999,26.85,,
"SIND-010-PZ","05/28/07 00:00:00",,0.44999999,27.1,,
"SIND-010-PZ","06/23/07 00:00:00",,0.44999999,21.799999,,
"SIND-010-PZ","07/25/07 00:00:00",,0.44999999,19.549999,,
"SIND-011-PZ","02/20/07 00:00:00",,0.2,16.299999,,
"SIND-011-PZ","03/23/07 00:00:00",,0.2,17.85,,
"SIND-011-PZ","04/20/07 00:00:00",,0.2,19.200001,,
"SIND-011-PZ","05/25/07 00:00:00",,0.2,23.6,,
"SIND-011-PZ","06/23/07 00:00:00",,0.2,24.15,,
"SIND-011-PZ","07/26/07 00:00:00",,0.2,16.049999,,
"SIND-012-PZ","02/18/07 00:00:00",,0.43000001,21.700001,,
"SIND-012-PZ","03/24/07 00:00:00",,0.43000001,22.700001,,
"SIND-012-PZ","04/21/07 00:00:00",,0.43000001,23.1,,
"SIND-012-PZ","05/25/07 00:00:00",,0.43000001,23.35,,
"SIND-012-PZ","06/23/07 00:00:00",,0.43000001,20.4,,
"SIND-012-PZ","07/20/07 00:00:00",,0.43000001,18.700001,,
"SIND-014-PZ","02/12/07 00:00:00",,0.23999999,21.799999,,
"SIND-014-PZ","03/24/07 00:00:00",,0.23999999,22.85,,
"SIND-014-PZ","04/21/07 00:00:00",,0.23999999,23.700001,,
"SIND-014-PZ","05/23/07 00:00:00",,0.23999999,23.950001,,
"SIND-014-PZ","06/25/07 00:00:00",,0.23999999,23.4,,
"SIND-014-PZ","07/28/07 00:00:00",,0.23999999,21.049999,,
"SIND-015-PZ","03/24/07 00:00:00",,0.75,28.049999,,
"SIND-015-PZ","04/21/07 00:00:00",,0.75,29.65,,
"SIND-015-PZ","05/23/07 00:00:00",,0.75,29.9,,
"SIND-015-PZ","06/29/07 00:00:00",,0.75,28.75,,
"SIND-015-PZ","07/28/07 00:00:00",,0.75,26.15,,
"SIND-016-PZ","03/28/07 00:00:00",,0.60000002,21.65,,
"SIND-016-PZ","04/26/07 00:00:00",,0.60000002,22.799999,,
"SIND-016-PZ","05/22/07 00:00:00",,0.60000002,23.65,,
"SIND-016-PZ","06/29/07 00:00:00",,0.60000002,22.35,,
"SIND-016-PZ","07/11/07 00:00:00",,0.60000002,21.799999,,
"SIND-017-PZ","02/25/07 00:00:00",,0.75,23.1,,
"SIND-017-PZ","03/28/07 00:00:00",,0.75,24.549999,,
"SIND-017-PZ","04/26/07 00:00:00",,0.75,25.299999,,
"SIND-017-PZ","05/22/07 00:00:00",,0.75,26.1,,
"SIND-017-PZ","06/29/07 00:00:00",,0.75,24.799999,,
"SIND-017-PZ","07/11/07 00:00:00",,0.75,23.6,,
"SIND-026-PZ","02/18/07 00:00:00",,0.34,11.9,,
"SIND-026-PZ","03/24/07 00:00:00",,0.34,12.85,,
"SIND-023-PZ","11/23/08 00:00:00",,0.47,13.05,,
"SIND-024-PZ","11/23/08 00:00:00",,0.44999999,13.85,,
"SIND-026-PZ","04/21/07 00:00:00",,0.34,13.15,,
"SIND-026-PZ","05/23/07 00:00:00",,0.34,13.4,,
"SIND-026-PZ","06/25/07 00:00:00",,0.34,13.1,,
"SIND-026-PZ","07/28/07 00:00:00",,0.34,11.3,,
"SIND-039-A-PZ","02/20/07 00:00:00",,0.60000002,35.299999,,
"SIND-039-A-PZ","03/23/07 00:00:00",,0.60000002,40.099998,,
"SIND-039-A-PZ","04/20/07 00:00:00",,0.60000002,41.25,,
"SIND-039-A-PZ","05/25/07 00:00:00",,0.60000002,41.700001,,
"SIND-039-A-PZ","06/25/07 00:00:00",,0.60000002,42.799999,,
"SIND-039-A-PZ","07/26/07 00:00:00",,0.60000002,38.349998,,
"SIND-039-B-PZ","02/20/07 00:00:00",,0.75,13.7,,
"SIND-039-B-PZ","03/23/07 00:00:00",,0.75,13.95,,
"SIND-039-B-PZ","04/20/07 00:00:00",,0.75,14.35,,
"SIND-039-B-PZ","05/25/07 00:00:00",,0.75,14.55,,
"SIND-039-B-PZ","06/25/07 00:00:00",,0.75,15.85,,
"SIND-039-B-PZ","07/26/07 00:00:00",,0.75,10.8,,
"SIND-002-PZ","02/22/07 00:00:00",,0.64999998,12.65,,
"SIND-002-PZ","03/23/07 00:00:00",,0.64999998,13.7,,
"SIND-002-PZ","04/21/07 00:00:00",,0.64999998,13.5,,
"SIND-002-PZ","05/23/07 00:00:00",,0.64999998,13.8,,
"SIND-002-PZ","06/23/07 00:00:00",,0.64999998,13.9,,
"SIND-002-PZ","07/31/07 00:00:00",,0.64999998,10.85,,
"SIND-003-PZ","02/18/07 00:00:00",,0.80000001,28.299999,,
"SIND-003-PZ","03/21/07 00:00:00",,0.80000001,29.5,,
"SIND-003-PZ","04/21/07 00:00:00",,0.80000001,29.4,,
"SIND-003-PZ","05/23/07 00:00:00",,0.80000001,29.65,,
"SIND-003-PZ","06/21/07 00:00:00",,0.80000001,27.4,,
"SIND-003-PZ","07/23/00 00:00:00",,0.80000001,12.65,,
"SIND-004-A-PZ","02/05/07 00:00:00",,0.5,11.3,,
"SIND-004-A-PZ","03/23/07 00:00:00",,0.5,11.55,,
"SIND-004-A-PZ","04/30/07 00:00:00",,0.5,11.65,,
"SIND-004-A-PZ","05/26/07 00:00:00",,0.5,12.35,,
"SIND-004-A-PZ","06/25/07 00:00:00",,0.5,15.85,,
"SIND-004-A-PZ","07/25/07 00:00:00",,0.5,14.05,,
"SIND-004-B-PZ","05/26/07 00:00:00",,0.60000002,20.549999,,
"SIND-004-B-PZ","06/25/07 00:00:00",,0.60000002,16.35,,
"SIND-004-B-PZ","07/25/07 00:00:00",,0.60000002,15.15,,
"SIND-004-C-PZ","02/05/07 00:00:00",,0.69999999,11.9,,
"SIND-004-C-PZ","03/26/07 00:00:00",,0.69999999,12.1,,
"SIND-004-C-PZ","05/26/07 00:00:00",,0.69999999,14.15,,
"SIND-004-C-PZ","04/20/03 00:00:00",,0.69999999,28.75,,
"SIND-004-C-PZ","04/20/04 00:00:00",,0.69999999,29.959999,,
"SIND-025-PZ","11/22/08 00:00:00",,0.43000001,14,,
"SIND-026-PZ","11/23/08 00:00:00",,0.34,11.7,,
"SIND-004-C-PZ","07/25/07 00:00:00",,0.69999999,13.6,,
"SIND-005-PZ","02/28/07 00:00:00",,0.69999999,8.3999996,,
"SIND-005-PZ","01/20/07 00:00:00",,0.69999999,7.3499999,,
"SIND-005-PZ","04/18/07 00:00:00",,0.69999999,9.5500002,,
"SIND-005-PZ","05/22/07 00:00:00",,0.69999999,9.8500004,,
"SIND-005-PZ","06/28/07 00:00:00",,0.69999999,8.1000004,,
"SIND-005-PZ","07/28/07 00:00:00",,0.69999999,5.1300001,,
"SIND-028-PZ","02/26/07 00:00:00",,0.56,15.83,,
"SIND-028-PZ","03/29/07 00:00:00",,0.56,16.129999,,
"SIND-028-PZ","04/13/07 00:00:00",,0.56,16.639999,,
"SIND-028-PZ","05/29/07 00:00:00",,0.56,16.709999,,
"SIND-028-PZ","06/25/07 00:00:00",,0.56,16.77,,
"SIND-028-PZ","07/21/07 00:00:00",,0.56,9.9300003,,
"SIND-029-PZ","02/17/07 00:00:00",,0.44999999,15.2,,
"SIND-029-PZ","04/30/07 00:00:00",,0.44999999,16.4,,
"SIND-029-PZ","05/30/07 00:00:00",,0.44999999,19.450001,,
"SIND-029-PZ","06/27/07 00:00:00",,0.44999999,19.049999,,
"SIND-029-PZ","07/25/07 00:00:00",,0.44999999,17.950001,,
"SIND-030-PZ","02/25/07 00:00:00",,0.85000002,8.1000004,,
"SIND-030-PZ","03/28/07 00:00:00",,0.85000002,8.75,,
"SIND-030-PZ","04/27/07 00:00:00",,0.85000002,10.05,,
"SIND-030-PZ","05/25/07 00:00:00",,0.85000002,10.9,,
"SIND-030-PZ","06/29/07 00:00:00",,0.85000002,10.8,,
"SIND-030-PZ","07/26/07 00:00:00",,0.85000002,8.6499996,,
"SIND-031-PZ","02/26/07 00:00:00",,0.51999998,23.299999,,
"SIND-031-PZ","03/28/07 00:00:00",,0.51999998,25.4,,
"SIND-031-PZ","04/27/07 00:00:00",,0.51999998,28.35,,
"SIND-031-PZ","05/29/07 00:00:00",,0.51999998,28.65,,
"SIND-031-PZ","06/30/07 00:00:00",,0.51999998,29.5,,
"SIND-031-PZ","07/26/07 00:00:00",,0.51999998,22.4,,
"SIND-032-PZ","02/21/07 00:00:00",,0.51999998,16.549999,,
"SIND-032-PZ","03/23/07 00:00:00",,0.51999998,17.1,,
"SIND-032-PZ","04/26/07 00:00:00",,0.51999998,17.799999,,
"SIND-032-PZ","05/24/07 00:00:00",,0.51999998,18.6,,
"SIND-032-PZ","06/23/07 00:00:00",,0.51999998,19,,
"SIND-032-PZ","07/24/07 00:00:00",,0.51999998,15.3,,
"SIND-033-PZ","02/21/07 00:00:00",,0.64999998,24.950001,,
"SIND-033-PZ","03/23/07 00:00:00",,0.64999998,25.65,,
"SIND-033-PZ","04/22/07 00:00:00",,0.64999998,26.049999,,
"SIND-033-PZ","05/24/07 00:00:00",,0.64999998,26.4,,
"SIND-033-PZ","06/22/07 00:00:00",,0.64999998,18.15,,
"SIND-033-PZ","07/23/07 00:00:00",,0.64999998,13.05,,
"SIND-019-A-PZ","06/22/06 00:00:00",,0.30000001,19.593,,
"SIND-019-B-PZ","06/22/06 00:00:00",,0.60000002,18.509001,,
"SIND-019-C-PZ","06/22/06 00:00:00",,0.60000002,25.15,,
"SIND-029-PZ","08/27/08 00:00:00",,0.44999999,18.4,,
"SIND-020-PZ","06/20/06 00:00:00",,0.47999999,31.35,,
"SIND-021-PZ","06/20/06 00:00:00",,0.51999998,15.65,,
"SIND-022-PZ","06/20/06 00:00:00",,0.63,22.950001,,
"SIND-023-PZ","06/19/06 00:00:00",,0.47,20.65,,
"SIND-024-PZ","06/19/06 00:00:00",,0.44999999,24.799999,,
"SIND-025-PZ","06/17/06 00:00:00",,0.43000001,16.719999,,
"SIND-027-PZ","06/29/06 00:00:00",,0.69999999,19.35,,
"SIND-036-PZ","06/24/06 00:00:00",,0.44999999,13.72,,
"SIND-037-PZ","06/24/06 00:00:00",,0.60000002,25.1,,
"SIND-040-PZ","06/19/06 00:00:00",,0.61000001,12.5,,
"SIND-006-PZ","06/27/06 00:00:00",,0.69999999,15.2,,
"SIND-008-PZ","06/16/06 00:00:00",,0.36000001,17.049999,,
"SIND-009-PZ","06/16/06 00:00:00",,0.89999998,35.75,,
"SIND-010-PZ","06/16/06 00:00:00",,0.44999999,25.1,,
"SIND-011-PZ","06/18/06 00:00:00",,0.2,28.85,,
"SIND-012-PZ","06/16/06 00:00:00",,0.43000001,22.59,,
"SIND-014-PZ","06/16/06 00:00:00",,0.23999999,27,,
"SIND-015-PZ","06/18/06 00:00:00",,0.75,29.299999,,
"SIND-016-PZ","06/17/06 00:00:00",,0.60000002,29.950001,,
"SIND-017-PZ","06/17/06 00:00:00",,0.75,27.450001,,
"SIND-026-PZ","06/18/06 00:00:00",,0.34,19.9,,
"SIND-039-A-PZ","06/18/06 00:00:00",,0.60000002,34.950001,,
"SIND-039-B-PZ","06/18/06 00:00:00",,0.75,14.2,,
"SIND-002-PZ","06/21/06 00:00:00",,0.64999998,18,,
"SIND-003-PZ","06/21/06 00:00:00",,0.80000001,28.65,,
"SIND-004-A-PZ","06/30/06 00:00:00",,0.5,14.3,,
"SIND-004-B-PZ","06/30/06 00:00:00",,0.60000002,24.290001,,
"SIND-004-C-PZ","06/30/06 00:00:00",,0.69999999,24.6,,
"SIND-005-PZ","06/26/06 00:00:00",,0.69999999,12.2,,
"SIND-028-PZ","06/27/06 00:00:00",,0.56,20,,
"SIND-029-PZ","06/30/06 00:00:00",,0.44999999,20.35,,
"SIND-030-PZ","06/29/06 00:00:00",,0.85000002,20,,
"SIND-031-PZ","06/26/06 00:00:00",,0.51999998,39.099998,,
"SIND-032-PZ","06/23/06 00:00:00",,0.51999998,22.950001,,
"SIND-033-PZ","06/23/06 00:00:00",,0.64999998,26.5,,
"SIND-019-A-PZ","09/21/07 00:00:00",,0.30000001,7.5999999,,
"SIND-019-A-PZ","10/30/07 00:00:00",,0.30000001,10.05,,
"SIND-019-A-PZ","11/26/07 00:00:00",,0.30000001,13.35,,
"SIND-019-B-PZ","09/21/07 00:00:00",,0.60000002,8.8999996,,
"SIND-019-B-PZ","10/30/07 00:00:00",,0.60000002,8.8999996,,
"SIND-019-B-PZ","11/26/07 00:00:00",,0.60000002,13.05,,
"SIND-019-C-PZ","09/21/07 00:00:00",,0.60000002,8.1999998,,
"SIND-019-C-PZ","10/30/07 00:00:00",,0.60000002,10.15,,
"SIND-019-C-PZ","11/26/07 00:00:00",,0.60000002,13.25,,
"SIND-020-PZ","09/20/07 00:00:00",,0.47999999,7.6500001,,
"SIND-020-PZ","10/18/07 00:00:00",,0.47999999,9.3000002,,
"SIND-020-PZ","11/27/07 00:00:00",,0.47999999,11.05,,
"SIND-021-PZ","09/20/07 00:00:00",,0.51999998,6.3000002,,
"SIND-021-PZ","10/18/07 00:00:00",,0.51999998,8.1000004,,
"SIND-021-PZ","11/27/07 00:00:00",,0.51999998,8.6499996,,
"SIND-022-PZ","10/18/07 00:00:00",,0.63,4.8499999,,
"SIND-022-PZ","11/27/07 00:00:00",,0.63,6.9000001,,
"SIND-023-PZ","09/28/07 00:00:00",,0.47,3.8,,
"SIND-023-PZ","10/16/07 00:00:00",,0.47,4.9499998,,
"SIND-023-PZ","11/19/07 00:00:00",,0.47,6.6500001,,
"SIND-024-PZ","09/28/07 00:00:00",,0.44999999,6.5999999,,
"SIND-024-PZ","10/17/07 00:00:00",,0.44999999,7.6500001,,
"SIND-024-PZ","11/27/07 00:00:00",,0.44999999,8.0500002,,
"SIND-025-PZ","09/29/07 00:00:00",,0.43000001,2.7,,
"SIND-025-PZ","10/25/07 00:00:00",,0.43000001,4.8000002,,
"SIND-025-PZ","11/20/07 00:00:00",,0.43000001,6.9499998,,
"SIND-027-PZ","09/23/07 00:00:00",,0.69999999,10.05,,
"SIND-027-PZ","10/29/07 00:00:00",,0.69999999,10.9,,
"SIND-027-PZ","11/25/07 00:00:00",,0.69999999,11.85,,
"SIND-035-PZ","09/17/07 00:00:00",,0.54000002,4.3000002,,
"SIND-035-PZ","10/02/07 00:00:00",,0.54000002,5.6500001,,
"SIND-035-PZ","11/22/07 00:00:00",,0.54000002,6.75,,
"SIND-036-PZ","09/22/07 00:00:00",,0.44999999,4.8499999,,
"SIND-036-PZ","10/19/07 00:00:00",,0.44999999,6.6500001,,
"SIND-036-PZ","11/28/07 00:00:00",,0.44999999,11.15,,
"SIND-037-PZ","09/20/07 00:00:00",,0.60000002,3.1500001,,
"SIND-037-PZ","10/19/07 00:00:00",,0.60000002,3.3499999,,
"SIND-037-PZ","11/28/07 00:00:00",,0.60000002,9.6000004,,
"SIND-040-PZ","09/28/07 00:00:00",,0.61000001,6.4499998,,
"SIND-040-PZ","10/17/07 00:00:00",,0.61000001,6.6500001,,
"SIND-040-PZ","11/19/07 00:00:00",,0.61000001,6.9499998,,
"SIND-006-PZ","09/25/07 00:00:00",,0.69999999,4.0500002,,
"SIND-006-PZ","10/15/07 00:00:00",,0.69999999,4.4499998,,
"SIND-006-PZ","11/29/07 00:00:00",,0.69999999,7.9499998,,
"SIND-008-PZ","09/29/07 00:00:00",,0.36000001,9.6999998,,
"SIND-008-PZ","10/27/07 00:00:00",,0.36000001,9.9499998,,
"SIND-008-PZ","11/24/07 00:00:00",,0.36000001,10.35,,
"SIND-009-PZ","09/29/07 00:00:00",,0.89999998,16.799999,,
"SIND-009-PZ","10/26/07 00:00:00",,0.89999998,17.549999,,
"SIND-009-PZ","11/25/07 00:00:00",,0.89999998,19.4,,
"SIND-010-PZ","09/25/07 00:00:00",,0.44999999,4.3499999,,
"SIND-010-PZ","10/26/07 00:00:00",,0.44999999,5.8499999,,
"SIND-010-PZ","11/25/07 00:00:00",,0.44999999,10.05,,
"SIND-011-PZ","09/20/07 00:00:00",,0.2,7.8499999,,
"SIND-011-PZ","10/24/07 00:00:00",,0.2,8.8999996,,
"SIND-023-PZ","11/20/02 00:00:00",,0.47,13.52,,
"SIND-011-PZ","11/28/07 00:00:00",,0.2,9.3000002,,
"SIND-012-PZ","09/29/07 00:00:00",,0.43000001,9.6999998,,
"SIND-012-PZ","10/27/07 00:00:00",,0.43000001,12.15,,
"SIND-012-PZ","11/24/07 00:00:00",,0.43000001,14.85,,
"SIND-013-PZ","09/21/07 00:00:00",,0.73000002,5.8000002,,
"SIND-013-PZ","10/25/07 00:00:00",,0.73000002,10.05,,
"SIND-013-PZ","11/24/07 00:00:00",,0.73000002,14.15,,
"SIND-014-PZ","09/21/07 00:00:00",,0.23999999,6.25,,
"SIND-014-PZ","10/25/07 00:00:00",,0.23999999,10.7,,
"SIND-014-PZ","11/29/07 00:00:00",,0.23999999,13.95,,
"SIND-015-PZ","09/21/07 00:00:00",,0.75,7.5,,
"SIND-015-PZ","10/25/07 00:00:00",,0.75,12.85,,
"SIND-015-PZ","11/29/07 00:00:00",,0.75,17.65,,
"SIND-016-PZ","09/26/07 00:00:00",,0.60000002,8.3500004,,
"SIND-016-PZ","10/28/07 00:00:00",,0.60000002,14.65,,
"SIND-016-PZ","11/30/07 00:00:00",,0.60000002,16.799999,,
"SIND-017-PZ","09/26/07 00:00:00",,0.75,7.3000002,,
"SIND-017-PZ","10/28/07 00:00:00",,0.75,14.05,,
"SIND-017-PZ","11/30/07 00:00:00",,0.75,16.549999,,
"SIND-018-PZ","09/26/07 00:00:00",,0.47,4.1500001,,
"SIND-018-PZ","10/28/07 00:00:00",,0.47,6.8499999,,
"SIND-018-PZ","11/30/07 00:00:00",,0.47,10.05,,
"SIND-026-PZ","09/21/07 00:00:00",,0.34,1.5,,
"SIND-026-PZ","10/25/07 00:00:00",,0.34,5.9499998,,
"SIND-026-PZ","11/29/07 00:00:00",,0.34,9.0500002,,
"SIND-039-A-PZ","09/20/07 00:00:00",,0.60000002,10.8,,
"SIND-039-A-PZ","10/24/07 00:00:00",,0.60000002,14.05,,
"SIND-039-A-PZ","11/28/07 00:00:00",,0.60000002,18.700001,,
"SIND-039-B-PZ","09/20/07 00:00:00",,0.75,8.1499996,,
"SIND-039-B-PZ","10/24/07 00:00:00",,0.75,10.35,,
"SIND-039-B-PZ","11/28/07 00:00:00",,0.75,11.1,,
"SIND-002-PZ","09/30/07 00:00:00",,0.64999998,8.5,,
"SIND-002-PZ","10/22/07 00:00:00",,0.64999998,8.8999996,,
"SIND-002-PZ","11/23/07 00:00:00",,0.64999998,10.45,,
"SIND-003-PZ","09/24/07 00:00:00",,0.80000001,9.6499996,,
"SIND-003-PZ","10/20/07 00:00:00",,0.80000001,11.7,,
"SIND-003-PZ","11/23/07 00:00:00",,0.80000001,17.65,,
"SIND-004-A-PZ","09/29/07 00:00:00",,0.5,4.3499999,,
"SIND-004-A-PZ","10/25/07 00:00:00",,0.5,5.0999999,,
"SIND-004-A-PZ","11/30/07 00:00:00",,0.5,8.3999996,,
"SIND-004-B-PZ","09/29/07 00:00:00",,0.60000002,4.4499998,,
"SIND-004-B-PZ","10/25/07 00:00:00",,0.60000002,5.25,,
"SIND-004-B-PZ","11/30/07 00:00:00",,0.60000002,8.5500002,,
"SIND-004-C-PZ","09/29/07 00:00:00",,0.69999999,4.5500002,,
"SIND-004-C-PZ","10/25/07 00:00:00",,0.69999999,5.3499999,,
"SIND-004-C-PZ","11/30/07 00:00:00",,0.69999999,8.6000004,,
"SIND-005-PZ","09/20/07 00:00:00",,0.69999999,1.7,,
"SIND-005-PZ","11/21/07 00:00:00",,0.69999999,5.0500002,,
"SIND-028-PZ","09/22/07 00:00:00",,0.56,2.8499999,,
"SIND-028-PZ","10/30/07 00:00:00",,0.56,5.6999998,,
"SIND-028-PZ","11/22/07 00:00:00",,0.56,12.6,,
"SIND-029-PZ","09/30/07 00:00:00",,0.44999999,10.45,,
"SIND-029-PZ","11/30/07 00:00:00",,0.44999999,11.85,,
"SIND-030-PZ","09/28/07 00:00:00",,0.85000002,3.6500001,,
"SIND-030-PZ","10/24/07 00:00:00",,0.85000002,3.95,,
"SIND-030-PZ","11/22/07 00:00:00",,0.85000002,4.1500001,,
"SIND-031-PZ","09/27/07 00:00:00",,0.51999998,7.1500001,,
"SIND-031-PZ","10/31/07 00:00:00",,0.51999998,10.15,,
"SIND-031-PZ","11/22/07 00:00:00",,0.51999998,19.200001,,
"SIND-032-PZ","09/25/07 00:00:00",,0.51999998,6.9000001,,
"SIND-032-PZ","10/23/07 00:00:00",,0.51999998,7.75,,
"SIND-032-PZ","11/26/07 00:00:00",,0.51999998,13.6,,
"SIND-033-PZ","09/25/07 00:00:00",,0.64999998,5.8499999,,
"SIND-033-PZ","10/22/07 00:00:00",,0.64999998,8.3500004,,
"SIND-019-A-PZ","01/21/08 00:00:00",,0.30000001,17.450001,,
"SIND-019-B-PZ","01/21/08 00:00:00",,0.60000002,16.549999,,
"SIND-019-C-PZ","01/21/08 00:00:00",,0.60000002,19.9,,
"SIND-020-PZ","01/22/08 00:00:00",,0.47999999,15.6,,
"SIND-021-PZ","01/22/08 00:00:00",,0.51999998,9.3000002,,
"SIND-022-PZ","01/22/08 00:00:00",,0.63,16.450001,,
"SIND-023-PZ","01/29/08 00:00:00",,0.47,11.85,,
"SIND-024-PZ","01/29/08 00:00:00",,0.44999999,12.3,,
"SIND-025-PZ","01/28/08 00:00:00",,0.43000001,13.85,,
"SIND-027-PZ","01/25/08 00:00:00",,0.69999999,15.3,,
"SIND-035-PZ","01/27/08 00:00:00",,0.54000002,10.55,,
"SIND-036-PZ","01/24/08 00:00:00",,0.44999999,13,,
"SIND-037-PZ","01/22/08 00:00:00",,0.60000002,16.35,,
"SIND-040-PZ","01/29/08 00:00:00",,0.61000001,10.4,,
"SIND-006-PZ","01/20/07 00:00:00",,0.69999999,8.25,,
"SIND-008-PZ","01/23/08 00:00:00",,0.36000001,14,,
"SIND-009-PZ","01/23/08 00:00:00",,0.89999998,24.049999,,
"SIND-010-PZ","01/23/08 00:00:00",,0.44999999,17.65,,
"SIND-011-PZ","01/24/08 00:00:00",,0.2,13.85,,
"SIND-012-PZ","01/28/08 00:00:00",,0.43000001,22.549999,,
"SIND-013-PZ","01/28/08 00:00:00",,0.73000002,21.950001,,
"SIND-014-PZ","01/28/08 00:00:00",,0.23999999,22.35,,
"SIND-015-PZ","01/23/08 00:00:00",,0.75,27.6,,
"SIND-016-PZ","01/30/08 00:00:00",,0.60000002,23.85,,
"SIND-008-PZ","11/20/02 00:00:00",,0.36000001,11.35,,
"SIND-034-PZ","11/20/02 00:00:00",,0.41999999,14.04,,
"SIND-017-PZ","01/30/08 00:00:00",,0.75,22.700001,,
"SIND-018-PZ","01/30/08 00:00:00",,0.47,16.049999,,
"SIND-026-PZ","01/25/08 00:00:00",,0.34,11.7,,
"SIND-039-A-PZ","01/24/08 00:00:00",,0.60000002,33.799999,,
"SIND-039-B-PZ","01/24/08 00:00:00",,0.75,13.05,,
"SIND-002-PZ","01/21/08 00:00:00",,0.64999998,11.8,,
"SIND-003-PZ","01/21/08 00:00:00",,0.80000001,28.1,,
"SIND-004-A-PZ","01/25/08 00:00:00",,0.5,11.35,,
"SIND-004-B-PZ","01/25/08 00:00:00",,0.60000002,11.65,,
"SIND-004-C-PZ","01/25/08 00:00:00",,0.69999999,14,,
"SIND-005-PZ","01/31/08 00:00:00",,0.69999999,7.9499998,,
"SIND-028-PZ","01/31/08 00:00:00",,0.56,15.35,,
"SIND-029-PZ","01/28/08 00:00:00",,0.44999999,15.9,,
"SIND-030-PZ","01/24/08 00:00:00",,0.85000002,6.9499998,,
"SIND-031-PZ","01/24/08 00:00:00",,0.51999998,23.65,,
"SIND-032-PZ","01/22/08 00:00:00",,0.51999998,15.4,,
"SIND-033-PZ","01/22/08 00:00:00",,0.64999998,24.35,,
"SIND-019-A-PZ","02/27/08 00:00:00",,0.30000001,17.9,,
"SIND-019-B-PZ","02/27/08 00:00:00",,0.60000002,17.35,,
"SIND-019-C-PZ","02/27/08 00:00:00",,0.60000002,20.4,,
"SIND-020-PZ","02/24/08 00:00:00",,0.47999999,17.049999,,
"SIND-021-PZ","02/24/08 00:00:00",,0.51999998,9.4499998,,
"SIND-022-PZ","02/24/08 00:00:00",,0.63,18.799999,,
"SIND-023-PZ","02/26/08 00:00:00",,0.47,12.65,,
"SIND-024-PZ","02/26/08 00:00:00",,0.44999999,13.05,,
"SIND-025-PZ","02/19/08 00:00:00",,0.43000001,14.3,,
"SIND-027-PZ","02/15/08 00:00:00",,0.69999999,16.15,,
"SIND-035-PZ","02/25/08 00:00:00",,0.54000002,11.1,,
"SIND-036-PZ","02/20/08 00:00:00",,0.44999999,13.45,,
"SIND-037-PZ","02/20/08 00:00:00",,0.60000002,18.6,,
"SIND-040-PZ","02/26/08 00:00:00",,0.61000001,10.8,,
"SIND-008-PZ","02/25/08 00:00:00",,0.36000001,16,,
"SIND-009-PZ","02/22/08 00:00:00",,0.89999998,26.200001,,
"SIND-010-PZ","02/22/08 00:00:00",,0.44999999,18.9,,
"SIND-011-PZ","02/23/08 00:00:00",,0.2,15.05,,
"SIND-012-PZ","02/25/08 00:00:00",,0.43000001,23.35,,
"SIND-013-PZ","02/26/08 00:00:00",,0.73000002,22.85,,
"SIND-014-PZ","02/26/08 00:00:00",,0.23999999,23.049999,,
"SIND-015-PZ","02/26/08 00:00:00",,0.75,28.4,,
"SIND-016-PZ","02/28/08 00:00:00",,0.60000002,24.950001,,
"SIND-017-PZ","02/28/08 00:00:00",,0.75,23.799999,,
"SIND-026-PZ","02/26/08 00:00:00",,0.34,12.9,,
"SIND-039-A-PZ","02/23/08 00:00:00",,0.60000002,35.849998,,
"SIND-039-B-PZ","02/23/08 00:00:00",,0.75,13.9,,
"SIND-002-PZ","02/19/08 00:00:00",,0.64999998,12.7,,
"SIND-003-PZ","02/19/08 00:00:00",,0.80000001,29.049999,,
"SIND-004-A-PZ","02/27/08 00:00:00",,0.5,13,,
"SIND-004-B-PZ","02/27/08 00:00:00",,0.60000002,18.450001,,
"SIND-004-C-PZ","02/27/08 00:00:00",,0.69999999,18,,
"SIND-005-PZ","02/28/08 00:00:00",,0.69999999,8.6499996,,
"SIND-028-PZ","02/29/08 00:00:00",,0.56,15.95,,
"SIND-029-PZ","02/27/08 00:00:00",,0.44999999,16.049999,,
"SIND-030-PZ","02/21/08 00:00:00",,0.85000002,8.3500004,,
"SIND-031-PZ","02/21/08 00:00:00",,0.51999998,24.299999,,
"SIND-032-PZ","02/26/08 00:00:00",,0.51999998,16.65,,
"SIND-033-PZ","02/25/08 00:00:00",,0.64999998,25.1,,
"SIND-034-PZ","02/22/08 00:00:00",,0.41999999,,"N R.",
"SIND-019-A-PZ","03/18/08 00:00:00",,0.30000001,20.049999,,
"SIND-019-A-PZ","04/17/08 00:00:00",,0.30000001,21.85,,
"SIND-019-A-PZ","05/28/08 00:00:00",,0.30000001,22.4,,
"SIND-019-B-PZ","03/18/08 00:00:00",,0.60000002,20.9,,
"SIND-019-B-PZ","04/17/08 00:00:00",,0.60000002,22.049999,,
"SIND-019-B-PZ","05/28/08 00:00:00",,0.60000002,23.15,,
"SIND-019-C-PZ","03/18/08 00:00:00",,0.60000002,29.4,,
"SIND-019-C-PZ","04/17/08 00:00:00",,0.60000002,30.549999,,
"SIND-019-C-PZ","05/28/08 00:00:00",,0.60000002,31.799999,,
"SIND-020-PZ","03/30/08 00:00:00",,0.47999999,24.700001,,
"SIND-020-PZ","04/24/08 00:00:00",,0.47999999,26.950001,,
"SIND-021-PZ","03/30/08 00:00:00",,0.51999998,11.7,,
"SIND-021-PZ","04/24/08 00:00:00",,0.51999998,12.05,,
"SIND-021-PZ","05/16/08 00:00:00",,0.51999998,13.95,,
"SIND-022-PZ","03/29/08 00:00:00",,0.63,23.35,,
"SIND-022-PZ","04/22/08 00:00:00",,0.63,24.15,,
"SIND-022-PZ","05/16/08 00:00:00",,0.63,27.65,,
"SIND-023-PZ","03/20/08 00:00:00",,0.47,13.65,,
"SIND-023-PZ","04/22/08 00:00:00",,0.47,14.3,,
"SIND-023-PZ","05/20/08 00:00:00",,0.47,16.549999,,
"SIND-024-PZ","03/20/08 00:00:00",,0.44999999,20.35,,
"SIND-024-PZ","04/22/08 00:00:00",,0.44999999,22.85,,
"SIND-024-PZ","05/21/08 00:00:00",,0.44999999,23.6,,
"SIND-025-PZ","03/19/08 00:00:00",,0.43000001,16.049999,,
"SIND-025-PZ","04/23/08 00:00:00",,0.43000001,17.549999,,
"SIND-025-PZ","05/18/08 00:00:00",,0.43000001,18.200001,,
"SIND-027-PZ","03/23/08 00:00:00",,0.69999999,16.950001,,
"SIND-027-PZ","04/29/08 00:00:00",,0.69999999,17.65,,
"SIND-027-PZ","05/19/08 00:00:00",,0.69999999,18.35,,
"SIND-035-PZ","03/27/08 00:00:00",,0.54000002,12.3,,
"SIND-035-PZ","04/30/08 00:00:00",,0.54000002,,"N R",
"SIND-035-PZ","05/23/08 00:00:00",,0.54000002,,"N R",
"SIND-036-PZ","03/29/08 00:00:00",,0.44999999,13.55,,
"SIND-036-PZ","04/28/08 00:00:00",,0.44999999,13.65,,
"SIND-036-PZ","05/20/08 00:00:00",,0.44999999,13.95,,
"SIND-037-PZ","03/30/08 00:00:00",,0.60000002,21.4,,
"SIND-037-PZ","04/24/08 00:00:00",,0.60000002,23.200001,,
"SIND-037-PZ","05/16/08 00:00:00",,0.60000002,23.85,,
"SIND-040-PZ","03/20/08 00:00:00",,0.61000001,11.1,,
"SIND-040-PZ","04/22/08 00:00:00",,0.61000001,11.3,,
"SIND-008-PZ","03/30/08 00:00:00",,0.36000001,18,,
"SIND-008-PZ","04/30/08 00:00:00",,0.36000001,19,,
"SIND-008-PZ","05/29/08 00:00:00",,0.36000001,19.5,,
"SIND-009-PZ","03/22/08 00:00:00",,0.89999998,32.049999,,
"SIND-009-PZ","04/29/08 00:00:00",,0.89999998,34.700001,,
"SIND-009-PZ","05/29/08 00:00:00",,0.89999998,36.200001,,
"SIND-010-PZ","03/30/08 00:00:00",,0.44999999,19.15,,
"SIND-010-PZ","04/29/08 00:00:00",,0.44999999,19.35,,
"SIND-010-PZ","05/29/08 00:00:00",,0.44999999,20.5,,
"SIND-011-PZ","03/24/08 00:00:00",,0.2,18.1,,
"SIND-011-PZ","04/22/08 00:00:00",,0.2,18.9,,
"SIND-011-PZ","05/21/08 00:00:00",,0.2,21.299999,,
"SIND-012-PZ","03/23/08 00:00:00",,0.43000001,23.65,,
"SIND-012-PZ","04/30/08 00:00:00",,0.43000001,23.950001,,
"SIND-012-PZ","05/23/08 00:00:00",,0.43000001,24.799999,,
"SIND-013-PZ","03/23/08 00:00:00",,0.73000002,24.4,,
"SIND-013-PZ","04/30/08 00:00:00",,0.73000002,25.049999,,
"SIND-013-PZ","05/22/08 00:00:00",,0.73000002,26.25,,
"SIND-014-PZ","03/20/08 00:00:00",,0.23999999,23.15,,
"SIND-014-PZ","04/24/08 00:00:00",,0.23999999,23.200001,,
"SIND-014-PZ","05/22/08 00:00:00",,0.23999999,24.35,,
"SIND-015-PZ","03/20/08 00:00:00",,0.75,28.799999,,
"SIND-015-PZ","04/24/08 00:00:00",,0.75,29.1,,
"SIND-015-PZ","05/22/08 00:00:00",,0.75,29.700001,,
"SIND-016-PZ","03/27/08 00:00:00",,0.60000002,25.65,,
"SIND-016-PZ","04/25/08 00:00:00",,0.60000002,26.35,,
"SIND-016-PZ","05/27/08 00:00:00",,0.60000002,27.049999,,
"SIND-017-PZ","03/27/08 00:00:00",,0.75,24.5,,
"SIND-017-PZ","04/25/08 00:00:00",,0.75,25.049999,,
"SIND-017-PZ","05/27/08 00:00:00",,0.75,26.1,,
"SIND-026-PZ","04/24/08 00:00:00",,0.34,14.1,,
"SIND-025-PZ","11/20/02 00:00:00",,0.43000001,15.35,,
"SIND-006-PZ","09/20/06 00:00:00",,0.69999999,3.23,,
"SIND-027-PZ","11/28/08 00:00:00",,0.69999999,13,,
"SIND-028-PZ","11/22/08 00:00:00",,0.56,14.8,,
"SIND-029-PZ","11/23/08 00:00:00",,0.44999999,19.4,,
"SIND-018-PZ","03/27/08 00:00:00",,0.47,,"N R",
"SIND-018-PZ","04/22/08 00:00:00",,0.47,,"N R",
"SIND-018-PZ","05/21/08 00:00:00",,0.47,,"N R",
"SIND-026-PZ","03/20/08 00:00:00",,0.34,13.7,,
"SIND-039-A-PZ","03/24/08 00:00:00",,0.60000002,40.049999,,
"SIND-039-B-PZ","03/24/08 00:00:00",,0.75,18.799999,,
"SIND-002-PZ","03/20/08 00:00:00",,0.64999998,13.85,,
"SIND-002-PZ","05/21/08 00:00:00",,0.64999998,14.2,,
"SIND-003-PZ","04/21/08 00:00:00",,0.80000001,29.6,,
"SIND-004-A-PZ","03/28/08 00:00:00",,0.5,14,,
"SIND-004-A-PZ","05/16/08 00:00:00",,0.5,18,,
"SIND-004-B-PZ","03/28/08 00:00:00",,0.60000002,19.1,,
"SIND-004-B-PZ","04/30/08 00:00:00",,0.60000002,22.85,,
"SIND-004-B-PZ","05/16/01 00:00:00",,0.60000002,54.650002,,
"SIND-004-C-PZ","03/28/08 00:00:00",,0.69999999,20,,
"SIND-004-C-PZ","04/30/08 00:00:00",,0.69999999,22,,
"SIND-004-C-PZ","05/16/08 00:00:00",,0.69999999,25,,
"SIND-005-PZ","03/18/08 00:00:00",,0.69999999,9.3500004,,
"SIND-005-PZ","04/26/08 00:00:00",,0.69999999,10.25,,
"SIND-005-PZ","05/30/08 00:00:00",,0.69999999,10.7,,
"SIND-028-PZ","03/19/08 00:00:00",,0.56,17.15,,
"SIND-028-PZ","04/26/08 00:00:00",,0.56,18.25,,
"SIND-028-PZ","05/24/08 00:00:00",,0.56,18.549999,,
"SIND-029-PZ","03/29/08 00:00:00",,0.44999999,16.9,,
"SIND-029-PZ","04/17/08 00:00:00",,0.44999999,18.15,,
"SIND-029-PZ","05/16/08 00:00:00",,0.44999999,18.9,,
"SIND-030-PZ","03/27/08 00:00:00",,0.85000002,9.1000004,,
"SIND-030-PZ","04/29/08 00:00:00",,0.85000002,10.2,,
"SIND-030-PZ","05/23/08 00:00:00",,0.85000002,11.05,,
"SIND-031-PZ","03/27/08 00:00:00",,0.51999998,25.950001,,
"SIND-031-PZ","04/29/08 00:00:00",,0.51999998,27.700001,,
"SIND-031-PZ","05/24/08 00:00:00",,0.51999998,29.35,,
"SIND-032-PZ","03/24/08 00:00:00",,0.51999998,17.35,,
"SIND-032-PZ","04/22/08 00:00:00",,0.51999998,18.049999,,
"SIND-004-B-PZ","08/20/01 00:00:00",,0.60000002,39.950001,,
"SIND-025-PZ","04/20/04 00:00:00",,0.43000001,17.25,,
"SIND-039-B-PZ","11/20/02 00:00:00",,0.75,10.25,,
"SIND-039-B-PZ","04/20/04 00:00:00",,0.75,12.95,,
"SIND-040-PZ","11/20/02 00:00:00",,0.61000001,12.8,,
"SIND-040-PZ","04/20/04 00:00:00",,0.61000001,10.5,,
"SIND-006-PZ","10/20/06 00:00:00",,0.69999999,3.9300001,,
"SIND-006-PZ","11/23/06 00:00:00",,0.69999999,4.27,,
"SIND-030-PZ","11/20/08 00:00:00",,0.85000002,7.9000001,,
"SIND-031-PZ","11/22/08 00:00:00",,0.51999998,22.15,,
"SIND-032-PZ","05/22/08 00:00:00",,0.51999998,18.9,,
"SIND-033-PZ","03/24/08 00:00:00",,0.64999998,25.85,,
"SIND-033-PZ","04/22/08 00:00:00",,0.64999998,26.049999,,
"SIND-033-PZ","05/21/08 00:00:00",,0.64999998,26.65,,
"SIND-034-PZ","03/25/08 00:00:00",,0.41999999,,"N R",
"SIND-034-PZ","04/23/08 00:00:00",,0.41999999,,"N R.",
"SIND-034-PZ","05/21/08 00:00:00",,0.41999999,,"N R .",
"SIND-002-PZ","04/20/04 00:00:00",,0.64999998,13.65,,
"SIND-002-PZ","07/20/04 00:00:00",,0.64999998,12.55,,
"SIND-002-PZ","10/20/06 00:00:00",,0.64999998,9.6999998,,
"SIND-002-PZ","11/20/06 00:00:00",,0.64999998,9.3500004,,
"SIND-002-PZ","12/20/06 00:00:00",,0.64999998,10.8,,
"SIND-002-PZ","01/20/07 00:00:00",,0.64999998,11.95,,
"SIND-002-PZ","08/20/07 00:00:00",,0.64999998,9.6499996,,
"SIND-002-PZ","12/20/07 00:00:00",,0.64999998,10.95,,
"SIND-002-PZ","04/20/08 00:00:00",,0.64999998,14.05,,
"SIND-002-PZ","06/25/08 00:00:00",,0.64999998,14.4,,
"SIND-002-PZ","07/27/08 00:00:00",,0.64999998,15.5,,
"SIND-002-PZ","08/20/02 00:00:00",,0.64999998,13.85,,
"SIND-002-PZ","11/20/02 00:00:00",,0.64999998,13.2,,
"SIND-003-PZ","11/20/02 00:00:00",,0.80000001,27.950001,,
"SIND-003-PZ","04/20/04 00:00:00",,0.80000001,28.65,,
"SIND-003-PZ","07/20/04 00:00:00",,0.80000001,19.6,,
"SIND-003-PZ","08/20/04 00:00:00",,0.80000001,10.35,,
"SIND-003-PZ","10/20/06 00:00:00",,0.80000001,8.3999996,,
"SIND-003-PZ","11/20/06 00:00:00",,0.80000001,12.6,,
"SIND-003-PZ","12/20/06 00:00:00",,0.80000001,18.85,,
"SIND-003-PZ","01/20/07 00:00:00",,0.80000001,27.049999,,
"SIND-003-PZ","07/20/07 00:00:00",,0.80000001,22.65,,
"SIND-003-PZ","08/28/07 00:00:00",,0.80000001,8.8000002,,
"SIND-003-PZ","12/20/07 00:00:00",,0.80000001,18.950001,,
"SIND-003-PZ","03/23/08 00:00:00",,0.80000001,29.450001,,
"SIND-003-PZ","05/25/08 00:00:00",,0.80000001,29.950001,,
"SIND-003-PZ","06/26/08 00:00:00",,0.80000001,30,,
"SIND-003-PZ","07/28/08 00:00:00",,0.80000001,28.65,,
"SIND-004-A-PZ","11/20/02 00:00:00",,0.5,10.6,,
"SIND-004-A-PZ","04/20/04 00:00:00",,0.5,13.95,,
"SIND-004-A-PZ","07/23/04 00:00:00",,0.5,10.85,,
"SIND-006-PZ","12/23/06 00:00:00",,0.69999999,7.2399998,,
"SIND-004-A-PZ","12/20/04 00:00:00",,0.5,10.45,,
"SIND-004-A-PZ","03/23/05 00:00:00",,0.5,15.85,,
"SIND-004-A-PZ","10/20/06 00:00:00",,0.5,3.25,,
"SIND-004-A-PZ","11/20/06 00:00:00",,0.5,4.3499999,,
"SIND-004-A-PZ","12/23/06 00:00:00",,0.5,9.5500002,,
"SIND-004-A-PZ","01/20/07 00:00:00",,0.5,11.3,,
"SIND-004-A-PZ","08/20/07 00:00:00",,0.5,4.0500002,,
"SIND-004-A-PZ","12/20/07 00:00:00",,0.5,9.8500004,,
"SIND-004-A-PZ","04/20/08 00:00:00",,0.5,16,,
"SIND-004-A-PZ","06/20/08 00:00:00",,0.5,19,,
"SIND-004-A-PZ","07/27/08 00:00:00",,0.5,13.7,,
"SIND-004-B-PZ","11/20/01 00:00:00",,0.60000002,45.950001,,
"SIND-004-B-PZ","01/20/02 00:00:00",,0.60000002,51.099998,,
"SIND-004-B-PZ","05/20/02 00:00:00",,0.60000002,50.950001,,
"SIND-004-B-PZ","11/20/02 00:00:00",,0.60000002,10.9,,
"SIND-004-B-PZ","04/20/03 00:00:00",,0.60000002,23.799999,,
"SIND-004-B-PZ","03/20/04 00:00:00",,0.60000002,25,,
"SIND-004-B-PZ","04/20/04 00:00:00",,0.60000002,24.809999,,
"SIND-004-B-PZ","07/20/04 00:00:00",,0.60000002,24.16,,
"SIND-004-B-PZ","11/20/04 00:00:00",,0.60000002,6.0999999,,
"SIND-004-B-PZ","06/20/05 00:00:00",,0.60000002,28.889999,,
"SIND-004-B-PZ","04/20/06 00:00:00",,0.60000002,24.77,,
"SIND-004-B-PZ","10/20/06 00:00:00",,0.60000002,0.94999999,,
"SIND-004-B-PZ","11/20/06 00:00:00",,0.60000002,4.6999998,,
"SIND-004-B-PZ","12/20/06 00:00:00",,0.60000002,10.15,,
"SIND-004-B-PZ","01/20/07 00:00:00",,0.60000002,12.6,,
"SIND-004-B-PZ","02/20/07 00:00:00",,0.60000002,18.360001,,
"SIND-004-B-PZ","03/23/07 00:00:00",,0.60000002,19.450001,,
"SIND-004-B-PZ","04/20/07 00:00:00",,0.60000002,20.299999,,
"SIND-004-B-PZ","08/28/07 00:00:00",,0.60000002,4.0999999,,
"SIND-004-B-PZ","12/22/07 00:00:00",,0.60000002,10.05,,
"SIND-004-B-PZ","06/20/08 00:00:00",,0.60000002,22.35,,
"SIND-004-B-PZ","07/27/08 00:00:00",,0.60000002,20.450001,,
"SIND-004-C-PZ","07/20/04 00:00:00",,0.69999999,30.059999,,
"SIND-004-C-PZ","11/20/04 00:00:00",,0.69999999,6.6300001,,
"SIND-004-C-PZ","04/20/06 00:00:00",,0.69999999,21.950001,,
"SIND-004-C-PZ","10/20/06 00:00:00",,0.69999999,3.1700001,,
"SIND-004-C-PZ","11/20/06 00:00:00",,0.69999999,4.4000001,,
"SIND-004-C-PZ","12/20/06 00:00:00",,0.69999999,9.5500002,,
"SIND-004-C-PZ","01/20/07 00:00:00",,0.69999999,11.75,,
"SIND-004-C-PZ","04/24/07 00:00:00",,0.69999999,12.5,,
"SIND-004-C-PZ","06/20/07 00:00:00",,0.69999999,15.95,,
"SIND-004-C-PZ","08/20/07 00:00:00",,0.69999999,4.1999998,,
"SIND-032-PZ","11/25/08 00:00:00",,0.51999998,17.6,,
"SIND-004-C-PZ","12/20/07 00:00:00",,0.69999999,9.1999998,,
"SIND-004-C-PZ","06/20/08 00:00:00",,0.69999999,26,,
"SIND-004-C-PZ","07/20/08 00:00:00",,0.69999999,18.049999,,
"SIND-005-PZ","11/20/02 00:00:00",,0.69999999,7.4000001,,
"SIND-005-PZ","04/20/04 00:00:00",,0.69999999,7.0999999,,
"SIND-005-PZ","07/27/04 00:00:00",,0.69999999,6.4000001,,
"SIND-005-PZ","08/28/04 00:00:00",,0.69999999,2,,
"SIND-005-PZ","04/20/06 00:00:00",,0.69999999,11.65,,
"SIND-005-PZ","11/20/06 00:00:00",,0.69999999,7.1999998,,
"SIND-005-PZ","08/20/07 00:00:00",,0.69999999,1.3,,
"SIND-005-PZ","12/23/07 00:00:00",,0.69999999,5.6500001,,
"SIND-005-PZ","06/20/08 00:00:00",,0.69999999,10.35,,
"SIND-005-PZ","07/27/08 00:00:00",,0.69999999,8.9499998,,
"SIND-005-PZ","12/20/06 00:00:00",,0.69999999,7.4499998,,
"SIND-005-PZ","10/20/07 00:00:00",,0.69999999,3.6500001,,
"SIND-008-PZ","04/20/04 00:00:00",,0.36000001,14.35,,
"SIND-008-PZ","07/27/04 00:00:00",,0.36000001,14.2,,
"SIND-008-PZ","10/20/06 00:00:00",,0.36000001,6.6999998,,
"SIND-008-PZ","11/20/06 00:00:00",,0.36000001,7.9000001,,
"SIND-008-PZ","12/20/06 00:00:00",,0.36000001,8.8500004,,
"SIND-008-PZ","01/20/07 00:00:00",,0.36000001,11.65,,
"SIND-008-PZ","08/20/07 00:00:00",,0.36000001,9.1000004,,
"SIND-008-PZ","12/20/07 00:00:00",,0.36000001,12,,
"SIND-008-PZ","06/20/08 00:00:00",,0.36000001,20,,
"SIND-008-PZ","07/27/08 00:00:00",,0.36000001,19,,
"SIND-009-PZ","05/20/00 00:00:00",,0.89999998,28.85,,
"SIND-009-PZ","11/20/02 00:00:00",,0.89999998,25.700001,,
"SIND-009-PZ","03/20/04 00:00:00",,0.89999998,25.190001,,
"SIND-009-PZ","04/23/04 00:00:00",,0.89999998,30.209999,,
"SIND-009-PZ","07/27/04 00:00:00",,0.89999998,29.799999,,
"SIND-009-PZ","08/28/04 00:00:00",,0.89999998,16.75,,
"SIND-009-PZ","10/20/06 00:00:00",,0.89999998,14.6,,
"SIND-009-PZ","11/20/06 00:00:00",,0.89999998,16.85,,
"SIND-009-PZ","12/20/06 00:00:00",,0.89999998,18.4,,
"SIND-009-PZ","01/20/07 00:00:00",,0.89999998,23.6,,
"SIND-009-PZ","06/20/07 00:00:00",,0.89999998,28.4,,
"SIND-009-PZ","08/23/07 00:00:00",,0.89999998,16.299999,,
"SIND-009-PZ","12/20/07 00:00:00",,0.89999998,22.65,,
"SIND-009-PZ","06/20/08 00:00:00",,0.89999998,36.450001,,
"SIND-009-PZ","07/27/08 00:00:00",,0.89999998,36.299999,,
"SIND-010-PZ","07/20/04 00:00:00",,0.44999999,20.1,,
"SIND-010-PZ","08/20/05 00:00:00",,0.44999999,19.85,,
"SIND-010-PZ","10/20/06 00:00:00",,0.44999999,4.5500002,,
"SIND-010-PZ","11/20/06 00:00:00",,0.44999999,10.15,,
"SIND-010-PZ","12/20/06 00:00:00",,0.44999999,13.95,,
"SIND-010-PZ","01/20/07 00:00:00",,0.44999999,18.1,,
"SIND-010-PZ","08/20/07 00:00:00",,0.44999999,4.0500002,,
"SIND-010-PZ","12/20/07 00:00:00",,0.44999999,14.3,,
"SIND-010-PZ","06/20/08 00:00:00",,0.44999999,20.35,,
"SIND-010-PZ","07/27/08 00:00:00",,0.44999999,16.85,,
"SIND-011-PZ","11/20/02 00:00:00",,0.2,12.4,,
"SIND-011-PZ","04/24/04 00:00:00",,0.2,14.45,,
"SIND-011-PZ","07/27/04 00:00:00",,0.2,7.5500002,,
"SIND-011-PZ","06/20/05 00:00:00",,0.2,21.9,,
"SIND-011-PZ","10/20/06 00:00:00",,0.2,4.3000002,,
"SIND-011-PZ","11/20/06 00:00:00",,0.2,6.3499999,,
"SIND-011-PZ","12/20/06 00:00:00",,0.2,9.0500002,,
"SIND-011-PZ","01/20/07 00:00:00",,0.2,13.15,,
"SIND-011-PZ","08/28/07 00:00:00",,0.2,7.5999999,,
"SIND-011-PZ","12/20/07 00:00:00",,0.2,11.8,,
"SIND-011-PZ","06/20/08 00:00:00",,0.2,21.4,,
"SIND-011-PZ","07/27/08 00:00:00",,0.2,20.549999,,
"SIND-012-PZ","01/20/99 00:00:00",,0.43000001,13.35,,
"SIND-012-PZ","11/20/02 00:00:00",,0.43000001,21.6,,
"SIND-012-PZ","04/20/04 00:00:00",,0.43000001,22.92,,
"SIND-012-PZ","07/20/04 00:00:00",,0.43000001,20.450001,,
"SIND-012-PZ","10/20/06 00:00:00",,0.43000001,8.6499996,,
"SIND-012-PZ","11/20/06 00:00:00",,0.43000001,10.65,,
"SIND-012-PZ","12/20/06 00:00:00",,0.43000001,14.1,,
"SIND-012-PZ","01/20/07 00:00:00",,0.43000001,19.35,,
"SIND-012-PZ","08/20/07 00:00:00",,0.43000001,9.1499996,,
"SIND-012-PZ","12/20/07 00:00:00",,0.43000001,20.700001,,
"SIND-012-PZ","06/20/08 00:00:00",,0.43000001,25.049999,,
"SIND-012-PZ","07/27/08 00:00:00",,0.43000001,24.700001,,
"SIND-014-PZ","08/20/99 00:00:00",,0.23999999,20.85,,
"SIND-014-PZ","11/20/02 00:00:00",,0.23999999,23.85,,
"SIND-014-PZ","04/20/04 00:00:00",,0.23999999,22.870001,,
"SIND-014-PZ","07/27/04 00:00:00",,0.23999999,22.969999,,
"SIND-014-PZ","10/20/06 00:00:00",,0.23999999,14.05,,
"SIND-014-PZ","11/20/06 00:00:00",,0.23999999,14,,
"SIND-014-PZ","12/20/06 00:00:00",,0.23999999,15.4,,
"SIND-014-PZ","01/20/07 00:00:00",,0.23999999,18.950001,,
"SIND-014-PZ","08/20/07 00:00:00",,0.23999999,6.1999998,,
"SIND-014-PZ","12/20/07 00:00:00",,0.23999999,20.4,,
"SIND-014-PZ","06/20/08 00:00:00",,0.23999999,24.1,,
"SIND-014-PZ","07/20/08 00:00:00",,0.23999999,23.85,,
"SIND-015-PZ","11/20/02 00:00:00",,0.75,25.450001,,
"SIND-015-PZ","04/20/04 00:00:00",,0.75,28.25,,
"SIND-015-PZ","07/27/04 00:00:00",,0.75,28.34,,
"SIND-015-PZ","12/20/04 00:00:00",,0.75,23.85,,
"SIND-015-PZ","02/20/06 00:00:00",,0.75,27.549999,,
"SIND-019-A-PZ","05/22/09 00:00:00",,0.30000001,23.950001,,
"SIND-015-PZ","10/20/06 00:00:00",,0.75,8.3000002,,
"SIND-015-PZ","11/20/06 00:00:00",,0.75,10.9,,
"SIND-015-PZ","12/23/06 00:00:00",,0.75,14.15,,
"SIND-015-PZ","01/20/07 00:00:00",,0.75,23.6,,
"SIND-015-PZ","02/20/07 00:00:00",,0.75,27.35,,
"SIND-015-PZ","05/20/07 00:00:00",,0.75,29.9,,
"SIND-015-PZ","08/20/07 00:00:00",,0.75,7.0500002,,
"SIND-015-PZ","12/29/07 00:00:00",,0.75,26.700001,,
"SIND-015-PZ","06/20/08 00:00:00",,0.75,30.049999,,
"SIND-015-PZ","07/27/08 00:00:00",,0.75,29.35,,
"SIND-016-PZ","11/20/98 00:00:00",,0.60000002,15.65,,
"SIND-016-PZ","11/20/02 00:00:00",,0.60000002,25.26,,
"SIND-016-PZ","04/20/04 00:00:00",,0.60000002,23.959999,,
"SIND-016-PZ","07/20/04 00:00:00",,0.60000002,28.040001,,
"SIND-016-PZ","10/26/06 00:00:00",,0.60000002,5.3499999,,
"SIND-016-PZ","11/20/06 00:00:00",,0.60000002,8.9499998,,
"SIND-016-PZ","12/27/06 00:00:00",,0.60000002,15.05,,
"SIND-016-PZ","01/20/07 00:00:00",,0.60000002,19.049999,,
"SIND-016-PZ","02/20/07 00:00:00",,0.60000002,20.85,,
"SIND-016-PZ","08/20/07 00:00:00",,0.60000002,8.1000004,,
"SIND-016-PZ","12/20/07 00:00:00",,0.60000002,19.65,,
"SIND-016-PZ","06/20/08 00:00:00",,0.60000002,27.35,,
"SIND-016-PZ","07/25/08 00:00:00",,0.60000002,25.5,,
"SIND-017-PZ","11/20/02 00:00:00",,0.75,24.309999,,
"SIND-017-PZ","04/20/04 00:00:00",,0.75,26.200001,,
"SIND-017-PZ","07/20/04 00:00:00",,0.75,26.85,,
"SIND-017-PZ","11/25/05 00:00:00",,0.75,21,,
"SIND-017-PZ","10/20/06 00:00:00",,0.75,5.6999998,,
"SIND-017-PZ","11/20/06 00:00:00",,0.75,12.65,,
"SIND-017-PZ","12/20/06 00:00:00",,0.75,16.299999,,
"SIND-017-PZ","01/20/07 00:00:00",,0.75,19.950001,,
"SIND-017-PZ","08/20/07 00:00:00",,0.75,7.1999998,,
"SIND-017-PZ","12/26/07 00:00:00",,0.75,19.4,,
"SIND-017-PZ","06/20/08 00:00:00",,0.75,26.4,,
"SIND-017-PZ","07/27/08 00:00:00",,0.75,24.75,,
"SIND-019-A-PZ","08/20/99 00:00:00",,0.30000001,15.65,,
"SIND-019-A-PZ","05/20/02 00:00:00",,0.30000001,26.299999,,
"SIND-019-A-PZ","11/20/02 00:00:00",,0.30000001,14.08,,
"SIND-019-A-PZ","04/20/04 00:00:00",,0.30000001,17.139999,,
"SIND-019-A-PZ","07/20/04 00:00:00",,0.30000001,17.639999,,
"SIND-019-A-PZ","06/20/05 00:00:00",,0.30000001,17.73,,
"SIND-019-A-PZ","11/20/06 00:00:00",,0.30000001,11.7,,
"SIND-019-A-PZ","12/29/06 00:00:00",,0.30000001,14.47,,
"SIND-019-A-PZ","01/20/07 00:00:00",,0.30000001,16.049999,,
"SIND-019-A-PZ","07/27/07 00:00:00",,0.30000001,16.4,,
"SIND-021-PZ","11/20/06 00:00:00",,0.51999998,5.0500002,,
"SIND-021-PZ","12/27/06 00:00:00",,0.51999998,6.8499999,,
"SIND-021-PZ","01/20/07 00:00:00",,0.51999998,8.1499996,,
"SIND-021-PZ","08/20/07 00:00:00",,0.51999998,5.9499998,,
"SIND-021-PZ","12/20/07 00:00:00",,0.51999998,9.1499996,,
"SIND-021-PZ","06/20/08 00:00:00",,0.51999998,14.05,,
"SIND-021-PZ","07/20/08 00:00:00",,0.51999998,11.1,,
"SIND-022-PZ","11/20/02 00:00:00",,0.63,7.75,,
"SIND-022-PZ","04/20/04 00:00:00",,0.63,16.200001,,
"SIND-022-PZ","07/27/04 00:00:00",,0.63,12.85,,
"SIND-022-PZ","10/20/06 00:00:00",,0.63,3.8499999,,
"SIND-022-PZ","11/20/06 00:00:00",,0.63,4.8499999,,
"SIND-022-PZ","12/20/06 00:00:00",,0.63,6.3000002,,
"SIND-022-PZ","01/20/07 00:00:00",,0.63,7.9499998,,
"SIND-022-PZ","04/20/07 00:00:00",,0.63,20.049999,,
"SIND-022-PZ","08/26/07 00:00:00",,0.63,2.8499999,,
"SIND-022-PZ","09/29/07 00:00:00",,0.63,3.7,,
"SIND-022-PZ","12/29/07 00:00:00",,0.63,8.0500002,,
"SIND-022-PZ","06/20/08 00:00:00",,0.63,25.85,,
"SIND-022-PZ","07/27/08 00:00:00",,0.63,21.65,,
"SIND-023-PZ","01/20/04 00:00:00",,0.47,4.9000001,,
"SIND-023-PZ","04/20/04 00:00:00",,0.47,13.05,,
"SIND-023-PZ","07/27/04 00:00:00",,0.47,12.95,,
"SIND-023-PZ","04/20/06 00:00:00",,0.47,17.950001,,
"SIND-023-PZ","10/20/06 00:00:00",,0.47,3.6500001,,
"SIND-023-PZ","11/20/06 00:00:00",,0.47,3.5999999,,
"SIND-023-PZ","12/24/06 00:00:00",,0.47,5.0500002,,
"SIND-023-PZ","01/20/07 00:00:00",,0.47,6.9000001,,
"SIND-023-PZ","08/20/07 00:00:00",,0.47,3.05,,
"SIND-023-PZ","12/29/07 00:00:00",,0.47,7.1999998,,
"SIND-023-PZ","06/26/08 00:00:00",,0.47,16.35,,
"SIND-023-PZ","07/20/08 00:00:00",,0.47,15.9,,
"SIND-024-PZ","11/20/02 00:00:00",,0.44999999,12.4,,
"SIND-024-PZ","04/20/04 00:00:00",,0.44999999,24.4,,
"SIND-024-PZ","07/20/04 00:00:00",,0.44999999,14.75,,
"SIND-024-PZ","10/26/06 00:00:00",,0.44999999,6.1500001,,
"SIND-024-PZ","11/20/06 00:00:00",,0.44999999,7.5500002,,
"SIND-024-PZ","12/20/06 00:00:00",,0.44999999,8.6999998,,
"SIND-024-PZ","01/20/07 00:00:00",,0.44999999,10.4,,
"SIND-024-PZ","08/23/07 00:00:00",,0.44999999,6.4000001,,
"SIND-024-PZ","12/29/07 00:00:00",,0.44999999,9.8999996,,
"SIND-024-PZ","06/20/08 00:00:00",,0.44999999,24.4,,
"SIND-024-PZ","07/27/08 00:00:00",,0.44999999,19.85,,
"SIND-026-PZ","11/20/02 00:00:00",,0.34,8.9499998,,
"SIND-026-PZ","04/24/04 00:00:00",,0.34,15.85,,
"SIND-023-PZ","08/21/08 00:00:00",,0.47,13.55,,
"SIND-028-PZ","06/20/08 00:00:00",,0.56,18.799999,,
"SIND-028-PZ","07/27/08 00:00:00",,0.56,18.65,,
"SIND-029-PZ","04/20/04 00:00:00",,0.44999999,17.700001,,
"SIND-029-PZ","07/20/06 00:00:00",,0.44999999,16.65,,
"SIND-029-PZ","10/20/06 00:00:00",,0.44999999,12.5,,
"SIND-029-PZ","11/20/06 00:00:00",,0.44999999,12.7,,
"SIND-029-PZ","12/20/06 00:00:00",,0.44999999,13.65,,
"SIND-029-PZ","01/20/07 00:00:00",,0.44999999,14.05,,
"SIND-029-PZ","03/20/07 00:00:00",,0.44999999,16.049999,,
"SIND-029-PZ","08/28/07 00:00:00",,0.44999999,12.3,,
"SIND-029-PZ","10/20/07 00:00:00",,0.44999999,11.05,,
"SIND-029-PZ","12/20/07 00:00:00",,0.44999999,13.8,,
"SIND-029-PZ","06/26/08 00:00:00",,0.44999999,19.299999,,
"SIND-029-PZ","07/27/08 00:00:00",,0.44999999,19.1,,
"SIND-030-PZ","02/20/02 00:00:00",,0.85000002,15.1,,
"SIND-030-PZ","04/20/04 00:00:00",,0.85000002,13.05,,
"SIND-030-PZ","07/27/04 00:00:00",,0.85000002,10.35,,
"SIND-030-PZ","06/26/05 00:00:00",,0.85000002,16.549999,,
"SIND-030-PZ","04/20/06 00:00:00",,0.85000002,18,,
"SIND-030-PZ","10/20/06 00:00:00",,0.85000002,2.3,,
"SIND-030-PZ","11/20/06 00:00:00",,0.85000002,2.6500001,,
"SIND-030-PZ","12/20/06 00:00:00",,0.85000002,3.9000001,,
"SIND-030-PZ","01/20/07 00:00:00",,0.85000002,6.8499999,,
"SIND-030-PZ","08/20/07 00:00:00",,0.85000002,3.5999999,,
"SIND-030-PZ","12/20/07 00:00:00",,0.85000002,4.3499999,,
"SIND-030-PZ","06/20/08 00:00:00",,0.85000002,11.35,,
"SIND-030-PZ","07/20/08 00:00:00",,0.85000002,11.05,,
"SIND-031-PZ","11/20/02 00:00:00",,0.51999998,25.200001,,
"SIND-031-PZ","04/20/04 00:00:00",,0.51999998,24,,
"SIND-031-PZ","07/20/04 00:00:00",,0.51999998,22.75,,
"SIND-031-PZ","07/20/05 00:00:00",,0.51999998,35.549999,,
"SIND-031-PZ","12/20/05 00:00:00",,0.51999998,30.549999,,
"SIND-031-PZ","10/20/06 00:00:00",,0.51999998,4.3000002,,
"SIND-031-PZ","11/20/06 00:00:00",,0.51999998,6.6999998,,
"SIND-031-PZ","12/20/06 00:00:00",,0.51999998,13.8,,
"SIND-031-PZ","01/20/07 00:00:00",,0.51999998,20.65,,
"SIND-031-PZ","08/20/07 00:00:00",,0.51999998,6.75,,
"SIND-031-PZ","12/20/07 00:00:00",,0.51999998,22.299999,,
"SIND-031-PZ","06/20/08 00:00:00",,0.51999998,28.6,,
"SIND-031-PZ","07/20/08 00:00:00",,0.51999998,26.950001,,
"SIND-032-PZ","11/20/02 00:00:00",,0.51999998,14.63,,
"SIND-032-PZ","04/20/04 00:00:00",,0.51999998,17.82,,
"SIND-032-PZ","07/20/04 00:00:00",,0.51999998,18.620001,,
"SIND-032-PZ","10/20/06 00:00:00",,0.51999998,4.8000002,,
"SIND-032-PZ","11/20/06 00:00:00",,0.51999998,5.3499999,,
"SIND-032-PZ","12/20/06 00:00:00",,0.51999998,10.05,,
"SIND-032-PZ","01/20/07 00:00:00",,0.51999998,15.8,,
"SIND-032-PZ","08/20/07 00:00:00",,0.51999998,7.6999998,,
"SIND-032-PZ","12/20/07 00:00:00",,0.51999998,14.05,,
"SIND-032-PZ","06/20/08 00:00:00",,0.51999998,19.4,,
"SIND-032-PZ","07/20/08 00:00:00",,0.51999998,19.299999,,
"SIND-033-PZ","11/20/02 00:00:00",,0.64999998,11.85,,
"SIND-033-PZ","04/20/04 00:00:00",,0.64999998,14.47,,
"SIND-033-PZ","07/27/04 00:00:00",,0.64999998,11.51,,
"SIND-033-PZ","02/20/05 00:00:00",,0.64999998,21.09,,
"SIND-033-PZ","10/20/06 00:00:00",,0.64999998,12.3,,
"SIND-033-PZ","11/20/06 00:00:00",,0.64999998,14.05,,
"SIND-033-PZ","12/20/06 00:00:00",,0.64999998,20.35,,
"SIND-033-PZ","01/20/07 00:00:00",,0.64999998,24.5,,
"SIND-033-PZ","08/20/07 00:00:00",,0.64999998,5.3499999,,
"SIND-033-PZ","11/23/07 00:00:00",,0.64999998,17.5,,
"SIND-033-PZ","12/20/07 00:00:00",,0.64999998,21.25,,
"SIND-033-PZ","06/20/08 00:00:00",,0.64999998,25.299999,,
"SIND-033-PZ","07/20/08 00:00:00",,0.64999998,24.35,,
"SIND-034-PZ","04/20/04 00:00:00",,0.41999999,10.81,,
"SIND-034-PZ","07/27/04 00:00:00",,0.41999999,9.2600002,,
"SIND-034-PZ","08/20/06 00:00:00",,0.41999999,,"N.R.",
"SIND-034-PZ","09/20/06 00:00:00",,0.41999999,,"N.R.",
"SIND-034-PZ","10/20/06 00:00:00",,0.41999999,,"N.R.",
"SIND-034-PZ","11/20/06 00:00:00",,0.41999999,,"N.R.",
"SIND-035-PZ","01/20/01 00:00:00",,0.54000002,12.05,,
"SIND-035-PZ","11/20/02 00:00:00",,0.54000002,10.9,,
"SIND-035-PZ","04/20/04 00:00:00",,0.54000002,11.2,,
"SIND-035-PZ","07/20/04 00:00:00",,0.54000002,9.6000004,,
"SIND-035-PZ","08/20/06 00:00:00",,0.54000002,3.05,,
"SIND-035-PZ","09/20/06 00:00:00",,0.54000002,2.5999999,,
"SIND-035-PZ","10/20/06 00:00:00",,0.54000002,2.7,,
"SIND-035-PZ","11/20/06 00:00:00",,0.54000002,3.6500001,,
"SIND-035-PZ","12/21/06 00:00:00",,0.54000002,5.8000002,,
"SIND-035-PZ","01/20/07 00:00:00",,0.54000002,10.5,,
"SIND-035-PZ","08/28/07 00:00:00",,0.54000002,4.0999999,,
"SIND-035-PZ","12/20/07 00:00:00",,0.54000002,8.4499998,,
"SIND-035-PZ","06/20/08 00:00:00",,0.54000002,12.95,,
"SIND-035-PZ","07/20/08 00:00:00",,0.54000002,11.55,,
"SIND-036-PZ","11/20/02 00:00:00",,0.44999999,11.71,,
"SIND-036-PZ","04/24/04 00:00:00",,0.44999999,12.92,,
"SIND-036-PZ","07/20/04 00:00:00",,0.44999999,13.09,,
"SIND-036-PZ","02/27/06 00:00:00",,0.44999999,13.43,,
"SIND-036-PZ","08/20/06 00:00:00",,0.44999999,2.4300001,,
"SIND-036-PZ","10/20/06 00:00:00",,0.44999999,6.1700001,,
"SIND-036-PZ","11/21/06 00:00:00",,0.44999999,9.7799997,,
"SIND-033-PZ","11/24/08 00:00:00",,0.64999998,18.35,,
"SIND-036-PZ","12/20/06 00:00:00",,0.44999999,12.07,,
"SIND-036-PZ","01/20/07 00:00:00",,0.44999999,12.45,,
"SIND-036-PZ","08/20/07 00:00:00",,0.44999999,3.5799999,,
"SIND-036-PZ","12/20/07 00:00:00",,0.44999999,12.8,,
"SIND-036-PZ","01/20/08 00:00:00",,0.44999999,13.1,,
"SIND-036-PZ","06/20/08 00:00:00",,0.44999999,14.3,,
"SIND-036-PZ","07/20/08 00:00:00",,0.44999999,14.2,,
"SIND-037-PZ","05/20/02 00:00:00",,0.60000002,23.950001,,
"SIND-037-PZ","11/20/02 00:00:00",,0.60000002,13.85,,
"SIND-037-PZ","04/21/04 00:00:00",,0.60000002,23.76,,
"SIND-037-PZ","10/20/06 00:00:00",,0.60000002,3.05,,
"SIND-037-PZ","11/20/06 00:00:00",,0.60000002,9.8999996,,
"SIND-037-PZ","12/24/06 00:00:00",,0.60000002,12.85,,
"SIND-037-PZ","01/20/07 00:00:00",,0.60000002,16.200001,,
"SIND-037-PZ","08/20/07 00:00:00",,0.60000002,3.05,,
"SIND-037-PZ","12/20/07 00:00:00",,0.60000002,11.15,,
"SIND-037-PZ","06/20/08 00:00:00",,0.60000002,22.9,,
"SIND-037-PZ","07/21/08 00:00:00",,0.60000002,21.799999,,
"SIND-039-A-PZ","11/20/02 00:00:00",,0.60000002,27.35,,
"SIND-039-A-PZ","09/20/03 00:00:00",,0.60000002,4.0599999,,
"SIND-039-A-PZ","11/20/03 00:00:00",,0.60000002,1.66,,
"SIND-039-A-PZ","12/24/03 00:00:00",,0.60000002,9.6499996,,
"SIND-039-A-PZ","04/20/04 00:00:00",,0.60000002,26.610001,,
"SIND-039-A-PZ","07/27/04 00:00:00",,0.60000002,30.4,,
"SIND-039-A-PZ","10/20/06 00:00:00",,0.60000002,9.9499998,,
"SIND-039-A-PZ","11/20/06 00:00:00",,0.60000002,10.2,,
"SIND-039-A-PZ","12/24/06 00:00:00",,0.60000002,12.85,,
"SIND-039-A-PZ","01/20/07 00:00:00",,0.60000002,24.299999,,
"SIND-039-A-PZ","08/20/07 00:00:00",,0.60000002,10.7,,
"SIND-039-A-PZ","12/28/07 00:00:00",,0.60000002,24.200001,,
"SIND-039-A-PZ","04/20/08 00:00:00",,0.60000002,42.650002,,
"SIND-039-A-PZ","05/25/08 00:00:00",,0.60000002,45.299999,,
"SIND-039-A-PZ","06/26/08 00:00:00",,0.60000002,45.450001,,
"SIND-039-A-PZ","07/20/08 00:00:00",,0.60000002,41.599998,,
"SIND-039-B-PZ","07/20/04 00:00:00",,0.75,10.7,,
"SIND-039-B-PZ","11/20/05 00:00:00",,0.75,10.65,,
"SIND-039-B-PZ","10/20/06 00:00:00",,0.75,5.8000002,,
"SIND-039-B-PZ","11/20/06 00:00:00",,0.75,6.0500002,,
"SIND-039-B-PZ","12/20/06 00:00:00",,0.75,11.35,,
"SIND-039-B-PZ","01/20/07 00:00:00",,0.75,12.05,,
"SIND-039-B-PZ","08/20/07 00:00:00",,0.75,8.1000004,,
"SIND-039-B-PZ","12/20/07 00:00:00",,0.75,12.4,,
"SIND-039-B-PZ","04/20/08 00:00:00",,0.75,22.15,,
"SIND-039-B-PZ","05/25/08 00:00:00",,0.75,26.049999,,
"SIND-039-B-PZ","06/26/08 00:00:00",,0.75,26.299999,,
"SIND-039-B-PZ","07/27/08 00:00:00",,0.75,19.85,,
"SIND-040-PZ","07/20/04 00:00:00",,0.61000001,11.65,,
"SIND-040-PZ","10/20/06 00:00:00",,0.61000001,8.6000004,,
"SIND-040-PZ","11/20/06 00:00:00",,0.61000001,8.6000004,,
"SIND-040-PZ","12/20/06 00:00:00",,0.61000001,8.3999996,,
"SIND-040-PZ","01/20/07 00:00:00",,0.61000001,8.9499998,,
"SIND-040-PZ","08/20/07 00:00:00",,0.61000001,6.4000001,,
"SIND-040-PZ","12/20/07 00:00:00",,0.61000001,7.0500002,,
"SIND-040-PZ","05/20/08 00:00:00",,0.61000001,11.6,,
"SIND-040-PZ","06/26/08 00:00:00",,0.61000001,11.9,,
"SIND-040-PZ","07/20/08 00:00:00",,0.61000001,12,,
"SIND-006-PZ","03/23/07 00:00:00",,0.69999999,9.96,,
"SIND-006-PZ","08/20/07 00:00:00",,0.69999999,8.0500002,,
"SIND-006-PZ","12/20/07 00:00:00",,0.69999999,8.1999998,,
"SIND-006-PZ","01/20/08 00:00:00",,0.69999999,8.25,"Bore Fillep",
"SIND-035-PZ","11/22/08 00:00:00",,0.54000002,10.5,,
"SIND-036-PZ","11/14/08 00:00:00",,0.44999999,8.8000002,,
"SIND-037-PZ","11/20/08 00:00:00",,0.60000002,9.5,,
"SIND-039-A-PZ","11/21/08 00:00:00",,0.60000002,23.6,,
"SIND-039-B-PZ","11/21/08 00:00:00",,0.75,11.3,,
"SIND-040-PZ","11/23/08 00:00:00",,0.61000001,10.6,,
"SIND-019-C-PZ","01/01/09 00:00:00",,0.60000002,23.65,,
"SIND-020-PZ","08/18/08 00:00:00",,0.47999999,21.65,,
"SIND-020-PZ","09/22/08 00:00:00",,0.47999999,19.049999,,
"SIND-020-PZ","10/30/08 00:00:00",,0.47999999,18.5,,
"SIND-020-PZ","11/20/08 00:00:00",,0.47999999,18.9,,
"SIND-021-PZ","08/18/08 00:00:00",,0.51999998,10.25,,
"SIND-021-PZ","09/22/08 00:00:00",,0.51999998,9.6000004,,
"SIND-021-PZ","10/30/08 00:00:00",,0.51999998,10.15,,
"SIND-022-PZ","08/21/08 00:00:00",,0.63,15.1,,
"SIND-022-PZ","09/23/08 00:00:00",,0.63,7.5500002,,
"SIND-022-PZ","10/29/08 00:00:00",,0.63,7.8499999,,
"SIND-023-PZ","09/24/08 00:00:00",,0.47,12.35,,
"SIND-023-PZ","10/26/08 00:00:00",,0.47,12.55,,
"SIND-024-PZ","08/21/08 00:00:00",,0.44999999,15.25,,
"SIND-024-PZ","09/24/08 00:00:00",,0.44999999,11.45,,
"SIND-024-PZ","10/26/08 00:00:00",,0.44999999,12.3,,
"SIND-025-PZ","08/31/08 00:00:00",,0.43000001,13.05,,
"SIND-025-PZ","09/19/08 00:00:00",,0.43000001,9.75,,
"SIND-025-PZ","10/19/08 00:00:00",,0.43000001,12.85,,
"SIND-026-PZ","08/21/08 00:00:00",,0.34,11.35,,
"SIND-026-PZ","10/21/08 00:00:00",,0.34,9.3999996,,
"SIND-027-PZ","08/23/08 00:00:00",,0.69999999,16.5,,
"SIND-027-PZ","09/30/08 00:00:00",,0.69999999,15,,
"SIND-020-PZ","04/18/09 00:00:00",,0.47999999,30.35,,
"SIND-028-PZ","08/30/08 00:00:00",,0.56,16.049999,,
"SIND-028-PZ","09/22/08 00:00:00",,0.56,15.1,,
"SIND-028-PZ","10/24/08 00:00:00",,0.56,14.5,,
"SIND-029-PZ","09/29/08 00:00:00",,0.44999999,17.85,,
"SIND-029-PZ","10/29/08 00:00:00",,0.44999999,18.299999,,
"SIND-030-PZ","10/23/08 00:00:00",,0.85000002,6.3499999,,
"SIND-031-PZ","08/30/08 00:00:00",,0.51999998,19.799999,,
"SIND-031-PZ","09/26/08 00:00:00",,0.51999998,17.6,,
"SIND-031-PZ","10/23/08 00:00:00",,0.51999998,20.1,,
"SIND-032-PZ","08/26/08 00:00:00",,0.51999998,18.200001,,
"SIND-032-PZ","09/24/08 00:00:00",,0.51999998,18.799999,,
"SIND-032-PZ","10/30/08 00:00:00",,0.51999998,17.4,,
"SIND-033-PZ","08/26/08 00:00:00",,0.64999998,17.85,,
"SIND-033-PZ","09/23/08 00:00:00",,0.64999998,12.75,,
"SIND-033-PZ","10/30/08 00:00:00",,0.64999998,13.7,,
"SIND-036-PZ","08/20/08 00:00:00",,0.44999999,13.35,,
"SIND-036-PZ","09/23/08 00:00:00",,0.44999999,12.4,,
"SIND-036-PZ","10/29/08 00:00:00",,0.44999999,8.3999996,,
"SIND-035-PZ","08/17/08 00:00:00",,0.54000002,10.1,,
"SIND-035-PZ","09/19/08 00:00:00",,0.54000002,8.1499996,,
"SIND-035-PZ","10/21/08 00:00:00",,0.54000002,10.15,,
"SIND-037-PZ","08/18/08 00:00:00",,0.60000002,17.450001,,
"SIND-037-PZ","09/22/08 00:00:00",,0.60000002,7.8000002,,
"SIND-037-PZ","10/30/08 00:00:00",,0.60000002,9.1999998,,
"SIND-039-A-PZ","08/25/08 00:00:00",,0.60000002,29.200001,,
"SIND-039-A-PZ","09/22/08 00:00:00",,0.60000002,34.849998,,
"SIND-039-A-PZ","10/23/08 00:00:00",,0.60000002,23.049999,,
"SIND-039-B-PZ","08/25/08 00:00:00",,0.75,11.35,,
"SIND-039-B-PZ","09/22/08 00:00:00",,0.75,10.15,,
"SIND-039-B-PZ","10/23/08 00:00:00",,0.75,10.05,,
"SIND-040-PZ","08/25/08 00:00:00",,0.61000001,11.35,,
"SIND-040-PZ","09/22/08 00:00:00",,0.61000001,10.15,,
"SIND-040-PZ","10/23/08 00:00:00",,0.61000001,10.05,,
"SIND-002-PZ","09/30/08 00:00:00",,0.64999998,13.4,,
"SIND-002-PZ","10/25/08 00:00:00",,0.64999998,12.3,,
"SIND-003-PZ","08/25/08 00:00:00",,0.80000001,20.15,,
"SIND-003-PZ","09/30/08 00:00:00",,0.80000001,17.049999,,
"SIND-003-PZ","10/25/08 00:00:00",,0.80000001,15,,
"SIND-004-B-PZ","08/27/08 00:00:00",,0.60000002,15,,
"SIND-004-B-PZ","09/27/08 00:00:00",,0.60000002,14,,
"SIND-004-B-PZ","10/27/08 00:00:00",,0.60000002,13,,
"SIND-004-C-PZ","08/27/08 00:00:00",,0.69999999,17.379999,,
"SIND-004-C-PZ","09/27/08 00:00:00",,0.69999999,16.200001,,
"SIND-004-C-PZ","10/27/08 00:00:00",,0.69999999,21.1,,
"SIND-002-PZ","08/25/08 00:00:00",,0.64999998,13.6,,
"SIND-005-PZ","08/29/08 00:00:00",,0.69999999,4.0999999,,
"SIND-005-PZ","09/19/08 00:00:00",,0.69999999,2.2,,
"SIND-005-PZ","10/21/08 00:00:00",,0.69999999,4.0500002,,
"SIND-006-PZ","08/25/08 00:00:00",,0.69999999,6.3000002,,
"SIND-006-PZ","09/29/08 00:00:00",,0.69999999,5.6500001,,
"SIND-006-PZ","10/22/08 00:00:00",,0.69999999,6.0500002,,
"SIND-006-PZ","11/30/08 00:00:00",,0.69999999,6.1500001,,
"SIND-019-A-PZ","01/21/09 00:00:00",,0.30000001,23.35,,
"SIND-019-B-PZ","01/21/09 00:00:00",,0.60000002,22,,
"SIND-020-PZ","01/28/09 00:00:00",,0.47999999,26.799999,,
"SIND-021-PZ","01/28/09 00:00:00",,0.51999998,12.6,,
"SIND-022-PZ","01/28/09 00:00:00",,0.63,16.65,,
"SIND-023-PZ","01/25/09 00:00:00",,0.47,13.85,,
"SIND-024-PZ","01/25/09 00:00:00",,0.44999999,15.05,,
"SIND-025-PZ","01/29/09 00:00:00",,0.43000001,17,,
"SIND-027-PZ","01/31/09 00:00:00",,0.69999999,19.1,,
"SIND-036-PZ","01/25/09 00:00:00",,0.44999999,12.55,,
"SIND-037-PZ","01/28/09 00:00:00",,0.60000002,21.9,,
"SIND-040-PZ","01/25/09 00:00:00",,0.61000001,11.65,,
"SIND-006-PZ","12/26/10 00:00:00",,0.69999999,7.8000002,,
"SIND-008-PZ","01/29/09 00:00:00",,0.36000001,14.85,,
"SIND-009-PZ","01/29/09 00:00:00",,0.89999998,33.400002,,
"SIND-010-PZ","01/29/09 00:00:00",,0.44999999,15.05,,
"SIND-011-PZ","01/28/09 00:00:00",,0.2,16.9,,
"SIND-012-PZ","01/27/09 00:00:00",,0.43000001,24.6,,
"SIND-013-PZ","01/31/09 00:00:00",,0.73000002,26.299999,,
"SIND-014-PZ","01/31/09 00:00:00",,0.23999999,24.9,,
"SIND-015-PZ","01/24/09 00:00:00",,0.75,27.15,,
"SIND-016-PZ","01/30/09 00:00:00",,0.60000002,28.15,,
"SIND-017-PZ","01/30/09 00:00:00",,0.75,29.35,,
"SIND-018-PZ","01/30/09 00:00:00",,0.47,,"N R",
"SIND-026-PZ","01/24/09 00:00:00",,0.34,12.8,,
"SIND-039-A-PZ","01/28/09 00:00:00",,0.60000002,36.900002,,
"SIND-039-B-PZ","01/28/09 00:00:00",,0.75,18.65,,
"SIND-002-PZ","01/19/09 00:00:00",,0.64999998,14.6,,
"SIND-003-PZ","01/19/09 00:00:00",,0.80000001,28.15,,
"SIND-004-A-PZ","01/22/09 00:00:00",,0.5,15.8,,
"SIND-004-B-PZ","01/22/09 00:00:00",,0.60000002,30,,
"SIND-004-C-PZ","01/22/09 00:00:00",,0.69999999,23.6,,
"SIND-005-PZ","01/29/09 00:00:00",,0.69999999,8.1000004,,
"SIND-028-PZ","01/28/09 00:00:00",,0.56,18.9,,
"SIND-029-PZ","01/23/09 00:00:00",,0.44999999,20.1,,
"SIND-030-PZ","01/24/09 00:00:00",,0.85000002,8.9499998,,
"SIND-031-PZ","01/24/09 00:00:00",,0.51999998,27.5,,
"SIND-032-PZ","01/20/09 00:00:00",,0.51999998,18.950001,,
"SIND-019-A-PZ","08/28/07 00:00:00",,0.30000001,9.4499998,,
"SIND-019-A-PZ","12/20/07 00:00:00",,0.30000001,14.85,,
"SIND-019-A-PZ","06/20/08 00:00:00",,0.30000001,22.5,,
"SIND-019-A-PZ","07/27/08 00:00:00",,0.30000001,22.1,,
"SIND-019-B-PZ","08/20/02 00:00:00",,0.60000002,30,,
"SIND-019-B-PZ","11/20/02 00:00:00",,0.60000002,12.95,,
"SIND-019-B-PZ","04/20/04 00:00:00",,0.60000002,16.35,,
"SIND-019-B-PZ","07/27/04 00:00:00",,0.60000002,16.74,,
"SIND-019-B-PZ","06/26/05 00:00:00",,0.60000002,16.59,,
"SIND-019-B-PZ","10/20/06 00:00:00",,0.60000002,8.5600004,,
"SIND-019-B-PZ","11/20/06 00:00:00",,0.60000002,11.91,,
"SIND-019-B-PZ","12/20/06 00:00:00",,0.60000002,14.47,,
"SIND-019-B-PZ","01/20/07 00:00:00",,0.60000002,16.27,,
"SIND-019-B-PZ","08/20/07 00:00:00",,0.60000002,10.24,,
"SIND-019-B-PZ","12/20/07 00:00:00",,0.60000002,14.7,,
"SIND-019-B-PZ","06/20/08 00:00:00",,0.60000002,25,,
"SIND-019-B-PZ","07/27/08 00:00:00",,0.60000002,22.75,,
"SIND-019-C-PZ","08/20/02 00:00:00",,0.60000002,35.700001,,
"SIND-019-C-PZ","11/20/02 00:00:00",,0.60000002,14.57,,
"SIND-019-C-PZ","04/20/04 00:00:00",,0.60000002,23.879999,,
"SIND-019-C-PZ","06/20/05 00:00:00",,0.60000002,24.870001,,
"SIND-019-C-PZ","10/20/06 00:00:00",,0.60000002,7.5500002,,
"SIND-019-C-PZ","11/20/06 00:00:00",,0.60000002,11.45,,
"SIND-019-C-PZ","12/20/06 00:00:00",,0.60000002,14.8,,
"SIND-019-C-PZ","01/20/07 00:00:00",,0.60000002,17.049999,,
"SIND-019-C-PZ","08/20/07 00:00:00",,0.60000002,10.85,,
"SIND-019-C-PZ","12/20/07 00:00:00",,0.60000002,16.85,,
"SIND-019-C-PZ","06/20/08 00:00:00",,0.60000002,32,,
"SIND-019-C-PZ","07/20/08 00:00:00",,0.60000002,22.950001,,
"SIND-020-PZ","04/20/04 00:00:00",,0.47999999,20.049999,,
"SIND-020-PZ","07/20/04 00:00:00",,0.47999999,29.5,,
"SIND-020-PZ","10/20/06 00:00:00",,0.47999999,5.6999998,,
"SIND-020-PZ","11/24/06 00:00:00",,0.47999999,8.1499996,,
"SIND-020-PZ","12/20/06 00:00:00",,0.47999999,12.65,,
"SIND-020-PZ","01/20/07 00:00:00",,0.47999999,15.35,,
"SIND-020-PZ","08/20/07 00:00:00",,0.47999999,6.3499999,,
"SIND-020-PZ","12/27/07 00:00:00",,0.47999999,13.3,,
"SIND-020-PZ","05/20/08 00:00:00",,0.47999999,28.5,,
"SIND-020-PZ","06/26/08 00:00:00",,0.47999999,29.15,,
"SIND-020-PZ","07/27/08 00:00:00",,0.47999999,24.85,,
"SIND-021-PZ","11/20/02 00:00:00",,0.51999998,10.7,,
"SIND-021-PZ","04/24/04 00:00:00",,0.51999998,14.1,,
"SIND-021-PZ","07/27/04 00:00:00",,0.51999998,10.7,,
"SIND-021-PZ","10/20/06 00:00:00",,0.51999998,4.0500002,,
"SIND-026-PZ","07/20/04 00:00:00",,0.34,16.65,,
"SIND-026-PZ","08/20/06 00:00:00",,0.34,7.6500001,,
"SIND-026-PZ","10/20/06 00:00:00",,0.34,6.5999999,,
"SIND-026-PZ","11/20/06 00:00:00",,0.34,8.1000004,,
"SIND-026-PZ","12/27/06 00:00:00",,0.34,9.5500002,,
"SIND-026-PZ","01/20/07 00:00:00",,0.34,11.25,,
"SIND-026-PZ","08/20/07 00:00:00",,0.34,2.5,,
"SIND-026-PZ","12/26/07 00:00:00",,0.34,9.6499996,,
"SIND-026-PZ","05/25/08 00:00:00",,0.34,14.7,,
"SIND-026-PZ","06/26/08 00:00:00",,0.34,14.8,,
"SIND-026-PZ","07/27/08 00:00:00",,0.34,14.05,,
"SIND-025-PZ","07/27/04 00:00:00",,0.43000001,17.860001,,
"SIND-025-PZ","10/20/06 00:00:00",,0.43000001,3.9000001,,
"SIND-025-PZ","11/20/06 00:00:00",,0.43000001,5.1700001,,
"SIND-025-PZ","12/20/06 00:00:00",,0.43000001,8.9300003,,
"SIND-025-PZ","01/20/07 00:00:00",,0.43000001,9.7399998,,
"SIND-025-PZ","06/20/07 00:00:00",,0.43000001,16.68,,
"SIND-025-PZ","08/20/07 00:00:00",,0.43000001,4.6300001,,
"SIND-025-PZ","12/20/07 00:00:00",,0.43000001,9.3999996,,
"SIND-025-PZ","06/20/08 00:00:00",,0.43000001,18.049999,,
"SIND-025-PZ","07/27/08 00:00:00",,0.43000001,16.15,,
"SIND-027-PZ","11/20/02 00:00:00",,0.69999999,13.73,,
"SIND-027-PZ","04/20/04 00:00:00",,0.69999999,18.610001,,
"SIND-027-PZ","07/20/04 00:00:00",,0.69999999,18.34,,
"SIND-027-PZ","10/20/06 00:00:00",,0.69999999,6.9499998,,
"SIND-027-PZ","11/20/06 00:00:00",,0.69999999,8.1999998,,
"SIND-027-PZ","12/20/06 00:00:00",,0.69999999,11.65,,
"SIND-027-PZ","01/20/07 00:00:00",,0.69999999,15.25,,
"SIND-027-PZ","08/20/07 00:00:00",,0.69999999,9.8000002,,
"SIND-027-PZ","12/20/07 00:00:00",,0.69999999,13.85,,
"SIND-027-PZ","06/20/08 00:00:00",,0.69999999,18.450001,,
"SIND-027-PZ","07/27/08 00:00:00",,0.69999999,18.049999,,
"SIND-028-PZ","11/20/02 00:00:00",,0.56,16.16,,
"SIND-028-PZ","07/20/04 00:00:00",,0.56,17.280001,,
"SIND-028-PZ","08/20/04 00:00:00",,0.56,11.01,,
"SIND-028-PZ","04/20/05 00:00:00",,0.56,18.389999,,
"SIND-028-PZ","10/20/06 00:00:00",,0.56,3.5999999,,
"SIND-028-PZ","11/20/06 00:00:00",,0.56,7.1999998,,
"SIND-028-PZ","12/20/06 00:00:00",,0.56,10.85,,
"SIND-028-PZ","01/20/07 00:00:00",,0.56,15.93,,
"SIND-028-PZ","08/20/07 00:00:00",,0.56,4.73,,
"SIND-028-PZ","12/20/07 00:00:00",,0.56,13.95,,
"SIND-027-PZ","10/18/08 00:00:00",,0.69999999,14,,
"SIND-021-PZ","04/18/09 00:00:00",,0.51999998,14.55,,
"SIND-022-PZ","04/17/09 00:00:00",,0.63,23.4,,
"SIND-023-PZ","04/22/09 00:00:00",,0.47,19,,
"SIND-033-PZ","01/20/09 00:00:00",,0.64999998,18.950001,,
"SIND-034-PZ","01/21/09 00:00:00",,0.41999999,,"N R.",
"SIND-019-A-PZ","12/24/08 00:00:00",,0.30000001,21,,
"SIND-019-B-PZ","12/24/08 00:00:00",,0.60000002,16,,
"SIND-019-C-PZ","12/24/08 00:00:00",,0.60000002,23.35,,
"SIND-020-PZ","12/18/08 00:00:00",,0.47999999,23.9,,
"SIND-021-PZ","12/18/08 00:00:00",,0.51999998,11.7,,
"SIND-022-PZ","12/23/08 00:00:00",,0.63,13.35,,
"SIND-023-PZ","12/22/08 00:00:00",,0.47,13.65,,
"SIND-024-PZ","12/17/08 00:00:00",,0.44999999,14.8,,
"SIND-025-PZ","12/31/08 00:00:00",,0.43000001,15,,
"SIND-027-PZ","12/30/08 00:00:00",,0.69999999,15,,
"SIND-035-PZ","12/19/08 00:00:00",,0.54000002,11,,
"SIND-036-PZ","12/23/08 00:00:00",,0.44999999,11.7,,
"SIND-037-PZ","12/18/08 00:00:00",,0.60000002,10,,
"SIND-040-PZ","12/22/08 00:00:00",,0.61000001,10.95,,
"SIND-006-PZ","12/27/08 00:00:00",,0.69999999,6.4000001,,
"SIND-008-PZ","12/21/08 00:00:00",,0.36000001,12.2,,
"SIND-009-PZ","12/29/08 00:00:00",,0.89999998,29.549999,,
"SIND-010-PZ","12/29/08 00:00:00",,0.44999999,14.85,,
"SIND-011-PZ","12/23/08 00:00:00",,0.2,15.75,,
"SIND-012-PZ","12/21/08 00:00:00",,0.43000001,23.65,,
"SIND-013-PZ","12/21/08 00:00:00",,0.73000002,25.1,,
"SIND-014-PZ","12/24/08 00:00:00",,0.23999999,23.85,,
"SIND-015-PZ","12/24/08 00:00:00",,0.75,25.35,,
"SIND-016-PZ","12/30/08 00:00:00",,0.60000002,26.950001,,
"SIND-017-PZ","12/30/08 00:00:00",,0.75,25.9,,
"SIND-026-PZ","12/24/08 00:00:00",,0.34,12.4,,
"SIND-039-A-PZ","12/23/08 00:00:00",,0.60000002,32.700001,,
"SIND-039-B-PZ","12/23/08 00:00:00",,0.75,13,,
"SIND-002-PZ","12/28/08 00:00:00",,0.64999998,13.55,,
"SIND-003-PZ","12/22/08 00:00:00",,0.80000001,14.65,,
"SIND-004-A-PZ","12/24/08 00:00:00",,0.5,15.35,,
"SIND-004-B-PZ","12/24/08 00:00:00",,0.60000002,20,,
"SIND-004-C-PZ","12/24/08 00:00:00",,0.69999999,22.950001,,
"SIND-005-PZ","12/31/08 00:00:00",,0.69999999,7.8499999,,
"SIND-028-PZ","12/30/08 00:00:00",,0.56,10.9,,
"SIND-029-PZ","12/24/08 00:00:00",,0.44999999,19.700001,,
"SIND-030-PZ","12/27/08 00:00:00",,0.85000002,8.6499996,,
"SIND-031-PZ","12/27/08 00:00:00",,0.51999998,25.1,,
"SIND-032-PZ","12/23/08 00:00:00",,0.51999998,18.049999,,
"SIND-033-PZ","12/28/08 00:00:00",,0.64999998,23.549999,,
"SIND-004-A-PZ","08/27/08 00:00:00",,0.5,12.35,,
"SIND-008-PZ","08/23/08 00:00:00",,0.36000001,18,,
"SIND-009-PZ","08/26/08 00:00:00",,0.89999998,34.049999,,
"SIND-010-PZ","08/26/08 00:00:00",,0.44999999,11.45,,
"SIND-011-PZ","08/28/08 00:00:00",,0.2,16.75,,
"SIND-012-PZ","08/27/08 00:00:00",,0.43000001,23.450001,,
"SIND-013-PZ","08/23/08 00:00:00",,0.73000002,21.75,,
"SIND-014-PZ","08/23/08 00:00:00",,0.23999999,23.1,,
"SIND-015-PZ","08/21/08 00:00:00",,0.75,25.700001,,
"SIND-016-PZ","08/28/08 00:00:00",,0.60000002,25.15,,
"SIND-017-PZ","08/28/08 00:00:00",,0.75,22.799999,,
"SIND-019-A-PZ","08/19/08 00:00:00",,0.30000001,21.35,,
"SIND-019-B-PZ","08/19/08 00:00:00",,0.60000002,21.85,,
"SIND-004-A-PZ","10/27/08 00:00:00",,0.5,14.65,,
"SIND-008-PZ","10/22/08 00:00:00",,0.36000001,13.9,,
"SIND-009-PZ","10/24/08 00:00:00",,0.89999998,23.15,,
"SIND-010-PZ","10/24/08 00:00:00",,0.44999999,11.65,,
"SIND-011-PZ","10/23/08 00:00:00",,0.2,12.85,,
"SIND-012-PZ","10/22/08 00:00:00",,0.43000001,21.9,,
"SIND-013-PZ","10/20/08 00:00:00",,0.73000002,21.549999,,
"SIND-014-PZ","10/22/08 00:00:00",,0.23999999,22.35,,
"SIND-015-PZ","10/21/08 00:00:00",,0.75,23.9,,
"SIND-016-PZ","10/26/08 00:00:00",,0.60000002,25.65,,
"SIND-017-PZ","10/26/08 00:00:00",,0.75,21.85,,
"SIND-018-PZ","10/26/08 00:00:00",,0.47,13,,
"SIND-019-A-PZ","10/24/08 00:00:00",,0.30000001,20.35,,
"SIND-019-B-PZ","10/24/08 00:00:00",,0.60000002,17,,
"SIND-008-PZ","09/23/08 00:00:00",,0.36000001,14,,
"SIND-009-PZ","09/24/08 00:00:00",,0.89999998,30.5,,
"SIND-010-PZ","09/24/08 00:00:00",,0.44999999,9.9499998,,
"SIND-011-PZ","09/22/08 00:00:00",,0.2,11.25,,
"SIND-012-PZ","09/21/08 00:00:00",,0.43000001,21.85,,
"SIND-013-PZ","09/25/08 00:00:00",,0.73000002,18.6,,
"SIND-014-PZ","09/25/08 00:00:00",,0.23999999,21.35,,
"SIND-016-PZ","09/26/08 00:00:00",,0.60000002,23.299999,,
"SIND-017-PZ","09/27/08 00:00:00",,0.75,21.4,,
"SIND-018-PZ","09/27/08 00:00:00",,0.47,15.1,,
"SIND-019-A-PZ","09/27/08 00:00:00",,0.30000001,19.450001,,
"SIND-019-B-PZ","09/27/08 00:00:00",,0.60000002,20,,
"SIND-026-PZ","09/26/08 00:00:00",,0.34,9.1999998,,
"SIND-019-A-PZ","02/28/09 00:00:00",,0.30000001,23.5,,
"SIND-019-B-PZ","02/28/09 00:00:00",,0.60000002,25,,
"SIND-019-C-PZ","02/20/09 00:00:00",,0.60000002,23.700001,,
"SIND-020-PZ","02/18/09 00:00:00",,0.47999999,27.799999,,
"SIND-021-PZ","02/18/09 00:00:00",,0.51999998,13.7,,
"SIND-022-PZ","02/19/09 00:00:00",,0.63,17.700001,,
"SIND-023-PZ","02/17/09 00:00:00",,0.47,14.4,,
"SIND-024-PZ","04/22/09 00:00:00",,0.44999999,17.299999,,
"SIND-024-PZ","02/17/09 00:00:00",,0.44999999,15.55,,
"SIND-025-PZ","02/20/09 00:00:00",,0.43000001,18.700001,,
"SIND-027-PZ","02/27/09 00:00:00",,0.69999999,19.6,,
"SIND-036-PZ","02/19/09 00:00:00",,0.44999999,13.35,,
"SIND-037-PZ","02/18/09 00:00:00",,0.60000002,23.65,,
"SIND-040-PZ","02/17/09 00:00:00",,0.61000001,11.7,,
"SIND-008-PZ","02/26/09 00:00:00",,0.36000001,14.95,,
"SIND-009-PZ","02/27/09 00:00:00",,0.89999998,34.599998,,
"SIND-010-PZ","02/27/09 00:00:00",,0.44999999,15.7,,
"SIND-011-PZ","02/24/09 00:00:00",,0.2,17.35,,
"SIND-012-PZ","02/26/09 00:00:00",,0.43000001,25,,
"SIND-013-PZ","02/19/09 00:00:00",,0.73000002,26.85,,
"SIND-014-PZ","02/19/09 00:00:00",,0.23999999,25.299999,,
"SIND-015-PZ","02/25/09 00:00:00",,0.75,27.5,,
"SIND-016-PZ","02/28/09 00:00:00",,0.60000002,28.85,,
"SIND-017-PZ","02/23/09 00:00:00",,0.75,30.700001,,
"SIND-026-PZ","02/25/09 00:00:00",,0.34,13.7,,
"SIND-039-A-PZ","02/24/09 00:00:00",,0.60000002,39.150002,,
"SIND-039-B-PZ","02/24/09 00:00:00",,0.75,19.049999,,
"SIND-002-PZ","02/20/09 00:00:00",,0.64999998,14.85,,
"SIND-003-PZ","02/20/09 00:00:00",,0.80000001,28.65,,
"SIND-004-A-PZ","02/27/09 00:00:00",,0.5,16.5,,
"SIND-004-B-PZ","02/27/09 00:00:00",,0.60000002,37.700001,,
"SIND-004-C-PZ","02/27/09 00:00:00",,0.69999999,23.9,,
"SIND-005-PZ","02/26/09 00:00:00",,0.69999999,8.9499998,,
"SIND-028-PZ","02/25/09 00:00:00",,0.56,19.6,,
"SIND-029-PZ","02/28/09 00:00:00",,0.44999999,20.450001,,
"SIND-030-PZ","02/24/09 00:00:00",,0.85000002,10.2,,
"SIND-031-PZ","02/24/09 00:00:00",,0.51999998,28.299999,,
"SIND-032-PZ","02/21/09 00:00:00",,0.51999998,19.25,,
"SIND-033-PZ","02/21/09 00:00:00",,0.64999998,27.65,,
"SIND-034-PZ","02/22/09 00:00:00",,0.41999999,,"N R.",
"SIND-019-A-PZ","03/24/09 00:00:00",,0.30000001,23.65,,
"SIND-019-B-PZ","03/24/09 00:00:00",,0.60000002,27,,
"SIND-019-C-PZ","03/24/09 00:00:00",,0.60000002,23.85,,
"SIND-020-PZ","03/19/09 00:00:00",,0.47999999,29.65,,
"SIND-021-PZ","03/19/09 00:00:00",,0.51999998,13.9,,
"SIND-022-PZ","03/18/09 00:00:00",,0.63,19.299999,,
"SIND-023-PZ","03/25/09 00:00:00",,0.47,18.4,,
"SIND-024-PZ","03/25/09 00:00:00",,0.44999999,16.15,,
"SIND-025-PZ","03/22/09 00:00:00",,0.43000001,18.950001,,
"SIND-027-PZ","03/23/09 00:00:00",,0.69999999,19.799999,,
"SIND-036-PZ","03/18/09 00:00:00",,0.44999999,13.6,,
"SIND-037-PZ","03/19/09 00:00:00",,0.60000002,23.85,,
"SIND-040-PZ","03/25/09 00:00:00",,0.61000001,12.05,,
"SIND-008-PZ","03/24/09 00:00:00",,0.36000001,15.05,,
"SIND-009-PZ","03/28/09 00:00:00",,0.89999998,34.849998,,
"SIND-010-PZ","03/28/09 00:00:00",,0.44999999,17.299999,,
"SIND-011-PZ","03/23/09 00:00:00",,0.2,17.9,,
"SIND-012-PZ","03/24/09 00:00:00",,0.43000001,27,,
"SIND-013-PZ","03/19/09 00:00:00",,0.73000002,27.35,,
"SIND-014-PZ","03/19/09 00:00:00",,0.23999999,25.799999,,
"SIND-015-PZ","03/27/09 00:00:00",,0.75,28.049999,,
"SIND-016-PZ","03/25/09 00:00:00",,0.60000002,29.15,,
"SIND-017-PZ","03/25/09 00:00:00",,0.75,30.85,,
"SIND-026-PZ","03/27/09 00:00:00",,0.34,14.05,,
"SIND-039-A-PZ","03/23/09 00:00:00",,0.60000002,41.099998,,
"SIND-039-B-PZ","03/23/09 00:00:00",,0.75,20.35,,
"SIND-002-PZ","03/21/09 00:00:00",,0.64999998,15.15,,
"SIND-003-PZ","03/21/09 00:00:00",,0.80000001,28.75,,
"SIND-004-A-PZ","03/24/09 00:00:00",,0.5,16.9,,
"SIND-004-B-PZ","03/24/09 00:00:00",,0.60000002,40.150002,,
"SIND-004-C-PZ","03/24/09 00:00:00",,0.69999999,25.200001,,
"SIND-005-PZ","03/30/09 00:00:00",,0.69999999,10.8,,
"SIND-028-PZ","03/28/09 00:00:00",,0.56,19.950001,,
"SIND-029-PZ","03/25/09 00:00:00",,0.44999999,20.85,,
"SIND-030-PZ","03/28/09 00:00:00",,0.85000002,10.75,,
"SIND-031-PZ","03/28/09 00:00:00",,0.51999998,28.5,,
"SIND-032-PZ","03/22/09 00:00:00",,0.51999998,19.700001,,
"SIND-033-PZ","03/22/09 00:00:00",,0.64999998,27.75,,
"SIND-025-PZ","04/21/09 00:00:00",,0.43000001,19.1,,
"SIND-027-PZ","04/26/09 00:00:00",,0.69999999,19.950001,,
"SIND-036-PZ","04/17/09 00:00:00",,0.44999999,13.8,,
"SIND-037-PZ","04/18/09 00:00:00",,0.60000002,24.049999,,
"SIND-040-PZ","04/22/09 00:00:00",,0.61000001,12.15,,
"SIND-008-PZ","04/24/09 00:00:00",,0.36000001,15.35,,
"SIND-009-PZ","04/22/09 00:00:00",,0.89999998,35.049999,,
"SIND-010-PZ","04/22/09 00:00:00",,0.44999999,19.450001,,
"SIND-011-PZ","04/23/09 00:00:00",,0.2,19.049999,,
"SIND-012-PZ","04/24/09 00:00:00",,0.43000001,28.5,,
"SIND-013-PZ","04/24/09 00:00:00",,0.73000002,27.65,,
"SIND-014-PZ","04/19/09 00:00:00",,0.23999999,26.049999,,
"SIND-015-PZ","04/19/09 00:00:00",,0.75,28.549999,,
"SIND-016-PZ","04/26/09 00:00:00",,0.60000002,29.450001,,
"SIND-017-PZ","04/23/09 00:00:00",,0.75,30.9,,
"SIND-026-PZ","04/19/09 00:00:00",,0.34,14.7,,
"SIND-039-A-PZ","04/23/09 00:00:00",,0.60000002,42.799999,,
"SIND-039-B-PZ","04/23/09 00:00:00",,0.75,22.65,,
"SIND-002-PZ","04/19/09 00:00:00",,0.64999998,15.65,,
"SIND-003-PZ","04/19/09 00:00:00",,0.80000001,29.65,,
"SIND-004-A-PZ","04/22/09 00:00:00",,0.5,17.1,,
"SIND-004-B-PZ","04/22/09 00:00:00",,0.60000002,41.700001,,
"SIND-004-C-PZ","04/22/09 00:00:00",,0.69999999,25.6,,
"SIND-005-PZ","04/28/09 00:00:00",,0.69999999,11.05,,
"SIND-028-PZ","04/28/09 00:00:00",,0.56,20.700001,,
"SIND-029-PZ","04/23/09 00:00:00",,0.44999999,21.35,,
"SIND-030-PZ","04/25/09 00:00:00",,0.85000002,11.05,,
"SIND-031-PZ","04/25/09 00:00:00",,0.51999998,28.85,,
"SIND-032-PZ","04/20/09 00:00:00",,0.51999998,19.950001,,
"SIND-033-PZ","04/19/09 00:00:00",,0.64999998,27.9,,
"SIND-034-PZ","03/20/09 00:00:00",,0.41999999,,"N R.",
"SIND-034-PZ","04/14/09 00:00:00",,0.41999999,,"N R.",
"SIND-034-PZ","05/17/09 00:00:00",,0.41999999,,"N R.",
"SIND-012-PZ","04/20/09 00:00:00",,0.43000001,28,,
"SIND-019-B-PZ","05/22/09 00:00:00",,0.60000002,29,,
"SIND-019-C-PZ","05/22/09 00:00:00",,0.60000002,26.450001,,
"SIND-020-PZ","05/23/09 00:00:00",,0.47999999,30.85,,
"SIND-021-PZ","05/23/09 00:00:00",,0.51999998,14.85,,
"SIND-022-PZ","05/23/09 00:00:00",,0.63,25.15,,
"SIND-023-PZ","05/18/09 00:00:00",,0.47,20,,
"SIND-024-PZ","05/20/09 00:00:00",,0.44999999,17.799999,,
"SIND-025-PZ","05/17/09 00:00:00",,0.43000001,19.25,,
"SIND-027-PZ","05/28/09 00:00:00",,0.69999999,20.299999,,
"SIND-036-PZ","05/24/09 00:00:00",,0.44999999,14.05,,
"SIND-037-PZ","05/23/09 00:00:00",,0.60000002,24.35,,
"SIND-040-PZ","05/18/09 00:00:00",,0.61000001,12.25,,
"SIND-008-PZ","05/26/09 00:00:00",,0.36000001,15.55,,
"SIND-009-PZ","05/30/09 00:00:00",,0.89999998,35.599998,,
"SIND-010-PZ","05/30/09 00:00:00",,0.44999999,21.35,,
"SIND-011-PZ","05/23/09 00:00:00",,0.2,22.15,,
"SIND-012-PZ","05/29/09 00:00:00",,0.43000001,29,,
"SIND-013-PZ","05/29/09 00:00:00",,0.73000002,27.950001,,
"SIND-014-PZ","05/20/09 00:00:00",,0.23999999,24.450001,,
"SIND-015-PZ","05/20/09 00:00:00",,0.75,30.4,,
"SIND-016-PZ","05/27/09 00:00:00",,0.60000002,29.9,,
"SIND-017-PZ","05/27/09 00:00:00",,0.75,31.450001,,
"SIND-026-PZ","05/20/09 00:00:00",,0.34,15.6,,
"SIND-039-A-PZ","05/23/09 00:00:00",,0.60000002,46.049999,,
"SIND-039-B-PZ","05/23/09 00:00:00",,0.75,24.15,,
"SIND-002-PZ","05/25/09 00:00:00",,0.64999998,15.8,,
"SIND-003-PZ","05/25/09 00:00:00",,0.80000001,29.799999,,
"SIND-004-A-PZ","05/30/09 00:00:00",,0.5,17.65,,
"SIND-004-B-PZ","05/30/09 00:00:00",,0.60000002,43.150002,,
"SIND-004-C-PZ","05/30/09 00:00:00",,0.69999999,25.799999,,
"SIND-005-PZ","05/22/09 00:00:00",,0.69999999,11.15,,
"SIND-028-PZ","05/23/09 00:00:00",,0.56,20.950001,,
"SIND-029-PZ","05/30/09 00:00:00",,0.44999999,21.450001,,
"SIND-030-PZ","05/29/09 00:00:00",,0.85000002,12.4,,
"SIND-031-PZ","05/28/09 00:00:00",,0.51999998,29.25,,
"SIND-032-PZ","05/27/09 00:00:00",,0.51999998,20.65,,
"SIND-033-PZ","05/26/09 00:00:00",,0.64999998,28.15,,
"SIND-019-A-PZ","07/20/09 00:00:00",,0.30000001,20.4,,
"SIND-019-B-PZ","07/29/09 00:00:00",,0.60000002,23.65,,
"SIND-019-C-PZ","07/23/09 00:00:00",,0.60000002,21.15,,
"SIND-020-PZ","07/18/09 00:00:00",,0.47999999,26.700001,,
"SIND-021-PZ","07/18/09 00:00:00",,0.51999998,14.25,,
"SIND-022-PZ","07/26/09 00:00:00",,0.63,20.1,,
"SIND-023-PZ","07/23/09 00:00:00",,0.47,20.299999,,
"SIND-024-PZ","07/23/09 00:00:00",,0.44999999,16.799999,,
"SIND-025-PZ","07/20/09 00:00:00",,0.43000001,17.1,,
"SIND-027-PZ","07/17/09 00:00:00",,0.69999999,18.35,,
"SIND-035-PZ","07/25/09 00:00:00",,0.54000002,12.8,,
"SIND-036-PZ","07/26/09 00:00:00",,0.44999999,13.7,,
"SIND-037-PZ","07/18/09 00:00:00",,0.60000002,22.9,,
"SIND-040-PZ","07/23/09 00:00:00",,0.61000001,11.85,,
"SIND-008-PZ","07/25/09 00:00:00",,0.36000001,14.2,,
"SIND-009-PZ","07/27/09 00:00:00",,0.89999998,35.700001,,
"SIND-010-PZ","07/27/09 00:00:00",,0.44999999,19.85,,
"SIND-011-PZ","07/23/09 00:00:00",,0.2,21.049999,,
"SIND-012-PZ","07/25/09 00:00:00",,0.43000001,23.6,,
"SIND-013-PZ","07/29/09 00:00:00",,0.73000002,24.4,,
"SIND-014-PZ","07/29/09 00:00:00",,0.23999999,23.15,,
"SIND-015-PZ","07/28/09 00:00:00",,0.75,27.1,,
"SIND-016-PZ","07/30/09 00:00:00",,0.60000002,28.25,,
"SIND-017-PZ","07/30/09 00:00:00",,0.75,29.549999,,
"SIND-026-PZ","07/28/09 00:00:00",,0.34,14.3,,
"SIND-039-A-PZ","07/23/09 00:00:00",,0.60000002,40.549999,,
"SIND-039-B-PZ","07/23/09 00:00:00",,0.75,14.05,,
"SIND-002-PZ","07/25/09 00:00:00",,0.64999998,13.2,,
"SIND-003-PZ","07/27/09 00:00:00",,0.80000001,22.299999,,
"SIND-004-A-PZ","07/30/09 00:00:00",,0.5,12.15,,
"SIND-004-B-PZ","07/30/09 00:00:00",,0.60000002,16.35,,
"SIND-004-C-PZ","07/30/09 00:00:00",,0.69999999,14.05,,
"SIND-005-PZ","07/22/09 00:00:00",,0.69999999,6.8499999,,
"SIND-028-PZ","07/23/09 00:00:00",,0.56,16.4,,
"SIND-029-PZ","07/31/09 00:00:00",,0.44999999,16.1,,
"SIND-030-PZ","07/27/09 00:00:00",,0.85000002,6.9000001,,
"SIND-031-PZ","07/23/09 00:00:00",,0.51999998,21.450001,,
"SIND-032-PZ","07/31/09 00:00:00",,0.51999998,18.700001,,
"SIND-033-PZ","07/27/09 00:00:00",,0.64999998,16.950001,,
"SIND-040-PZ","08/17/09 00:00:00",,0.61000001,9.5500002,,
"SIND-037-PZ","08/25/09 00:00:00",,0.60000002,16.1,,
"SIND-036-PZ","08/22/09 00:00:00",,0.44999999,10.6,,
"SIND-035-PZ","08/21/09 00:00:00",,0.54000002,10.05,,
"SIND-027-PZ","08/27/09 00:00:00",,0.69999999,16.15,,
"SIND-025-PZ","08/31/09 00:00:00",,0.43000001,13.2,,
"SIND-024-PZ","08/19/09 00:00:00",,0.44999999,8.8500004,,
"SIND-022-PZ","08/24/09 00:00:00",,0.63,5.75,,
"SIND-021-PZ","08/24/09 00:00:00",,0.51999998,11.15,,
"SIND-020-PZ","08/24/09 00:00:00",,0.47999999,20.15,,
"SIND-019-C-PZ","08/20/09 00:00:00",,0.60000002,16.1,,
"SIND-019-A-PZ","08/20/09 00:00:00",,0.30000001,14.7,,
"SIND-039-B-PZ","08/20/09 00:00:00",,0.75,11.15,,
"SIND-039-A-PZ","08/20/09 00:00:00",,0.60000002,37.650002,,
"SIND-017-PZ","08/27/09 00:00:00",,0.75,22.85,,
"SIND-016-PZ","10/26/09 00:00:00",,0.60000002,19.35,,
"SIND-014-PZ","08/19/09 00:00:00",,0.23999999,21.049999,,
"SIND-013-PZ","08/19/09 00:00:00",,0.73000002,20.35,,
"SIND-012-PZ","08/22/09 00:00:00",,0.43000001,21.700001,,
"SIND-011-PZ","08/20/09 00:00:00",,0.2,15.8,,
"SIND-009-PZ","08/24/09 00:00:00",,0.89999998,31.35,,
"SIND-008-PZ","08/22/09 00:00:00",,0.36000001,13.7,,
"SIND-033-PZ","08/18/09 00:00:00",,0.64999998,12.05,,
"SIND-032-PZ","08/19/09 00:00:00",,0.51999998,17.35,,
"SIND-031-PZ","08/24/09 00:00:00",,0.51999998,18.65,,
"SIND-030-PZ","08/22/09 00:00:00",,0.85000002,4.4499998,,
"SIND-029-PZ","08/21/09 00:00:00",,0.44999999,15.75,,
"SIND-028-PZ","08/28/09 00:00:00",,0.56,10.5,,
"SIND-005-PZ","08/27/09 00:00:00",,0.69999999,4.0500002,,
"SIND-004-C-PZ","08/20/09 00:00:00",,0.69999999,12.8,,
"SIND-004-B-PZ","08/20/09 00:00:00",,0.60000002,11.35,,
"SIND-004-A-PZ","08/20/09 00:00:00",,0.5,10.9,,
"SIND-003-PZ","08/17/09 00:00:00",,0.80000001,14.6,,
"SIND-002-PZ","08/17/09 00:00:00",,0.64999998,11.7,,
"SIND-019-A-PZ","12/22/09 00:00:00",,0.30000001,14.1,,
"SIND-019-B-PZ","12/22/09 00:00:00",,0.60000002,14.1,,
"SIND-019-B-PZ","01/24/10 00:00:00",,0.60000002,15.8,,
"SIND-019-B-PZ","03/25/10 00:00:00",,0.60000002,16.25,,
"SIND-019-B-PZ","04/20/10 00:00:00",,0.60000002,16.6,,
"SIND-024-PZ","09/20/09 00:00:00",,0.44999999,8.1000004,,
"SIND-019-A-PZ","12/21/11 00:00:00",,0.30000001,13.3,,
"SIND-019-A-PZ","07/16/12 00:00:00",,0.30000001,16.700001,,
"SIND-019-C-PZ","12/22/09 00:00:00",,0.60000002,16.65,,
"SIND-019-C-PZ","01/24/10 00:00:00",,0.60000002,15.65,,
"SIND-020-PZ","12/26/09 00:00:00",,0.47999999,18.799999,,
"SIND-020-PZ","01/15/10 00:00:00",,0.47999999,19.700001,,
"SIND-021-PZ","12/26/09 00:00:00",,0.51999998,9.3999996,,
"SIND-021-PZ","01/25/10 00:00:00",,0.51999998,10.7,,
"SIND-022-PZ","12/24/09 00:00:00",,0.63,4.6999998,,
"SIND-022-PZ","01/25/10 00:00:00",,0.63,7.9000001,,
"SIND-023-PZ","12/27/09 00:00:00",,0.47,3.05,,
"SIND-023-PZ","01/29/10 00:00:00",,0.47,5.6999998,,
"SIND-024-PZ","12/27/09 00:00:00",,0.44999999,7.1500001,,
"SIND-024-PZ","01/29/10 00:00:00",,0.44999999,9.8000002,,
"SIND-025-PZ","01/19/10 00:00:00",,0.43000001,11.6,,
"SIND-025-PZ","12/23/09 00:00:00",,0.43000001,11.3,,
"SIND-027-PZ","12/29/09 00:00:00",,0.69999999,12.1,,
"SIND-027-PZ","01/23/10 00:00:00",,0.69999999,14.35,,
"SIND-035-PZ","01/17/10 00:00:00",,0.54000002,7.9000001,,
"SIND-035-PZ","12/23/09 00:00:00",,0.54000002,6.6500001,,
"SIND-036-PZ","12/24/09 00:00:00",,0.44999999,6.9000001,,
"SIND-036-PZ","01/27/10 00:00:00",,0.44999999,11.4,,
"SIND-037-PZ","12/26/09 00:00:00",,0.60000002,3.9000001,,
"SIND-037-PZ","01/25/10 00:00:00",,0.60000002,10.25,,
"SIND-040-PZ","12/27/09 00:00:00",,0.61000001,6.5,,
"SIND-040-PZ","01/29/10 00:00:00",,0.61000001,8.1000004,,
"SIND-008-PZ","12/30/09 00:00:00",,0.36000001,11.9,,
"SIND-008-PZ","01/21/10 00:00:00",,0.36000001,12.35,,
"SIND-009-PZ","12/30/09 00:00:00",,0.89999998,22.450001,,
"SIND-009-PZ","01/21/10 00:00:00",,0.89999998,28.6,,
"SIND-010-PZ","12/30/09 00:00:00",,0.44999999,8.9499998,,
"SIND-010-PZ","01/21/10 00:00:00",,0.44999999,14.9,,
"SIND-011-PZ","12/26/09 00:00:00",,0.2,7.8499999,,
"SIND-011-PZ","01/28/10 00:00:00",,0.2,11.2,,
"SIND-012-PZ","12/27/09 00:00:00",,0.43000001,18.799999,,
"SIND-012-PZ","01/28/10 00:00:00",,0.43000001,19.6,,
"SIND-013-PZ","12/22/09 00:00:00",,0.73000002,19.299999,,
"SIND-013-PZ","01/28/10 00:00:00",,0.73000002,20.700001,,
"SIND-014-PZ","12/22/09 00:00:00",,0.23999999,20.9,,
"SIND-014-PZ","01/28/10 00:00:00",,0.23999999,21.85,,
"SIND-015-PZ","12/23/09 00:00:00",,0.75,24.549999,,
"SIND-015-PZ","01/22/10 00:00:00",,0.75,26.799999,,
"SIND-016-PZ","01/30/10 00:00:00",,0.60000002,21.35,,
"SIND-016-PZ","12/31/09 00:00:00",,0.60000002,19.35,,
"SIND-017-PZ","12/31/09 00:00:00",,0.75,17.049999,,
"SIND-017-PZ","01/30/10 00:00:00",,0.75,19.1,,
"SIND-018-PZ","12/31/09 00:00:00",,0.47,11.2,,
"SIND-018-PZ","01/30/10 00:00:00",,0.47,13.6,,
"SIND-026-PZ","12/23/09 00:00:00",,0.34,5.6999998,,
"SIND-026-PZ","01/22/10 00:00:00",,0.34,7.9499998,,
"SIND-039-A-PZ","01/29/10 00:00:00",,0.60000002,11.6,,
"SIND-039-A-PZ","12/26/09 00:00:00",,0.60000002,9.8999996,,
"SIND-039-B-PZ","12/26/09 00:00:00",,0.75,6.4000001,,
"SIND-039-B-PZ","01/29/10 00:00:00",,0.75,9.6499996,,
"SIND-002-PZ","12/29/09 00:00:00",,0.64999998,11.65,,
"SIND-002-PZ","01/21/10 00:00:00",,0.64999998,12.15,,
"SIND-003-PZ","12/21/09 00:00:00",,0.80000001,14.7,,
"SIND-003-PZ","01/21/10 00:00:00",,0.80000001,16.1,,
"SIND-004-A-PZ","12/24/09 00:00:00",,0.5,10.15,,
"SIND-004-A-PZ","01/29/10 00:00:00",,0.5,12.95,,
"SIND-004-B-PZ","01/29/10 00:00:00",,0.60000002,13.3,,
"SIND-004-B-PZ","12/24/09 00:00:00",,0.60000002,10.7,,
"SIND-004-C-PZ","12/24/09 00:00:00",,0.69999999,10.05,,
"SIND-004-C-PZ","01/29/10 00:00:00",,0.69999999,13.7,,
"SIND-005-PZ","12/26/09 00:00:00",,0.69999999,4.0999999,,
"SIND-005-PZ","01/20/10 00:00:00",,0.69999999,4.75,,
"SIND-028-PZ","01/20/10 00:00:00",,0.56,11.65,,
"SIND-028-PZ","12/26/09 00:00:00",,0.56,10.85,,
"SIND-029-PZ","12/30/09 00:00:00",,0.44999999,15.95,,
"SIND-029-PZ","01/30/10 00:00:00",,0.44999999,16.35,,
"SIND-030-PZ","01/28/10 00:00:00",,0.85000002,3.95,,
"SIND-030-PZ","12/23/09 00:00:00",,0.85000002,3.4000001,,
"SIND-031-PZ","12/23/09 00:00:00",,0.51999998,10.8,,
"SIND-031-PZ","01/20/10 00:00:00",,0.51999998,12.05,,
"SIND-032-PZ","01/25/10 00:00:00",,0.51999998,13.95,,
"SIND-032-PZ","12/22/09 00:00:00",,0.51999998,15.9,,
"SIND-033-PZ","12/22/09 00:00:00",,0.64999998,14.1,,
"SIND-033-PZ","01/22/10 00:00:00",,0.64999998,16,,
"SIND-019-A-PZ","02/22/10 00:00:00",,0.30000001,16.15,,
"SIND-019-B-PZ","02/22/10 00:00:00",,0.60000002,16,,
"SIND-019-C-PZ","02/22/10 00:00:00",,0.60000002,16.65,,
"SIND-020-PZ","02/20/10 00:00:00",,0.47999999,20.299999,,
"SIND-021-PZ","02/20/10 00:00:00",,0.51999998,10.3,,
"SIND-022-PZ","02/19/10 00:00:00",,0.63,11.4,,
"SIND-023-PZ","02/18/10 00:00:00",,0.47,6.6500001,,
"SIND-024-PZ","02/18/10 00:00:00",,0.44999999,11.05,,
"SIND-025-PZ","02/17/10 00:00:00",,0.43000001,12.6,,
"SIND-027-PZ","02/16/10 00:00:00",,0.69999999,15.9,,
"SIND-035-PZ","02/17/10 00:00:00",,0.54000002,8.3500004,,
"SIND-036-PZ","02/19/10 00:00:00",,0.44999999,12.05,,
"SIND-037-PZ","02/20/10 00:00:00",,0.60000002,11.7,,
"SIND-040-PZ","02/12/10 00:00:00",,0.61000001,8.3000002,,
"SIND-008-PZ","02/17/10 00:00:00",,0.36000001,14.05,,
"SIND-009-PZ","02/17/10 00:00:00",,0.89999998,36.200001,,
"SIND-010-PZ","02/17/10 00:00:00",,0.44999999,15.1,,
"SIND-011-PZ","02/15/10 00:00:00",,0.2,11.55,,
"SIND-012-PZ","02/18/10 00:00:00",,0.43000001,19.700001,,
"SIND-013-PZ","02/18/10 00:00:00",,0.73000002,20.799999,,
"SIND-014-PZ","02/22/10 00:00:00",,0.23999999,21.9,,
"SIND-015-PZ","02/22/10 00:00:00",,0.75,31.549999,,
"SIND-016-PZ","02/23/10 00:00:00",,0.60000002,19.950001,,
"SIND-017-PZ","02/23/10 00:00:00",,0.75,17.799999,,
"SIND-018-PZ","02/23/10 00:00:00",,0.47,15.3,,
"SIND-026-PZ","02/22/10 00:00:00",,0.34,10.7,,
"SIND-039-A-PZ","02/15/10 00:00:00",,0.60000002,18.950001,,
"SIND-039-B-PZ","02/15/10 00:00:00",,0.75,11.7,,
"SIND-002-PZ","02/17/10 00:00:00",,0.64999998,12.35,,
"SIND-003-PZ","02/17/10 00:00:00",,0.80000001,16.5,,
"SIND-004-A-PZ","02/21/10 00:00:00",,0.5,13.35,,
"SIND-004-B-PZ","02/21/10 00:00:00",,0.60000002,14.1,,
"SIND-004-C-PZ","02/21/10 00:00:00",,0.69999999,14.3,,
"SIND-005-PZ","02/18/10 00:00:00",,0.69999999,7.1500001,,
"SIND-028-PZ","02/18/10 00:00:00",,0.56,16.85,,
"SIND-029-PZ","02/21/10 00:00:00",,0.44999999,10.6,,
"SIND-030-PZ","02/22/10 00:00:00",,0.85000002,8.1499996,,
"SIND-031-PZ","02/22/10 00:00:00",,0.51999998,22.6,,
"SIND-032-PZ","02/19/10 00:00:00",,0.51999998,18.049999,,
"SIND-033-PZ","02/19/10 00:00:00",,0.64999998,20,,
"SIND-019-A-PZ","03/25/10 00:00:00",,0.30000001,16.549999,,
"SIND-019-A-PZ","04/20/10 00:00:00",,0.30000001,16.85,,
"SIND-019-A-PZ","05/28/10 00:00:00",,0.30000001,17.437,,
"SIND-019-B-PZ","05/25/10 00:00:00",,0.60000002,16.799999,,
"SIND-019-A-PZ","01/20/10 00:00:00",,0.30000001,16.1,,
"SIND-019-C-PZ","03/25/10 00:00:00",,0.60000002,17.049999,,
"SIND-019-C-PZ","04/20/10 00:00:00",,0.60000002,17.700001,,
"SIND-019-C-PZ","05/25/10 00:00:00",,0.60000002,19.889999,,
"SIND-020-PZ","03/23/10 00:00:00",,0.47999999,23.1,,
"SIND-020-PZ","04/22/10 00:00:00",,0.47999999,24.299999,,
"SIND-020-PZ","05/25/10 00:00:00",,0.47999999,25.6,,
"SIND-021-PZ","03/23/10 00:00:00",,0.51999998,11.8,,
"SIND-021-PZ","04/22/10 00:00:00",,0.51999998,12.1,,
"SIND-021-PZ","05/25/10 00:00:00",,0.51999998,13.9,,
"SIND-022-PZ","03/26/10 00:00:00",,0.63,17.4,,
"SIND-022-PZ","04/21/10 00:00:00",,0.63,20.700001,,
"SIND-022-PZ","05/25/10 00:00:00",,0.63,25.700001,,
"SIND-023-PZ","03/31/10 00:00:00",,0.47,8.5500002,,
"SIND-023-PZ","04/29/10 00:00:00",,0.47,9.6499996,,
"SIND-023-PZ","05/26/10 00:00:00",,0.47,13.15,,
"SIND-024-PZ","03/31/10 00:00:00",,0.44999999,14.75,,
"SIND-024-PZ","04/28/10 00:00:00",,0.44999999,16.25,,
"SIND-024-PZ","05/26/10 00:00:00",,0.44999999,17.950001,,
"SIND-025-PZ","04/23/10 00:00:00",,0.43000001,13.75,,
"SIND-025-PZ","05/24/10 00:00:00",,0.43000001,14.804,,
"SIND-025-PZ","03/27/10 00:00:00",,0.43000001,13.35,,
"SIND-027-PZ","03/27/10 00:00:00",,0.69999999,18.799999,,
"SIND-027-PZ","04/23/10 00:00:00",,0.69999999,19,,
"SIND-027-PZ","05/24/10 00:00:00",,0.69999999,22,,
"SIND-035-PZ","03/22/10 00:00:00",,0.54000002,10.85,,
"SIND-035-PZ","04/19/10 00:00:00",,0.54000002,12.15,,
"SIND-035-PZ","05/31/10 00:00:00",,0.54000002,12.2,,
"SIND-036-PZ","03/26/10 00:00:00",,0.44999999,12.7,,
"SIND-036-PZ","04/21/10 00:00:00",,0.44999999,13.05,,
"SIND-036-PZ","05/25/10 00:00:00",,0.44999999,13.3,,
"SIND-037-PZ","03/23/10 00:00:00",,0.60000002,15.8,,
"SIND-037-PZ","04/22/10 00:00:00",,0.60000002,16.450001,,
"SIND-037-PZ","05/25/10 00:00:00",,0.60000002,22.1,,
"SIND-040-PZ","03/31/10 00:00:00",,0.61000001,9,,
"SIND-040-PZ","04/29/10 00:00:00",,0.61000001,9.5,,
"SIND-040-PZ","05/26/10 00:00:00",,0.61000001,12.5,,
"SIND-008-PZ","03/26/10 00:00:00",,0.36000001,14.35,,
"SIND-008-PZ","04/20/10 00:00:00",,0.36000001,14.7,,
"SIND-008-PZ","05/26/10 00:00:00",,0.36000001,17.1,,
"SIND-009-PZ","03/26/10 00:00:00",,0.89999998,36.799999,,
"SIND-009-PZ","04/20/10 00:00:00",,0.89999998,37.5,,
"SIND-009-PZ","05/26/10 00:00:00",,0.89999998,36,,
"SIND-010-PZ","03/26/10 00:00:00",,0.44999999,16.049999,,
"SIND-010-PZ","04/20/10 00:00:00",,0.44999999,16.799999,,
"SIND-010-PZ","05/28/10 00:00:00",,0.44999999,17.5,,
"SIND-011-PZ","03/25/10 00:00:00",,0.2,14.15,,
"SIND-011-PZ","04/26/10 00:00:00",,0.2,14.65,,
"SIND-011-PZ","05/26/10 00:00:00",,0.2,18.9,,
"SIND-012-PZ","03/27/10 00:00:00",,0.43000001,19.75,,
"SIND-012-PZ","04/22/10 00:00:00",,0.43000001,20.35,,
"SIND-012-PZ","05/26/10 00:00:00",,0.43000001,21,,
"SIND-013-PZ","03/19/10 00:00:00",,0.73000002,20.9,,
"SIND-013-PZ","04/22/10 00:00:00",,0.73000002,21.4,,
"SIND-013-PZ","05/26/10 00:00:00",,0.73000002,21.799999,,
"SIND-014-PZ","03/27/10 00:00:00",,0.23999999,21.950001,,
"SIND-014-PZ","04/22/10 00:00:00",,0.23999999,22.549999,,
"SIND-014-PZ","05/26/10 00:00:00",,0.23999999,24,,
"SIND-015-PZ","03/26/10 00:00:00",,0.75,31.65,,
"SIND-015-PZ","04/23/10 00:00:00",,0.75,32.049999,,
"SIND-015-PZ","05/19/10 00:00:00",,0.75,30.910999,,
"SIND-016-PZ","03/29/10 00:00:00",,0.60000002,20.85,,
"SIND-016-PZ","04/23/10 00:00:00",,0.60000002,21.200001,,
"SIND-016-PZ","05/26/10 00:00:00",,0.60000002,27.893999,,
"SIND-017-PZ","03/29/10 00:00:00",,0.75,18.6,,
"SIND-017-PZ","04/26/10 00:00:00",,0.75,19.15,,
"SIND-017-PZ","05/26/10 00:00:00",,0.75,24.6,,
"SIND-018-PZ","03/29/10 00:00:00",,0.47,15.9,,
"SIND-018-PZ","04/26/10 00:00:00",,0.47,16.4,,
"SIND-018-PZ","05/26/10 00:00:00",,0.47,,"N r",
"SIND-026-PZ","03/19/10 00:00:00",,0.34,11.05,,
"SIND-026-PZ","04/28/10 00:00:00",,0.34,11.6,,
"SIND-026-PZ","05/26/10 00:00:00",,0.34,13.1,,
"SIND-039-A-PZ","03/25/10 00:00:00",,0.60000002,20.700001,,
"SIND-039-A-PZ","04/28/10 00:00:00",,0.60000002,21.200001,,
"SIND-039-A-PZ","05/26/10 00:00:00",,0.60000002,38.099998,,
"SIND-039-B-PZ","03/25/10 00:00:00",,0.75,12.4,,
"SIND-039-B-PZ","04/28/10 00:00:00",,0.75,12.85,,
"SIND-039-B-PZ","05/26/10 00:00:00",,0.75,22.1,,
"SIND-002-PZ","03/25/10 00:00:00",,0.64999998,12.8,,
"SIND-002-PZ","04/24/10 00:00:00",,0.64999998,13.05,,
"SIND-002-PZ","05/24/10 00:00:00",,0.64999998,13.1,,
"SIND-003-PZ","03/25/10 00:00:00",,0.80000001,17.700001,,
"SIND-003-PZ","04/24/10 00:00:00",,0.80000001,17.9,,
"SIND-003-PZ","05/22/10 00:00:00",,0.80000001,18.200001,,
"SIND-004-A-PZ","03/29/10 00:00:00",,0.5,13.55,,
"SIND-004-A-PZ","04/27/10 00:00:00",,0.5,15.5,,
"SIND-004-A-PZ","05/28/10 00:00:00",,0.5,14.218,,
"SIND-004-B-PZ","03/29/10 00:00:00",,0.60000002,16,,
"SIND-004-B-PZ","04/27/10 00:00:00",,0.60000002,19.299999,,
"SIND-004-B-PZ","05/24/10 00:00:00",,0.60000002,21,,
"SIND-004-C-PZ","03/29/10 00:00:00",,0.69999999,14.5,,
"SIND-004-C-PZ","04/27/10 00:00:00",,0.69999999,18.9,,
"SIND-004-C-PZ","05/24/10 00:00:00",,0.69999999,17.580999,,
"SIND-005-PZ","03/23/10 00:00:00",,0.69999999,7.6500001,,
"SIND-005-PZ","04/21/10 00:00:00",,0.69999999,13.05,,
"SIND-005-PZ","05/24/10 00:00:00",,0.69999999,15,,
"SIND-028-PZ","03/23/10 00:00:00",,0.56,17.1,,
"SIND-028-PZ","04/22/10 00:00:00",,0.56,18.799999,,
"SIND-028-PZ","05/24/10 00:00:00",,0.56,19,,
"SIND-029-PZ","03/30/10 00:00:00",,0.44999999,18.85,,
"SIND-029-PZ","05/24/10 00:00:00",,0.44999999,19.424999,,
"SIND-030-PZ","03/31/10 00:00:00",,0.85000002,8.6999998,,
"SIND-030-PZ","04/23/10 00:00:00",,0.85000002,10.6,,
"SIND-030-PZ","05/24/10 00:00:00",,0.85000002,12.8,,
"SIND-031-PZ","03/31/10 00:00:00",,0.51999998,26.799999,,
"SIND-031-PZ","04/23/10 00:00:00",,0.51999998,27.5,,
"SIND-031-PZ","05/24/10 00:00:00",,0.51999998,29,,
"SIND-032-PZ","03/27/10 00:00:00",,0.51999998,19.5,,
"SIND-032-PZ","04/26/10 00:00:00",,0.51999998,19.5,,
"SIND-032-PZ","05/24/10 00:00:00",,0.51999998,19.593,,
"SIND-033-PZ","03/26/10 00:00:00",,0.64999998,21,,
"SIND-033-PZ","04/26/10 00:00:00",,0.64999998,24,,
"SIND-033-PZ","05/24/10 00:00:00",,0.64999998,26,,
"SIND-019-A-PZ","06/21/10 00:00:00",,0.30000001,17.4,,
"SIND-019-A-PZ","07/23/10 00:00:00",,0.30000001,16.6,,
"SIND-019-B-PZ","06/21/10 00:00:00",,0.60000002,16.75,,
"SIND-019-B-PZ","07/23/10 00:00:00",,0.60000002,16.5,,
"SIND-019-C-PZ","06/21/10 00:00:00",,0.60000002,21.200001,,
"SIND-019-C-PZ","07/23/10 00:00:00",,0.60000002,18.85,,
"SIND-020-PZ","06/20/10 00:00:00",,0.47999999,25.799999,,
"SIND-020-PZ","07/21/10 00:00:00",,0.47999999,23.65,,
"SIND-021-PZ","07/21/10 00:00:00",,0.51999998,13.7,,
"SIND-021-PZ","06/20/10 00:00:00",,0.51999998,14.15,,
"SIND-022-PZ","06/20/10 00:00:00",,0.63,26.35,,
"SIND-022-PZ","07/21/10 00:00:00",,0.63,20.4,,
"SIND-023-PZ","07/18/10 00:00:00",,0.47,23.35,,
"SIND-023-PZ","06/19/10 00:00:00",,0.47,13.4,,
"SIND-024-PZ","06/19/10 00:00:00",,0.44999999,18.4,,
"SIND-024-PZ","07/18/10 00:00:00",,0.44999999,14.05,,
"SIND-025-PZ","06/22/10 00:00:00",,0.43000001,18.25,,
"SIND-025-PZ","07/29/10 00:00:00",,0.43000001,17.85,,
"SIND-027-PZ","06/29/10 00:00:00",,0.69999999,23,,
"SIND-027-PZ","07/19/10 00:00:00",,0.69999999,18.299999,,
"SIND-035-PZ","07/20/10 00:00:00",,0.54000002,18.85,,
"SIND-035-PZ","06/18/10 00:00:00",,0.54000002,12.45,,
"SIND-036-PZ","06/30/10 00:00:00",,0.44999999,14.1,,
"SIND-036-PZ","07/24/10 00:00:00",,0.44999999,11.75,,
"SIND-037-PZ","06/30/10 00:00:00",,0.60000002,21.1,,
"SIND-037-PZ","07/24/10 00:00:00",,0.60000002,15.65,,
"SIND-040-PZ","06/19/10 00:00:00",,0.61000001,12,,
"SIND-040-PZ","07/18/10 00:00:00",,0.61000001,8.6999998,,
"SIND-008-PZ","06/20/10 00:00:00",,0.36000001,17.5,,
"SIND-008-PZ","07/30/10 00:00:00",,0.36000001,14.4,,
"SIND-009-PZ","07/30/10 00:00:00",,0.89999998,40.599998,,
"SIND-009-PZ","06/20/10 00:00:00",,0.89999998,37.900002,,
"SIND-010-PZ","06/20/10 00:00:00",,0.44999999,18.799999,,
"SIND-010-PZ","07/30/10 00:00:00",,0.44999999,16.799999,,
"SIND-011-PZ","06/21/10 00:00:00",,0.2,19.049999,,
"SIND-011-PZ","07/30/10 00:00:00",,0.2,18.35,,
"SIND-012-PZ","06/21/10 00:00:00",,0.43000001,21.299999,,
"SIND-012-PZ","07/30/10 00:00:00",,0.43000001,17.200001,,
"SIND-013-PZ","06/21/10 00:00:00",,0.73000002,22.1,,
"SIND-013-PZ","07/29/10 00:00:00",,0.73000002,18.1,,
"SIND-014-PZ","06/21/10 00:00:00",,0.23999999,25,,
"SIND-014-PZ","07/29/10 00:00:00",,0.23999999,17.9,,
"SIND-015-PZ","06/22/10 00:00:00",,0.75,32.099998,,
"SIND-015-PZ","07/29/10 00:00:00",,0.75,32.099998,,
"SIND-016-PZ","06/24/10 00:00:00",,0.60000002,28.15,,
"SIND-016-PZ","07/31/10 00:00:00",,0.60000002,28.1,,
"SIND-017-PZ","06/24/10 00:00:00",,0.75,25.299999,,
"SIND-017-PZ","07/31/10 00:00:00",,0.75,25.6,,
"SIND-026-PZ","06/25/10 00:00:00",,0.34,13.9,,
"SIND-026-PZ","07/29/10 00:00:00",,0.34,12.65,,
"SIND-039-A-PZ","06/25/10 00:00:00",,0.60000002,38.900002,,
"SIND-039-A-PZ","07/30/10 00:00:00",,0.60000002,43.5,,
"SIND-039-B-PZ","06/25/10 00:00:00",,0.75,23.200001,,
"SIND-039-B-PZ","07/30/10 00:00:00",,0.75,17.6,,
"SIND-002-PZ","06/23/10 00:00:00",,0.64999998,13.3,,
"SIND-002-PZ","07/25/10 00:00:00",,0.64999998,12.4,,
"SIND-003-PZ","06/23/10 00:00:00",,0.80000001,19.1,,
"SIND-003-PZ","07/20/10 00:00:00",,0.80000001,18.1,,
"SIND-004-A-PZ","06/25/10 00:00:00",,0.5,14.3,,
"SIND-004-A-PZ","07/27/10 00:00:00",,0.5,13.5,,
"SIND-004-B-PZ","06/25/10 00:00:00",,0.60000002,28.5,,
"SIND-004-B-PZ","07/27/10 00:00:00",,0.60000002,27.6,,
"SIND-004-C-PZ","06/25/10 00:00:00",,0.69999999,17.75,,
"SIND-004-C-PZ","07/27/10 00:00:00",,0.69999999,16.799999,,
"SIND-005-PZ","06/28/10 00:00:00",,0.69999999,16,,
"SIND-005-PZ","07/23/10 00:00:00",,0.69999999,10.6,,
"SIND-028-PZ","06/28/10 00:00:00",,0.56,20,,
"SIND-028-PZ","07/28/10 00:00:00",,0.56,18.35,,
"SIND-029-PZ","06/25/10 00:00:00",,0.44999999,19.950001,,
"SIND-029-PZ","07/27/10 00:00:00",,0.44999999,18.9,,
"SIND-030-PZ","06/26/10 00:00:00",,0.85000002,13.9,,
"SIND-030-PZ","07/23/10 00:00:00",,0.85000002,12.1,,
"SIND-031-PZ","06/26/10 00:00:00",,0.51999998,29.6,,
"SIND-031-PZ","07/28/10 00:00:00",,0.51999998,29.049999,,
"SIND-032-PZ","06/24/10 00:00:00",,0.51999998,19.85,,
"SIND-032-PZ","07/26/10 00:00:00",,0.51999998,18.1,,
"SIND-033-PZ","06/24/10 00:00:00",,0.64999998,27,,
"SIND-033-PZ","07/30/10 00:00:00",,0.64999998,27.5,,
"SIND-033-PZ","12/27/10 00:00:00","12/30/99 00:00:00",0.64999998,18.216999,"Data from DWLR","R"
"SIND-019-A-PZ","01/16/12 00:00:00",,0.30000001,15.8,,
"SIND-019-B-PZ","12/21/11 00:00:00",,0.60000002,12.9,,
"SIND-019-B-PZ","01/16/12 00:00:00",,0.60000002,14.356,,
"SIND-019-C-PZ","12/21/11 00:00:00",,0.60000002,13.1,,
"SIND-019-A-PZ","08/20/10 00:00:00",,0.30000001,11.8,,
"SIND-019-A-PZ","09/29/10 00:00:00",,4.8499999,4.8499999,,
"SIND-019-A-PZ","10/24/10 00:00:00",,0.30000001,7.3000002,,
"SIND-019-A-PZ","11/26/10 00:00:00",,0.30000001,9.3000002,,
"SIND-019-B-PZ","08/20/10 00:00:00",,0.60000002,11.35,,
"SIND-019-B-PZ","10/26/10 00:00:00",,0.60000002,7.3010001,,
"SIND-019-B-PZ","09/24/10 00:00:00",,0.60000002,4.5999999,,
"SIND-019-B-PZ","11/26/10 00:00:00",,0.60000002,,"NR",
"SIND-019-C-PZ","08/20/10 00:00:00",,0.60000002,0,"N R",
"SIND-019-C-PZ","10/26/10 00:00:00",,0.60000002,6.651,,
"SIND-019-C-PZ","09/24/10 00:00:00",,0.60000002,5.1500001,,
"SIND-019-C-PZ","11/26/10 00:00:00",,0.60000002,6.6500001,,
"SIND-020-PZ","08/22/10 00:00:00",,0.47999999,17.9,,
"SIND-020-PZ","09/25/10 00:00:00",,0.47999999,13.3,,
"SIND-020-PZ","10/26/10 00:00:00",,0.47999999,11.225,,
"SIND-020-PZ","11/29/10 00:00:00",,0.47999999,10.812,,
"SIND-021-PZ","08/22/10 00:00:00",,0.51999998,11.15,,
"SIND-021-PZ","10/29/10 00:00:00",,0.51999998,10.15,,
"SIND-021-PZ","09/25/10 00:00:00",,0.51999998,10.05,,
"SIND-021-PZ","11/24/10 00:00:00",,0.51999998,8.1499996,,
"SIND-022-PZ","08/19/10 00:00:00",,0.63,12.65,,
"SIND-022-PZ","10/24/10 00:00:00",,0.63,5.198,,
"SIND-022-PZ","09/25/10 00:00:00",,0.63,2.8,,
"SIND-022-PZ","11/26/10 00:00:00",,0.63,4.6350002,,
"SIND-023-PZ","08/19/10 00:00:00",,0.47,5.5999999,,
"SIND-023-PZ","09/22/10 00:00:00",,0.47,2.95,,
"SIND-023-PZ","10/26/10 00:00:00",,0.47,2.5,,
"SIND-023-PZ","11/16/10 00:00:00",,0.47,2.7279999,,
"SIND-024-PZ","08/30/10 00:00:00",,0.44999999,6.0999999,,
"SIND-024-PZ","09/23/10 00:00:00",,0.44999999,4.9000001,,
"SIND-024-PZ","10/23/10 00:00:00",,0.44999999,5.0500002,,
"SIND-024-PZ","11/24/10 00:00:00",,0.44999999,6.8499999,,
"SIND-025-PZ","08/25/10 00:00:00",,0.43000001,12.9,,
"SIND-025-PZ","09/23/10 00:00:00",,0.43000001,5.9000001,,
"SIND-025-PZ","10/28/10 00:00:00",,0.43000001,7.3720002,,
"SIND-035-PZ","08/18/10 00:00:00",,0.54000002,7.5999999,,
"SIND-035-PZ","09/28/10 00:00:00",,0.54000002,4.3000002,,
"SIND-035-PZ","10/20/10 00:00:00",,0.54000002,5.4000001,,
"SIND-035-PZ","11/24/10 00:00:00",,0.54000002,5.8499999,,
"SIND-036-PZ","08/25/10 00:00:00",,0.44999999,8.3500004,,
"SIND-036-PZ","09/26/10 00:00:00",,0.44999999,3.05,,
"SIND-036-PZ","10/27/10 00:00:00",,0.44999999,7.4840002,,
"SIND-036-PZ","11/29/10 00:00:00",,0.44999999,8.8800001,,
"SIND-037-PZ","08/25/10 00:00:00",,0.60000002,8.3000002,,
"SIND-037-PZ","09/26/10 00:00:00",,0.60000002,11.7,,
"SIND-037-PZ","10/27/10 00:00:00",,0.60000002,13.85,,
"SIND-037-PZ","11/29/10 00:00:00",,0.60000002,13.88,,
"SIND-040-PZ","08/19/10 00:00:00",,0.61000001,8.6000004,,
"SIND-040-PZ","09/22/10 00:00:00",,0.61000001,8.4499998,,
"SIND-040-PZ","10/26/10 00:00:00",,0.61000001,7.902,,
"SIND-040-PZ","11/27/10 00:00:00",,0.61000001,7.7179999,,
"SIND-008-PZ","08/27/10 00:00:00",,0.36000001,12.4,,
"SIND-008-PZ","09/30/10 00:00:00",,0.36000001,9.3000002,,
"SIND-008-PZ","10/23/10 00:00:00",,0.36000001,8.1850004,,
"SIND-008-PZ","11/23/10 00:00:00",,0.36000001,9.8000002,,
"SIND-009-PZ","08/27/10 00:00:00",,0.89999998,38.299999,,
"SIND-009-PZ","09/28/10 00:00:00",,0.89999998,33.799999,,
"SIND-009-PZ","10/28/10 00:00:00",,0.89999998,27.712,,
"SIND-009-PZ","11/24/10 00:00:00",,0.89999998,28.9,,
"SIND-010-PZ","08/27/10 00:00:00",,0.44999999,13.85,,
"SIND-010-PZ","09/28/10 00:00:00",,0.44999999,9.6000004,,
"SIND-010-PZ","10/28/10 00:00:00",,0.44999999,12,,
"SIND-010-PZ","11/24/10 00:00:00",,0.44999999,14.5,,
"SIND-011-PZ","08/26/10 00:00:00",,0.2,14.55,,
"SIND-011-PZ","09/29/10 00:00:00",,0.2,10.3,,
"SIND-011-PZ","10/23/10 00:00:00",,0.2,10.65,,
"SIND-011-PZ","11/23/10 00:00:00",,0.2,11.2,,
"SIND-012-PZ","08/28/10 00:00:00",,0.43000001,13.05,,
"SIND-012-PZ","09/30/10 00:00:00",,0.43000001,13.2,,
"SIND-012-PZ","10/27/10 00:00:00",,0.43000001,11.503,,
"SIND-012-PZ","11/22/10 00:00:00",,0.43000001,13.2,,
"SIND-013-PZ","08/29/10 00:00:00",,0.73000002,14.7,,
"SIND-013-PZ","09/27/10 00:00:00",,0.73000002,8.6999998,,
"SIND-013-PZ","10/28/10 00:00:00",,0.73000002,11.15,,
"SIND-013-PZ","11/22/10 00:00:00",,0.73000002,11.95,,
"SIND-014-PZ","08/29/10 00:00:00",,0.23999999,14.4,,
"SIND-014-PZ","10/28/10 00:00:00",,0.23999999,10.235,,
"SIND-014-PZ","11/21/10 00:00:00",,0.23999999,15.2,,
"SIND-014-PZ","09/26/10 00:00:00",,0.23999999,7.8000002,,
"SIND-015-PZ","08/26/10 00:00:00",,0.75,27.549999,,
"SIND-015-PZ","09/26/10 00:00:00",,0.75,13.05,,
"SIND-015-PZ","10/28/10 00:00:00",,0.75,12.6,,
"SIND-015-PZ","11/22/10 00:00:00",,0.75,12.65,,
"SIND-016-PZ","08/30/10 00:00:00",,0.60000002,23.35,,
"SIND-016-PZ","09/28/10 00:00:00",,0.60000002,18.4,,
"SIND-016-PZ","10/27/10 00:00:00",,0.60000002,14.5,,
"SIND-016-PZ","11/20/10 00:00:00",,0.60000002,14,,
"SIND-017-PZ","08/30/10 00:00:00",,0.75,20.15,,
"SIND-017-PZ","09/28/10 00:00:00",,0.75,17.6,,
"SIND-017-PZ","10/22/10 00:00:00",,0.75,17.9,,
"SIND-017-PZ","11/20/10 00:00:00",,0.75,17,,
"SIND-018-PZ","08/30/10 00:00:00",,0.47,15.3,,
"SIND-018-PZ","09/28/10 00:00:00",,0.47,14.1,,
"SIND-018-PZ","10/22/10 00:00:00",,0.47,14.3,,
"SIND-018-PZ","11/20/10 00:00:00",,0.47,13.2,,
"SIND-026-PZ","08/26/10 00:00:00",,0.34,11.95,,
"SIND-026-PZ","09/23/10 00:00:00",,0.34,5.9000001,,
"SIND-026-PZ","10/27/10 00:00:00",,0.34,2.6559999,,
"SIND-026-PZ","11/22/10 00:00:00",,0.34,2.3,,
"SIND-039-A-PZ","08/26/10 00:00:00",,0.60000002,36.099998,,
"SIND-039-A-PZ","09/29/10 00:00:00",,0.60000002,1.8,,
"SIND-039-A-PZ","10/23/10 00:00:00",,0.60000002,3.1500001,,
"SIND-039-A-PZ","11/25/10 00:00:00",,0.60000002,7.0500002,,
"SIND-039-B-PZ","08/26/10 00:00:00",,0.75,7.9000001,,
"SIND-039-B-PZ","09/29/10 00:00:00",,0.75,1.05,,
"SIND-039-B-PZ","10/23/10 00:00:00",,0.75,3.0999999,,
"SIND-039-B-PZ","11/25/10 00:00:00",,0.75,7.1500001,,
"SIND-002-PZ","08/28/10 00:00:00",,0.64999998,11.8,,
"SIND-002-PZ","09/20/10 00:00:00",,0.64999998,12.6,,
"SIND-002-PZ","10/20/10 00:00:00",,0.64999998,9.8500004,,
"SIND-002-PZ","11/25/10 00:00:00",,0.64999998,10.35,,
"SIND-003-PZ","08/28/10 00:00:00",,0.80000001,11.7,,
"SIND-003-PZ","09/20/10 00:00:00",,0.80000001,12.2,,
"SIND-003-PZ","10/20/10 00:00:00",,0.80000001,13,,
"SIND-003-PZ","11/25/10 00:00:00",,0.80000001,15,,
"SIND-004-A-PZ","08/30/10 00:00:00",,0.5,11.1,,
"SIND-004-A-PZ","09/22/10 00:00:00",,0.5,8.5,,
"SIND-004-A-PZ","10/23/10 00:00:00",,0.5,6.9000001,,
"SIND-004-A-PZ","11/29/10 00:00:00",,0.5,7.4000001,,
"SIND-004-B-PZ","08/30/10 00:00:00",,0.60000002,11.5,,
"SIND-004-B-PZ","10/23/10 00:00:00",,0.60000002,6.0500002,,
"SIND-004-B-PZ","11/19/10 00:00:00",,0.60000002,6.6999998,,
"SIND-004-B-PZ","09/22/10 00:00:00",,0.60000002,8.8000002,,
"SIND-004-C-PZ","08/30/10 00:00:00",,0.69999999,12.6,,
"SIND-004-C-PZ","09/22/10 00:00:00",,0.69999999,11.7,,
"SIND-004-C-PZ","10/23/10 00:00:00",,0.69999999,7.1500001,,
"SIND-004-C-PZ","11/29/10 00:00:00",,0.69999999,7.8000002,,
"SIND-005-PZ","08/23/10 00:00:00",,0.69999999,4.3499999,,
"SIND-005-PZ","09/24/10 00:00:00",,0.69999999,4.9499998,,
"SIND-005-PZ","10/27/10 00:00:00",,0.69999999,5.5,,
"SIND-005-PZ","11/23/10 00:00:00",,0.69999999,3.05,,
"SIND-028-PZ","08/25/10 00:00:00",,0.56,13.15,,
"SIND-028-PZ","09/25/10 00:00:00",,0.56,10.1,,
"SIND-028-PZ","10/28/10 00:00:00",,0.56,10.25,,
"SIND-028-PZ","11/23/10 00:00:00",,0.56,10.65,,
"SIND-029-PZ","08/30/10 00:00:00",,0.44999999,18.700001,,
"SIND-029-PZ","09/22/10 00:00:00",,0.44999999,19.200001,,
"SIND-029-PZ","10/23/10 00:00:00",,0.44999999,16.799999,,
"SIND-029-PZ","11/26/10 00:00:00",,0.44999999,17.5,,
"SIND-030-PZ","08/21/10 00:00:00",,0.85000002,6.0999999,,
"SIND-030-PZ","09/21/10 00:00:00",,0.85000002,3.95,,
"SIND-030-PZ","10/25/10 00:00:00",,0.85000002,3.8499999,,
"SIND-030-PZ","11/30/10 00:00:00",,0.85000002,4.0500002,,
"SIND-031-PZ","08/25/10 00:00:00",,0.51999998,12.2,,
"SIND-031-PZ","09/21/10 00:00:00",,0.51999998,2.8499999,,
"SIND-031-PZ","10/25/10 00:00:00",,0.51999998,5.3000002,,
"SIND-031-PZ","11/30/10 00:00:00",,0.51999998,5.8499999,,
"SIND-032-PZ","08/29/10 00:00:00",,0.51999998,17.75,,
"SIND-032-PZ","09/27/10 00:00:00",,0.51999998,16,,
"SIND-032-PZ","10/21/10 00:00:00",,0.51999998,14,,
"SIND-032-PZ","11/26/10 00:00:00",,0.51999998,13,,
"SIND-033-PZ","08/29/10 00:00:00",,0.64999998,8.1499996,,
"SIND-033-PZ","09/27/10 00:00:00",,0.64999998,8.3000002,,
"SIND-033-PZ","10/21/10 00:00:00",,0.64999998,17.1,,
"SIND-033-PZ","11/25/10 00:00:00",,0.64999998,18.1,,
"SIND-034-PZ","08/20/10 00:00:00",,0.41999999,,"N R",
"SIND-034-PZ","09/18/10 00:00:00",,0.41999999,,"N R",
"SIND-034-PZ","10/10/10 00:00:00",,0.41999999,,"N R",
"SIND-034-PZ","11/19/10 00:00:00",,0.41999999,,"defunked",
"SIND-019-A-PZ","12/23/10 00:00:00",,0.30000001,14.15,,
"SIND-019-B-PZ","12/23/10 00:00:00",,0.60000002,13.5,,
"SIND-019-C-PZ","12/23/10 00:00:00",,0.60000002,11.8,,
"SIND-020-PZ","12/23/10 00:00:00",,0.47999999,12.7,,
"SIND-021-PZ","12/23/10 00:00:00",,0.51999998,8.1999998,,
"SIND-022-PZ","12/23/10 00:00:00",,0.63,6.9499998,,
"SIND-023-PZ","12/27/10 00:00:00",,0.47,4.5,,
"SIND-024-PZ","12/24/10 00:00:00",,0.44999999,10.15,,
"SIND-025-PZ","12/25/10 00:00:00",,0.43000001,8.5,,
"SIND-027-PZ","12/27/10 00:00:00",,0.69999999,10.65,,
"SIND-035-PZ","12/25/10 00:00:00",,0.54000002,7.4499998,,
"SIND-036-PZ","12/24/10 00:00:00",,0.44999999,11.1,,
"SIND-037-PZ","12/25/10 00:00:00",,0.60000002,17.25,,
"SIND-040-PZ","12/25/10 00:00:00",,0.61000001,7.75,,
"SIND-008-PZ","12/25/10 00:00:00",,0.36000001,11.25,,
"SIND-009-PZ","12/27/10 00:00:00",,0.89999998,31.1,,
"SIND-010-PZ","12/27/10 00:00:00",,0.44999999,17,,
"SIND-011-PZ","12/25/10 00:00:00",,0.2,12.7,,
"SIND-012-PZ","12/24/10 00:00:00",,0.43000001,16.65,,
"SIND-013-PZ","12/24/10 00:00:00",,0.73000002,14.4,,
"SIND-014-PZ","12/25/10 00:00:00",,0.23999999,17.950001,,
"SIND-015-PZ","12/22/10 00:00:00",,0.75,14,,
"SIND-016-PZ","12/21/10 00:00:00",,0.60000002,17.6,,
"SIND-017-PZ","12/21/10 00:00:00",,0.75,18,,
"SIND-018-PZ","12/21/10 00:00:00",,0.47,,"NR",
"SIND-026-PZ","12/22/10 00:00:00",,0.34,5.8000002,,
"SIND-039-A-PZ","12/31/10 00:00:00",,0.60000002,10.1,,
"SIND-039-B-PZ","12/31/10 00:00:00",,0.75,9.8000002,,
"SIND-002-PZ","12/25/10 00:00:00",,0.64999998,12.3,,
"SIND-004-A-PZ","12/31/10 00:00:00",,0.5,10.1,,
"SIND-004-B-PZ","12/31/10 00:00:00",,0.60000002,9.8000002,,
"SIND-004-C-PZ","12/31/10 00:00:00",,0.69999999,9.6000004,,
"SIND-005-PZ","12/14/10 00:00:00",,0.69999999,3.5999999,,
"SIND-028-PZ","12/23/10 00:00:00",,0.56,13.6,,
"SIND-029-PZ","12/31/10 00:00:00",,0.44999999,18.200001,,
"SIND-030-PZ","12/23/10 00:00:00",,0.85000002,4.3000002,,
"SIND-031-PZ","12/23/10 00:00:00",,0.51999998,6,,
"SIND-032-PZ","12/23/10 00:00:00",,0.51999998,15,,
"SIND-019-A-PZ","01/23/11 00:00:00",,0.30000001,14.75,,
"SIND-019-B-PZ","01/23/11 00:00:00",,0.60000002,14.25,,
"SIND-019-C-PZ","01/23/11 00:00:00",,0.60000002,12.95,,
"SIND-020-PZ","01/30/11 00:00:00",,0.47999999,13.85,,
"SIND-021-PZ","01/27/11 00:00:00",,0.51999998,7.6500001,,
"SIND-022-PZ","01/27/11 00:00:00",,0.63,7.6500001,,
"SIND-023-PZ","01/25/11 00:00:00",,0.47,5.5999999,,
"SIND-024-PZ","01/27/11 00:00:00",,0.44999999,11.7,,
"SIND-025-PZ","01/24/11 00:00:00",,0.43000001,11.3,,
"SIND-027-PZ","01/25/11 00:00:00",,0.69999999,7.4499998,,
"SIND-035-PZ","01/24/11 00:00:00",,0.54000002,11.6,"defunked",
"SIND-036-PZ","01/21/11 00:00:00",,0.44999999,10.35,,
"SIND-037-PZ","01/31/11 00:00:00",,0.60000002,17.6,,
"SIND-040-PZ","01/25/11 00:00:00",,0.61000001,7.8499999,,
"SIND-008-PZ","01/25/11 00:00:00",,0.36000001,11.05,,
"SIND-009-PZ","01/27/11 00:00:00",,0.89999998,31.1,,
"SIND-010-PZ","01/27/11 00:00:00",,0.44999999,20,,
"SIND-011-PZ","01/25/11 00:00:00",,0.2,12.7,,
"SIND-012-PZ","01/24/11 00:00:00",,0.43000001,16.65,,
"SIND-013-PZ","01/21/11 00:00:00",,0.73000002,14.4,,
"SIND-014-PZ","01/25/11 00:00:00",,0.23999999,17.950001,,
"SIND-015-PZ","01/22/11 00:00:00",,0.75,16.299999,,
"SIND-016-PZ","01/21/11 00:00:00",,0.60000002,17.6,,
"SIND-017-PZ","01/21/11 00:00:00",,0.75,20.25,,
"SIND-018-PZ","01/21/11 00:00:00",,0.47,,,
"SIND-026-PZ","01/22/11 00:00:00",,0.34,6.4000001,,
"SIND-021-PZ","03/25/11 00:00:00",,0.51999998,,"defunked",
"SIND-039-A-PZ","01/31/11 00:00:00",,0.60000002,10.15,,
"SIND-039-B-PZ","01/31/11 00:00:00",,0.75,9.1999998,,
"SIND-002-PZ","01/27/11 00:00:00",,0.64999998,13.2,,
"SIND-003-PZ","01/25/11 00:00:00",,0.80000001,28.1,,
"SIND-004-A-PZ","01/30/11 00:00:00",,0.5,10.9,,
"SIND-004-B-PZ","01/30/11 00:00:00",,0.60000002,10.6,,
"SIND-005-PZ","01/29/11 00:00:00",,0.69999999,4.4000001,,
"SIND-028-PZ","01/27/11 00:00:00",,0.56,13.2,".",
"SIND-029-PZ","01/30/11 00:00:00",,0.44999999,19.1,,
"SIND-030-PZ","01/31/11 00:00:00",,0.85000002,5.8000002,,
"SIND-031-PZ","01/29/11 00:00:00",,0.51999998,12,,
"SIND-032-PZ","01/28/11 00:00:00",,0.51999998,17,,
"SIND-033-PZ","01/28/11 00:00:00",,0.64999998,19.4,,
"SIND-019-A-PZ","06/20/09 00:00:00",,0.30000001,24.1,,
"SIND-019-A-PZ","11/25/09 00:00:00",,0.30000001,13.7,,
"SIND-019-A-PZ","10/31/09 00:00:00",,0.30000001,13.8,,
"SIND-019-A-PZ","09/22/09 00:00:00",,0.30000001,13.55,,
"SIND-019-A-PZ","10/20/06 00:00:00",,0.30000001,10,,
"SIND-019-B-PZ","06/20/09 00:00:00",,0.60000002,29.200001,,
"SIND-019-B-PZ","11/25/09 00:00:00",,0.60000002,14.4,,
"SIND-019-B-PZ","10/31/09 00:00:00",,0.60000002,15.35,,
"SIND-019-B-PZ","08/20/09 00:00:00",,0.60000002,15.8,,
"SIND-019-B-PZ","09/22/09 00:00:00",,0.60000002,15.05,,
"SIND-019-C-PZ","06/20/09 00:00:00",,0.60000002,26.65,,
"SIND-019-C-PZ","11/25/09 00:00:00",,0.60000002,15.7,,
"SIND-019-C-PZ","10/31/09 00:00:00",,0.60000002,15.95,,
"SIND-019-C-PZ","09/20/09 00:00:00",,0.60000002,16.1,,
"SIND-020-PZ","06/19/09 00:00:00",,0.47999999,31.4,,
"SIND-020-PZ","11/22/09 00:00:00",,0.47999999,17.85,,
"SIND-020-PZ","10/20/09 00:00:00",,0.47999999,18.049999,,
"SIND-020-PZ","08/24/09 00:00:00",,0.47999999,20.15,,
"SIND-020-PZ","09/23/09 00:00:00",,0.47999999,17.85,,
"SIND-021-PZ","06/19/09 00:00:00",,0.51999998,15.05,,
"SIND-021-PZ","11/22/09 00:00:00",,0.51999998,8.8999996,,
"SIND-021-PZ","10/20/09 00:00:00",,0.51999998,9.5,,
"SIND-021-PZ","08/24/09 00:00:00",,0.51999998,11.15,,
"SIND-021-PZ","09/23/09 00:00:00",,0.51999998,9.3000002,,
"SIND-022-PZ","11/22/09 00:00:00",,0.63,3.8,,
"SIND-022-PZ","06/28/09 00:00:00",,0.63,25.450001,,
"SIND-022-PZ","10/21/09 00:00:00",,0.63,4.9499998,,
"SIND-023-PZ","06/24/09 00:00:00",,0.47,21,,
"SIND-023-PZ","11/24/09 00:00:00",,0.47,2.45,,
"SIND-023-PZ","10/22/09 00:00:00",,0.47,6.1999998,,
"SIND-023-PZ","08/17/09 00:00:00",,0.47,7.1999998,"20/9/09",
"SIND-023-PZ","09/20/09 00:00:00",,0.47,5.9000001,,
"SIND-024-PZ","08/19/09 00:00:00",,0.44999999,8.8500004,,
"SIND-024-PZ","10/22/09 00:00:00",,0.44999999,8.6499996,,
"SIND-024-PZ","11/24/09 00:00:00",,0.44999999,6.0999999,,
"SIND-024-PZ","06/24/09 00:00:00",,0.44999999,18.299999,,
"SIND-025-PZ","06/26/09 00:00:00",,0.43000001,19.450001,,
"SIND-025-PZ","11/28/09 00:00:00",,0.43000001,10.55,,
"SIND-025-PZ","10/26/09 00:00:00",,0.43000001,12.1,,
"SIND-025-PZ","08/31/09 00:00:00",,0.43000001,13.2,,
"SIND-025-PZ","09/19/09 00:00:00",,0.43000001,11.65,,
"SIND-025-PZ","11/20/10 00:00:00",,0.43000001,6,,
"SIND-027-PZ","09/27/09 00:00:00",,0.69999999,11.05,,
"SIND-027-PZ","08/27/09 00:00:00",,0.69999999,16.15,,
"SIND-027-PZ","10/24/09 00:00:00",,0.69999999,11.65,,
"SIND-027-PZ","11/26/09 00:00:00",,0.69999999,11.3,,
"SIND-027-PZ","06/21/09 00:00:00",,0.69999999,20.549999,,
"SIND-027-PZ","08/23/10 00:00:00",,0.69999999,13.4,,
"SIND-027-PZ","09/30/10 00:00:00",,0.69999999,8.6999998,,
"SIND-027-PZ","10/26/10 00:00:00",,0.69999999,10.65,,
"SIND-027-PZ","11/22/10 00:00:00",,0.69999999,9.9499998,,
"SIND-035-PZ","06/20/09 00:00:00",,0.54000002,,"N R",
"SIND-035-PZ","11/28/09 00:00:00",,0.54000002,5.9000001,,
"SIND-035-PZ","10/25/09 00:00:00",,0.54000002,6.0999999,,
"SIND-035-PZ","09/19/09 00:00:00",,0.54000002,5.8499999,,
"SIND-036-PZ","06/18/09 00:00:00",,0.44999999,14.35,,
"SIND-036-PZ","11/23/09 00:00:00",,0.44999999,6.5,,
"SIND-036-PZ","10/21/09 00:00:00",,0.44999999,6.0500002,,
"SIND-036-PZ","08/22/09 00:00:00",,0.44999999,10.6,,
"SIND-036-PZ","09/24/09 00:00:00",,0.44999999,5.75,,
"SIND-037-PZ","09/23/09 00:00:00",,0.60000002,3.75,,
"SIND-037-PZ","08/25/09 00:00:00",,0.60000002,16.1,,
"SIND-037-PZ","10/20/09 00:00:00",,0.60000002,4.0500002,,
"SIND-037-PZ","11/22/09 00:00:00",,0.60000002,2.5,,
"SIND-037-PZ","06/19/09 00:00:00",,0.60000002,24.65,,
"SIND-040-PZ","06/24/09 00:00:00",,0.61000001,12.35,,
"SIND-040-PZ","11/24/09 00:00:00",,0.61000001,6,,
"SIND-040-PZ","10/22/09 00:00:00",,0.61000001,9.4499998,,
"SIND-040-PZ","08/17/09 00:00:00",,0.61000001,9.5500002,,
"SIND-040-PZ","09/20/09 00:00:00",,0.61000001,9.3500004,,
"SIND-008-PZ","09/25/09 00:00:00",,0.36000001,11.3,,
"SIND-008-PZ","08/22/09 00:00:00",,0.36000001,13.7,,
"SIND-008-PZ","10/23/09 00:00:00",,0.36000001,11.75,,
"SIND-008-PZ","11/20/09 00:00:00",,0.36000001,11.65,,
"SIND-008-PZ","06/29/09 00:00:00",,0.36000001,15.7,,
"SIND-009-PZ","06/23/09 00:00:00",,0.89999998,38.900002,,
"SIND-009-PZ","11/20/09 00:00:00",,0.89999998,20.35,,
"SIND-009-PZ","10/23/09 00:00:00",,0.89999998,21.15,,
"SIND-009-PZ","08/24/09 00:00:00",,0.89999998,31.35,,
"SIND-009-PZ","09/25/09 00:00:00",,0.89999998,20.700001,,
"SIND-010-PZ","09/25/09 00:00:00",,0.44999999,8.0500002,,
"SIND-010-PZ","08/24/09 00:00:00",,0.44999999,11.2,,
"SIND-010-PZ","10/23/09 00:00:00",,0.44999999,8.6999998,,
"SIND-010-PZ","11/20/09 00:00:00",,0.44999999,7.5500002,,
"SIND-010-PZ","06/23/09 00:00:00",,0.44999999,22.049999,,
"SIND-011-PZ","06/24/09 00:00:00",,0.2,23.299999,,
"SIND-011-PZ","11/24/09 00:00:00",,0.2,5.6999998,,
"SIND-011-PZ","10/24/09 00:00:00",,0.2,6.0999999,,
"SIND-011-PZ","08/20/09 00:00:00",,0.2,15.8,,
"SIND-011-PZ","09/26/09 00:00:00",,0.2,5.8000002,,
"SIND-012-PZ","09/24/09 00:00:00",,0.43000001,17.9,,
"SIND-012-PZ","08/22/09 00:00:00",,0.43000001,21.700001,,
"SIND-012-PZ","10/24/09 00:00:00",,0.43000001,18.35,,
"SIND-012-PZ","11/24/09 00:00:00",,0.43000001,17.950001,,
"SIND-012-PZ","06/29/09 00:00:00",,0.43000001,26.75,,
"SIND-013-PZ","06/30/09 00:00:00",,0.73000002,27.700001,,
"SIND-013-PZ","11/25/09 00:00:00",,0.73000002,18.700001,,
"SIND-013-PZ","10/28/09 00:00:00",,0.73000002,19.4,,
"SIND-013-PZ","08/19/09 00:00:00",,0.73000002,20.35,,
"SIND-013-PZ","09/23/09 00:00:00",,0.73000002,19.1,,
"SIND-014-PZ","09/23/09 00:00:00",,0.23999999,19.799999,,
"SIND-014-PZ","08/19/09 00:00:00",,0.23999999,21.049999,,
"SIND-014-PZ","10/26/09 00:00:00",,0.23999999,19.6,,
"SIND-014-PZ","11/25/09 00:00:00",,0.23999999,19.450001,,
"SIND-014-PZ","06/30/09 00:00:00",,0.23999999,26.65,,
"SIND-015-PZ","06/25/09 00:00:00",,0.75,30.65,,
"SIND-015-PZ","11/25/09 00:00:00",,0.75,23.200001,,
"SIND-015-PZ","10/26/09 00:00:00",,0.75,26.85,,
"SIND-015-PZ","08/18/09 00:00:00",,0.75,25.1,,
"SIND-015-PZ","09/22/09 00:00:00",,0.75,24.9,,
"SIND-015-PZ","09/20/08 00:00:00",,0.75,21,,
"SIND-016-PZ","09/30/09 00:00:00",,0.60000002,18.65,,
"SIND-016-PZ","08/26/09 00:00:00",,0.60000002,24.6,,
"SIND-016-PZ","11/19/09 00:00:00",,0.60000002,18.75,,
"SIND-016-PZ","06/27/09 00:00:00",,0.60000002,30.35,,
"SIND-017-PZ","10/26/09 00:00:00",,0.75,16.65,,
"SIND-017-PZ","11/19/09 00:00:00",,0.75,16.1,,
"SIND-017-PZ","06/27/09 00:00:00",,0.75,31.6,,
"SIND-017-PZ","09/30/09 00:00:00",,0.75,16.35,,
"SIND-018-PZ","09/30/09 00:00:00",,0.47,10.2,,
"SIND-018-PZ","08/27/09 00:00:00",,0.47,,"N R",
"SIND-018-PZ","10/26/09 00:00:00",,0.47,10.56,,
"SIND-018-PZ","11/19/09 00:00:00",,0.47,9.3000002,,
"SIND-018-PZ","06/27/09 00:00:00",,0.47,,"N R",
"SIND-026-PZ","06/25/09 00:00:00",,0.34,16.049999,,
"SIND-026-PZ","11/25/09 00:00:00",,0.34,6,,
"SIND-026-PZ","10/28/09 00:00:00",,0.34,8.8000002,,
"SIND-026-PZ","08/18/09 00:00:00",,0.34,11.05,,
"SIND-026-PZ","09/22/09 00:00:00",,0.34,10,,
"SIND-039-A-PZ","09/26/09 00:00:00",,0.60000002,5.0999999,,
"SIND-039-A-PZ","08/20/09 00:00:00",,0.60000002,37.650002,,
"SIND-039-A-PZ","10/24/09 00:00:00",,0.60000002,5.8000002,,
"SIND-039-A-PZ","11/24/09 00:00:00",,0.60000002,3.5999999,,
"SIND-039-A-PZ","06/24/09 00:00:00",,0.60000002,46.150002,,
"SIND-039-B-PZ","06/24/09 00:00:00",,0.75,24.299999,,
"SIND-039-B-PZ","11/24/09 00:00:00",,0.75,2.9000001,,
"SIND-039-B-PZ","10/24/09 00:00:00",,0.75,4.5999999,,
"SIND-039-B-PZ","08/20/09 00:00:00",,0.75,11.15,,
"SIND-039-B-PZ","09/26/09 00:00:00",,0.75,4.3499999,,
"SIND-002-PZ","09/24/09 00:00:00",,0.64999998,11.3,,
"SIND-002-PZ","08/17/09 00:00:00",,0.64999998,11.7,,
"SIND-002-PZ","10/24/09 00:00:00",,0.64999998,11.9,,
"SIND-002-PZ","11/20/09 00:00:00",,0.64999998,11.35,,
"SIND-002-PZ","06/24/09 00:00:00",,0.64999998,15.9,,
"SIND-003-PZ","06/30/09 00:00:00",,0.80000001,30.049999,,
"SIND-003-PZ","11/20/09 00:00:00",,0.80000001,13.15,,
"SIND-003-PZ","10/24/09 00:00:00",,0.80000001,14.05,,
"SIND-003-PZ","09/24/09 00:00:00",,0.80000001,13.7,,
"SIND-004-A-PZ","09/15/09 00:00:00",,0.5,9.8500004,,
"SIND-004-A-PZ","10/23/09 00:00:00",,0.5,10.1,,
"SIND-004-A-PZ","11/30/09 00:00:00",,0.5,8.8999996,,
"SIND-004-A-PZ","06/27/09 00:00:00",,0.5,17.950001,,
"SIND-004-B-PZ","06/27/09 00:00:00",,0.60000002,43.400002,,
"SIND-004-B-PZ","11/30/09 00:00:00",,0.60000002,9.0500002,,
"SIND-004-B-PZ","10/23/09 00:00:00",,0.60000002,10.35,,
"SIND-004-B-PZ","09/15/09 00:00:00",,0.60000002,10,,
"SIND-004-B-PZ","08/20/06 00:00:00",,0.60000002,16,,
"SIND-004-C-PZ","09/15/09 00:00:00",,0.69999999,9.6000004,,
"SIND-004-C-PZ","10/23/09 00:00:00",,0.69999999,9.8999996,,
"SIND-004-C-PZ","11/30/09 00:00:00",,0.69999999,8.9499998,,
"SIND-004-C-PZ","06/27/09 00:00:00",,0.69999999,25.9,,
"SIND-005-PZ","06/19/09 00:00:00",,0.69999999,11.25,,
"SIND-005-PZ","11/29/09 00:00:00",,0.69999999,2.8,,
"SIND-005-PZ","10/28/09 00:00:00",,0.69999999,3.7,,
"SIND-008-PZ","02/22/11 00:00:00",,0.36000001,12.25,,
"SIND-009-PZ","02/23/11 00:00:00",,0.89999998,34.400002,,
"SIND-010-PZ","02/23/11 00:00:00",,0.44999999,22,,
"SIND-011-PZ","02/22/11 00:00:00",,0.2,15.5,,
"SIND-012-PZ","02/22/11 00:00:00",,0.43000001,17.700001,,
"SIND-013-PZ","02/25/11 00:00:00",,0.73000002,18.950001,,
"SIND-014-PZ","02/22/11 00:00:00",,0.23999999,18.950001,,
"SIND-015-PZ","02/22/11 00:00:00",,0.75,21.25,,
"SIND-016-PZ","02/20/11 00:00:00",,0.60000002,20.35,,
"SIND-017-PZ","02/20/11 00:00:00",,0.75,21.9,,
"SIND-026-PZ","02/22/11 00:00:00",,0.34,7.8499999,,
"SIND-039-A-PZ","02/26/11 00:00:00",,0.60000002,20.9,,
"SIND-039-B-PZ","02/22/11 00:00:00",,0.75,11.65,,
"SIND-004-C-PZ","02/28/11 00:00:00",,0.69999999,12.8,,
"SIND-005-PZ","02/21/11 00:00:00",,0.69999999,6.9000001,,
"SIND-028-PZ","02/22/11 00:00:00",,0.56,16.15,,
"SIND-029-PZ","02/27/11 00:00:00",,0.44999999,19.200001,,
"SIND-030-PZ","02/02/11 00:00:00",,0.85000002,8.6000004,,
"SIND-031-PZ","02/22/11 00:00:00",,0.51999998,15,,
"SIND-032-PZ","02/27/11 00:00:00",,0.51999998,18,,
"SIND-033-PZ","02/27/11 00:00:00",,0.64999998,21.4,,
"SIND-019-A-PZ","03/23/11 00:00:00",,0.30000001,17.049999,,
"SIND-019-B-PZ","03/23/11 00:00:00",,0.60000002,16.799999,,
"SIND-019-C-PZ","03/23/11 00:00:00",,0.60000002,19.549999,,
"SIND-020-PZ","03/23/11 00:00:00",,0.47999999,18.700001,,
"SIND-022-PZ","03/25/11 00:00:00",,0.63,21.85,,
"SIND-023-PZ","03/25/11 00:00:00",,,11.65,,
"SIND-024-PZ","03/26/11 00:00:00",,0.44999999,18.5,,
"SIND-025-PZ","03/22/11 00:00:00",,0.43000001,13.9,,
"SIND-027-PZ","03/21/11 00:00:00",,0.69999999,18.450001,,
"SIND-036-PZ","03/27/11 00:00:00",,0.44999999,13.25,,
"SIND-037-PZ","03/23/11 00:00:00",,0.60000002,22.65,,
"SIND-040-PZ","03/26/11 00:00:00",,0.61000001,9,,
"SIND-008-PZ","03/22/11 00:00:00",,0.36000001,13.65,,
"SIND-009-PZ","03/23/11 00:00:00",,0.89999998,38.75,,
"SIND-010-PZ","03/23/11 00:00:00",,0.44999999,24,,
"SIND-011-PZ","03/23/11 00:00:00",,0.2,16.4,,
"SIND-012-PZ","03/21/11 00:00:00",,0.43000001,19.299999,,
"SIND-013-PZ","03/22/11 00:00:00",,0.73000002,21.700001,,
"SIND-014-PZ","03/22/11 00:00:00",,0.23999999,21.700001,,
"SIND-015-PZ","03/23/11 00:00:00",,0.75,24.9,,
"SIND-016-PZ","03/21/11 00:00:00",,0.60000002,22.049999,,
"SIND-019-A-PZ","07/21/11 00:00:00",,0.30000001,16.85,,
"SIND-019-B-PZ","07/25/11 00:00:00",,0.60000002,16.65,,
"SIND-019-C-PZ","07/15/11 00:00:00",,0.60000002,19.1,,
"SIND-017-PZ","03/21/11 00:00:00",,0.75,23.799999,,
"SIND-026-PZ","03/23/11 00:00:00",,0.34,9.5500002,,
"SIND-039-A-PZ","03/23/11 00:00:00",,0.60000002,34.700001,,
"SIND-039-B-PZ","03/23/11 00:00:00",,0.75,13.21,,
"SIND-002-PZ","03/28/11 00:00:00",,0.64999998,13.7,,
"SIND-004-A-PZ","03/23/11 00:00:00",,0.5,13.9,,
"SIND-003-PZ","03/02/11 00:00:00",,0.80000001,28.700001,,
"SIND-004-B-PZ","03/31/11 00:00:00",,0.60000002,14.55,,
"SIND-004-C-PZ","03/25/11 00:00:00",,0.69999999,14.25,,
"SIND-005-PZ","03/22/11 00:00:00",,0.69999999,8.0500002,,
"SIND-028-PZ","03/23/11 00:00:00",,0.56,17.6,,
"SIND-029-PZ","03/31/11 00:00:00",,0.44999999,19.4,,
"SIND-030-PZ","03/30/11 00:00:00",,0.85000002,9.1000004,,
"SIND-031-PZ","03/25/11 00:00:00",,0.51999998,18,,
"SIND-032-PZ","03/29/11 00:00:00",,0.51999998,18.5,,
"SIND-019-A-PZ","04/26/11 00:00:00",,0.30000001,17.6,,
"SIND-019-B-PZ","04/26/11 00:00:00",,0.60000002,17.559,,
"SIND-019-C-PZ","04/25/11 00:00:00",,0.60000002,21.997999,,
"SIND-020-PZ","04/26/11 00:00:00",,0.47999999,19.292,,
"SIND-022-PZ","04/26/11 00:00:00",,0.63,27.334999,,
"SIND-023-PZ","04/26/11 00:00:00",,0.47,13.25,,
"SIND-024-PZ","04/28/11 00:00:00",,0.44999999,20.5,,
"SIND-025-PZ","04/26/11 00:00:00",,0.43000001,16.299999,,
"SIND-027-PZ","04/21/11 00:00:00",,0.69999999,19.299999,,
"SIND-036-PZ","04/28/11 00:00:00",,0.44999999,13.976,,
"SIND-037-PZ","04/24/11 00:00:00",,0.60000002,24.360001,,
"SIND-040-PZ","04/26/11 00:00:00",,0.61000001,10,,
"SIND-008-PZ","04/25/11 00:00:00",,0.36000001,14.225,,
"SIND-009-PZ","04/28/11 00:00:00",,0.89999998,35.986,,
"SIND-010-PZ","04/28/11 00:00:00",,0.44999999,25,,
"SIND-011-PZ","04/26/11 00:00:00",,0.2,17.299999,,
"SIND-012-PZ","04/28/11 00:00:00",,0.43000001,20.542999,,
"SIND-013-PZ","04/29/11 00:00:00",,0.73000002,25.9,,
"SIND-014-PZ","04/25/11 00:00:00",,0.23999999,23.434999,,
"SIND-015-PZ","04/26/11 00:00:00",,0.75,25,,
"SIND-016-PZ","04/22/11 00:00:00",,0.60000002,25.881001,,
"SIND-017-PZ","04/29/11 00:00:00",,0.75,25.299999,,
"SIND-026-PZ","04/28/11 00:00:00",,0.34,11.399,,
"SIND-039-A-PZ","04/28/11 00:00:00",,0.60000002,36.849998,,
"SIND-039-B-PZ","04/25/11 00:00:00",,0.75,14.1,,
"SIND-002-PZ","04/28/11 00:00:00",,0.64999998,13.947,,
"SIND-003-PZ","04/25/11 00:00:00",,0.80000001,28.799999,,
"SIND-020-PZ","07/26/11 00:00:00",,0.47999999,19.1,,
"SIND-022-PZ","07/23/11 00:00:00",,0.63,23.700001,,
"SIND-023-PZ","07/20/11 00:00:00",,0.47,11.55,,
"SIND-004-A-PZ","04/27/11 00:00:00",,0.5,14.25,,
"SIND-004-B-PZ","04/28/11 00:00:00",,0.60000002,15.7,,
"SIND-004-C-PZ","04/25/11 00:00:00",,0.69999999,15.05,,
"SIND-005-PZ","04/30/11 00:00:00",,0.69999999,9.3000002,,
"SIND-028-PZ","04/24/11 00:00:00",,0.56,18.926001,,
"SIND-029-PZ","04/26/11 00:00:00",,0.44999999,19.75,,
"SIND-030-PZ","04/28/11 00:00:00",,0.85000002,9.6000004,,
"SIND-031-PZ","04/27/11 00:00:00",,0.51999998,20,,
"SIND-032-PZ","04/27/11 00:00:00",,0.51999998,19.75,,
"SIND-033-PZ","04/27/11 00:00:00",,0.64999998,23.200001,,
"SIND-019-A-PZ","05/24/11 00:00:00",,0.30000001,18.1,,
"SIND-019-B-PZ","05/24/11 00:00:00",,0.60000002,17.950001,,
"SIND-019-C-PZ","05/24/11 00:00:00",,0.60000002,22.4,,
"SIND-020-PZ","05/29/11 00:00:00",,0.47999999,19.85,,
"SIND-022-PZ","05/24/11 00:00:00",,0.63,28.35,,
"SIND-023-PZ","05/20/11 00:00:00",,0.47,13.65,,
"SIND-024-PZ","05/22/11 00:00:00",,0.44999999,20.85,,
"SIND-025-PZ","05/20/11 00:00:00",,0.43000001,16.6,,
"SIND-027-PZ","05/25/11 00:00:00",,0.69999999,19.450001,,
"SIND-036-PZ","05/28/11 00:00:00",,0.44999999,14.05,,
"SIND-037-PZ","05/28/11 00:00:00",,0.60000002,24.15,,
"SIND-040-PZ","05/20/11 00:00:00",,0.61000001,11,,
"SIND-008-PZ","05/24/11 00:00:00",,0.36000001,14.8,,
"SIND-009-PZ","05/24/11 00:00:00",,0.89999998,36.549999,,
"SIND-010-PZ","05/25/11 00:00:00",,0.44999999,26,,
"SIND-011-PZ","05/25/11 00:00:00",,0.2,18.75,,
"SIND-012-PZ","05/23/11 00:00:00",,0.43000001,21.200001,,
"SIND-013-PZ","05/21/11 00:00:00",,0.73000002,27.700001,,
"SIND-014-PZ","05/21/11 00:00:00",,0.23999999,23.700001,,
"SIND-015-PZ","05/22/11 00:00:00",,0.75,26,,
"SIND-016-PZ","05/23/11 00:00:00",,0.60000002,26.549999,,
"SIND-017-PZ","05/23/11 00:00:00",,0.75,25.700001,,
"SIND-026-PZ","05/22/11 00:00:00",,0.34,11.6,,
"SIND-039-A-PZ","05/25/11 00:00:00",,0.60000002,37.900002,,
"SIND-039-B-PZ","05/25/11 00:00:00",,0.75,16.200001,,
"SIND-002-PZ","05/21/11 00:00:00",,0.64999998,15.1,,
"SIND-003-PZ","05/21/11 00:00:00",,0.80000001,28.85,,
"SIND-004-A-PZ","05/24/11 00:00:00",,0.5,14.6,,
"SIND-004-B-PZ","05/24/11 00:00:00",,0.60000002,16.4,,
"SIND-004-C-PZ","05/25/11 00:00:00",,0.69999999,16.549999,,
"SIND-005-PZ","05/25/11 00:00:00",,0.69999999,11.5,,
"SIND-028-PZ","05/26/11 00:00:00",,0.56,20.299999,,
"SIND-029-PZ","05/24/11 00:00:00",,0.44999999,20.700001,,
"SIND-024-PZ","07/22/11 00:00:00",,0.44999999,18.799999,,
"SIND-025-PZ","07/20/11 00:00:00",,0.43000001,15.2,,
"SIND-030-PZ","05/27/11 00:00:00",,0.85000002,10.2,,
"SIND-031-PZ","05/23/11 00:00:00",,0.51999998,25,,
"SIND-032-PZ","05/25/11 00:00:00",,0.51999998,20.299999,,
"SIND-033-PZ","05/23/11 00:00:00",,0.64999998,23.9,,
"SIND-019-A-PZ","06/26/11 00:00:00",,0.30000001,17.5,,
"SIND-019-B-PZ","06/21/11 00:00:00",,0.60000002,17.358999,,
"SIND-019-C-PZ","06/21/11 00:00:00",,0.60000002,21.902,,
"SIND-020-PZ","06/29/11 00:00:00",,0.47999999,20.6,,
"SIND-022-PZ","06/20/11 00:00:00",,0.63,28.700001,,
"SIND-023-PZ","06/26/11 00:00:00",,0.47,13.95,,
"SIND-024-PZ","06/22/11 00:00:00",,0.44999999,21.549999,,
"SIND-025-PZ","06/20/11 00:00:00",,0.43000001,17.1,,
"SIND-027-PZ","06/20/11 00:00:00",,0.69999999,19.85,,
"SIND-035-NEW","06/20/11 00:00:00",,0.69999999,13.05,,
"SIND-035-NEW","02/23/11 00:00:00",,,7.1999998,,
"SIND-035-NEW","03/23/11 00:00:00",,0.69999999,9.8000002,,
"SIND-035-NEW","04/12/11 00:00:00",,0.69999999,12.45,,
"SIND-035-NEW","05/25/11 00:00:00",,0.69999999,12.8,,
"SIND-036-PZ","06/27/11 00:00:00",,0.44999999,14.15,,
"SIND-037-PZ","06/28/11 00:00:00",,0.60000002,24.65,,
"SIND-040-PZ","06/20/11 00:00:00",,0.61000001,10.8,,
"SIND-PTW 38-PZ","06/20/11 00:00:00",,0.80000001,21.799999,,
"SIND-PTW-21-NEW","06/29/11 00:00:00",,1,14.1,,
"SIND-PTW-21-NEW","04/23/11 00:00:00",,1,13.55,,
"SIND-PTW-21-NEW","05/25/11 00:00:00",,1,13.85,,
"SIND-06-PTW","06/30/11 00:00:00",,0.60000002,13.2,,
"SIND-PTW-07","06/30/11 00:00:00",,0.55000001,32.450001,,
"SIND-008-PZ","06/21/11 00:00:00",,0.36000001,14.585,,
"SIND-009-PZ","06/21/11 00:00:00",,0.89999998,41.349998,,
"SIND-010-PZ","06/25/11 00:00:00",,0.44999999,27,,
"SIND-011-PZ","06/25/11 00:00:00",,0.2,19.1,,
"SIND-012-PZ","06/23/11 00:00:00",,0.43000001,21.6,,
"SIND-013-PZ","06/21/11 00:00:00",,0.73000002,27.35,,
"SIND-014-PZ","06/21/11 00:00:00",,0.23999999,23.950001,"95",
"SIND-015-PZ","06/21/11 00:00:00",,0.75,28.159,,
"SIND-016-PZ","06/21/11 00:00:00",,0.60000002,27.700001,,
"SIND-017-PZ","06/23/11 00:00:00",,0.75,26.15,,
"SIND-018-PZ","06/23/11 00:00:00",,0.47,,"well colaps",
"SIND-026-PZ","06/22/11 00:00:00",,0.34,11.95,,
"SIND-039-A-PZ","06/25/11 00:00:00",,0.60000002,43.700001,,
"SIND-039-B-PZ","06/25/11 00:00:00",,0.75,14.65,,
"SIND-PTW-18","06/23/11 00:00:00",,0.89999998,42.549999,,
"SIND-002-PZ","06/21/11 00:00:00",,0.64999998,15.35,,
"SIND-003-PZ","06/21/11 00:00:00",,0.80000001,28.9,,
"SIND-027-PZ","07/25/11 00:00:00",,0.69999999,17.4,,
"SIND-004-A-PZ","06/24/11 00:00:00",,0.5,14.8,,
"SIND-004-B-PZ","06/24/11 00:00:00",,0.60000002,16.700001,,
"SIND-004-C-PZ","06/24/11 00:00:00",,0.69999999,16.9,,
"SIND-005-PZ","06/25/11 00:00:00",,0.69999999,11.65,,
"SIND-028-PZ","06/26/11 00:00:00",,0.56,20.6,,
"SIND-029-PZ","06/24/11 00:00:00",,0.44999999,20.75,,
"SIND-030-PZ","06/27/11 00:00:00",,0.85000002,10.6,,
"SIND-031-PZ","06/26/11 00:00:00",,0.51999998,29.15,,
"SIND-032-PZ","06/21/11 00:00:00",,0.51999998,19.76,,
"SIND-033-PZ","06/21/11 00:00:00",,0.64999998,23.899,,
"SIND-34-PTW-NEW","06/23/11 00:00:00",,1,35.099998,,
"SIND-PTW-01 NEW","12/21/18 00:00:00",,0.69999999,27.549999,,
"SIND-PTW 38-PZ","04/20/11 00:00:00",,0.80000001,20.5,,
"SIND-06-PTW","04/20/11 00:00:00",,0.60000002,12.4,,
"SIND-PTW-07","04/28/11 00:00:00",,0.55000001,31.049999,,
"SIND-PTW-18","04/29/11 00:00:00",,0.89999998,41.799999,,
"SIND-34-PTW-NEW","03/29/19 00:00:00",,1,34.5,,
"SIND-PTW-01 NEW","08/29/17 00:00:00",,0.69999999,26.85,,
"SIND-PTW 38-PZ","05/20/11 00:00:00",,0.80000001,21.200001,,
"SIND-06-PTW","05/30/11 00:00:00",,0.60000002,12.8,,
"SIND-PTW-07","05/20/11 00:00:00",,0.55000001,31.65,,
"SIND-PTW-18","05/23/11 00:00:00",,0.89999998,42.299999,,
"SIND-34-PTW-NEW","05/23/11 00:00:00",,1,34.799999,,
"SIND-PTW-01 NEW","02/21/18 00:00:00",,0.69999999,27.299999,,
"SIND-035-NEW","07/20/11 00:00:00",,0.69999999,12.3,,
"SIND-036-PZ","07/24/11 00:00:00",,0.44999999,13.9,,
"SIND-037-PZ","07/25/11 00:00:00",,0.60000002,20.4,,
"SIND-040-PZ","07/20/11 00:00:00",,0.61000001,7.75,,
"SIND-PTW 38-PZ","07/20/11 00:00:00",,0.80000001,19.5,,
"SIND-PTW-21-NEW","07/26/11 00:00:00",,1,12.65,,
"SIND-06-PTW","07/30/11 00:00:00",,0.60000002,11.85,,
"SIND-PTW-07","07/30/11 00:00:00",,0.55000001,28.15,,
"SIND-008-PZ","07/25/11 00:00:00",,0.36000001,13.8,,
"SIND-009-PZ","07/21/11 00:00:00",,0.89999998,31.6,,
"SIND-010-PZ","07/25/11 00:00:00",,0.44999999,15.2,,
"SIND-011-PZ","07/25/11 00:00:00",,0.2,15.75,,
"SIND-012-PZ","07/23/11 00:00:00",,0.43000001,20.5,,
"SIND-013-PZ","07/21/11 00:00:00",,0.73000002,22.4,,
"SIND-014-PZ","07/21/11 00:00:00",,0.23999999,21.799999,,
"SIND-015-PZ","07/21/11 00:00:00",,0.75,25.6,,
"SIND-016-PZ","07/21/11 00:00:00",,0.60000002,25.200001,,
"SIND-017-PZ","07/23/11 00:00:00",,0.75,24.9,,
"SIND-026-PZ","07/22/11 00:00:00",,0.34,8.9499998,,
"SIND-039-A-PZ","07/25/11 00:00:00",,0.60000002,39.400002,,
"SIND-039-B-PZ","07/25/11 00:00:00",,0.75,12.6,,
"SIND-002-PZ","07/25/11 00:00:00",,0.64999998,13.1,,
"SIND-003-PZ","07/21/11 00:00:00",,0.80000001,26.4,,
"SIND-004-A-PZ","07/24/11 00:00:00",,0.5,12.5,,
"SIND-004-B-PZ","07/24/11 00:00:00",,0.60000002,8.6000004,,
"SIND-004-C-PZ","07/24/11 00:00:00",,0.69999999,14.4,,
"SIND-005-PZ","07/25/11 00:00:00",,0.69999999,10.7,,
"SIND-028-PZ","07/26/11 00:00:00",,0.56,18.1,,
"SIND-029-PZ","07/24/11 00:00:00",,0.44999999,18.200001,,
"SIND-030-PZ","07/27/11 00:00:00",,0.85000002,9.3000002,,
"SIND-031-PZ","07/25/11 00:00:00",,0.51999998,28.1,,
"SIND-032-PZ","07/20/11 00:00:00",,0.51999998,18.299999,,
"SIND-033-PZ","07/23/11 00:00:00",,0.64999998,17.9,,
"SIND-34-PTW-NEW","07/27/11 00:00:00",,1,30.6,,
"SIND-PTW-01 NEW","09/21/19 00:00:00",,0.69999999,26.5,,
"SIND-019-A-PZ","08/11/11 00:00:00",,0.30000001,8.1499996,,
"SIND-019-B-PZ","08/21/11 00:00:00",,,7.8499999,,
"SIND-019-C-PZ","08/21/11 00:00:00",,0.60000002,9.8000002,,
"SIND-020-PZ","08/11/11 00:00:00",,0.47999999,12.792,,
"SIND-022-PZ","08/11/11 00:00:00",,0.63,4.46,,
"SIND-023-PZ","08/20/11 00:00:00",,0.47,2.9000001,,
"SIND-024-PZ","08/22/11 00:00:00",,0.44999999,13.05,,
"SIND-025-PZ","08/11/11 00:00:00",,0.43000001,6.73,,
"SIND-027-PZ","08/25/11 00:00:00",,0.69999999,4.5,,
"SIND-035-NEW","08/20/11 00:00:00",,0.69999999,3.75,,
"SIND-036-PZ","08/11/11 00:00:00",,0.44999999,4.8400002,,
"SIND-037-PZ","08/11/11 00:00:00",,0.60000002,3.75,,
"SIND-040-PZ","08/20/11 00:00:00",,0.61000001,8.25,,
"SIND-PTW-21-NEW","08/26/11 00:00:00",,1,5.0500002,,
"SIND-06-PTW","08/30/11 00:00:00",,0.60000002,1.9,,
"SIND-PTW-07","08/30/11 00:00:00",,0.55000001,1.65,,
"SIND-008-PZ","08/12/11 00:00:00",,0.36000001,8.3280001,,
"SIND-009-PZ","08/12/11 00:00:00",,0.89999998,26.559,,
"SIND-010-PZ","08/12/11 00:00:00",,0.44999999,9.8999996,,
"SIND-011-PZ","08/12/11 00:00:00",,0.2,10.5,,
"SIND-012-PZ","08/12/11 00:00:00",,0.43000001,11.066,,
"SIND-013-PZ","08/12/11 00:00:00",,0.73000002,9.1000004,,
"SIND-014-PZ","08/12/11 00:00:00",,0.23999999,12.66,,
"SIND-015-PZ","08/12/11 00:00:00",,0.75,22.357,,
"SIND-016-PZ","08/11/11 00:00:00",,0.60000002,20.950001,,
"SIND-017-PZ","08/23/11 00:00:00",,0.75,14.95,,
"SIND-039-A-PZ","08/12/11 00:00:00",,0.60000002,18.85,,
"SIND-039-B-PZ","08/12/11 00:00:00",,0.75,6.6999998,,
"SIND-PTW-18","08/23/11 00:00:00",,0.89999998,12.1,,
"SIND-002-PZ","08/12/11 00:00:00",,0.64999998,11.75,,
"SIND-003-PZ","08/20/11 00:00:00",,0.80000001,2.95,,
"SIND-004-A-PZ","08/12/11 00:00:00",,0.5,5.6700001,,
"SIND-004-B-PZ","08/12/11 00:00:00",,0.60000002,7,,
"SIND-004-C-PZ","08/12/11 00:00:00",,0.69999999,11.8,,
"SIND-005-PZ","08/25/11 00:00:00",,0.69999999,2.2,,
"SIND-028-PZ","08/12/11 00:00:00",,0.56,8.6700001,,
"SIND-029-PZ","08/12/11 00:00:00",,0.44999999,16.921,,
"SIND-030-PZ","08/27/11 00:00:00",,0.85000002,1.1,,
"SIND-031-PZ","08/12/11 00:00:00",,0.51999998,10,,
"SIND-032-PZ","08/12/11 00:00:00",,0.51999998,18.74,,
"SIND-033-PZ","08/12/11 00:00:00",,0.64999998,7.1999998,,
"SIND-34-PTW-NEW","08/27/11 00:00:00",,1,2.8,,
"SIND-PTW-01 NEW","08/21/11 00:00:00",,0.69999999,7.5,,
"SIND-019-A-PZ","09/21/11 00:00:00",,0.30000001,6.5999999,,
"SIND-019-A-PZ","10/21/11 00:00:00",,0.30000001,6.9499998,,
"SIND-019-A-PZ","11/16/11 00:00:00",,0.30000001,7.3000002,,
"SIND-019-B-PZ","09/21/11 00:00:00",,0.60000002,7.3499999,,
"SIND-019-B-PZ","10/21/11 00:00:00",,0.60000002,7.4000001,,
"SIND-019-B-PZ","11/16/11 00:00:00",,0.60000002,7.3429999,,
"SIND-019-C-PZ","09/21/11 00:00:00",,0.60000002,6.1500001,,
"SIND-019-C-PZ","10/21/11 00:00:00",,0.60000002,6.6500001,,
"SIND-019-C-PZ","11/21/11 00:00:00",,0.60000002,7.0500002,,
"SIND-020-PZ","09/27/11 00:00:00",,0.47999999,4.5500002,,
"SIND-020-PZ","10/28/11 00:00:00",,0.47999999,4.9499998,,
"SIND-020-PZ","11/16/11 00:00:00",,0.47999999,7.0900002,,
"SIND-022-PZ","09/23/11 00:00:00",,0.63,4.3000002,,
"SIND-022-PZ","10/24/11 00:00:00",,0.63,5.0999999,,
"SIND-022-PZ","11/16/11 00:00:00",,0.63,6.3179998,,
"SIND-023-PZ","09/20/11 00:00:00",,0.47,1.05,,
"SIND-023-PZ","10/19/11 00:00:00",,0.47,1.35,,
"SIND-023-PZ","11/19/11 00:00:00",,0.47,2.25,,
"SIND-024-PZ","09/22/11 00:00:00",,0.44999999,7.25,,
"SIND-024-PZ","10/22/11 00:00:00",,0.44999999,7.4499998,,
"SIND-024-PZ","11/22/11 00:00:00",,0.44999999,9.5500002,,
"SIND-027-PZ","09/25/11 00:00:00",,0.69999999,3.8,,
"SIND-027-PZ","10/25/11 00:00:00",,0.69999999,5.0500002,,
"SIND-027-PZ","11/25/11 00:00:00",,0.69999999,7.4000001,,
"SIND-035-NEW","09/20/11 00:00:00",,0.69999999,4.1500001,,
"SIND-035-NEW","10/20/11 00:00:00",,0.69999999,4.8499999,,
"SIND-035-NEW","11/20/11 00:00:00",,0.69999999,6.0999999,,
"SIND-036-PZ","09/24/11 00:00:00",,0.44999999,3.9000001,,
"SIND-036-PZ","10/25/11 00:00:00",,0.44999999,4.4499998,,
"SIND-036-PZ","11/16/11 00:00:00",,0.44999999,9.3760004,,
"SIND-025-PZ","09/20/11 00:00:00",,0.43000001,5.3499999,,
"SIND-025-PZ","10/20/11 00:00:00",,0.43000001,5.8000002,,
"SIND-005-PZ","09/22/09 00:00:00",,0.69999999,3.3499999,,
"SIND-028-PZ","09/23/09 00:00:00",,0.56,9.8000002,,
"SIND-028-PZ","10/29/09 00:00:00",,0.56,8,,
"SIND-028-PZ","11/27/09 00:00:00",,0.56,9.1999998,,
"SIND-028-PZ","06/17/09 00:00:00",,0.56,21.1,,
"SIND-029-PZ","04/10/10 00:00:00",,0.44999999,18.5,,
"SIND-029-PZ","06/29/09 00:00:00",,0.44999999,20.049999,,
"SIND-029-PZ","11/30/09 00:00:00",,0.44999999,15.7,,
"SIND-029-PZ","10/23/09 00:00:00",,0.44999999,16.4,,
"SIND-029-PZ","09/23/09 00:00:00",,0.44999999,9.8000002,,
"SIND-030-PZ","09/20/09 00:00:00",,0.85000002,3.8,,
"SIND-030-PZ","10/20/09 00:00:00",,0.85000002,3.8499999,,
"SIND-030-PZ","11/25/09 00:00:00",,0.85000002,3.25,,
"SIND-030-PZ","06/26/09 00:00:00",,0.85000002,12.45,,
"SIND-031-PZ","06/17/09 00:00:00",,0.51999998,29.85,,
"SIND-031-PZ","11/27/09 00:00:00",,0.51999998,7.0999999,,
"SIND-031-PZ","10/23/09 00:00:00",,0.51999998,8.1999998,,
"SIND-031-PZ","09/30/09 00:00:00",,0.51999998,7.5500002,,
"SIND-032-PZ","09/26/09 00:00:00",,0.51999998,15.1,,
"SIND-032-PZ","10/21/09 00:00:00",,0.51999998,15.65,,
"SIND-032-PZ","11/24/09 00:00:00",,0.51999998,14,,
"SIND-032-PZ","08/24/09 00:00:00",,0.51999998,21.799999,,
"SIND-033-PZ","06/23/09 00:00:00",,0.64999998,28.65,,
"SIND-033-PZ","11/23/09 00:00:00",,0.64999998,11.3,,
"SIND-033-PZ","10/21/09 00:00:00",,0.64999998,11.9,,
"SIND-033-PZ","09/25/09 00:00:00",,0.64999998,11.2,,
"SIND-002-PZ","02/26/11 00:00:00",,0.64999998,13.35,,
"SIND-003-PZ","02/26/11 00:00:00",,0.80000001,28.450001,,
"SIND-004-A-PZ","02/26/11 00:00:00",,0.5,12.55,,
"SIND-004-B-PZ","02/26/11 00:00:00",,0.60000002,12.2,,
"SIND-019-A-PZ","02/26/11 00:00:00",,0.30000001,16.5,,
"SIND-019-B-PZ","02/26/11 00:00:00",,0.60000002,15.95,,
"SIND-019-C-PZ","02/26/11 00:00:00",,0.60000002,17.700001,,
"SIND-020-PZ","02/19/11 00:00:00",,0.47999999,16.6,,
"SIND-021-PZ","02/24/11 00:00:00",,0.51999998,,"N R",
"SIND-022-PZ","02/01/11 00:00:00",,0.63,14.5,,
"SIND-023-PZ","02/18/11 00:00:00",,0.47,9.6999998,,
"SIND-024-PZ","02/25/11 00:00:00",,0.44999999,14.95,,
"SIND-027-PZ","02/23/11 00:00:00",,0.69999999,16.700001,,
"SIND-025-PZ","02/21/11 00:00:00",,0.43000001,11.8,,
"SIND-036-PZ","02/21/11 00:00:00",,0.44999999,12.45,,
"SIND-037-PZ","02/20/11 00:00:00",,0.60000002,18.85,,
"SIND-040-PZ","02/26/11 00:00:00",,0.61000001,8.5,,
"SIND-PTW-18","07/23/11 00:00:00",,0.89999998,40.299999,,
"SIND-019-A-PZ","08/16/12 00:00:00",,0.30000001,9.25,,
"SIND-025-PZ","11/17/11 00:00:00",,0.43000001,6.3559999,,
"SIND-PTW 38-PZ","08/25/11 00:00:00",,0.80000001,0.89999998,,
"SIND-PTW 38-PZ","09/20/11 00:00:00",,0.80000001,1.45,,
"SIND-PTW 38-PZ","10/20/11 00:00:00",,0.80000001,2.3,,
"SIND-PTW 38-PZ","11/20/11 00:00:00",,0.80000001,4.0500002,,
"SIND-037-PZ","09/25/11 00:00:00",,0.60000002,2.9000001,,
"SIND-037-PZ","10/28/11 00:00:00",,0.60000002,3.95,,
"SIND-037-PZ","11/16/11 00:00:00",,0.60000002,8.1499996,,
"SIND-040-PZ","09/20/11 00:00:00",,0.61000001,7.6500001,,
"SIND-040-PZ","10/19/11 00:00:00",,0.61000001,7.6999998,,
"SIND-040-PZ","11/16/11 00:00:00",,0.61000001,7.1500001,,
"SIND-PTW-21-NEW","09/27/11 00:00:00",,1,1.85,,
"SIND-PTW-21-NEW","10/28/11 00:00:00",,1,2.25,,
"SIND-PTW-21-NEW","11/28/11 00:00:00",,1,3.7,,
"SIND-06-PTW","09/30/11 00:00:00",,0.60000002,1.8,,
"SIND-06-PTW","10/30/11 00:00:00",,0.60000002,3.0999999,,
"SIND-06-PTW","11/30/11 00:00:00",,0.60000002,4.8499999,,
"SIND-PTW-07","09/30/11 00:00:00",,0.55000001,1.25,,
"SIND-PTW-07","10/30/11 00:00:00",,0.55000001,3.7,,
"SIND-PTW-07","11/30/11 00:00:00",,0.55000001,9,,
"SIND-008-PZ","09/21/11 00:00:00",,0.36000001,4.9000001,,
"SIND-008-PZ","10/21/11 00:00:00",,0.36000001,5.0500002,,
"SIND-008-PZ","11/17/11 00:00:00",,0.36000001,5.5630002,,
"SIND-009-PZ","09/21/11 00:00:00",,0.89999998,11.8,,
"SIND-009-PZ","10/21/11 00:00:00",,0.89999998,12.7,,
"SIND-009-PZ","11/17/11 00:00:00",,0.89999998,14.515,,
"SIND-010-PZ","09/25/11 00:00:00",,0.44999999,3.6500001,,
"SIND-010-PZ","10/25/11 00:00:00",,0.44999999,4.0500002,,
"SIND-010-PZ","11/25/11 00:00:00",,0.44999999,4.4000001,,
"SIND-011-PZ","09/25/11 00:00:00",,0.2,4.3499999,,
"SIND-011-PZ","10/25/11 00:00:00",,0.2,3.7,,
"SIND-011-PZ","11/25/11 00:00:00",,0.2,5.0999999,,
"SIND-012-PZ","09/23/11 00:00:00",,0.43000001,8.5500002,,
"SIND-012-PZ","10/23/11 00:00:00",,0.43000001,8.9499998,,
"SIND-012-PZ","11/17/11 00:00:00",,0.43000001,11.645,,
"SIND-014-PZ","09/21/11 00:00:00",,0.23999999,9.6999998,,
"SIND-014-PZ","10/21/11 00:00:00",,0.23999999,10.25,,
"SIND-014-PZ","11/17/11 00:00:00",,0.23999999,11.052,,
"SIND-013-PZ","09/21/11 00:00:00",,0.73000002,9.6999998,,
"SIND-013-PZ","10/21/11 00:00:00",,0.73000002,6.8000002,,
"SIND-013-PZ","11/17/11 00:00:00",,0.73000002,8.8999996,,
"SIND-015-PZ","09/21/11 00:00:00",,0.75,10.05,,
"SIND-015-PZ","10/21/11 00:00:00",,0.75,10.5,,
"SIND-015-PZ","11/17/11 00:00:00",,0.75,10.9,,
"SIND-016-PZ","09/21/11 00:00:00",,0.60000002,9.3000002,,
"SIND-030-PZ","10/29/11 00:00:00",,0.85000002,1.35,,
"SIND-030-PZ","11/29/11 00:00:00",,0.85000002,3.9000001,,
"SIND-031-PZ","09/27/11 00:00:00",,0.51999998,15,,
"SIND-031-PZ","10/29/11 00:00:00",,0.51999998,16,,
"SIND-031-PZ","11/18/11 00:00:00",,0.51999998,15,,
"SIND-032-PZ","09/23/11 00:00:00",,0.51999998,6.0999999,,
"SIND-032-PZ","10/28/11 00:00:00",,0.51999998,6.75,,
"SIND-032-PZ","11/18/11 00:00:00",,0.51999998,7.3000002,,
"SIND-033-PZ","09/02/11 00:00:00",,0.64999998,6.0999999,,
"SIND-033-PZ","10/28/11 00:00:00",,0.64999998,6.75,,
"SIND-033-PZ","11/28/11 00:00:00",,0.64999998,7.3000002,,
"SIND-34-PTW-NEW","09/28/11 00:00:00",,1,3.45,,
"SIND-34-PTW-NEW","10/28/11 00:00:00",,1,3.8,,
"SIND-34-PTW-NEW","11/28/11 00:00:00",,1,4,,
"SIND-019-C-PZ","01/16/12 00:00:00",,0.60000002,14.5,,
"SIND-020-PZ","12/28/11 00:00:00",,0.47999999,10.05,,
"SIND-020-PZ","01/16/12 00:00:00",,0.47999999,11.83,,
"SIND-022-PZ","12/21/11 00:00:00",,0.63,9.1999998,,
"SIND-022-PZ","01/16/12 00:00:00",,0.63,11.171,,
"SIND-023-PZ","12/19/11 00:00:00",,0.47,4.3499999,,
"SIND-023-PZ","01/25/12 00:00:00",,0.47,8,,
"SIND-024-PZ","12/22/11 00:00:00",,0.44999999,10.4,,
"SIND-024-PZ","01/25/12 00:00:00",,0.44999999,4.9000001,,
"SIND-027-PZ","12/25/11 00:00:00",,0.69999999,10.15,,
"SIND-027-PZ","01/25/12 00:00:00",,0.69999999,11.3,,
"SIND-035-NEW","12/20/11 00:00:00",,0.69999999,8.8500004,,
"SIND-035-NEW","01/20/12 00:00:00",,0.69999999,9.6499996,,
"SIND-036-PZ","12/25/11 00:00:00",,0.44999999,11.3,,
"SIND-036-PZ","01/16/12 00:00:00",,0.44999999,12.984,,
"SIND-025-PZ","12/20/01 00:00:00",,0.43000001,9.3999996,,
"SIND-025-PZ","01/16/12 00:00:00",,0.43000001,10.379,,
"SIND-PTW 38-PZ","12/20/11 00:00:00",,0.80000001,8.6499996,,
"SIND-PTW 38-PZ","01/20/12 00:00:00",,0.80000001,9.1999998,,
"SIND-037-PZ","12/28/11 00:00:00",,0.60000002,16.65,,
"SIND-037-PZ","01/16/12 00:00:00",,0.60000002,23.056999,,
"SIND-040-PZ","12/19/11 00:00:00",,0.61000001,7.5500002,,
"SIND-040-PZ","01/16/12 00:00:00",,0.61000001,7.5219998,,
"SIND-PTW-21-NEW","12/28/11 00:00:00",,1,6.4000001,,
"SIND-PTW-21-NEW","01/24/12 00:00:00",,1,7.1500001,,
"SIND-06-PTW","12/30/11 00:00:00",,0.60000002,5.9000001,,
"SIND-06-PTW","01/30/12 00:00:00",,0.60000002,7.5999999,,
"SIND-PTW-07","12/30/11 00:00:00",,0.55000001,10.7,,
"SIND-PTW-07","01/30/12 00:00:00",,0.55000001,11.2,,
"SIND-008-PZ","12/21/11 00:00:00",,0.36000001,9.3500004,,
"SIND-008-PZ","01/18/11 00:00:00",,0.36000001,11.46,,
"SIND-009-PZ","12/21/11 00:00:00",,0.89999998,17.6,,
"SIND-009-PZ","01/18/12 00:00:00",,0.89999998,21.23,,
"SIND-010-PZ","12/25/11 00:00:00",,0.44999999,10.3,,
"SIND-010-PZ","01/25/12 00:00:00",,0.44999999,11.4,,
"SIND-011-PZ","12/25/11 00:00:00",,0.2,9.3500004,,
"SIND-011-PZ","01/25/12 00:00:00",,0.2,10.7,,
"SIND-012-PZ","12/23/11 00:00:00",,0.43000001,14.6,,
"SIND-012-PZ","01/18/12 00:00:00",,0.43000001,17.198999,,
"SIND-014-PZ","12/21/11 00:00:00",,0.23999999,17.4,,
"SIND-014-PZ","01/18/12 00:00:00",,0.23999999,20.834999,,
"SIND-013-PZ","12/21/11 00:00:00",,0.73000002,12.8,,
"SIND-013-PZ","01/25/12 00:00:00",,0.73000002,15.7,,
"SIND-015-PZ","12/21/11 00:00:00",,0.75,19.950001,,
"SIND-015-PZ","01/18/12 00:00:00",,0.75,26.601,,
"SIND-016-PZ","12/23/11 00:00:00",,0.60000002,15.1,,
"SIND-016-PZ","01/23/12 00:00:00",,0.60000002,17.9,,
"SIND-017-PZ","12/23/11 00:00:00",,0.75,13.7,,
"SIND-017-PZ","01/23/12 00:00:00",,0.75,16.65,,
"SIND-026-PZ","12/22/11 00:00:00",,0.34,5.0999999,,
"SIND-026-PZ","01/23/12 00:00:00",,0.34,5.915,,
"SIND-039-A-PZ","12/25/11 00:00:00",,0.60000002,8.6999998,,
"SIND-039-A-PZ","01/25/12 00:00:00",,0.60000002,15.35,,
"SIND-039-B-PZ","12/25/11 00:00:00",,0.75,7.3000002,,
"SIND-039-B-PZ","01/25/12 00:00:00",,0.75,10.05,,
"SIND-PTW-01 NEW","12/21/11 00:00:00",,0.69999999,9.1999998,,
"SIND-PTW-01 NEW","01/21/12 00:00:00",,0.69999999,11.2,,
"SIND-003-PZ","12/21/11 00:00:00",,0.80000001,15.6,,
"SIND-003-PZ","01/21/12 00:00:00",,0.80000001,18.85,,
"SIND-004-A-PZ","12/24/11 00:00:00",,0.5,7.3499999,,
"SIND-004-A-PZ","01/17/12 00:00:00",,0.5,10.605,,
"SIND-004-B-PZ","12/24/11 00:00:00",,0.60000002,7.9499998,,
"SIND-004-B-PZ","01/17/12 00:00:00",,0.60000002,11.35,,
"SIND-004-C-PZ","12/24/11 00:00:00",,0.69999999,7.0500002,,
"SIND-004-C-PZ","01/17/12 00:00:00",,0.69999999,10.974,,
"SIND-005-PZ","12/25/11 00:00:00",,0.69999999,4.3000002,,
"SIND-005-PZ","01/25/12 00:00:00",,0.69999999,5.3000002,,
"SIND-002-PZ","12/28/11 00:00:00",,0.64999998,9.6499996,,
"SIND-002-PZ","01/17/12 00:00:00",,0.64999998,5.3000002,,
"SIND-028-PZ","12/29/11 00:00:00",,0.56,13.8,,
"SIND-028-PZ","01/17/12 00:00:00",,0.56,14,,
"SIND-029-PZ","12/24/11 00:00:00",,0.44999999,12.9,,
"SIND-029-PZ","01/17/12 00:00:00",,0.44999999,16.014999,,
"SIND-030-PZ","12/29/11 00:00:00",,0.85000002,4.6999998,,
"SIND-PTW-18","09/23/11 00:00:00",,0.89999998,3.05,,
"SIND-PTW-18","10/20/11 00:00:00",,0.89999998,3.2,,
"SIND-030-PZ","01/29/12 00:00:00",,0.85000002,5.5999999,,
"SIND-031-PZ","12/29/11 00:00:00",,0.51999998,20,,
"SIND-031-PZ","01/17/12 00:00:00",,0.51999998,21,,
"SIND-032-PZ","12/23/11 00:00:00",,0.51999998,14.95,,
"SIND-032-PZ","01/17/12 00:00:00",,0.51999998,17.950001,,
"SIND-033-PZ","12/28/11 00:00:00",,0.64999998,12.75,,
"SIND-033-PZ","01/28/12 00:00:00",,0.64999998,18.4,,
"SIND-34-PTW-NEW","12/28/11 00:00:00",,1,8.3000002,,
"SIND-34-PTW-NEW","01/28/12 00:00:00",,1,10.6,,
"SIND-008-PZ","01/23/12 00:00:00",,0.36000001,10.5,,
"SIND-026-PZ","08/11/11 00:00:00",,0.34,0,,
"SIND-033-PZ","03/22/11 00:00:00",,0.64999998,22.65,,
"SIND-PTW-18","11/18/11 00:00:00",,0.89999998,3.4000001,,
"SIND-PTW-18","12/28/11 00:00:00",,0.89999998,12.05,,
"SIND-PTW-18","01/23/12 00:00:00",,0.89999998,15.1,,
"SIND-019-A-PZ","02/16/12 00:00:00",,0.30000001,17.5,,
"SIND-019-A-PZ","03/16/12 00:00:00",,0.30000001,18.700001,,
"SIND-019-A-PZ","04/16/12 00:00:00",,0.30000001,19.1,,
"SIND-019-B-PZ","02/16/12 00:00:00",,0.60000002,15.8,,
"SIND-019-B-PZ","03/16/12 00:00:00",,0.60000002,17.299999,,
"SIND-019-B-PZ","04/16/12 00:00:00",,0.60000002,19,,
"SIND-019-C-PZ","02/16/12 00:00:00",,0.60000002,16.799999,,
"SIND-019-C-PZ","03/16/12 00:00:00",,0.60000002,19.299999,,
"SIND-019-C-PZ","04/16/12 00:00:00",,0.60000002,21.4,,
"SIND-020-PZ","02/16/12 00:00:00",,0.47999999,15.5,,
"SIND-020-PZ","03/16/12 00:00:00",,0.47999999,17.200001,,
"SIND-020-PZ","04/16/12 00:00:00",,0.47999999,20.700001,,
"SIND-022-PZ","02/16/12 00:00:00",,0.63,12.5,,
"SIND-022-PZ","03/16/12 00:00:00",,0.63,18.1,,
"SIND-022-PZ","04/16/12 00:00:00",,0.63,23.4,,
"SIND-023-PZ","03/16/12 00:00:00",,0.47,15,,
"SIND-023-PZ","04/16/12 00:00:00",,0.47,16,,
"SIND-024-PZ","02/25/12 00:00:00",,0.44999999,14.5,,
"SIND-024-PZ","03/25/12 00:00:00",,0.44999999,17.799999,,
"SIND-024-PZ","04/25/12 00:00:00",,0.44999999,19.799999,"choked",
"SIND-025-PZ","12/18/11 00:00:00",,0.43000001,8.3999996,,
"SIND-025-PZ","02/25/12 00:00:00",,0.43000001,10.7,,
"SIND-025-PZ","03/25/12 00:00:00",,0.43000001,11.3,,
"SIND-025-PZ","04/25/12 00:00:00",,0.43000001,12.7,,
"SIND-027-PZ","02/25/12 00:00:00",,0.69999999,12.9,,
"SIND-027-PZ","03/25/12 00:00:00",,0.69999999,18.200001,,
"SIND-027-PZ","04/25/12 00:00:00",,0.69999999,19.4,,
"SIND-035-NEW","02/20/12 00:00:00",,0.69999999,11.1,,
"SIND-035-NEW","03/20/12 00:00:00",,0.69999999,12.3,,
"SIND-035-NEW","04/20/12 00:00:00",,0.69999999,14.5,,
"SIND-037-PZ","02/16/12 00:00:00",,0.60000002,23.700001,,
"SIND-037-PZ","03/28/12 00:00:00",,0.60000002,24.049999,,
"SIND-037-PZ","04/16/12 00:00:00",,0.60000002,24.299999,,
"SIND-040-PZ","02/16/12 00:00:00",,0.61000001,8.1999998,,
"SIND-040-PZ","03/19/12 00:00:00",,0.61000001,8.8999996,,
"SIND-040-PZ","04/16/12 00:00:00",,0.61000001,9.3999996,,
"SIND-PTW 38-PZ","02/20/12 00:00:00",,0.80000001,10.5,,
"SIND-PTW 38-PZ","03/20/12 00:00:00",,0.80000001,11,,
"SIND-PTW 38-PZ","04/20/12 00:00:00",,0.80000001,12.4,,
"SIND-PTW-21-NEW","02/24/12 00:00:00",,1,8.8999996,,
"SIND-PTW-21-NEW","03/28/12 00:00:00",,1,10.1,,
"SIND-PTW-21-NEW","04/24/12 00:00:00",,1,12.6,,
"SIND-06-PTW","02/27/12 00:00:00",,0.60000002,8.8999996,,
"SIND-06-PTW","03/30/12 00:00:00",,0.60000002,9.8000002,,
"SIND-06-PTW","04/30/12 00:00:00",,0.60000002,11.5,,
"SIND-PTW-07","02/27/12 00:00:00",,0.55000001,12.5,,
"SIND-PTW-07","03/30/12 00:00:00",,0.55000001,13.75,,
"SIND-PTW-07","04/30/12 00:00:00",,,14.6,,
"SIND-008-PZ","02/18/12 00:00:00",,0.36000001,12.4,,
"SIND-008-PZ","03/21/12 00:00:00",,0.36000001,13.9,,
"SIND-008-PZ","04/21/12 00:00:00",,0.36000001,14.3,,
"SIND-009-PZ","02/18/12 00:00:00",,0.89999998,26.299999,,
"SIND-009-PZ","03/21/12 00:00:00",,0.89999998,35.700001,,
"SIND-009-PZ","04/21/12 00:00:00",,0.89999998,37.099998,,
"SIND-010-PZ","02/25/12 00:00:00",,0.44999999,13.1,,
"SIND-010-PZ","03/25/12 00:00:00",,0.44999999,15.5,,
"SIND-010-PZ","04/25/12 00:00:00",,0.44999999,17.5,,
"SIND-011-PZ","02/25/12 00:00:00",,0.2,12.9,,
"SIND-011-PZ","03/25/12 00:00:00",,0.2,14.7,,
"SIND-011-PZ","04/25/12 00:00:00",,0.2,16.1,,
"SIND-012-PZ","02/18/12 00:00:00",,0.43000001,18.9,,
"SIND-012-PZ","04/23/12 00:00:00",,0.43000001,20.5,,
"SIND-012-PZ","03/23/12 00:00:00",,0.43000001,19.4,,
"SIND-014-PZ","02/18/12 00:00:00",,0.23999999,21.9,,
"SIND-014-PZ","04/21/12 00:00:00",,0.23999999,23.950001,,
"SIND-014-PZ","03/21/12 00:00:00",,0.23999999,22.700001,,
"SIND-015-PZ","02/18/12 00:00:00",,0.75,27.6,,
"SIND-015-PZ","04/24/12 00:00:00",,0.75,29.65,,
"SIND-015-PZ","03/21/12 00:00:00",,0.75,28.9,,
"SIND-016-PZ","02/23/12 00:00:00",,0.60000002,19.5,,
"SIND-016-PZ","04/23/12 00:00:00",,0.60000002,23.1,,
"SIND-016-PZ","03/23/12 00:00:00",,0.60000002,21.700001,,
"SIND-017-PZ","02/23/12 00:00:00",,0.75,20.299999,,
"SIND-017-PZ","04/23/12 00:00:00",,0.75,24.6,,
"SIND-017-PZ","03/22/12 00:00:00",,0.75,22.5,,
"SIND-PTW-18","02/23/12 00:00:00",,0.89999998,17.799999,,
"SIND-PTW-18","04/23/12 00:00:00",,0.89999998,20.5,,
"SIND-PTW-18","03/23/12 00:00:00",,0.89999998,19.1,,
"SIND-026-PZ","02/18/12 00:00:00",,0.34,7.0999999,,
"SIND-026-PZ","04/22/12 00:00:00",,0.34,9.1000004,,
"SIND-026-PZ","03/22/12 00:00:00",,0.34,8.5,,
"SIND-039-A-PZ","02/25/12 00:00:00",,0.60000002,16.299999,,
"SIND-039-A-PZ","04/25/12 00:00:00",,0.60000002,20,,
"SIND-039-A-PZ","03/25/12 00:00:00",,0.60000002,17.85,,
"SIND-039-B-PZ","02/25/12 00:00:00",,0.75,11.8,,
"SIND-039-B-PZ","04/21/12 00:00:00",,0.75,13.8,,
"SIND-039-B-PZ","03/25/12 00:00:00",,0.75,12.9,,
"SIND-PTW-01 NEW","02/21/12 00:00:00",,0.69999999,13.4,,
"SIND-PTW-01 NEW","04/21/12 00:00:00",,0.69999999,17.5,,
"SIND-PTW-01 NEW","03/21/12 00:00:00",,0.69999999,14.5,,
"SIND-003-PZ","02/21/12 00:00:00",,0.80000001,20.1,,
"SIND-003-PZ","04/24/12 00:00:00",,0.80000001,24.799999,,
"SIND-003-PZ","03/21/12 00:00:00",,0.80000001,23.299999,,
"SIND-004-A-PZ","02/17/12 00:00:00",,0.5,12.2,,
"SIND-004-A-PZ","04/24/12 00:00:00",,0.5,14.5,,
"SIND-004-A-PZ","03/24/12 00:00:00",,0.5,13.7,,
"SIND-004-B-PZ","02/17/12 00:00:00",,0.60000002,18.1,,
"SIND-004-B-PZ","04/24/12 00:00:00",,0.60000002,20.85,,
"SIND-004-B-PZ","03/24/12 00:00:00",,0.60000002,19.200001,,
"SIND-004-C-PZ","02/17/12 00:00:00",,0.69999999,13.1,,
"SIND-004-C-PZ","04/25/12 00:00:00",,0.69999999,15.6,,
"SIND-004-C-PZ","03/24/12 00:00:00",,0.69999999,14.7,,
"SIND-005-PZ","02/25/12 00:00:00",,0.69999999,6.6999998,,
"SIND-005-PZ","04/28/12 00:00:00",,0.69999999,8.1000004,,
"SIND-005-PZ","03/25/12 00:00:00",,0.69999999,7.5999999,,
"SIND-002-PZ","02/17/12 00:00:00",,0.64999998,12.3,,
"SIND-002-PZ","04/29/12 00:00:00",,0.64999998,14.3,,
"SIND-002-PZ","03/28/12 00:00:00",,0.64999998,13.7,,
"SIND-028-PZ","02/17/12 00:00:00",,0.56,16.799999,,
"SIND-028-PZ","04/24/12 00:00:00",,0.56,18.9,,
"SIND-028-PZ","03/29/12 00:00:00",,0.56,17.299999,,
"SIND-029-PZ","02/17/12 00:00:00",,0.44999999,19.799999,,
"SIND-029-PZ","04/29/12 00:00:00",,0.44999999,21.299999,,
"SIND-029-PZ","03/24/12 00:00:00",,0.44999999,20.5,,
"SIND-030-PZ","02/29/12 00:00:00",,0.85000002,8.1499996,,
"SIND-030-PZ","04/29/12 00:00:00",,0.85000002,11,,
"SIND-030-PZ","03/29/12 00:00:00",,0.85000002,10.5,,
"SIND-031-PZ","02/17/12 00:00:00",,0.51999998,24,,
"SIND-031-PZ","04/23/12 00:00:00",,0.51999998,29.1,,
"SIND-031-PZ","03/29/12 00:00:00",,0.51999998,25,,
"SIND-032-PZ","02/17/12 00:00:00",,0.51999998,18.799999,,
"SIND-032-PZ","04/23/12 00:00:00",,0.51999998,20.200001,,
"SIND-032-PZ","03/23/12 00:00:00",,0.51999998,19.6,,
"SIND-033-PZ","02/28/12 00:00:00",,0.64999998,20.1,,
"SIND-033-PZ","04/28/12 00:00:00",,0.64999998,20.200001,,
"SIND-033-PZ","03/28/12 00:00:00",,0.64999998,21.15,,
"SIND-34-PTW-NEW","02/28/12 00:00:00",,1,11.1,,
"SIND-34-PTW-NEW","04/28/12 00:00:00",,1,11.8,,
"SIND-34-PTW-NEW","03/28/12 00:00:00",,1,11.5,,
"SIND-PTW-01 NEW","05/24/12 00:00:00",,0.69999999,25.120001,,
"SIND-PTW-01 NEW","06/20/12 00:00:00",,0.69999999,25.5,,
"SIND-002-PZ","05/25/12 00:00:00",,0.64999998,14.4,,
"SIND-002-PZ","06/20/12 00:00:00",,0.64999998,12.5,,
"SIND-003-PZ","05/24/12 00:00:00",,0.80000001,24,,
"SIND-003-PZ","06/20/12 00:00:00",,0.80000001,24.4,,
"SIND-004-A-PZ","05/24/12 00:00:00",,0.5,14.15,,
"SIND-004-A-PZ","06/20/12 00:00:00",,0.5,14.5,,
"SIND-004-B-PZ","05/24/12 00:00:00",,0.60000002,17.9,,
"SIND-004-B-PZ","06/20/12 00:00:00",,0.60000002,18,,
"SIND-004-C-PZ","05/24/12 00:00:00",,0.69999999,14.4,,
"SIND-004-C-PZ","06/20/12 00:00:00",,0.69999999,14.7,,
"SIND-005-PZ","05/24/12 00:00:00",,0.69999999,7.75,,
"SIND-005-PZ","06/20/12 00:00:00",,0.69999999,8.1999998,,
"SIND-028-PZ","05/24/12 00:00:00",,0.56,20,,
"SIND-028-PZ","06/20/12 00:00:00",,0.56,22,,
"SIND-029-PZ","05/24/12 00:00:00",,0.44999999,19.1,,
"SIND-029-PZ","06/20/12 00:00:00",,0.44999999,19.299999,,
"SIND-030-PZ","05/24/12 00:00:00",,0.85000002,14.85,,
"SIND-030-PZ","06/20/12 00:00:00",,0.85000002,15.5,,
"SIND-031-PZ","05/24/12 00:00:00",,0.51999998,30,,
"SIND-031-PZ","06/20/12 00:00:00",,0.51999998,31,,
"SIND-032-PZ","05/24/12 00:00:00",,0.51999998,18.9,,
"SIND-032-PZ","06/20/12 00:00:00",,0.51999998,19.1,,
"SIND-033-PZ","05/24/12 00:00:00",,0.64999998,12.75,,
"SIND-033-PZ","06/20/12 00:00:00",,0.64999998,13.2,,
"SIND-34-PTW-NEW","05/24/12 00:00:00",,1,33.5,,
"SIND-34-PTW-NEW","06/20/12 00:00:00",,1,34.299999,,
"SIND-019-A-PZ","05/20/12 00:00:00",,0.30000001,17.1,,
"SIND-019-A-PZ","06/24/12 00:00:00",,0.30000001,17.200001,,
"SIND-019-B-PZ","05/20/12 00:00:00",,0.60000002,20,,
"SIND-019-B-PZ","06/20/12 00:00:00",,0.60000002,21,,
"SIND-019-C-PZ","05/20/12 00:00:00",,0.60000002,26.799999,,
"SIND-019-C-PZ","06/24/12 00:00:00",,0.60000002,27.653999,,
"SIND-020-PZ","05/20/12 00:00:00",,0.47999999,19.6,,
"SIND-020-PZ","06/24/12 00:00:00",,0.47999999,19.976,,
"SIND-016-PZ","10/23/11 00:00:00",,0.60000002,9.9499998,,
"SIND-016-PZ","11/23/11 00:00:00",,0.60000002,10.6,,
"SIND-017-PZ","09/23/11 00:00:00",,0.75,8.4499998,,
"SIND-017-PZ","10/23/11 00:00:00",,0.75,8.8500004,,
"SIND-017-PZ","11/23/11 00:00:00",,0.75,9.1999998,,
"SIND-026-PZ","09/22/11 00:00:00",,0.34,0.40000001,,
"SIND-026-PZ","10/22/11 00:00:00",,0.34,1.9,,
"SIND-026-PZ","11/17/11 00:00:00",,0.34,3.852,,
"SIND-039-A-PZ","09/25/11 00:00:00",,0.60000002,3.4000001,,
"SIND-039-A-PZ","10/25/11 00:00:00",,0.60000002,3.6500001,,
"SIND-039-A-PZ","11/25/11 00:00:00",,0.60000002,6.3499999,,
"SIND-039-B-PZ","09/25/11 00:00:00",,0.75,1.05,,
"SIND-039-B-PZ","10/25/11 00:00:00",,0.75,1.85,,
"SIND-039-B-PZ","11/25/11 00:00:00",,0.75,4.3000002,,
"SIND-PTW-01 NEW","09/21/11 00:00:00",,0.69999999,3.8,,
"SIND-PTW-01 NEW","10/21/11 00:00:00",,0.69999999,3.95,,
"SIND-PTW-01 NEW","11/21/11 00:00:00",,0.69999999,7.1999998,,
"SIND-003-PZ","09/21/11 00:00:00",,0.80000001,11.25,,
"SIND-003-PZ","10/21/11 00:00:00",,0.80000001,11.8,,
"SIND-003-PZ","11/21/11 00:00:00",,0.80000001,12.3,,
"SIND-004-A-PZ","09/24/11 00:00:00",,0.5,3.9000001,,
"SIND-004-A-PZ","10/24/11 00:00:00",,0.5,4.0999999,,
"SIND-004-A-PZ","11/18/11 00:00:00",,0.5,4.039,,
"SIND-004-B-PZ","09/24/11 00:00:00",,0.60000002,4.0500002,,
"SIND-004-B-PZ","10/24/11 00:00:00",,0.60000002,4.1999998,,
"SIND-004-B-PZ","11/18/11 00:00:00",,0.60000002,4.4499998,,
"SIND-004-C-PZ","09/24/11 00:00:00",,0.69999999,3.25,,
"SIND-004-C-PZ","10/24/11 00:00:00",,0.69999999,3.9000001,,
"SIND-004-C-PZ","11/18/11 00:00:00",,0.69999999,4.342,,
"SIND-005-PZ","09/25/11 00:00:00",,0.69999999,1.4,,
"SIND-005-PZ","10/25/11 00:00:00",,0.69999999,1.85,,
"SIND-005-PZ","11/25/11 00:00:00",,0.69999999,2.2,,
"SIND-002-PZ","09/28/11 00:00:00",,0.64999998,5.8000002,,
"SIND-002-PZ","10/28/11 00:00:00",,0.64999998,6.3499999,,
"SIND-002-PZ","11/18/11 00:00:00",,0.64999998,8.5019999,,
"SIND-028-PZ","09/27/11 00:00:00",,0.56,2.5999999,,
"SIND-028-PZ","10/29/11 00:00:00",,0.56,3.25,,
"SIND-028-PZ","11/18/11 00:00:00",,0.56,7.8049998,,
"SIND-029-PZ","09/24/11 00:00:00",,0.44999999,10.1,,
"SIND-029-PZ","10/24/11 00:00:00",,0.44999999,10.95,,
"SIND-029-PZ","11/24/11 00:00:00",,0.44999999,12.157,,
"SIND-030-PZ","09/29/11 00:00:00",,0.85000002,0.69999999,,
"SIND-036-PZ","02/16/12 00:00:00",,0.44999999,13.5,,
"SIND-036-PZ","03/16/12 00:00:00",,0.44999999,14.1,,
"SIND-036-PZ","04/16/12 00:00:00",,0.44999999,14.7,,
"SIND-PTW-21-NEW","05/20/12 00:00:00",,1,14.1,,
"SIND-PTW-21-NEW","06/20/12 00:00:00",,1,14.3,,
"SIND-022-PZ","05/20/12 00:00:00",,0.63,27.5,,
"SIND-022-PZ","06/20/12 00:00:00",,0.63,27.625999,,
"SIND-023-PZ","05/24/12 00:00:00",,0.47,18,,
"SIND-023-PZ","06/20/12 00:00:00",,0.47,19,,
"SIND-025-PZ","05/20/12 00:00:00",,0.43000001,17.1,,
"SIND-025-PZ","06/24/12 00:00:00",,0.43000001,17.700001,,
"SIND-027-PZ","05/20/12 00:00:00",,0.69999999,18.15,,
"SIND-027-PZ","06/24/12 00:00:00",,0.69999999,18.700001,,
"SIND-035-NEW","05/20/12 00:00:00",,0.69999999,11.05,,
"SIND-035-NEW","06/24/12 00:00:00",,0.69999999,11.45,,
"SIND-036-PZ","05/24/12 00:00:00",,0.44999999,13.35,,
"SIND-036-PZ","06/20/12 00:00:00",,0.44999999,14.652,,
"SIND-037-PZ","05/20/12 00:00:00",,0.60000002,22.9,,
"SIND-037-PZ","06/24/12 00:00:00",,0.60000002,23.716999,,
"SIND-PTW 38-PZ","05/20/12 00:00:00",,0.80000001,19.549999,,
"SIND-PTW 38-PZ","06/24/12 00:00:00",,0.80000001,19.85,,
"SIND-040-PZ","05/26/12 00:00:00",,0.61000001,8.1499996,,
"SIND-040-PZ","06/25/12 00:00:00",,0.61000001,8.3299999,,
"SIND-06-PTW","06/25/12 00:00:00",,0.60000002,13.5,,
"SIND-06-PTW","05/26/12 00:00:00",,0.60000002,12.75,,
"SIND-PTW-07","05/26/12 00:00:00",,0.55000001,30.6,,
"SIND-PTW-07","06/25/12 00:00:00",,0.55000001,31.700001,,
"SIND-008-PZ","05/26/12 00:00:00",,0.36000001,14.1,,
"SIND-008-PZ","06/25/12 00:00:00",,0.36000001,14.74,,
"SIND-009-PZ","05/26/12 00:00:00",,0.89999998,39.700001,,
"SIND-009-PZ","06/25/12 00:00:00",,0.89999998,39.799999,,
"SIND-010-PZ","05/26/12 00:00:00",,0.44999999,26,,
"SIND-010-PZ","06/25/12 00:00:00",,0.44999999,26.200001,,
"SIND-011-PZ","05/26/12 00:00:00",,0.2,18.9,,
"SIND-011-PZ","06/25/12 00:00:00",,0.2,19.299999,,
"SIND-012-PZ","05/26/12 00:00:00",,0.43000001,19.700001,,
"SIND-012-PZ","06/25/12 00:00:00",,0.43000001,19.787001,,
"SIND-013-PZ","05/26/12 00:00:00",,0.73000002,26.1,,
"SIND-013-PZ","06/25/12 00:00:00",,0.73000002,26.5,,
"SIND-014-PZ","05/26/12 00:00:00",,0.23999999,21.1,,
"SIND-014-PZ","06/25/12 00:00:00",,0.23999999,22.790001,,
"SIND-015-PZ","05/26/12 00:00:00",,0.75,26.950001,,
"SIND-015-PZ","06/25/12 00:00:00",,0.75,27.941999,,
"SIND-016-PZ","05/26/12 00:00:00",,0.60000002,26.799999,,
"SIND-016-PZ","06/25/12 00:00:00",,0.60000002,27.299999,,
"SIND-017-PZ","06/25/12 00:00:00",,0.75,25.700001,,
"SIND-017-PZ","05/26/12 00:00:00",,0.75,24.549999,,
"SIND-PTW-18","05/26/12 00:00:00",,0.89999998,13.05,,
"SIND-PTW-18","06/25/12 00:00:00",,0.89999998,13.5,,
"SIND-026-PZ","05/26/12 00:00:00",,0.34,13.35,,
"SIND-026-PZ","06/25/12 00:00:00",,0.34,13.587,,
"SIND-039-A-PZ","05/26/12 00:00:00",,0.60000002,46.900002,,
"SIND-039-A-PZ","06/25/12 00:00:00",,0.60000002,47.5,,
"SIND-039-B-PZ","05/26/12 00:00:00",,0.75,14.2,,
"SIND-039-B-PZ","06/25/12 00:00:00",,0.75,14.4,,
"SIND-019-B-PZ","07/16/12 00:00:00",,0.60000002,16.6,,
"SIND-019-B-PZ","08/16/12 00:00:00",,0.60000002,10.7,,
"SIND-019-C-PZ","07/16/12 00:00:00",,0.60000002,25.9,,
"SIND-019-C-PZ","08/16/12 00:00:00",,0.60000002,13.4,,
"SIND-020-PZ","07/17/12 00:00:00",,0.47999999,19.1,,
"SIND-020-PZ","08/29/12 00:00:00",,0.47999999,13.25,,
"SIND-021-PZ","07/18/12 00:00:00",,0.51999998,,,
"SIND-021-PZ","08/19/12 00:00:00",,0.51999998,,,
"SIND-022-PZ","07/17/12 00:00:00",,0.63,27.299999,,
"SIND-022-PZ","08/23/12 00:00:00",,0.63,4.6500001,,
"SIND-023-PZ","07/16/12 00:00:00",,0.47,12.7,,
"SIND-023-PZ","08/23/12 00:00:00",,0.47,4.6500001,,
"SIND-025-PZ","07/18/12 00:00:00",,0.43000001,16.4,,
"SIND-025-PZ","08/29/12 00:00:00",,0.43000001,2.4000001,,
"SIND-027-PZ","07/20/12 00:00:00",,0.69999999,18.299999,,
"SIND-027-PZ","08/17/12 00:00:00",,0.69999999,10.5,,
"SIND-035-NEW","07/25/12 00:00:00",,0.69999999,10.6,,
"SIND-035-NEW","08/23/12 00:00:00",,0.69999999,3.05,,
"SIND-036-PZ","07/17/12 00:00:00",,0.44999999,14.1,,
"SIND-036-PZ","08/31/12 00:00:00",,0.44999999,7.1999998,,
"SIND-037-PZ","07/17/12 00:00:00",,0.60000002,22.6,,
"SIND-037-PZ","08/31/12 00:00:00",,0.60000002,3.2,,
"SIND-PTW 38-PZ","07/24/12 00:00:00",,0.80000001,18.9,,
"SIND-PTW 38-PZ","08/17/12 00:00:00",,0.80000001,2.8,,
"SIND-PTW-21-NEW","07/18/12 00:00:00",,1,13.8,,
"SIND-PTW-21-NEW","08/29/12 00:00:00",,1,3.0999999,,
"SIND-06-PTW","07/29/12 00:00:00",,0.60000002,12.9,,
"SIND-06-PTW","08/29/12 00:00:00",,0.60000002,2.0999999,,
"SIND-PTW-07","07/27/12 00:00:00",,0.55000001,3.3,,
"SIND-PTW-07","08/27/12 00:00:00",,0.55000001,1.8,,
"SIND-008-PZ","07/24/12 00:00:00",,0.36000001,13.95,,
"SIND-008-PZ","08/24/12 00:00:00",,0.36000001,9.75,,
"SIND-009-PZ","07/24/12 00:00:00",,0.89999998,13.95,,
"SIND-009-PZ","08/24/12 00:00:00",,0.89999998,9.75,,
"SIND-010-PZ","07/24/12 00:00:00",,0.44999999,25.549999,,
"SIND-010-PZ","08/24/12 00:00:00",,0.44999999,8.8999996,,
"SIND-011-PZ","07/23/12 00:00:00",,0.2,17.950001,,
"SIND-011-PZ","08/23/12 00:00:00",,0.2,1.7,,
"SIND-012-PZ","07/24/12 00:00:00",,0.43000001,18.799999,,
"SIND-012-PZ","08/24/12 00:00:00",,0.43000001,12.2,,
"SIND-013-PZ","07/22/12 00:00:00",,0.73000002,25.200001,,
"SIND-013-PZ","08/22/12 00:00:00",,0.73000002,10.8,,
"SIND-014-PZ","07/22/12 00:00:00",,0.23999999,22.1,,
"SIND-014-PZ","08/22/12 00:00:00",,0.23999999,10.8,,
"SIND-015-PZ","07/19/12 00:00:00",,0.75,27.549999,,
"SIND-015-PZ","08/19/12 00:00:00",,0.75,8.8000002,,
"SIND-016-PZ","07/20/12 00:00:00",,0.60000002,26.200001,,
"SIND-016-PZ","08/20/12 00:00:00",,0.60000002,11.05,,
"SIND-017-PZ","07/20/12 00:00:00",,0.75,25.299999,,
"SIND-017-PZ","08/20/12 00:00:00",,0.75,10.6,,
"SIND-PTW-18","07/20/12 00:00:00",,0.89999998,13.95,,
"SIND-PTW-18","08/20/12 00:00:00",,0.89999998,3.4000001,,
"SIND-026-PZ","07/20/12 00:00:00",,0.34,13.1,,
"SIND-026-PZ","08/20/12 00:00:00",,0.34,0.30000001,,
"SIND-039-A-PZ","07/23/12 00:00:00",,0.60000002,46.5,,
"SIND-039-A-PZ","08/23/12 00:00:00",,0.60000002,1.8,,
"SIND-039-B-PZ","07/23/12 00:00:00",,0.75,23.25,,
"SIND-039-B-PZ","08/23/12 00:00:00",,0.75,1.65,,
"SIND-PTW-01 NEW","07/26/12 00:00:00",,0.69999999,25.1,,
"SIND-PTW-01 NEW","08/28/12 00:00:00",,0.69999999,10.15,,
"SIND-003-PZ","07/25/12 00:00:00",,0.80000001,23.799999,,
"SIND-003-PZ","08/28/12 00:00:00",,0.80000001,10.75,,
"SIND-004-A-PZ","07/28/12 00:00:00",,0.5,13.7,,
"SIND-004-A-PZ","08/28/12 00:00:00",,0.5,4.1999998,,
"SIND-004-B-PZ","07/28/12 00:00:00",,0.60000002,16.799999,,
"SIND-004-B-PZ","08/28/12 00:00:00",,0.60000002,4.0999999,,
"SIND-004-C-PZ","07/28/12 00:00:00",,0.69999999,13.9,,
"SIND-004-C-PZ","08/28/12 00:00:00",,0.69999999,4.25,,
"SIND-005-PZ","08/19/12 00:00:00",,0.69999999,2.4000001,,
"SIND-028-PZ","07/23/12 00:00:00",,0.56,17.1,,
"SIND-028-PZ","08/21/12 00:00:00",,0.56,5.1500001,,
"SIND-029-PZ","07/28/12 00:00:00",,0.44999999,18.5,,
"SIND-029-PZ","08/28/12 00:00:00",,0.44999999,14.4,,
"SIND-030-PZ","07/30/12 00:00:00",,0.85000002,13.3,,
"SIND-030-PZ","08/27/12 00:00:00",,0.85000002,1.2,,
"SIND-031-PZ","07/23/12 00:00:00",,0.51999998,24.200001,,
"SIND-031-PZ","08/27/12 00:00:00",,0.51999998,0,,
"SIND-032-PZ","07/27/12 00:00:00",,0.51999998,18.700001,,
"SIND-032-PZ","08/25/12 00:00:00",,0.51999998,10.05,,
"SIND-033-PZ","07/26/12 00:00:00",,0.64999998,12.3,,
"SIND-033-PZ","08/25/12 00:00:00",,0.64999998,5.5999999,,
"SIND-34-PTW-NEW","07/27/12 00:00:00",,1,32.950001,,
"SIND-028-PZ","10/22/12 00:00:00",,0.56,7.9000001,,
"SIND-34-PTW-NEW","08/27/12 00:00:00",,1,5.9000001,,
"SIND-019-A-PZ","09/15/12 00:00:00",,0.30000001,3.5,,
"SIND-019-A-PZ","10/17/12 00:00:00",,0.30000001,7.0999999,,
"SIND-019-B-PZ","09/15/12 00:00:00",,0.60000002,3.8,,
"SIND-019-B-PZ","10/17/12 00:00:00",,0.60000002,7.4499998,,
"SIND-019-C-PZ","09/15/12 00:00:00",,0.60000002,3.0999999,,
"SIND-019-C-PZ","10/17/12 00:00:00",,0.60000002,6.8000002,,
"SIND-020-PZ","10/18/12 00:00:00",,0.47999999,7.3000002,,
"SIND-020-PZ","09/18/12 00:00:00",,0.47999999,5.9000001,,
"SIND-021-PZ","10/28/12 00:00:00",,0.51999998,,"PZ Change",
"SIND-021-PZ","09/19/12 00:00:00",,0.51999998,,,
"SIND-022-PZ","10/16/12 00:00:00",,0.63,11.8,,
"SIND-022-PZ","09/17/12 00:00:00",,0.63,10.1,,
"SIND-023-PZ","09/17/12 00:00:00",,0.47,0.60000002,,
"SIND-023-PZ","10/16/12 00:00:00",,0.47,1.7,,
"SIND-025-PZ","10/26/12 00:00:00",,0.43000001,7.5500002,,
"SIND-025-PZ","09/19/12 00:00:00",,0.43000001,2.5999999,,
"SIND-027-PZ","09/26/12 00:00:00",,0.69999999,3.2,,
"SIND-027-PZ","10/20/12 00:00:00",,0.69999999,5.3000002,,
"SIND-035-NEW","10/23/12 00:00:00",,0.69999999,4.5999999,,
"SIND-035-NEW","09/20/12 00:00:00",,0.69999999,1.2,,
"SIND-036-PZ","10/18/12 00:00:00",,0.44999999,7.9000001,,
"SIND-036-PZ","09/18/12 00:00:00",,0.44999999,6.6999998,,
"SIND-037-PZ","09/18/12 00:00:00",,0.60000002,3.0999999,,
"SIND-037-PZ","10/18/12 00:00:00",,0.60000002,4.0999999,,
"SIND-040-PZ","10/16/12 00:00:00",,0.61000001,2.95,,
"SIND-040-PZ","09/20/12 00:00:00",,0.61000001,2.0999999,,
"SIND-PTW 38-PZ","10/23/12 00:00:00",,0.80000001,2.5,,
"SIND-PTW 38-PZ","09/20/12 00:00:00",,0.80000001,0.30000001,,
"SIND-PTW-21-NEW","10/28/12 00:00:00",,1,3.5999999,,
"SIND-PTW-21-NEW","09/19/12 00:00:00",,1,2.8,,
"SIND-06-PTW","10/28/12 00:00:00",,0.60000002,6.4000001,,
"SIND-06-PTW","09/29/12 00:00:00",,0.60000002,2.4000001,,
"SIND-PTW-07","10/30/12 00:00:00",,0.55000001,2.9000001,,
"SIND-PTW-07","09/29/12 00:00:00",,0.55000001,2.2,,
"SIND-008-PZ","10/20/12 00:00:00",,0.36000001,4.5999999,,
"SIND-008-PZ","09/24/12 00:00:00",,0.36000001,3.95,,
"SIND-009-PZ","10/20/12 00:00:00",,0.89999998,6.6999998,,
"SIND-009-PZ","09/24/12 00:00:00",,0.89999998,5.1999998,,
"SIND-010-PZ","10/20/12 00:00:00",,0.44999999,5.0999999,,
"SIND-010-PZ","09/24/12 00:00:00",,0.44999999,3.45,,
"SIND-011-PZ","10/21/12 00:00:00",,0.2,5.25,,
"SIND-011-PZ","09/23/12 00:00:00",,0.2,3.75,,
"SIND-012-PZ","10/19/12 00:00:00",,0.43000001,6.0999999,,
"SIND-012-PZ","09/24/12 00:00:00",,0.43000001,4.5500002,,
"SIND-013-PZ","10/18/12 00:00:00",,0.73000002,3.0999999,,
"SIND-013-PZ","09/22/12 00:00:00",,0.73000002,1.8,,
"SIND-014-PZ","10/18/12 00:00:00",,0.23999999,3.7,,
"SIND-014-PZ","09/22/12 00:00:00",,0.23999999,2.5,,
"SIND-015-PZ","10/19/12 00:00:00",,0.75,5.0500002,,
"SIND-015-PZ","09/19/12 00:00:00",,0.75,3.05,,
"SIND-016-PZ","10/19/12 00:00:00",,0.60000002,5.75,,
"SIND-016-PZ","09/20/12 00:00:00",,0.60000002,3.45,,
"SIND-017-PZ","10/26/12 00:00:00",,0.75,5.9499998,,
"SIND-017-PZ","09/20/12 00:00:00",,0.75,3.75,,
"SIND-026-PZ","09/20/12 00:00:00",,0.34,0.75,,
"SIND-026-PZ","10/26/12 00:00:00",,0.34,3.05,,
"SIND-039-A-PZ","10/19/12 00:00:00",,0.60000002,3.5,,
"SIND-039-A-PZ","09/23/12 00:00:00",,0.60000002,1.4,,
"SIND-039-B-PZ","10/19/12 00:00:00",,0.75,4.3499999,,
"SIND-039-B-PZ","09/23/12 00:00:00",,0.75,1.7,,
"SIND-PTW-18","10/26/12 00:00:00",,0.89999998,4.9000001,,
"SIND-PTW-18","09/20/12 00:00:00",,0.89999998,2.05,,
"SIND-002-PZ","10/26/12 00:00:00",,0.64999998,7.8000002,,
"SIND-002-PZ","09/21/12 00:00:00",,0.64999998,5.5500002,,
"SIND-003-PZ","10/26/12 00:00:00",,0.80000001,12.1,,
"SIND-003-PZ","09/21/12 00:00:00",,0.80000001,9.6999998,,
"SIND-004-A-PZ","10/29/12 00:00:00",,0.5,4.1999998,,
"SIND-004-A-PZ","09/25/12 00:00:00",,0.5,3.8,,
"SIND-004-B-PZ","09/25/12 00:00:00",,0.60000002,3.75,,
"SIND-004-B-PZ","10/29/12 00:00:00",,0.60000002,7.8000002,,
"SIND-004-C-PZ","10/29/12 00:00:00",,0.69999999,4.0999999,,
"SIND-004-C-PZ","09/25/12 00:00:00",,0.69999999,3.95,,
"SIND-005-PZ","09/27/12 00:00:00",,0.69999999,2.7,,
"SIND-005-PZ","10/22/12 00:00:00",,0.69999999,7.8000002,,
"SIND-028-PZ","09/27/12 00:00:00",,0.56,6.0999999,,
"SIND-029-PZ","10/29/12 00:00:00",,0.44999999,12.4,,
"SIND-029-PZ","09/25/12 00:00:00",,0.44999999,11.7,,
"SIND-030-PZ","10/30/12 00:00:00",,0.85000002,1.5,,
"SIND-030-PZ","09/29/12 00:00:00",,0.85000002,0.89999998,,
"SIND-031-PZ","10/30/12 00:00:00",,0.51999998,3.2,,
"SIND-031-PZ","09/29/12 00:00:00",,0.51999998,0.75,,
"SIND-032-PZ","10/27/12 00:00:00",,0.51999998,10.3,,
"SIND-032-PZ","09/24/12 00:00:00",,0.51999998,8.6999998,,
"SIND-033-PZ","09/21/12 00:00:00",,0.64999998,3.2,,
"SIND-033-PZ","10/27/12 00:00:00",,0.64999998,4.5,,
"SIND-34-PTW-NEW","10/28/12 00:00:00",,1,3.0999999,,
"SIND-34-PTW-NEW","09/22/12 00:00:00",,1,0.80000001,,
"SIND-PTW-01 NEW","10/26/12 00:00:00",,0.69999999,5.4000001,,
"SIND-PTW-01 NEW","09/22/12 00:00:00",,0.69999999,4,,
"SIND-PTW-01 NEW","11/20/12 00:00:00",,0.69999999,9.3999996,,
"SIND-PTW-01 NEW","12/21/12 00:00:00",,0.69999999,11.6,,
"SIND-002-PZ","11/20/12 00:00:00",,0.64999998,10.1,,
"SIND-002-PZ","12/21/12 00:00:00",,0.64999998,10.2,,
"SIND-003-PZ","11/20/12 00:00:00",,0.80000001,13.1,,
"SIND-003-PZ","12/21/12 00:00:00",,0.80000001,14.9,,
"SIND-004-A-PZ","11/22/12 00:00:00",,0.5,4.25,,
"SIND-004-A-PZ","12/24/12 00:00:00",,0.5,6.8000002,,
"SIND-004-B-PZ","12/24/12 00:00:00",,0.60000002,7.1500001,,
"SIND-004-B-PZ","11/22/12 00:00:00",,0.60000002,4.5500002,,
"SIND-004-C-PZ","12/24/12 00:00:00",,0.69999999,6.9499998,,
"SIND-004-C-PZ","11/22/12 00:00:00",,0.69999999,4.1999998,,
"SIND-005-PZ","12/27/12 00:00:00",,0.69999999,6.6999998,,
"SIND-005-PZ","11/23/12 00:00:00",,0.69999999,4.0999999,,
"SIND-028-PZ","12/27/12 00:00:00",,0.56,6.6999998,,
"SIND-028-PZ","11/23/12 00:00:00",,0.56,7,,
"SIND-029-PZ","12/24/12 00:00:00",,0.44999999,14.7,,
"SIND-029-PZ","11/22/12 00:00:00",,0.44999999,12.2,,
"SIND-030-PZ","12/23/12 00:00:00",,0.85000002,3.8,,
"SIND-030-PZ","11/23/12 00:00:00",,0.85000002,2.4000001,,
"SIND-031-PZ","12/27/12 00:00:00",,0.51999998,26.9,,
"SIND-031-PZ","11/23/12 00:00:00",,0.51999998,26.200001,,
"SIND-032-PZ","12/22/12 00:00:00",,0.51999998,16.950001,,
"SIND-032-PZ","11/21/12 00:00:00",,0.51999998,15.8,,
"SIND-033-PZ","12/21/12 00:00:00",,0.64999998,14.4,,
"SIND-033-PZ","11/21/12 00:00:00",,0.64999998,12.1,,
"SIND-34-PTW-NEW","12/22/12 00:00:00",,1,12.1,,
"SIND-34-PTW-NEW","11/21/12 00:00:00",,1,12.3,,
"SIND-019-A-PZ","12/18/12 00:00:00",,0.30000001,12.6,,
"SIND-019-A-PZ","11/24/12 00:00:00",,0.30000001,10.75,,
"SIND-019-B-PZ","11/24/12 00:00:00",,0.60000002,9.8500004,,
"SIND-019-B-PZ","12/18/12 00:00:00",,0.60000002,11.95,,
"SIND-019-C-PZ","11/24/12 00:00:00",,0.60000002,9.1999998,,
"SIND-019-C-PZ","12/18/12 00:00:00",,0.60000002,10.7,,
"SIND-020-PZ","11/24/12 00:00:00",,0.47999999,8.8999996,,
"SIND-020-PZ","12/19/12 00:00:00",,0.47999999,10.85,,
"SIND-021-PZ","11/25/12 00:00:00",,0.51999998,,,
"SIND-021-PZ","12/29/12 00:00:00",,0.51999998,,,
"SIND-022-PZ","11/25/12 00:00:00",,0.63,7.5500002,,
"SIND-022-PZ","12/19/12 00:00:00",,0.63,9.1999998,,
"SIND-023-PZ","11/25/12 00:00:00",,0.47,2.75,,
"SIND-023-PZ","12/20/12 00:00:00",,0.47,4.6999998,,
"SIND-025-PZ","11/25/12 00:00:00",,0.43000001,8.1000004,,
"SIND-025-PZ","12/30/12 00:00:00",,0.43000001,9.8999996,,
"SIND-027-PZ","11/23/12 00:00:00",,0.69999999,8.3500004,,
"SIND-027-PZ","12/26/12 00:00:00",,0.69999999,10.1,,
"SIND-035-NEW","11/26/12 00:00:00",,0.69999999,5.4000001,,
"SIND-035-NEW","12/20/12 00:00:00",,0.69999999,6.6999998,,
"SIND-036-PZ","11/27/12 00:00:00",,0.44999999,10.1,,
"SIND-036-PZ","12/28/12 00:00:00",,0.44999999,11.9,,
"SIND-037-PZ","11/27/12 00:00:00",,0.60000002,6.1999998,,
"SIND-037-PZ","12/28/12 00:00:00",,0.60000002,7.9499998,,
"SIND-PTW 38-PZ","11/16/12 00:00:00",,0.80000001,7,,
"SIND-PTW 38-PZ","12/19/12 00:00:00",,0.80000001,8.5,,
"SIND-040-PZ","11/27/12 00:00:00",,0.61000001,2.4000001,,
"SIND-040-PZ","12/19/12 00:00:00",,0.61000001,3.9000001,,
"SIND-06-PTW","11/24/12 00:00:00",,0.60000002,7.5999999,,
"SIND-06-PTW","12/26/12 00:00:00",,0.60000002,9.75,,
"SIND-PTW-07","11/24/12 00:00:00",,0.55000001,4.8000002,,
"SIND-PTW-07","12/26/12 00:00:00",,0.55000001,8.1499996,,
"SIND-008-PZ","11/21/12 00:00:00",,0.36000001,5.4499998,,
"SIND-008-PZ","12/21/12 00:00:00",,0.36000001,7.5500002,,
"SIND-009-PZ","11/21/12 00:00:00",,0.89999998,10.9,,
"SIND-009-PZ","12/21/12 00:00:00",,0.89999998,15.7,,
"SIND-010-PZ","11/21/12 00:00:00",,0.44999999,6.3499999,,
"SIND-010-PZ","12/21/12 00:00:00",,0.44999999,8.3000002,,
"SIND-011-PZ","11/22/12 00:00:00",,0.2,6.5500002,,
"SIND-011-PZ","12/22/12 00:00:00",,0.2,7.9499998,,
"SIND-012-PZ","11/21/12 00:00:00",,0.43000001,7.0999999,,
"SIND-012-PZ","12/22/12 00:00:00",,0.43000001,8.6999998,,
"SIND-013-PZ","11/20/12 00:00:00",,0.73000002,7.1500001,,
"SIND-013-PZ","12/20/12 00:00:00",,0.73000002,9.1499996,,
"SIND-014-PZ","11/20/12 00:00:00",,0.23999999,5.6999998,,
"SIND-014-PZ","12/20/12 00:00:00",,0.23999999,8.4499998,,
"SIND-015-PZ","11/20/12 00:00:00",,0.75,7.3000002,,
"SIND-015-PZ","12/20/12 00:00:00",,0.75,8.75,,
"SIND-016-PZ","11/23/12 00:00:00",,0.60000002,7.9000001,,
"SIND-016-PZ","12/23/12 00:00:00",,0.60000002,10.7,,
"SIND-017-PZ","11/23/12 00:00:00",,0.75,8.1000004,,
"SIND-017-PZ","12/23/12 00:00:00",,0.75,11.15,,
"SIND-PTW-18","11/23/12 00:00:00",,0.89999998,6.9499998,,
"SIND-PTW-18","12/23/12 00:00:00",,0.89999998,10.25,,
"SIND-026-PZ","11/20/12 00:00:00",,0.34,5.25,,
"SIND-026-PZ","12/20/12 00:00:00",,0.34,6.6999998,,
"SIND-039-A-PZ","11/22/12 00:00:00",,0.60000002,5.75,,
"SIND-039-A-PZ","12/22/12 00:00:00",,0.60000002,10.35,,
"SIND-039-B-PZ","11/22/12 00:00:00",,0.75,6.1500001,,
"SIND-039-B-PZ","12/22/12 00:00:00",,0.75,9.8000002,,
"SIND-002-PZ","01/30/13 00:00:00",,0.64999998,12.2,,
"SIND-003-PZ","01/24/13 00:00:00",,0.80000001,16.200001,,
"SIND-004-A-PZ","01/29/13 00:00:00",,0.5,10.6,,
"SIND-004-B-PZ","01/29/13 00:00:00",,0.60000002,10.2,,
"SIND-004-C-PZ","01/29/13 00:00:00",,0.69999999,9.8999996,,
"SIND-PTW-01 NEW","01/24/13 00:00:00",,0.69999999,16.799999,,
"SIND-028-PZ","01/30/13 00:00:00",,0.56,15.8,,
"SIND-029-PZ","01/29/13 00:00:00",,0.44999999,18.700001,,
"SIND-030-PZ","01/28/13 00:00:00",,0.85000002,5.5999999,,
"SIND-031-PZ","01/28/13 00:00:00",,0.51999998,27.200001,,
"SIND-032-PZ","01/25/13 00:00:00",,0.51999998,18.049999,,
"SIND-033-PZ","01/24/13 00:00:00",,0.64999998,22.200001,,
"SIND-34-PTW-NEW","01/25/13 00:00:00",,1,16.4,,
"SIND-06-PTW","01/25/13 00:00:00",,0.60000002,11.7,,
"SIND-PTW-07","01/25/13 00:00:00",,0.55000001,10.95,,
"SIND-008-PZ","01/20/13 00:00:00",,0.36000001,10.9,,
"SIND-009-PZ","01/20/13 00:00:00",,0.89999998,24.6,,
"SIND-010-PZ","01/20/13 00:00:00",,0.44999999,15.35,,
"SIND-011-PZ","01/21/13 00:00:00",,0.2,12.1,,
"SIND-012-PZ","01/22/13 00:00:00",,0.43000001,12.1,,
"SIND-013-PZ","01/22/13 00:00:00",,0.73000002,13.9,,
"SIND-014-PZ","01/22/13 00:00:00",,0.23999999,16.700001,,
"SIND-015-PZ","01/23/13 00:00:00",,0.75,15.45,,
"SIND-016-PZ","01/24/13 00:00:00",,0.60000002,16.9,,
"SIND-017-PZ","01/24/13 00:00:00",,0.75,19.15,,
"SIND-PTW-18","01/24/13 00:00:00",,0.89999998,15.9,,
"SIND-026-PZ","01/23/13 00:00:00",,0.34,10.45,,
"SIND-039-A-PZ","01/21/13 00:00:00",,0.60000002,10.7,,
"SIND-039-B-PZ","01/21/13 00:00:00",,0.75,10.5,,
"SIND-019-A-PZ","01/18/13 00:00:00",,0.30000001,17.450001,,
"SIND-019-B-PZ","01/18/13 00:00:00",,0.60000002,15.6,,
"SIND-019-C-PZ","01/18/13 00:00:00",,0.60000002,19.6,,
"SIND-020-PZ","01/20/13 00:00:00",,0.47999999,16.4,,
"SIND-021-PZ","01/20/13 00:00:00",,0.51999998,,,
"SIND-022-PZ","01/19/13 00:00:00",,0.63,18.6,,
"SIND-023-PZ","01/19/13 00:00:00",,0.47,8.3500004,,
"SIND-025-PZ","01/22/13 00:00:00",,0.43000001,10.7,,
"SIND-027-PZ","01/23/13 00:00:00",,0.69999999,15.2,,
"SIND-035-NEW","01/22/13 00:00:00",,0.69999999,8.9499998,,
"SIND-036-PZ","01/21/13 00:00:00",,0.44999999,13.55,,
"SIND-037-PZ","01/21/13 00:00:00",,0.60000002,10.5,,
"SIND-PTW 38-PZ","01/22/13 00:00:00",,0.80000001,9.8999996,,
"SIND-040-PZ","01/19/13 00:00:00",,0.61000001,3.5,,
"SIND-002-PZ","02/19/13 00:00:00",,0.64999998,18.450001,,
"SIND-003-PZ","02/18/13 00:00:00",,0.80000001,21.299999,,
"SIND-004-A-PZ","02/23/13 00:00:00",,0.5,12.6,,
"SIND-004-B-PZ","02/12/13 00:00:00",,0.60000002,15.2,,
"SIND-004-C-PZ","02/23/13 00:00:00",,0.69999999,13.9,,
"SIND-005-PZ","02/26/13 00:00:00",,0.69999999,8.5,,
"SIND-PTW-07","02/27/13 00:00:00",,0.55000001,12.55,,
"SIND-06-PTW","02/28/13 00:00:00",,0.60000002,12.1,,
"SIND-008-PZ","02/20/13 00:00:00",,0.36000001,13.14,,
"SIND-009-PZ","02/20/13 00:00:00",,0.89999998,25.799999,,
"SIND-010-PZ","02/20/13 00:00:00",,0.44999999,20.5,,
"SIND-011-PZ","02/21/13 00:00:00",,0.2,14.9,,
"SIND-012-PZ","02/22/13 00:00:00",,0.43000001,17.67,,
"SIND-013-PZ","02/22/13 00:00:00",,0.73000002,19.469999,,
"SIND-014-PZ","02/22/13 00:00:00",,0.23999999,20.559999,,
"SIND-015-PZ","02/23/13 00:00:00",,0.75,19.549999,,
"SIND-016-PZ","02/26/13 00:00:00",,0.60000002,18.200001,,
"SIND-017-PZ","02/26/13 00:00:00",,0.75,19.5,,
"SIND-PTW-18","02/26/13 00:00:00",,0.89999998,16.93,,
"SIND-PTW-01 NEW","02/19/13 00:00:00",,0.69999999,17.9,,
"SIND-PTW-01 NEW","03/26/13 00:00:00",,0.69999999,18.4,,
"SIND-002-PZ","03/26/13 00:00:00",,0.64999998,15.7,,
"SIND-003-PZ","03/25/13 00:00:00",,0.80000001,25.200001,,
"SIND-004-A-PZ","03/30/13 00:00:00",,0.5,14.5,,
"SIND-004-B-PZ","03/30/13 00:00:00",,0.60000002,18.6,,
"SIND-004-C-PZ","03/30/13 00:00:00",,0.69999999,15.4,,
"SIND-005-PZ","03/23/13 00:00:00",,0.69999999,9.8999996,,
"SIND-028-PZ","02/26/13 00:00:00",,0.56,18.540001,,
"SIND-028-PZ","03/23/13 00:00:00",,0.56,18.9,,
"SIND-029-PZ","02/22/13 00:00:00",,0.44999999,19.75,,
"SIND-029-PZ","03/30/13 00:00:00",,0.44999999,20.299999,,
"SIND-030-PZ","03/29/13 00:00:00",,0.85000002,11.2,,
"SIND-030-PZ","02/21/13 00:00:00",,0.85000002,9.5500002,,
"SIND-031-PZ","02/21/13 00:00:00",,0.51999998,27.58,,
"SIND-031-PZ","03/23/13 00:00:00",,0.51999998,29.299999,,
"SIND-032-PZ","02/20/13 00:00:00",,0.51999998,19.879999,,
"SIND-032-PZ","03/28/13 00:00:00",,0.51999998,20.9,,
"SIND-033-PZ","02/19/13 00:00:00",,0.64999998,23.4,,
"SIND-033-PZ","03/26/13 00:00:00",,0.64999998,24.1,,
"SIND-34-PTW-NEW","02/28/13 00:00:00",,1,20.1,,
"SIND-34-PTW-NEW","03/28/13 00:00:00",,1,20.4,,
"SIND-06-PTW","03/25/13 00:00:00",,0.60000002,13.2,,
"SIND-PTW-07","03/26/13 00:00:00",,0.55000001,13.6,,
"SIND-008-PZ","03/21/13 00:00:00",,0.36000001,14.1,,
"SIND-009-PZ","03/21/13 00:00:00",,0.89999998,31.9,,
"SIND-010-PZ","03/21/13 00:00:00",,0.44999999,21.700001,,
"SIND-011-PZ","03/22/13 00:00:00",,0.2,16.25,,
"SIND-012-PZ","03/21/13 00:00:00",,0.43000001,19.15,,
"SIND-013-PZ","03/20/13 00:00:00",,0.73000002,20.799999,,
"SIND-014-PZ","03/20/13 00:00:00",,0.23999999,21.700001,,
"SIND-015-PZ","03/20/13 00:00:00",,0.75,22.299999,,
"SIND-016-PZ","03/23/13 00:00:00",,0.60000002,19.9,,
"SIND-017-PZ","03/23/13 00:00:00",,0.75,21.15,,
"SIND-PTW-18","03/23/13 00:00:00",,0.89999998,18.1,,
"SIND-026-PZ","03/20/13 00:00:00",,0.34,8.8000002,,
"SIND-026-PZ","02/18/13 00:00:00",,0.34,7.7600002,,
"SIND-039-A-PZ","03/22/13 00:00:00",,0.60000002,20.700001,,
"SIND-039-A-PZ","02/28/13 00:00:00",,0.60000002,19.040001,,
"SIND-039-B-PZ","02/23/13 00:00:00",,0.75,14.65,,
"SIND-039-B-PZ","03/22/13 00:00:00",,0.75,16.200001,,
"SIND-019-A-PZ","02/27/13 00:00:00",,0.30000001,17.5,,
"SIND-019-A-PZ","03/16/13 00:00:00",,0.30000001,18.799999,,
"SIND-019-B-PZ","03/16/13 00:00:00",,0.60000002,17.700001,,
"SIND-019-B-PZ","02/27/13 00:00:00",,0.60000002,16.200001,,
"SIND-019-C-PZ","02/27/13 00:00:00",,0.60000002,23.200001,,
"SIND-019-C-PZ","03/16/13 00:00:00",,0.60000002,23.6,,
"SIND-020-PZ","03/19/13 00:00:00",,0.47999999,17.4,,
"SIND-020-PZ","02/27/13 00:00:00",,0.47999999,16.6,,
"SIND-021-PZ","02/27/13 00:00:00",,0.51999998,,,
"SIND-021-PZ","03/19/13 00:00:00",,0.51999998,,,
"SIND-022-PZ","02/28/13 00:00:00",,0.63,19.469999,,
"SIND-022-PZ","03/18/13 00:00:00",,0.63,20.299999,,
"SIND-023-PZ","02/28/13 00:00:00",,0.47,8.9300003,,
"SIND-023-PZ","03/18/13 00:00:00",,0.47,10.3,,
"SIND-025-PZ","02/18/13 00:00:00",,0.43000001,12.77,,
"SIND-025-PZ","03/21/13 00:00:00",,0.43000001,13.2,,
"SIND-027-PZ","03/28/13 00:00:00",,0.69999999,18.5,,
"SIND-027-PZ","02/26/13 00:00:00",,0.69999999,17,,
"SIND-035-NEW","02/18/13 00:00:00",,0.69999999,11.7,,
"SIND-035-NEW","03/25/13 00:00:00",,0.69999999,12.6,,
"SIND-036-PZ","03/20/13 00:00:00",,0.44999999,14.5,,
"SIND-036-PZ","02/24/13 00:00:00",,0.44999999,14.75,,
"SIND-037-PZ","03/20/13 00:00:00",,0.60000002,24.6,,
"SIND-037-PZ","02/24/13 00:00:00",,0.60000002,19,,
"SIND-040-PZ","02/28/13 00:00:00",,0.61000001,9.6899996,,
"SIND-040-PZ","03/18/13 00:00:00",,0.61000001,10.1,,
"SIND-PTW 38-PZ","03/25/13 00:00:00",,0.80000001,11.8,,
"SIND-PTW 38-PZ","02/18/13 00:00:00",,0.80000001,11.3,,
"SIND-PTW-01 NEW","04/26/13 00:00:00",,0.69999999,20.6,,
"SIND-002-PZ","04/26/13 00:00:00",,0.64999998,21.4,,
"SIND-003-PZ","04/24/13 00:00:00",,0.80000001,24.299999,,
"SIND-004-A-PZ","04/30/13 00:00:00",,0.5,16.200001,,
"SIND-004-B-PZ","04/30/13 00:00:00",,0.60000002,18.700001,,
"SIND-004-C-PZ","04/30/13 00:00:00",,0.69999999,16.799999,,
"SIND-005-PZ","04/23/13 00:00:00",,0.69999999,11.3,,
"SIND-028-PZ","04/24/13 00:00:00",,0.56,19.1,,
"SIND-029-PZ","04/30/13 00:00:00",,0.44999999,21.700001,,
"SIND-030-PZ","04/29/13 00:00:00",,0.85000002,13.8,,
"SIND-031-PZ","04/24/13 00:00:00",,0.51999998,31.4,,
"SIND-032-PZ","04/27/13 00:00:00",,0.51999998,22.700001,,
"SIND-033-PZ","04/26/13 00:00:00",,0.64999998,26.1,,
"SIND-34-PTW-NEW","04/27/13 00:00:00",,1,23.4,,
"SIND-PTW-07","04/26/13 00:00:00",,0.55000001,18.5,,
"SIND-008-PZ","04/21/13 00:00:00",,0.36000001,16.200001,,
"SIND-009-PZ","04/21/13 00:00:00",,0.89999998,34.400002,,
"SIND-010-PZ","04/21/13 00:00:00",,0.44999999,23.9,,
"SIND-011-PZ","04/22/13 00:00:00",,0.2,18.9,,
"SIND-012-PZ","04/21/13 00:00:00",,0.43000001,21.4,,
"SIND-013-PZ","04/20/13 00:00:00",,0.73000002,23.799999,,
"SIND-014-PZ","04/20/13 00:00:00",,0.23999999,24.1,,
"SIND-015-PZ","04/20/13 00:00:00",,0.75,24.299999,,
"SIND-016-PZ","04/23/13 00:00:00",,0.60000002,23.700001,,
"SIND-017-PZ","04/23/13 00:00:00",,0.75,24.299999,,
"SIND-PTW-18","04/23/13 00:00:00",,0.89999998,21.1,,
"SIND-026-PZ","04/20/13 00:00:00",,0.34,15.6,,
"SIND-039-A-PZ","04/22/13 00:00:00",,0.60000002,28.5,,
"SIND-039-B-PZ","04/22/13 00:00:00",,0.75,20.6,,
"SIND-019-A-PZ","04/16/13 00:00:00",,0.30000001,20.4,,
"SIND-019-B-PZ","04/16/13 00:00:00",,0.60000002,19.200001,,
"SIND-019-C-PZ","04/16/13 00:00:00",,0.60000002,24.700001,,
"SIND-020-PZ","04/19/13 00:00:00",,0.47999999,19.799999,,
"SIND-021-PZ","04/19/13 00:00:00",,0.51999998,,,
"SIND-022-PZ","04/18/13 00:00:00",,0.63,21.6,,
"SIND-023-PZ","04/18/13 00:00:00",,0.47,10.7,,
"SIND-025-PZ","04/22/13 00:00:00",,0.43000001,14.8,,
"SIND-027-PZ","04/22/13 00:00:00",,0.69999999,19.6,,
"SIND-035-NEW","04/25/13 00:00:00",,0.69999999,15.2,,
"SIND-036-PZ","04/21/13 00:00:00",,0.44999999,14.9,,
"SIND-037-PZ","04/21/13 00:00:00",,0.60000002,25.1,,
"SIND-040-PZ","04/18/13 00:00:00",,0.61000001,10.7,,
"SIND-PTW 38-PZ","04/25/13 00:00:00",,0.80000001,13.3,,
"SIND-002-PZ","05/23/13 00:00:00",,0.64999998,21.549999,,
"SIND-002-PZ","06/23/13 00:00:00",,0.64999998,21.9,,
"SIND-002-PZ","07/23/13 00:00:00",,0.64999998,6.0500002,,
"SIND-003-PZ","05/25/13 00:00:00",,0.80000001,25.5,,
"SIND-003-PZ","06/23/13 00:00:00",,0.80000001,15.15,,
"SIND-003-PZ","07/23/13 00:00:00",,0.80000001,4.9000001,,
"SIND-004-A-PZ","05/27/13 00:00:00",,0.5,15.7,,
"SIND-004-A-PZ","06/27/13 00:00:00",,0.5,13.7,,
"SIND-004-A-PZ","07/27/13 00:00:00",,0.5,4,,
"SIND-004-B-PZ","05/27/13 00:00:00",,0.60000002,23.700001,,
"SIND-004-B-PZ","06/27/13 00:00:00",,0.60000002,19.450001,,
"SIND-004-B-PZ","07/27/13 00:00:00",,0.60000002,3.7,,
"SIND-004-C-PZ","05/27/13 00:00:00",,0.69999999,15.3,,
"SIND-004-C-PZ","06/27/13 00:00:00",,0.69999999,13,,
"SIND-004-C-PZ","07/27/13 00:00:00",,0.69999999,3.7,,
"SIND-005-PZ","05/17/13 00:00:00",,0.69999999,10.1,,
"SIND-005-PZ","06/18/13 00:00:00",,0.69999999,8.1000004,,
"SIND-005-PZ","07/18/13 00:00:00",,0.69999999,1.9,,
"SIND-06-PTW","05/24/13 00:00:00",,0.60000002,11.6,,
"SIND-06-PTW","06/24/13 00:00:00",,0.60000002,9.9499998,,
"SIND-06-PTW","07/25/13 00:00:00",,0.60000002,7.0999999,,
"SIND-PTW-07","05/22/13 00:00:00",,0.55000001,31.15,,
"SIND-PTW-07","06/22/13 00:00:00",,0.55000001,28.5,,
"SIND-PTW-07","07/25/13 00:00:00",,0.55000001,24.15,,
"SIND-008-PZ","05/17/13 00:00:00",,0.36000001,15.84,,
"SIND-008-PZ","06/17/13 00:00:00",,0.36000001,13.8,,
"SIND-008-PZ","07/17/13 00:00:00",,0.36000001,8.3000002,,
"SIND-009-PZ","05/27/13 00:00:00",,0.89999998,37.700001,,
"SIND-009-PZ","06/17/13 00:00:00",,0.89999998,35.599998,,
"SIND-009-PZ","07/22/13 00:00:00",,0.89999998,29.1,,
"SIND-010-PZ","05/17/13 00:00:00",,0.44999999,25.85,,
"SIND-010-PZ","06/17/13 00:00:00",,0.44999999,23.75,,
"SIND-010-PZ","07/22/13 00:00:00",,0.44999999,17.299999,,
"SIND-011-PZ","05/18/13 00:00:00",,0.2,19,,
"SIND-011-PZ","06/17/13 00:00:00",,0.2,18.1,,
"SIND-011-PZ","07/22/13 00:00:00",,0.2,13.6,,
"SIND-012-PZ","05/19/13 00:00:00",,0.43000001,21.27,,
"SIND-012-PZ","06/18/13 00:00:00",,0.43000001,19.35,,
"SIND-012-PZ","07/23/13 00:00:00",,0.43000001,14.35,,
"SIND-013-PZ","05/19/13 00:00:00",,0.73000002,23.68,,
"SIND-013-PZ","06/19/13 00:00:00",,0.73000002,22.15,,
"SIND-013-PZ","07/23/13 00:00:00",,0.73000002,17.6,,
"SIND-014-PZ","05/19/13 00:00:00",,0.23999999,23.959999,,
"SIND-014-PZ","06/19/13 00:00:00",,0.23999999,22.5,,
"SIND-014-PZ","07/23/13 00:00:00",,0.23999999,17.450001,,
"SIND-015-PZ","05/20/13 00:00:00",,0.75,24.700001,,
"SIND-015-PZ","06/20/13 00:00:00",,0.75,23.299999,,
"SIND-015-PZ","07/23/13 00:00:00",,0.75,18.299999,,
"SIND-016-PZ","05/18/13 00:00:00",,0.60000002,25.5,,
"SIND-016-PZ","06/21/13 00:00:00",,0.60000002,24.1,,
"SIND-016-PZ","07/24/13 00:00:00",,0.60000002,19.700001,,
"SIND-017-PZ","05/18/13 00:00:00",,0.75,24.049999,,
"SIND-017-PZ","06/21/13 00:00:00",,0.75,22.700001,,
"SIND-017-PZ","07/24/13 00:00:00",,0.75,17.9,,
"SIND-PTW-18","05/21/13 00:00:00",,0.89999998,14.03,,
"SIND-PTW-18","06/21/13 00:00:00",,0.89999998,13.75,,
"SIND-PTW-18","07/24/13 00:00:00",,0.89999998,9.75,,
"SIND-019-A-PZ","05/24/13 00:00:00",,0.30000001,14.4,,
"SIND-019-A-PZ","06/25/13 00:00:00",,0.30000001,13.5,,
"SIND-019-A-PZ","07/25/13 00:00:00",,0.30000001,7.9000001,,
"SIND-019-B-PZ","05/24/13 00:00:00",,0.60000002,16.9,,
"SIND-019-B-PZ","06/25/13 00:00:00",,0.60000002,15.4,,
"SIND-019-B-PZ","07/25/13 00:00:00",,0.60000002,9.6000004,,
"SIND-019-C-PZ","05/24/13 00:00:00",,0.60000002,24.450001,,
"SIND-019-C-PZ","06/25/13 00:00:00",,0.60000002,23.1,,
"SIND-019-C-PZ","07/25/13 00:00:00",,0.60000002,14.7,,
"SIND-020-PZ","05/29/13 00:00:00",,0.47999999,20.92,,
"SIND-020-PZ","06/28/13 00:00:00",,0.47999999,19.5,,
"SIND-020-PZ","07/29/13 00:00:00",,0.47999999,12.3,,
"SIND-021-PZ","05/29/13 00:00:00",,0.51999998,,,
"SIND-021-PZ","06/28/13 00:00:00",,0.51999998,,,
"SIND-021-PZ","07/29/13 00:00:00",,0.51999998,,,
"SIND-022-PZ","05/24/13 00:00:00",,0.63,31.870001,,
"SIND-022-PZ","06/28/13 00:00:00",,0.63,32.099998,,
"SIND-022-PZ","07/30/13 00:00:00",,0.63,2.3199999,,
"SIND-023-PZ","05/20/13 00:00:00",,0.47,12.63,,
"SIND-023-PZ","06/29/13 00:00:00",,0.47,12.35,,
"SIND-023-PZ","07/30/13 00:00:00",,0.47,0.88,,
"SIND-025-PZ","05/20/13 00:00:00",,0.43000001,17.68,,
"SIND-025-PZ","06/30/13 00:00:00",,0.43000001,17.1,,
"SIND-025-PZ","07/31/13 00:00:00",,0.43000001,2.1700001,,
"SIND-027-PZ","05/16/13 00:00:00",,0.69999999,18.9,,
"SIND-027-PZ","06/16/13 00:00:00",,0.69999999,14,,
"SIND-027-PZ","07/17/13 00:00:00",,0.69999999,2.5,,
"SIND-035-NEW","05/22/13 00:00:00",,0.69999999,11.55,,
"SIND-035-NEW","06/20/13 00:00:00",,0.69999999,10.2,,
"SIND-035-NEW","07/20/13 00:00:00",,0.69999999,1.6,,
"SIND-036-PZ","05/28/13 00:00:00",,0.44999999,14.25,,
"SIND-036-PZ","06/21/13 00:00:00",,0.44999999,14.15,,
"SIND-036-PZ","07/20/13 00:00:00",,0.44999999,6.3499999,,
"SIND-037-PZ","05/28/13 00:00:00",,0.60000002,23.15,,
"SIND-037-PZ","06/21/13 00:00:00",,0.60000002,22.799999,,
"SIND-037-PZ","07/26/13 00:00:00",,0.60000002,4.0999999,,
"SIND-PTW 38-PZ","05/21/13 00:00:00",,0.80000001,20.4,,
"SIND-PTW 38-PZ","06/20/13 00:00:00",,0.80000001,19.5,,
"SIND-PTW 38-PZ","07/26/13 00:00:00",,0.80000001,0.5,,
"SIND-040-PZ","05/20/13 00:00:00",,0.61000001,11.59,,
"SIND-040-PZ","06/29/13 00:00:00",,0.61000001,4.0999999,,
"SIND-040-PZ","07/30/13 00:00:00",,0.61000001,5.2399998,,
"SIND-026-PZ","05/20/13 00:00:00",,0.34,12.26,,
"SIND-026-PZ","06/20/13 00:00:00",,0.34,11.15,,
"SIND-026-PZ","07/24/13 00:00:00",,0.34,5.8000002,,
"SIND-028-PZ","05/18/13 00:00:00",,0.56,18.540001,,
"SIND-028-PZ","06/18/13 00:00:00",,0.56,15.15,,
"SIND-028-PZ","07/18/13 00:00:00",,0.56,5.9400001,,
"SIND-029-PZ","05/27/13 00:00:00",,0.44999999,18.15,,
"SIND-029-PZ","06/27/13 00:00:00",,0.44999999,15.8,,
"SIND-029-PZ","07/27/13 00:00:00",,0.44999999,9.8500004,,
"SIND-030-PZ","05/27/13 00:00:00",,0.85000002,13.45,,
"SIND-030-PZ","06/30/13 00:00:00",,0.85000002,12.4,,
"SIND-030-PZ","07/18/13 00:00:00",,0.85000002,1.95,,
"SIND-031-PZ","05/19/13 00:00:00",,0.51999998,30.879999,,
"SIND-031-PZ","06/30/13 00:00:00",,0.51999998,27.200001,,
"SIND-031-PZ","07/18/13 00:00:00",,0.51999998,0.77999997,,
"SIND-032-PZ","05/25/13 00:00:00",,0.51999998,19.030001,,
"SIND-032-PZ","06/19/13 00:00:00",,0.51999998,17.799999,,
"SIND-032-PZ","07/20/13 00:00:00",,0.51999998,7.2800002,,
"SIND-033-PZ","05/25/13 00:00:00",,0.64999998,23.9,,
"SIND-033-PZ","06/19/13 00:00:00",,0.64999998,17.1,,
"SIND-033-PZ","07/20/13 00:00:00",,0.64999998,13.95,,
"SIND-34-PTW-NEW","05/24/13 00:00:00",,1,36.25,,
"SIND-34-PTW-NEW","06/20/13 00:00:00",,1,26,,
"SIND-34-PTW-NEW","07/21/13 00:00:00",,1,4.4000001,,
"SIND-PTW-01 NEW","05/24/13 00:00:00",,0.69999999,26.25,,
"SIND-PTW-01 NEW","06/24/13 00:00:00",,0.69999999,26.15,,
"SIND-002-PZ","08/23/13 00:00:00",,0.64999998,4.5500002,,
"SIND-003-PZ","08/23/13 00:00:00",,0.80000001,3.3,,
"SIND-004-A-PZ","08/26/13 00:00:00",,0.5,3.3,,
"SIND-004-B-PZ","08/26/13 00:00:00",,0.60000002,3,,
"SIND-004-C-PZ","08/26/13 00:00:00",,0.69999999,3.0999999,,
"SIND-005-PZ","08/18/13 00:00:00",,0.69999999,0.15000001,,
"SIND-008-PZ","08/27/13 00:00:00",,0.36000001,6.25,,
"SIND-009-PZ","08/22/13 00:00:00",,0.89999998,19.1,,
"SIND-010-PZ","08/22/13 00:00:00",,0.44999999,14.4,,
"SIND-011-PZ","08/22/13 00:00:00",,0.2,11.6,,
"SIND-012-PZ","08/23/13 00:00:00",,0.43000001,11.35,,
"SIND-013-PZ","08/23/13 00:00:00",,0.73000002,12.7,,
"SIND-014-PZ","08/23/13 00:00:00",,0.23999999,12.5,,
"SIND-015-PZ","08/23/13 00:00:00",,0.75,14.75,,
"SIND-016-PZ","08/24/13 00:00:00",,0.60000002,16.299999,,
"SIND-017-PZ","08/24/13 00:00:00",,0.75,14.5,,
"SIND-019-A-PZ","08/22/13 00:00:00",,0.30000001,5.8000002,,
"SIND-019-B-PZ","08/22/13 00:00:00",,0.60000002,8.3000002,,
"SIND-019-C-PZ","08/22/13 00:00:00",,0.60000002,11.2,,
"SIND-020-PZ","08/20/13 00:00:00",,0.47999999,16.120001,,
"SIND-021-PZ","08/20/13 00:00:00",,0.51999998,,,
"SIND-022-PZ","08/19/13 00:00:00",,0.63,2.02,,
"SIND-023-PZ","08/23/13 00:00:00",,0.47,0.5,,
"SIND-025-PZ","08/27/13 00:00:00",,0.43000001,5.6999998,,
"SIND-027-PZ","08/29/13 00:00:00",,0.69999999,0.64999998,,
"SIND-028-PZ","08/30/13 00:00:00",,0.56,0.75,,
"SIND-029-PZ","08/26/13 00:00:00",,0.44999999,6,,
"SIND-030-PZ","08/29/13 00:00:00",,0.85000002,1.2,,
"SIND-032-PZ","08/16/13 00:00:00",,0.51999998,11.4,,
"SIND-033-PZ","08/18/13 00:00:00",,0.64999998,2.8,,
"SIND-035-NEW","08/31/13 00:00:00",,0.69999999,0.89999998,,
"SIND-036-PZ","08/17/13 00:00:00",,0.44999999,2.3499999,,
"SIND-037-PZ","08/17/13 00:00:00",,0.60000002,0.34999999,,
"SIND-039-A-PZ","07/22/13 00:00:00",,0.60000002,16.299999,,
"SIND-039-B-PZ","07/22/13 00:00:00",,0.75,3.0999999,,
"SIND-040-PZ","08/19/13 00:00:00",,0.61000001,4.5999999,,
"SIND-06-PTW","08/25/13 00:00:00",,0.60000002,4.1999998,,
"SIND-34-PTW-NEW","08/19/13 00:00:00",,1,0.5,,
"SIND-PTW 38-PZ","08/31/13 00:00:00",,0.80000001,0.30000001,,
"SIND-PTW-01 NEW","08/24/13 00:00:00",,0.69999999,4.5500002,,
"SIND-PTW-07","08/25/13 00:00:00",,0.55000001,12.3,,
"SIND-PTW-18","08/24/13 00:00:00",,0.89999998,5.5999999,,
"SIND-PTW-21-NEW","08/20/13 00:00:00",,1,2.5999999,,
"SIND-PTW-01 NEW","09/24/13 00:00:00",,0.69999999,4.8000002,,
"SIND-PTW-01 NEW","10/24/13 00:00:00",,0.69999999,5.3000002,,
"SIND-PTW-01 NEW","11/30/13 00:00:00",,0.69999999,6.0999999,,
"SIND-002-PZ","09/23/13 00:00:00",,0.64999998,5.6999998,,
"SIND-002-PZ","10/23/13 00:00:00",,0.64999998,7.5,,
"SIND-002-PZ","11/30/13 00:00:00",,0.64999998,7.3000002,,
"SIND-003-PZ","09/23/13 00:00:00",,0.80000001,3.6500001,,
"SIND-003-PZ","10/22/13 00:00:00",,0.80000001,10.7,,
"SIND-003-PZ","11/29/13 00:00:00",,0.80000001,11,,
"SIND-004-A-PZ","09/26/13 00:00:00",,0.5,3.7,,
"SIND-004-A-PZ","10/26/13 00:00:00",,0.5,4.5999999,,
"SIND-004-A-PZ","11/29/13 00:00:00",,0.5,4.6500001,,
"SIND-004-B-PZ","09/26/13 00:00:00",,0.60000002,3.5,,
"SIND-004-B-PZ","10/26/13 00:00:00",,0.60000002,4.8499999,,
"SIND-004-B-PZ","11/29/13 00:00:00",,0.60000002,4.5,,
"SIND-004-C-PZ","09/26/13 00:00:00",,0.69999999,3.8499999,,
"SIND-004-C-PZ","10/26/13 00:00:00",,0.69999999,4.5,,
"SIND-004-C-PZ","11/29/13 00:00:00",,0.69999999,4.1500001,,
"SIND-005-PZ","09/18/13 00:00:00",,0.69999999,1.2,,
"SIND-005-PZ","10/28/13 00:00:00",,0.69999999,3.4000001,,
"SIND-005-PZ","11/29/13 00:00:00",,0.69999999,4.0500002,,
"SIND-06-PTW","09/25/13 00:00:00",,0.60000002,2.9000001,,
"SIND-06-PTW","10/25/13 00:00:00",,0.60000002,5.9000001,,
"SIND-06-PTW","11/26/13 00:00:00",,0.60000002,7.5,,
"SIND-PTW-07","09/25/13 00:00:00",,0.55000001,6.3000002,,
"SIND-PTW-07","10/25/13 00:00:00",,0.55000001,6.9000001,,
"SIND-PTW-07","11/27/13 00:00:00",,0.55000001,4.5500002,,
"SIND-008-PZ","09/27/13 00:00:00",,0.36000001,5.1999998,,
"SIND-008-PZ","10/27/13 00:00:00",,0.36000001,6.3000002,,
"SIND-008-PZ","11/30/13 00:00:00",,0.36000001,4.3499999,,
"SIND-009-PZ","09/22/13 00:00:00",,0.89999998,6.0999999,,
"SIND-009-PZ","10/26/13 00:00:00",,0.89999998,6.9000001,,
"SIND-009-PZ","11/30/13 00:00:00",,0.89999998,9.9499998,,
"SIND-010-PZ","09/22/13 00:00:00",,0.44999999,4.6999998,,
"SIND-010-PZ","10/26/13 00:00:00",,0.44999999,5.5,,
"SIND-010-PZ","11/30/13 00:00:00",,0.44999999,5.9000001,,
"SIND-011-PZ","09/22/13 00:00:00",,0.2,7.3000002,,
"SIND-011-PZ","10/26/13 00:00:00",,0.2,8.3999996,,
"SIND-011-PZ","11/30/13 00:00:00",,0.2,6.4499998,,
"SIND-012-PZ","09/23/13 00:00:00",,0.43000001,6.8299999,,
"SIND-012-PZ","10/24/13 00:00:00",,0.43000001,6.3000002,,
"SIND-012-PZ","11/30/13 00:00:00",,0.43000001,7.0500002,,
"SIND-013-PZ","09/23/13 00:00:00",,0.73000002,3.9300001,,
"SIND-013-PZ","10/24/13 00:00:00",,0.73000002,4.0999999,,
"SIND-013-PZ","11/30/13 00:00:00",,0.73000002,7,,
"SIND-014-PZ","09/24/13 00:00:00",,0.23999999,4.1500001,,
"SIND-014-PZ","10/24/13 00:00:00",,0.23999999,4.4000001,,
"SIND-014-PZ","11/30/13 00:00:00",,0.23999999,5.5500002,,
"SIND-015-PZ","09/24/13 00:00:00",,0.75,4.6999998,,
"SIND-015-PZ","10/24/13 00:00:00",,0.75,5.3000002,,
"SIND-015-PZ","11/30/13 00:00:00",,0.75,7.25,,
"SIND-016-PZ","09/24/13 00:00:00",,0.60000002,4.3000002,,
"SIND-016-PZ","10/24/13 00:00:00",,0.60000002,5.8000002,,
"SIND-016-PZ","11/30/13 00:00:00",,0.60000002,6.9499998,,
"SIND-017-PZ","09/24/13 00:00:00",,0.75,6.4499998,,
"SIND-017-PZ","10/21/13 00:00:00",,0.75,6.5500002,,
"SIND-017-PZ","11/30/13 00:00:00",,0.75,7.9000001,,
"SIND-PTW-18","09/24/13 00:00:00",,0.89999998,3.8,,
"SIND-PTW-18","10/21/13 00:00:00",,0.89999998,4.8000002,,
"SIND-PTW-18","11/30/13 00:00:00",,0.89999998,6.4499998,,
"SIND-019-A-PZ","09/21/13 00:00:00",,0.30000001,6.5,,
"SIND-019-A-PZ","10/21/13 00:00:00",,0.30000001,7.3000002,,
"SIND-019-A-PZ","11/29/13 00:00:00",,0.30000001,9.8500004,,
"SIND-019-B-PZ","09/21/13 00:00:00",,0.60000002,8.6000004,,
"SIND-019-B-PZ","10/21/13 00:00:00",,0.60000002,8.8999996,,
"SIND-019-B-PZ","11/29/13 00:00:00",,0.60000002,9.25,,
"SIND-019-C-PZ","09/21/13 00:00:00",,0.60000002,10.7,,
"SIND-019-C-PZ","10/21/13 00:00:00",,0.60000002,11.2,,
"SIND-019-C-PZ","11/29/13 00:00:00",,0.60000002,8.9499998,,
"SIND-020-PZ","08/20/13 00:00:00",,0.47999999,7.02,,
"SIND-020-PZ","10/20/13 00:00:00",,0.47999999,7.4000001,,
"SIND-020-PZ","11/29/13 00:00:00",,0.47999999,8.25,,
"SIND-021-PZ","09/20/13 00:00:00",,0.51999998,,,
"SIND-021-PZ","10/20/13 00:00:00",,0.51999998,,,
"SIND-021-PZ","12/07/13 00:00:00",,0.51999998,,"PZ Change",
"SIND-022-PZ","09/19/13 00:00:00",,0.63,2.6700001,,
"SIND-022-PZ","10/19/13 00:00:00",,0.63,5.6999998,,
"SIND-022-PZ","11/27/13 00:00:00",,0.63,7.1500001,,
"SIND-023-PZ","09/19/13 00:00:00",,0.47,1.13,,
"SIND-023-PZ","10/19/13 00:00:00",,0.47,2.3499999,,
"SIND-023-PZ","11/27/13 00:00:00",,0.47,2.7,,
"SIND-025-PZ","09/27/13 00:00:00",,0.43000001,6.2199998,,
"SIND-025-PZ","10/27/13 00:00:00",,0.43000001,7.6999998,,
"SIND-025-PZ","11/27/13 00:00:00",,0.43000001,7.8499999,,
"SIND-026-PZ","09/24/13 00:00:00",,0.34,0.94999999,,
"SIND-026-PZ","10/24/13 00:00:00",,0.34,1.45,,
"SIND-026-PZ","11/27/13 00:00:00",,0.34,4.9499998,,
"SIND-027-PZ","09/25/13 00:00:00",,0.69999999,1.6,,
"SIND-027-PZ","10/25/13 00:00:00",,0.69999999,4.9000001,,
"SIND-027-PZ","11/26/13 00:00:00",,0.69999999,7.8499999,,
"SIND-028-PZ","09/25/13 00:00:00",,0.56,1.14,,
"SIND-028-PZ","10/25/13 00:00:00",,0.56,7.75,,
"SIND-028-PZ","11/26/13 00:00:00",,0.56,6.6999998,,
"SIND-029-PZ","09/26/13 00:00:00",,0.44999999,5.75,,
"SIND-029-PZ","10/26/13 00:00:00",,0.44999999,9.1000004,,
"SIND-029-PZ","11/26/13 00:00:00",,0.44999999,11.15,,
"SIND-030-PZ","09/26/13 00:00:00",,0.85000002,6.8499999,,
"SIND-030-PZ","10/28/13 00:00:00",,0.85000002,3.0999999,,
"SIND-030-PZ","11/26/13 00:00:00",,0.85000002,2.3499999,,
"SIND-031-PZ","09/25/13 00:00:00",,0.51999998,1.58,,
"SIND-031-PZ","10/28/13 00:00:00",,0.51999998,3.3,,
"SIND-031-PZ","11/26/13 00:00:00",,0.51999998,25,,
"SIND-032-PZ","09/25/13 00:00:00",,0.51999998,5.1300001,,
"SIND-032-PZ","10/29/13 00:00:00",,0.51999998,11.2,,
"SIND-032-PZ","11/26/13 00:00:00",,0.51999998,15.05,,
"SIND-033-PZ","09/25/13 00:00:00",,0.64999998,4.25,,
"SIND-033-PZ","10/29/13 00:00:00",,0.64999998,5.25,,
"SIND-033-PZ","11/26/13 00:00:00",,0.64999998,11.45,,
"SIND-34-PTW-NEW","09/25/13 00:00:00",,1,1.8,,
"SIND-34-PTW-NEW","10/29/13 00:00:00",,1,3.2,,
"SIND-34-PTW-NEW","11/27/13 00:00:00",,1,9.25,,
"SIND-035-NEW","09/27/13 00:00:00",,0.69999999,2.6500001,,
"SIND-005-PZ","12/27/13 00:00:00",,0.69999999,6.5999999,,
"SIND-06-PTW","12/28/13 00:00:00",,0.60000002,9.25,,
"SIND-06-PTW","01/24/14 00:00:00",,0.60000002,10.9,,
"SIND-PTW-07","12/28/13 00:00:00",,0.55000001,7.9499998,,
"SIND-PTW-07","01/24/14 00:00:00",,0.55000001,10.3,,
"SIND-008-PZ","12/29/13 00:00:00",,0.36000001,6.9499998,,
"SIND-009-PZ","12/29/13 00:00:00",,0.89999998,15.75,,
"SIND-010-PZ","12/29/13 00:00:00",,0.44999999,7.9499998,,
"SIND-011-PZ","12/29/13 00:00:00",,0.2,7.8499999,,
"SIND-012-PZ","12/29/13 00:00:00",,0.43000001,8.6000004,,
"SIND-013-PZ","12/29/13 00:00:00",,0.73000002,9,,
"SIND-014-PZ","12/29/13 00:00:00",,0.23999999,8.1499996,,
"SIND-015-PZ","12/29/13 00:00:00",,0.75,8.5500002,,
"SIND-015-PZ","01/26/14 00:00:00",,0.75,14.7,,
"SIND-016-PZ","12/29/13 00:00:00",,0.60000002,10.65,,
"SIND-017-PZ","02/26/14 00:00:00",,0.75,19,,
"SIND-PTW-18","12/29/13 00:00:00",,0.89999998,10.15,,
"SIND-PTW-18","01/26/14 00:00:00",,0.89999998,14.5,,
"SIND-019-A-PZ","12/30/13 00:00:00",,0.30000001,10.65,,
"SIND-019-A-PZ","01/27/14 00:00:00",,0.30000001,16.799999,,
"SIND-019-B-PZ","12/30/13 00:00:00",,0.60000002,11.9,,
"SIND-019-B-PZ","01/27/14 00:00:00",,0.60000002,14.7,,
"SIND-019-C-PZ","12/30/13 00:00:00",,0.60000002,10.65,,
"SIND-019-C-PZ","01/27/14 00:00:00",,0.60000002,18.9,,
"SIND-020-PZ","12/30/13 00:00:00",,0.47999999,10.6,,
"SIND-020-PZ","01/27/14 00:00:00",,0.47999999,15.2,,
"SIND-PTW-21-NEW","11/27/13 00:00:00",,1,4,,
"SIND-PTW-21-NEW","12/30/13 00:00:00",,1,5.4499998,,
"SIND-PTW-21-NEW","01/27/14 00:00:00",,1,10.5,,
"SIND-PTW-21-NEW","11/25/12 00:00:00",,1,4.1999998,,
"SIND-PTW-21-NEW","12/29/12 00:00:00",,1,5.5999999,,
"SIND-PTW-21-NEW","01/30/13 00:00:00",,1,11.55,,
"SIND-PTW-21-NEW","02/27/13 00:00:00",,1,12.1,,
"SIND-PTW-21-NEW","03/19/13 00:00:00",,1,12.8,,
"SIND-PTW-21-NEW","04/19/13 00:00:00",,1,13.3,,
"SIND-PTW-21-NEW","05/19/13 00:00:00",,1,12.95,,
"SIND-PTW-21-NEW","06/28/13 00:00:00",,1,12.15,,
"SIND-PTW-21-NEW","07/29/13 00:00:00",,1,2.3,,
"SIND-PTW-21-NEW","08/20/13 00:00:00",,1,2.5999999,,
"SIND-PTW-21-NEW","09/20/13 00:00:00",,1,3.2,,
"SIND-PTW-21-NEW","10/20/13 00:00:00",,1,3.8,,
"SIND-022-PZ","12/30/13 00:00:00",,0.63,9.1499996,,
"SIND-022-PZ","01/27/14 00:00:00",,0.63,17.6,,
"SIND-023-PZ","12/31/13 00:00:00",,0.47,4.5500002,,
"SIND-023-PZ","01/27/14 00:00:00",,0.47,8,,
"SIND-025-PZ","12/31/13 00:00:00",,0.43000001,9.8000002,,
"SIND-025-PZ","01/27/14 00:00:00",,0.43000001,10.15,,
"SIND-026-PZ","12/30/13 00:00:00",,0.34,5.5999999,,
"SIND-026-PZ","01/26/14 00:00:00",,0.34,10,,
"SIND-027-PZ","12/31/13 00:00:00",,0.69999999,9.5500002,,
"SIND-027-PZ","01/27/14 00:00:00",,0.69999999,14.85,,
"SIND-028-PZ","12/28/13 00:00:00",,0.56,9.3500004,,
"SIND-028-PZ","01/23/14 00:00:00",,0.56,15.15,,
"SIND-029-PZ","12/28/13 00:00:00",,0.44999999,14.25,,
"SIND-029-PZ","01/23/14 00:00:00",,0.44999999,17.25,,
"SIND-030-PZ","12/28/13 00:00:00",,0.85000002,3.75,,
"SIND-030-PZ","01/23/14 00:00:00",,0.85000002,5.0999999,,
"SIND-031-PZ","12/28/13 00:00:00",,0.51999998,26.1,,
"SIND-031-PZ","01/23/14 00:00:00",,0.51999998,26.9,,
"SIND-032-PZ","12/28/13 00:00:00",,0.51999998,16.25,,
"SIND-032-PZ","01/23/14 00:00:00",,0.51999998,17.9,,
"SIND-033-PZ","12/28/13 00:00:00",,0.64999998,14.15,,
"SIND-033-PZ","01/23/14 00:00:00",,0.64999998,21.6,,
"SIND-34-PTW-NEW","12/28/13 00:00:00",,1,11.95,,
"SIND-34-PTW-NEW","01/23/14 00:00:00",,1,15,,
"SIND-035-NEW","12/31/13 00:00:00",,0.69999999,6.5,,
"SIND-035-NEW","01/26/14 00:00:00",,0.69999999,15,,
"SIND-036-PZ","12/31/13 00:00:00",,0.44999999,11.8,,
"SIND-036-PZ","01/26/14 00:00:00",,0.44999999,12.2,,
"SIND-037-PZ","12/31/13 00:00:00",,0.60000002,7.8499999,,
"SIND-037-PZ","01/26/14 00:00:00",,0.60000002,9.1400003,,
"SIND-PTW 38-PZ","12/31/13 00:00:00",,0.80000001,8.3999996,,
"SIND-PTW 38-PZ","01/26/14 00:00:00",,0.80000001,9,,
"SIND-039-A-PZ","12/29/13 00:00:00",,0.60000002,10.1,,
"SIND-039-A-PZ","01/26/14 00:00:00",,0.60000002,11.9,,
"SIND-039-B-PZ","12/29/13 00:00:00",,0.75,9.25,,
"SIND-039-B-PZ","01/26/14 00:00:00",,0.75,9,,
"SIND-040-PZ","12/31/13 00:00:00",,0.61000001,3.45,,
"SIND-040-PZ","01/26/14 00:00:00",,0.61000001,3.4000001,,
"SIND-002-PZ","02/20/14 00:00:00",,0.64999998,13.5,,
"SIND-002-PZ","03/16/14 00:00:00",,0.64999998,13.9,,
"SIND-002-PZ","04/19/14 00:00:00",,0.64999998,19.799999,,
"SIND-002-PZ","05/28/14 00:00:00",,0.64999998,20.35,,
"SIND-003-PZ","02/20/14 00:00:00",,0.80000001,17.700001,,
"SIND-004-A-PZ","02/20/14 00:00:00",,0.5,11.35,,
"SIND-004-A-PZ","03/16/14 00:00:00",,0.5,12.55,,
"SIND-004-A-PZ","04/19/14 00:00:00",,0.5,15.6,,
"SIND-004-A-PZ","05/28/14 00:00:00",,0.5,14.5,,
"SIND-004-B-PZ","02/20/14 00:00:00",,0.60000002,10.25,,
"SIND-004-B-PZ","03/16/14 00:00:00",,0.60000002,17.25,,
"SIND-004-B-PZ","04/20/14 00:00:00",,0.60000002,17.1,,
"SIND-004-B-PZ","05/28/14 00:00:00",,0.60000002,13.5,,
"SIND-004-C-PZ","02/20/14 00:00:00",,0.69999999,10.85,,
"SIND-004-C-PZ","03/16/14 00:00:00",,0.69999999,14.1,,
"SIND-004-C-PZ","04/20/14 00:00:00",,0.69999999,15.7,,
"SIND-004-C-PZ","05/28/14 00:00:00",,0.69999999,13.4,,
"SIND-005-PZ","02/20/14 00:00:00",,0.69999999,9.25,,
"SIND-005-PZ","03/16/14 00:00:00",,0.69999999,9.1999998,,
"SIND-005-PZ","04/20/14 00:00:00",,0.69999999,10.25,,
"SIND-005-PZ","05/28/14 00:00:00",,0.69999999,9.3000002,,
"SIND-006-PZ","01/00/00 00:00:00",,0.69999999,11.2,,
"SIND-006-PZ","03/17/14 00:00:00",,0.69999999,12.15,,
"SIND-006-PZ","04/20/14 00:00:00",,0.69999999,10.25,,
"SIND-030-PZ","02/25/14 00:00:00",,0.85000002,5.5,,
"SIND-030-PZ","03/25/14 00:00:00",,0.85000002,10.5,,
"SIND-030-PZ","04/28/14 00:00:00",,0.85000002,12.1,,
"SIND-030-PZ","05/28/14 00:00:00",,0.85000002,11.95,,
"SIND-031-PZ","02/25/14 00:00:00",,0.51999998,27.6,,
"SIND-031-PZ","03/25/14 00:00:00",,0.51999998,27.9,,
"SIND-031-PZ","04/28/14 00:00:00",,0.51999998,30.1,,
"SIND-031-PZ","05/28/14 00:00:00",,0.51999998,29.58,,
"SIND-032-PZ","02/25/14 00:00:00",,0.51999998,18,,
"SIND-032-PZ","03/25/14 00:00:00",,0.51999998,19.5,,
"SIND-032-PZ","04/28/14 00:00:00",,0.51999998,21.25,,
"SIND-032-PZ","05/28/14 00:00:00",,0.51999998,17.98,,
"SIND-033-PZ","05/28/14 00:00:00",,0.64999998,25.35,,
"SIND-033-PZ","04/28/14 00:00:00",,0.64999998,24.9,,
"SIND-033-PZ","03/25/14 00:00:00",,0.64999998,22.85,,
"SIND-033-PZ","02/25/14 00:00:00",,0.64999998,21.17,,
"SIND-34-PTW-NEW","02/25/14 00:00:00",,1,15.4,,
"SIND-34-PTW-NEW","03/26/14 00:00:00",,1,16.65,,
"SIND-34-PTW-NEW","04/29/14 00:00:00",,1,21.9,,
"SIND-34-PTW-NEW","05/28/14 00:00:00",,1,35,,
"SIND-PTW-01 NEW","02/20/14 00:00:00",,0.69999999,17.35,,
"SIND-PTW-01 NEW","03/16/14 00:00:00",,0.69999999,17.5,,
"SIND-PTW-01 NEW","04/19/14 00:00:00",,0.69999999,19.1,,
"SIND-PTW-01 NEW","05/28/14 00:00:00",,0.69999999,20.6,,
"SIND-008-PZ","02/22/14 00:00:00",,0.36000001,10.9,,
"SIND-008-PZ","03/18/14 00:00:00",,0.36000001,13.2,,
"SIND-008-PZ","04/21/14 00:00:00",,0.36000001,15.55,,
"SIND-008-PZ","05/31/14 00:00:00",,0.36000001,14.95,,
"SIND-PTW-07","05/27/14 00:00:00",,0.55000001,30.450001,,
"SIND-PTW-07","06/22/14 00:00:00",,0.55000001,30.9,,
"SIND-PTW-07","07/22/14 00:00:00",,0.55000001,26.35,,
"SIND-035-NEW","10/29/13 00:00:00",,0.69999999,4.5500002,,
"SIND-035-NEW","11/29/13 00:00:00",,0.69999999,5.0999999,,
"SIND-036-PZ","09/20/13 00:00:00",,0.44999999,3.6500001,,
"SIND-036-PZ","10/30/13 00:00:00",,0.44999999,6.9499998,,
"SIND-036-PZ","11/29/13 00:00:00",,0.44999999,9.1499996,,
"SIND-037-PZ","09/20/13 00:00:00",,0.60000002,1.7,,
"SIND-037-PZ","10/30/13 00:00:00",,0.60000002,4.3000002,,
"SIND-037-PZ","11/29/13 00:00:00",,0.60000002,5.1500001,,
"SIND-PTW 38-PZ","09/27/13 00:00:00",,0.80000001,1.7,,
"SIND-PTW 38-PZ","10/28/13 00:00:00",,0.80000001,2.7,,
"SIND-PTW 38-PZ","11/27/13 00:00:00",,0.80000001,6.1500001,,
"SIND-039-A-PZ","09/22/13 00:00:00",,0.60000002,11.74,,
"SIND-039-A-PZ","10/31/13 00:00:00",,0.60000002,12.1,,
"SIND-039-A-PZ","11/30/13 00:00:00",,0.60000002,4.9499998,,
"SIND-039-B-PZ","09/22/13 00:00:00",,0.75,3.3499999,,
"SIND-039-B-PZ","10/31/13 00:00:00",,0.75,4.1999998,,
"SIND-039-B-PZ","11/30/13 00:00:00",,0.75,5.9499998,,
"SIND-040-PZ","11/27/13 00:00:00",,0.61000001,2.3499999,,
"SIND-040-PZ","10/24/13 00:00:00",,0.61000001,1.45,,
"SIND-040-PZ","08/19/13 00:00:00",,0.61000001,5,,
"SIND-002-PZ","12/26/13 00:00:00",,0.64999998,12.8,,
"SIND-003-PZ","12/26/13 00:00:00",,0.80000001,14.85,,
"SIND-004-A-PZ","12/27/13 00:00:00",,0.5,6.6500001,,
"SIND-004-B-PZ","12/27/13 00:00:00",,0.60000002,6.9499998,,
"SIND-004-C-PZ","12/27/13 00:00:00",,0.69999999,6.8499999,,
"SIND-005-PZ","01/23/14 00:00:00",,0.69999999,8,,
"SIND-006-PZ","01/24/14 00:00:00",,0.69999999,10.9,,
"SIND-009-PZ","01/26/14 00:00:00",,0.89999998,23.5,,
"SIND-010-PZ","01/26/14 00:00:00",,0.44999999,14.9,,
"SIND-011-PZ","01/26/14 00:00:00",,0.2,11.6,,
"SIND-012-PZ","01/26/14 00:00:00",,0.43000001,14.75,,
"SIND-013-PZ","01/26/14 00:00:00",,0.73000002,12.95,,
"SIND-014-PZ","01/26/14 00:00:00",,0.23999999,15.8,,
"SIND-016-PZ","01/26/14 00:00:00",,0.60000002,16.200001,,
"SIND-017-PZ","12/29/13 00:00:00",,,11,,
"SIND-017-PZ","01/26/14 00:00:00",,0.75,18.299999,,
"SIND-PTW-01 NEW","12/26/13 00:00:00",,0.69999999,11.25,,
"SIND-PTW-01 NEW","01/23/14 00:00:00",,0.69999999,15.75,,
"SIND-002-PZ","01/23/14 00:00:00",,0.64999998,12,,
"SIND-003-PZ","01/23/14 00:00:00",,0.80000001,15.85,,
"SIND-004-A-PZ","01/23/14 00:00:00",,0.5,9.8999996,,
"SIND-004-B-PZ","01/23/14 00:00:00",,0.60000002,9.5,,
"SIND-004-C-PZ","01/23/14 00:00:00",,0.69999999,9.6999998,,
"SIND-008-PZ","06/26/14 00:00:00",,0.36000001,15.2,,
"SIND-PTW-07","08/27/14 00:00:00",,0.55000001,18.9,,
"SIND-009-PZ","02/22/14 00:00:00",,0.89999998,24.1,,
"SIND-009-PZ","03/18/14 00:00:00",,0.89999998,29.5,,
"SIND-009-PZ","04/21/14 00:00:00",,0.89999998,30.1,,
"SIND-009-PZ","05/31/14 00:00:00",,0.89999998,19.5,,
"SIND-010-PZ","02/22/14 00:00:00",,0.44999999,15.2,,
"SIND-010-PZ","03/18/14 00:00:00",,0.44999999,19.75,,
"SIND-010-PZ","04/21/14 00:00:00",,0.44999999,21.85,,
"SIND-010-PZ","05/31/14 00:00:00",,0.44999999,16.15,,
"SIND-011-PZ","02/22/14 00:00:00",,0.2,12,,
"SIND-011-PZ","03/18/14 00:00:00",,0.2,15.3,,
"SIND-011-PZ","04/21/14 00:00:00",,0.2,17.25,,
"SIND-011-PZ","05/31/14 00:00:00",,0.2,14.8,,
"SIND-012-PZ","02/22/14 00:00:00",,0.43000001,15.15,,
"SIND-012-PZ","03/18/14 00:00:00",,0.43000001,18.200001,,
"SIND-012-PZ","04/21/14 00:00:00",,0.43000001,19.75,,
"SIND-012-PZ","05/31/14 00:00:00",,0.43000001,20.67,,
"SIND-013-PZ","02/22/14 00:00:00",,0.73000002,13.5,,
"SIND-013-PZ","03/18/14 00:00:00",,0.73000002,19.700001,,
"SIND-013-PZ","04/26/14 00:00:00",,0.73000002,21.799999,,
"SIND-013-PZ","05/31/14 00:00:00",,0.73000002,15.97,,
"SIND-014-PZ","02/23/14 00:00:00",,0.23999999,16.35,,
"SIND-014-PZ","03/23/14 00:00:00",,0.23999999,19.799999,,
"SIND-014-PZ","04/26/14 00:00:00",,0.23999999,22.200001,,
"SIND-014-PZ","05/31/14 00:00:00",,0.23999999,23.26,,
"SIND-016-PZ","03/20/14 00:00:00",,0.60000002,18.049999,,
"SIND-016-PZ","05/31/14 00:00:00",,0.60000002,26.75,,
"SIND-017-PZ","03/22/14 00:00:00",,0.75,20,,
"SIND-017-PZ","04/27/14 00:00:00",,0.75,22.5,,
"SIND-019-A-PZ","02/23/14 00:00:00",,0.30000001,14.6,,
"SIND-019-A-PZ","04/27/14 00:00:00",,0.30000001,18.1,,
"SIND-019-A-PZ","03/22/14 00:00:00",,0.30000001,17.5,,
"SIND-019-C-PZ","02/24/14 00:00:00",,0.60000002,19.1,,
"SIND-019-C-PZ","03/22/14 00:00:00",,0.60000002,22.1,,
"SIND-019-C-PZ","04/27/14 00:00:00",,0.60000002,22.049999,,
"SIND-020-PZ","02/24/14 00:00:00",,0.47999999,16,,
"SIND-020-PZ","03/23/14 00:00:00",,0.47999999,16.15,,
"SIND-020-PZ","04/27/14 00:00:00",,0.47999999,18.1,,
"SIND-022-PZ","02/24/14 00:00:00",,0.63,17.700001,,
"SIND-022-PZ","03/23/14 00:00:00",,0.63,10.95,,
"SIND-022-PZ","04/27/14 00:00:00",,0.63,12.1,,
"SIND-023-PZ","02/22/14 00:00:00",,0.47,8.1999998,,
"SIND-023-PZ","02/24/14 00:00:00",,0.47,8.1999998,,
"SIND-023-PZ","03/23/14 00:00:00",,0.47,9.5,,
"SIND-009-PZ","06/26/14 00:00:00",,0.89999998,20.1,,
"SIND-017-PZ","05/31/14 00:00:00",,0.75,23.15,,
"SIND-023-PZ","04/27/14 00:00:00",,0.47,9,,
"SIND-025-PZ","02/24/14 00:00:00",,0.43000001,10.2,,
"SIND-025-PZ","03/24/14 00:00:00",,0.43000001,12.5,,
"SIND-025-PZ","04/27/14 00:00:00",,0.43000001,13.25,,
"SIND-027-PZ","02/24/14 00:00:00",,0.69999999,14.95,,
"SIND-027-PZ","03/24/14 00:00:00",,0.69999999,17.15,,
"SIND-027-PZ","04/28/14 00:00:00",,0.69999999,17.9,,
"SIND-028-PZ","02/25/14 00:00:00",,0.56,15.2,,
"SIND-028-PZ","03/25/14 00:00:00",,0.56,16.950001,,
"SIND-028-PZ","04/28/14 00:00:00",,0.56,17.85,,
"SIND-029-PZ","04/28/14 00:00:00",,0.44999999,19.700001,,
"SIND-029-PZ","03/25/14 00:00:00",,0.44999999,18.85,,
"SIND-035-NEW","02/26/14 00:00:00",,0.69999999,8.25,,
"SIND-035-NEW","03/26/14 00:00:00",,0.69999999,11.1,,
"SIND-036-PZ","04/29/14 00:00:00",,0.44999999,13.2,,
"SIND-036-PZ","03/26/14 00:00:00",,0.44999999,12.95,,
"SIND-036-PZ","02/26/14 00:00:00",,0.44999999,12.35,,
"SIND-037-PZ","02/26/14 00:00:00",,0.60000002,9.6999998,,
"SIND-037-PZ","03/26/14 00:00:00",,0.60000002,22.85,,
"SIND-037-PZ","04/29/14 00:00:00",,0.60000002,24.1,,
"SIND-039-A-PZ","02/27/14 00:00:00",,0.60000002,12,,
"SIND-039-A-PZ","03/27/14 00:00:00",,0.60000002,18.65,,
"SIND-039-A-PZ","04/29/14 00:00:00",,0.60000002,27.200001,,
"SIND-039-B-PZ","04/29/14 00:00:00",,0.75,18.950001,,
"SIND-039-B-PZ","03/27/14 00:00:00",,0.75,15.1,,
"SIND-039-B-PZ","02/27/14 00:00:00",,0.75,9.4499998,,
"SIND-040-PZ","02/24/14 00:00:00",,0.61000001,8.4499998,,
"SIND-040-PZ","03/27/14 00:00:00",,0.61000001,9.5,,
"SIND-040-PZ","04/29/14 00:00:00",,0.61000001,8.8999996,,
"SIND-06-PTW","02/21/14 00:00:00",,0.60000002,11.75,,
"SIND-06-PTW","03/17/14 00:00:00",,0.60000002,12.15,,
"SIND-06-PTW","04/20/14 00:00:00",,0.60000002,13.15,,
"SIND-PTW 38-PZ","02/26/14 00:00:00",,0.80000001,9.3000002,,
"SIND-PTW 38-PZ","03/27/14 00:00:00",,0.80000001,10,,
"SIND-PTW 38-PZ","04/29/14 00:00:00",,0.80000001,11.95,,
"SIND-PTW-07","02/21/14 00:00:00",,0.55000001,11.5,,
"SIND-PTW-07","03/17/14 00:00:00",,0.55000001,12.2,,
"SIND-PTW-07","04/21/14 00:00:00",,0.55000001,16.950001,,
"SIND-PTW-18","04/27/14 00:00:00",,0.89999998,19.75,,
"SIND-PTW-18","03/22/14 00:00:00",,0.89999998,17,,
"SIND-PTW-18","02/23/14 00:00:00",,0.89999998,14.6,,
"SIND-PTW-21-NEW","02/24/14 00:00:00",,1,10.5,,
"SIND-PTW-21-NEW","03/23/14 00:00:00",,1,10.95,,
"SIND-PTW-21-NEW","04/27/14 00:00:00",,1,12.95,,
"SIND-PTW-01 NEW","06/21/15 00:00:00",,0.69999999,21.799999,,
"SIND-008-PZ","01/26/14 00:00:00",,0.36000001,9.8500004,,
"SIND-003-PZ","03/16/14 00:00:00",,0.80000001,19.5,,
"SIND-003-PZ","04/19/14 00:00:00",,0.80000001,22.25,,
"SIND-003-PZ","05/28/14 00:00:00",,0.80000001,15.6,,
"SIND-003-PZ","06/26/14 00:00:00",,0.80000001,15.75,,
"SIND-004-A-PZ","06/26/14 00:00:00",,0.5,14.8,,
"SIND-004-B-PZ","06/20/14 00:00:00",,0.60000002,14.55,,
"SIND-004-C-PZ","06/20/14 00:00:00",,0.69999999,13.9,,
"SIND-005-PZ","06/20/14 00:00:00",,0.69999999,9.8500004,,
"SIND-006-PZ","05/27/14 00:00:00",,0.69999999,10.3,,
"SIND-006-PZ","06/22/14 00:00:00",,0.69999999,10.5,,
"SIND-010-PZ","06/26/14 00:00:00",,0.44999999,16.75,,
"SIND-011-PZ","06/26/14 00:00:00",,0.2,15.2,,
"SIND-012-PZ","06/26/14 00:00:00",,0.43000001,21,,
"SIND-013-PZ","06/26/14 00:00:00",,0.73000002,16.25,,
"SIND-014-PZ","06/26/14 00:00:00",,0.23999999,23.5,,
"SIND-015-PZ","02/23/14 00:00:00",,0.75,15.15,,
"SIND-015-PZ","03/20/14 00:00:00",,0.75,20.549999,,
"SIND-015-PZ","04/26/14 00:00:00",,0.75,22.1,,
"SIND-015-PZ","05/31/14 00:00:00",,0.75,26.75,,
"SIND-015-PZ","06/26/14 00:00:00",,0.75,27.5,,
"SIND-016-PZ","02/23/14 00:00:00",,0.60000002,17,,
"SIND-016-PZ","04/26/14 00:00:00",,0.60000002,21.799999,,
"SIND-016-PZ","05/31/14 00:00:00",,0.60000002,24.15,,
"SIND-016-PZ","06/27/14 00:00:00",,0.60000002,24.5,,
"SIND-017-PZ","06/27/14 00:00:00",,0.75,23.35,,
"SIND-PTW-18","05/31/14 00:00:00",,0.89999998,23.030001,,
"SIND-PTW-18","06/27/14 00:00:00",,0.89999998,14.25,,
"SIND-019-A-PZ","05/30/14 00:00:00",,0.30000001,14.1,,
"SIND-019-A-PZ","06/23/14 00:00:00",,0.30000001,14.35,,
"SIND-019-B-PZ","02/24/14 00:00:00",,0.60000002,15.25,,
"SIND-019-B-PZ","03/22/14 00:00:00",,0.60000002,16.1,,
"SIND-019-B-PZ","04/27/14 00:00:00",,0.60000002,17,,
"SIND-019-B-PZ","05/30/14 00:00:00",,0.60000002,13.6,,
"SIND-019-B-PZ","06/23/14 00:00:00",,0.60000002,14.1,,
"SIND-019-C-PZ","05/30/14 00:00:00",,0.60000002,22.9,,
"SIND-019-C-PZ","06/23/14 00:00:00",,0.60000002,23,,
"SIND-020-PZ","05/30/14 00:00:00",,0.47999999,20.02,,
"SIND-PTW-21-NEW","03/23/14 00:00:00",,1,10.95,,
"SIND-PTW-21-NEW","04/27/14 00:00:00",,1,12.1,,
"SIND-PTW-21-NEW","05/30/14 00:00:00",,1,12,,
"SIND-PTW-21-NEW","06/23/14 00:00:00",,1,12.25,,
"SIND-022-PZ","05/30/14 00:00:00",,0.63,12,,
"SIND-06-PTW","05/25/14 00:00:00",,0.60000002,13.5,,
"SIND-008-PZ","07/21/14 00:00:00",,0.36000001,14,,
"SIND-022-PZ","06/23/14 00:00:00",,0.63,31.299999,,
"SIND-023-PZ","05/30/14 00:00:00",,0.47,12.33,,
"SIND-023-PZ","06/23/14 00:00:00",,0.47,12.5,,
"SIND-025-PZ","05/30/14 00:00:00",,0.43000001,15.37,,
"SIND-025-PZ","06/23/14 00:00:00",,0.43000001,15.6,,
"SIND-027-PZ","05/30/14 00:00:00",,0.69999999,17.5,,
"SIND-027-PZ","06/24/14 00:00:00",,0.69999999,18,,
"SIND-028-PZ","05/28/14 00:00:00",,0.56,17.940001,,
"SIND-028-PZ","06/21/14 00:00:00",,0.56,18.1,,
"SIND-029-PZ","05/28/14 00:00:00",,0.44999999,17.65,,
"SIND-029-PZ","06/21/14 00:00:00",,0.44999999,17.75,,
"SIND-030-PZ","06/21/14 00:00:00",,0.85000002,12,,
"SIND-031-PZ","06/21/14 00:00:00",,0.51999998,30,,
"SIND-032-PZ","06/21/14 00:00:00",,0.51999998,18.299999,,
"SIND-033-PZ","06/23/14 00:00:00",,0.64999998,25.5,,
"SIND-34-PTW-NEW","06/23/14 00:00:00",,1,35.25,,
"SIND-035-NEW","04/29/14 00:00:00",,0.69999999,13.85,,
"SIND-035-NEW","05/30/14 00:00:00",,0.69999999,9,,
"SIND-035-NEW","06/24/14 00:00:00",,0.69999999,9.25,,
"SIND-036-PZ","05/30/14 00:00:00",,0.44999999,13.95,,
"SIND-036-PZ","06/24/14 00:00:00",,0.44999999,14,,
"SIND-037-PZ","05/30/14 00:00:00",,0.60000002,22.4,,
"SIND-037-PZ","06/25/14 00:00:00",,0.60000002,22.950001,,
"SIND-PTW 38-PZ","05/30/14 00:00:00",,0.80000001,18.700001,,
"SIND-PTW 38-PZ","06/25/14 00:00:00",,0.80000001,19,,
"SIND-039-A-PZ","05/31/14 00:00:00",,0.60000002,45.639999,,
"SIND-039-A-PZ","06/27/14 00:00:00",,0.60000002,45.799999,,
"SIND-039-B-PZ","05/31/14 00:00:00",,0.75,14.15,,
"SIND-039-B-PZ","06/27/14 00:00:00",,0.75,14.5,,
"SIND-040-PZ","05/30/14 00:00:00",,0.61000001,6.3899999,,
"SIND-040-PZ","06/25/14 00:00:00",,0.61000001,7,,
"SIND-026-PZ","02/25/14 00:00:00",,0.34,10.2,,
"SIND-026-PZ","03/27/14 00:00:00",,0.34,7.9499998,,
"SIND-026-PZ","04/29/14 00:00:00",,0.34,14.2,,
"SIND-026-PZ","05/30/14 00:00:00",,0.34,10.46,,
"SIND-026-PZ","06/23/14 00:00:00",,0.34,11,,
"SIND-002-PZ","06/20/14 00:00:00",,0.64999998,20.549999,,
"SIND-002-PZ","07/20/14 00:00:00",,0.64999998,13.5,,
"SIND-002-PZ","08/25/14 00:00:00",,0.64999998,12.5,,
"SIND-003-PZ","07/20/14 00:00:00",,0.80000001,14,,
"SIND-003-PZ","08/26/14 00:00:00",,0.80000001,10,,
"SIND-004-A-PZ","08/26/14 00:00:00",,0.5,10.15,,
"SIND-004-A-PZ","07/20/14 00:00:00",,0.5,12.15,,
"SIND-004-B-PZ","07/20/14 00:00:00",,0.60000002,12.15,,
"SIND-004-B-PZ","08/26/14 00:00:00",,0.60000002,10.9,,
"SIND-004-C-PZ","07/20/14 00:00:00",,0.69999999,11.85,,
"SIND-004-C-PZ","08/26/14 00:00:00",,0.69999999,9.75,,
"SIND-005-PZ","07/20/14 00:00:00",,0.69999999,8.75,,
"SIND-005-PZ","08/26/14 00:00:00",,0.69999999,7.0999999,,
"SIND-006-PZ","07/22/14 00:00:00",,0.69999999,9.25,,
"SIND-006-PZ","08/27/14 00:00:00",,0.69999999,8.1999998,,
"SIND-06-PTW","06/24/14 00:00:00",,0.60000002,13.75,,
"SIND-06-PTW","07/22/14 00:00:00",,0.60000002,9.25,,
"SIND-06-PTW","08/27/14 00:00:00",,0.60000002,8.1999998,,
"SIND-008-PZ","08/29/14 00:00:00",,0.36000001,12.5,,
"SIND-009-PZ","07/21/14 00:00:00",,0.89999998,18.549999,,
"SIND-009-PZ","08/29/14 00:00:00",,0.89999998,18.049999,,
"SIND-010-PZ","07/21/14 00:00:00",,0.44999999,14.9,,
"SIND-010-PZ","08/29/14 00:00:00",,0.44999999,12.95,,
"SIND-011-PZ","07/21/14 00:00:00",,0.2,13.7,,
"SIND-011-PZ","08/29/14 00:00:00",,0.2,12.8,,
"SIND-012-PZ","07/21/14 00:00:00",,0.43000001,18.200001,,
"SIND-012-PZ","08/29/14 00:00:00",,0.43000001,15.3,,
"SIND-013-PZ","07/21/14 00:00:00",,0.73000002,14.5,,
"SIND-013-PZ","08/29/14 00:00:00",,0.73000002,12.4,,
"SIND-014-PZ","07/21/14 00:00:00",,0.23999999,21.549999,,
"SIND-014-PZ","08/29/14 00:00:00",,0.23999999,14.7,,
"SIND-016-PZ","07/23/14 00:00:00",,0.60000002,21.65,,
"SIND-016-PZ","08/29/14 00:00:00",,0.60000002,20,,
"SIND-017-PZ","07/23/14 00:00:00",,0.75,21.5,,
"SIND-017-PZ","08/29/14 00:00:00",,0.75,19.5,,
"SIND-PTW-18","07/23/14 00:00:00",,0.89999998,12.15,,
"SIND-PTW-18","08/29/14 00:00:00",,0.89999998,10,,
"SIND-019-A-PZ","07/24/14 00:00:00",,0.30000001,12.5,,
"SIND-019-A-PZ","08/21/14 00:00:00",,0.30000001,7.1999998,,
"SIND-019-B-PZ","07/24/14 00:00:00",,0.60000002,13,,
"SIND-019-B-PZ","08/21/14 00:00:00",,0.60000002,7.4000001,,
"SIND-019-C-PZ","07/24/14 00:00:00",,0.60000002,21.5,,
"SIND-019-C-PZ","08/21/14 00:00:00",,0.60000002,7.1999998,,
"SIND-020-PZ","07/24/14 00:00:00",,0.47999999,18.75,,
"SIND-020-PZ","08/21/14 00:00:00",,0.47999999,11.2,,
"SIND-PTW-21-NEW","07/24/14 00:00:00",,1,10.5,,
"SIND-PTW-21-NEW","08/21/14 00:00:00",,1,5.0999999,,
"SIND-022-PZ","07/24/14 00:00:00",,0.63,25.5,,
"SIND-022-PZ","08/21/14 00:00:00",,0.63,23.15,,
"SIND-023-PZ","07/24/14 00:00:00",,0.47,11,,
"SIND-023-PZ","08/21/14 00:00:00",,0.47,4.75,,
"SIND-025-PZ","07/24/14 00:00:00",,0.43000001,9.5,,
"SIND-025-PZ","08/22/14 00:00:00",,0.43000001,8.5,,
"SIND-026-PZ","07/25/14 00:00:00",,0.34,9,,
"SIND-026-PZ","08/29/14 00:00:00",,0.34,6.5,,
"SIND-027-PZ","07/25/14 00:00:00",,0.69999999,13.15,,
"SIND-027-PZ","08/29/14 00:00:00",,0.69999999,9.25,,
"SIND-028-PZ","07/20/14 00:00:00",,0.56,14.1,,
"SIND-028-PZ","08/26/14 00:00:00",,0.56,6.6999998,,
"SIND-029-PZ","07/20/14 00:00:00",,0.44999999,13.25,,
"SIND-029-PZ","08/26/14 00:00:00",,0.44999999,10.5,,
"SIND-030-PZ","07/20/14 00:00:00",,0.85000002,9.3500004,,
"SIND-030-PZ","08/26/14 00:00:00",,0.85000002,8.3000002,,
"SIND-031-PZ","07/20/14 00:00:00",,0.51999998,21.5,,
"SIND-031-PZ","08/26/14 00:00:00",,0.51999998,5.5,,
"SIND-032-PZ","07/20/14 00:00:00",,0.51999998,14,,
"SIND-032-PZ","08/26/14 00:00:00",,0.51999998,8,,
"SIND-033-PZ","07/22/14 00:00:00",,0.64999998,6.4499998,,
"SIND-033-PZ","08/26/14 00:00:00",,0.64999998,6,,
"SIND-34-PTW-NEW","07/22/14 00:00:00",,1,25.1,,
"SIND-34-PTW-NEW","08/26/14 00:00:00",,1,6.5,,
"SIND-035-NEW","07/22/14 00:00:00",,0.69999999,7.3000002,,
"SIND-035-NEW","08/22/14 00:00:00",,0.69999999,6.4000001,,
"SIND-036-PZ","07/22/14 00:00:00",,0.44999999,10.15,,
"SIND-036-PZ","08/22/14 00:00:00",,0.44999999,6,,
"SIND-037-PZ","07/22/14 00:00:00",,0.60000002,19,,
"SIND-037-PZ","08/22/14 00:00:00",,0.60000002,5.4000001,,
"SIND-PTW 38-PZ","07/22/14 00:00:00",,0.80000001,14.5,,
"SIND-PTW 38-PZ","08/22/14 00:00:00",,0.80000001,6.6999998,,
"SIND-039-A-PZ","07/21/14 00:00:00",,0.60000002,38.150002,,
"SIND-039-A-PZ","08/29/14 00:00:00",,0.60000002,21.5,,
"SIND-039-B-PZ","07/21/14 00:00:00",,0.75,9.75,,
"SIND-039-B-PZ","08/29/14 00:00:00",,0.75,9,,
"SIND-040-PZ","07/24/14 00:00:00",,0.61000001,5.5,,
"SIND-040-PZ","08/22/14 00:00:00",,0.61000001,5,,
"SIND-003-PZ","09/26/14 00:00:00",,0.80000001,12.6,,
"SIND-004-A-PZ","09/26/14 00:00:00",,0.5,13.8,,
"SIND-004-B-PZ","09/26/14 00:00:00",,0.60000002,7.6999998,,
"SIND-PTW-01 NEW","06/20/14 00:00:00",,0.69999999,16.5,,
"SIND-PTW-01 NEW","07/20/14 00:00:00",,0.69999999,15.15,,
"SIND-PTW-01 NEW","08/25/14 00:00:00",,0.69999999,11.7,,
"SIND-PTW-01 NEW","09/26/14 00:00:00",,0.69999999,5.6999998,,
"SIND-002-PZ","09/26/14 00:00:00",,0.64999998,8.1000004,,
"SIND-004-C-PZ","09/26/14 00:00:00",,0.69999999,9.5500002,,
"SIND-005-PZ","09/26/14 00:00:00",,0.69999999,5.5,,
"SIND-006-PZ","09/27/14 00:00:00",,0.69999999,13,,
"SIND-007-PZ","09/27/14 00:00:00",,0.5,,,
"SIND-007-PZ","08/27/14 00:00:00",,0.5,,,
"SIND-PTW-07","09/27/14 00:00:00",,0.55000001,14.2,,
"SIND-008-PZ","09/28/14 00:00:00",,0.36000001,11.3,,
"SIND-009-PZ","09/28/14 00:00:00",,0.89999998,20.1,,
"SIND-010-PZ","09/28/14 00:00:00",,0.44999999,15.2,,
"SIND-011-PZ","09/28/14 00:00:00",,0.2,11.5,,
"SIND-012-PZ","09/28/14 00:00:00",,0.43000001,10.1,,
"SIND-013-PZ","09/28/14 00:00:00",,0.73000002,9.8000002,,
"SIND-014-PZ","09/28/14 00:00:00",,0.23999999,9.75,,
"SIND-015-PZ","09/28/14 00:00:00",,0.75,11.5,,
"SIND-016-PZ","09/28/14 00:00:00",,0.60000002,15.5,,
"SIND-017-PZ","09/28/14 00:00:00",,0.75,13.1,,
"SIND-PTW-18","09/28/14 00:00:00",,0.89999998,8.1999998,,
"SIND-019-A-PZ","09/29/14 00:00:00",,0.30000001,6,,
"SIND-019-B-PZ","09/29/14 00:00:00",,0.60000002,6.0999999,,
"SIND-019-C-PZ","09/29/14 00:00:00",,0.60000002,6.0500002,,
"SIND-020-PZ","09/29/14 00:00:00",,0.47999999,7,,
"SIND-022-PZ","09/29/14 00:00:00",,0.63,4.8000002,,
"SIND-023-PZ","09/29/14 00:00:00",,0.47,3.8,,
"SIND-025-PZ","09/29/14 00:00:00",,0.43000001,6.6999998,,
"SIND-026-PZ","09/29/14 00:00:00",,0.34,5.5,,
"SIND-027-PZ","09/29/14 00:00:00",,,7.1999998,,
"SIND-029-PZ","09/28/14 00:00:00",,0.44999999,7.1999998,,
"SIND-030-PZ","09/28/14 00:00:00",,0.85000002,7.5,,
"SIND-031-PZ","09/28/14 00:00:00",,0.51999998,4.5,,
"SIND-032-PZ","09/28/14 00:00:00",,0.51999998,5.0500002,,
"SIND-033-PZ","09/28/14 00:00:00",,0.64999998,5.5,,
"SIND-035-NEW","09/29/14 00:00:00",,0.69999999,3.7,,
"SIND-036-PZ","09/29/14 00:00:00",,0.44999999,4.5,,
"SIND-037-PZ","09/29/14 00:00:00",,0.60000002,3.8,,
"SIND-PTW 38-PZ","09/29/14 00:00:00",,0.80000001,4.5999999,,
"SIND-039-A-PZ","09/28/14 00:00:00",,0.60000002,18.5,,
"SIND-039-B-PZ","09/28/14 00:00:00",,0.75,6.6999998,,
"SIND-040-PZ","09/29/14 00:00:00",,0.61000001,4.8499999,,
"SIND-PTW-01 NEW","10/01/14 00:00:00",,0.69999999,9.1000004,,
"SIND-PTW-01 NEW","11/26/14 00:00:00",,0.69999999,9.8999996,,
"SIND-002-PZ","10/15/14 00:00:00",,0.64999998,8.0500002,,
"SIND-002-PZ","11/26/14 00:00:00",,0.64999998,8.4499998,,
"SIND-003-PZ","10/15/14 00:00:00",,0.80000001,14.7,,
"SIND-003-PZ","11/26/14 00:00:00",,0.80000001,15,,
"SIND-004-A-PZ","10/15/14 00:00:00",,0.5,11.5,,
"SIND-004-A-PZ","11/26/14 00:00:00",,0.5,13.1,,
"SIND-004-B-PZ","10/15/14 00:00:00",,0.60000002,11,,
"SIND-004-B-PZ","11/06/14 00:00:00",,,12.4,,
"SIND-004-C-PZ","10/15/14 00:00:00",,0.69999999,10.2,,
"SIND-004-C-PZ","11/26/14 00:00:00",,0.69999999,11.7,,
"SIND-028-PZ","10/15/14 00:00:00",,0.56,14.79,,
"SIND-005-PZ","10/15/14 00:00:00",,0.69999999,8.3000002,,
"SIND-005-PZ","11/26/14 00:00:00",,0.69999999,9.8000002,,
"SIND-06-PTW","10/14/14 00:00:00",,0.60000002,6.4000001,,
"SIND-06-PTW","11/25/14 00:00:00",,0.60000002,7.1999998,,
"SIND-PTW-07","10/14/14 00:00:00",,0.55000001,11.15,,
"SIND-PTW-07","11/25/14 00:00:00",,0.55000001,12.65,,
"SIND-008-PZ","10/26/14 00:00:00",,0.36000001,8.7399998,,
"SIND-008-PZ","11/27/14 00:00:00",,0.36000001,10.34,,
"SIND-009-PZ","10/16/14 00:00:00",,0.89999998,19.6,,
"SIND-009-PZ","11/27/14 00:00:00",,0.89999998,21.1,,
"SIND-010-PZ","10/16/14 00:00:00",,0.44999999,13.35,,
"SIND-010-PZ","11/27/14 00:00:00",,0.44999999,15.15,,
"SIND-011-PZ","10/16/14 00:00:00",,0.2,8.8000002,,
"SIND-011-PZ","11/27/14 00:00:00",,0.2,10,,
"SIND-012-PZ","10/16/14 00:00:00",,0.43000001,14.87,,
"SIND-012-PZ","11/27/14 00:00:00",,0.43000001,15.97,,
"SIND-013-PZ","10/16/14 00:00:00",,0.73000002,13.37,,
"SIND-013-PZ","11/28/14 00:00:00",,0.73000002,14.37,,
"SIND-014-PZ","10/16/14 00:00:00",,0.23999999,13.36,,
"SIND-014-PZ","11/28/14 00:00:00",,0.23999999,14.66,,
"SIND-015-PZ","10/16/14 00:00:00",,0.75,14,,
"SIND-015-PZ","11/28/14 00:00:00",,0.75,15.45,,
"SIND-016-PZ","10/16/14 00:00:00",,0.60000002,14.9,,
"SIND-016-PZ","11/28/14 00:00:00",,0.60000002,16.700001,,
"SIND-017-PZ","10/16/14 00:00:00",,0.75,15.55,,
"SIND-017-PZ","11/28/14 00:00:00",,0.75,18.85,,
"SIND-PTW-18","10/16/14 00:00:00",,0.89999998,6.6300001,,
"SIND-PTW-18","11/28/14 00:00:00",,0.89999998,7.8299999,,
"SIND-019-A-PZ","10/20/14 00:00:00",,0.30000001,10.85,,
"SIND-019-A-PZ","11/08/14 00:00:00",,0.30000001,13.2,,
"SIND-019-B-PZ","10/20/14 00:00:00",,0.60000002,9.5,,
"SIND-019-B-PZ","11/29/14 00:00:00",,0.60000002,11.3,,
"SIND-019-C-PZ","10/20/14 00:00:00",,0.60000002,10.55,,
"SIND-019-C-PZ","11/29/14 00:00:00",,0.60000002,12.2,,
"SIND-020-PZ","10/20/14 00:00:00",,0.47999999,9.0200005,,
"SIND-020-PZ","11/29/14 00:00:00",,0.47999999,9.7700005,,
"SIND-PTW-21-NEW","10/20/14 00:00:00",,1,2.5,,
"SIND-PTW-21-NEW","11/02/14 00:00:00",,1,2.8,,
"SIND-022-PZ","10/20/14 00:00:00",,0.63,7.3699999,,
"SIND-022-PZ","11/24/14 00:00:00",,0.63,7.4200001,,
"SIND-023-PZ","10/20/14 00:00:00",,0.47,3.53,,
"SIND-023-PZ","11/24/14 00:00:00",,0.47,3.53,,
"SIND-025-PZ","10/20/14 00:00:00",,0.43000001,8.6700001,,
"SIND-025-PZ","11/28/14 00:00:00",,0.43000001,9.3699999,,
"SIND-026-PZ","10/16/14 00:00:00",,0.34,4.1599998,,
"SIND-026-PZ","11/25/14 00:00:00",,0.34,4.5599999,,
"SIND-027-PZ","10/20/14 00:00:00",,0.69999999,14,,
"SIND-027-PZ","11/02/14 00:00:00",,0.69999999,14.6,,
"SIND-028-PZ","11/28/14 00:00:00",,0.56,15.84,,
"SIND-029-PZ","10/15/14 00:00:00",,0.44999999,13.8,,
"SIND-029-PZ","11/27/14 00:00:00",,0.44999999,15.05,,
"SIND-030-PZ","10/15/14 00:00:00",,0.85000002,8.25,,
"SIND-030-PZ","10/27/14 00:00:00",,0.85000002,9.75,,
"SIND-031-PZ","10/15/14 00:00:00",,0.51999998,24.48,,
"SIND-031-PZ","11/27/14 00:00:00",,0.51999998,25.98,,
"SIND-032-PZ","10/15/14 00:00:00",,0.51999998,15.08,,
"SIND-032-PZ","11/27/14 00:00:00",,0.51999998,15.68,,
"SIND-033-PZ","10/15/14 00:00:00",,0.64999998,10.25,,
"SIND-033-PZ","11/27/14 00:00:00",,0.64999998,12.85,,
"SIND-34-PTW-NEW","10/15/14 00:00:00",,1,13.85,,
"SIND-34-PTW-NEW","11/27/14 00:00:00",,1,14.2,,
"SIND-035-NEW","10/17/14 00:00:00",,0.69999999,3.5,,
"SIND-035-NEW","11/26/14 00:00:00",,0.69999999,3.8,,
"SIND-036-PZ","10/17/14 00:00:00",,0.44999999,10.55,,
"SIND-036-PZ","11/26/14 00:00:00",,0.44999999,10.8,,
"SIND-037-PZ","10/17/14 00:00:00",,0.60000002,5.5,,
"SIND-037-PZ","11/26/14 00:00:00",,0.60000002,5.5999999,,
"SIND-PTW 38-PZ","10/17/14 00:00:00",,0.80000001,9.0500002,,
"SIND-PTW 38-PZ","11/26/14 00:00:00",,0.80000001,9.6999998,,
"SIND-039-A-PZ","10/17/14 00:00:00",,0.60000002,6.3400002,,
"SIND-039-A-PZ","11/28/14 00:00:00",,0.60000002,6.8400002,,
"SIND-039-B-PZ","10/17/14 00:00:00",,0.75,7.3499999,,
"SIND-039-B-PZ","11/28/14 00:00:00",,0.75,7.8499999,,
"SIND-040-PZ","10/17/14 00:00:00",,0.61000001,6.29,,
"SIND-040-PZ","11/24/14 00:00:00",,0.61000001,6.54,,
"SIND-PTW-01 NEW","12/15/14 00:00:00",,0.69999999,10.4,,
"SIND-PTW-01 NEW","01/06/15 00:00:00",,0.69999999,11,,
"SIND-002-PZ","12/15/14 00:00:00",,0.64999998,9.1499996,,
"SIND-002-PZ","01/06/15 00:00:00",,0.64999998,10.5,,
"SIND-003-PZ","12/15/14 00:00:00",,0.80000001,16.5,,
"SIND-003-PZ","01/06/15 00:00:00",,0.80000001,25.9,,
"SIND-004-A-PZ","12/15/14 00:00:00",,0.5,13.8,,
"SIND-004-A-PZ","01/06/15 00:00:00",,0.5,14.5,,
"SIND-004-B-PZ","12/15/14 00:00:00",,0.60000002,13.5,,
"SIND-004-B-PZ","01/06/15 00:00:00",,0.60000002,13.9,,
"SIND-004-C-PZ","12/15/14 00:00:00",,0.69999999,12.95,,
"SIND-004-C-PZ","01/06/15 00:00:00",,0.69999999,13.6,,
"SIND-005-PZ","12/15/14 00:00:00",,0.69999999,12.5,,
"SIND-006-PZ","12/16/14 00:00:00",,0.69999999,8.1000004,,
"SIND-PTW-01 NEW","07/22/15 00:00:00",,0.69999999,10.6,,
"SIND-006-PZ","01/07/15 00:00:00",,0.69999999,8.8999996,,
"SIND-PTW-07","12/16/14 00:00:00",,0.55000001,13.05,,
"SIND-PTW-07","01/07/15 00:00:00",,0.55000001,13.5,,
"SIND-008-PZ","12/17/14 00:00:00",,0.36000001,10.85,,
"SIND-008-PZ","01/08/15 00:00:00",,0.36000001,11.2,,
"SIND-009-PZ","12/17/14 00:00:00",,0.89999998,21.65,,
"SIND-009-PZ","01/08/15 00:00:00",,0.89999998,22.299999,,
"SIND-010-PZ","12/17/14 00:00:00",,0.44999999,15.5,,
"SIND-010-PZ","01/08/15 00:00:00",,0.44999999,16.1,,
"SIND-011-PZ","12/17/14 00:00:00",,0.2,10.45,,
"SIND-011-PZ","01/08/15 00:00:00",,0.2,10.9,,
"SIND-012-PZ","01/17/15 00:00:00",,0.43000001,15.9,,
"SIND-013-PZ","12/17/14 00:00:00",,0.73000002,14.85,,
"SIND-013-PZ","01/08/15 00:00:00",,0.73000002,15.5,,
"SIND-014-PZ","12/17/14 00:00:00",,0.23999999,14.65,,
"SIND-014-PZ","01/08/15 00:00:00",,0.23999999,15,,
"SIND-015-PZ","12/17/14 00:00:00",,0.75,15.7,,
"SIND-015-PZ","01/08/15 00:00:00",,0.75,16.15,,
"SIND-016-PZ","12/17/14 00:00:00",,0.60000002,15.8,,
"SIND-016-PZ","01/08/15 00:00:00",,0.60000002,16.1,,
"SIND-017-PZ","12/18/14 00:00:00",,,18.549999,,
"SIND-017-PZ","01/08/15 00:00:00",,0.75,8.1000004,,
"SIND-PTW-18","12/18/14 00:00:00",,0.89999998,7.6999998,,
"SIND-PTW-18","01/08/15 00:00:00",,0.89999998,8.1000004,,
"SIND-019-A-PZ","12/20/14 00:00:00",,0.30000001,13.5,,
"SIND-019-A-PZ","01/09/14 00:00:00",,0.30000001,14.25,,
"SIND-019-B-PZ","12/20/14 00:00:00",,0.60000002,12.5,,
"SIND-019-B-PZ","01/09/15 00:00:00",,0.60000002,12.7,,
"SIND-019-C-PZ","12/20/14 00:00:00",,0.60000002,15.2,,
"SIND-019-C-PZ","01/09/15 00:00:00",,0.60000002,15.8,,
"SIND-020-PZ","12/20/14 00:00:00",,0.47999999,13.4,,
"SIND-020-PZ","01/09/14 00:00:00",,0.47999999,14,,
"SIND-022-PZ","12/20/14 00:00:00",,0.63,14.1,,
"SIND-022-PZ","01/09/15 00:00:00",,0.63,15.2,,
"SIND-023-PZ","12/20/14 00:00:00",,0.47,5.0999999,,
"SIND-023-PZ","01/09/15 00:00:00",,0.47,5.75,,
"SIND-025-PZ","12/20/14 00:00:00",,0.43000001,9.6800003,,
"SIND-025-PZ","01/09/15 00:00:00",,0.43000001,11,,
"SIND-026-PZ","12/20/14 00:00:00",,0.34,6.5999999,,
"SIND-026-PZ","01/08/15 00:00:00",,0.34,9.5,,
"SIND-027-PZ","12/17/14 00:00:00",,0.69999999,14.8,,
"SIND-027-PZ","01/08/15 00:00:00",,0.69999999,15,,
"SIND-028-PZ","12/18/14 00:00:00",,0.56,15,,
"SIND-028-PZ","01/06/15 00:00:00",,0.56,15.5,,
"SIND-029-PZ","12/18/14 00:00:00",,0.44999999,15.15,,
"SIND-030-PZ","12/18/14 00:00:00",,0.85000002,9.3999996,,
"SIND-030-PZ","01/06/15 00:00:00",,0.85000002,10,,
"SIND-031-PZ","12/18/14 00:00:00",,0.51999998,26.25,,
"SIND-031-PZ","01/06/15 00:00:00",,0.51999998,27,,
"SIND-032-PZ","12/18/14 00:00:00",,0.51999998,16.1,,
"SIND-032-PZ","01/00/00 00:00:00",,0.51999998,17,,
"SIND-033-PZ","12/18/14 00:00:00",,0.64999998,18.1,,
"SIND-033-PZ","01/06/15 00:00:00",,0.64999998,23.5,,
"SIND-34-PTW-NEW","12/18/14 00:00:00",,1,14.5,,
"SIND-34-PTW-NEW","12/26/16 00:00:00",,1,5.3000002,,
"SIND-035-NEW","12/17/14 00:00:00",,0.69999999,4.8499999,,
"SIND-035-NEW","01/09/15 00:00:00",,0.69999999,5.1999998,,
"SIND-036-PZ","12/17/14 00:00:00",,0.44999999,10.5,,
"SIND-036-PZ","01/09/15 00:00:00",,0.44999999,11.1,,
"SIND-037-PZ","12/17/14 00:00:00",,0.60000002,7.1500001,,
"SIND-037-PZ","01/09/15 00:00:00",,0.60000002,7.3499999,,
"SIND-038-PZ","12/17/14 00:00:00",,0.44999999,10,,
"SIND-PTW 38-PZ","12/17/14 00:00:00",,0.80000001,10,,
"SIND-PTW 38-PZ","01/09/15 00:00:00",,0.80000001,10.45,,
"SIND-039-A-PZ","12/17/14 00:00:00",,0.60000002,9.1000004,,
"SIND-039-A-PZ","01/08/15 00:00:00",,0.60000002,9.5,,
"SIND-039-B-PZ","12/17/14 00:00:00",,0.75,7.8000002,,
"SIND-039-B-PZ","01/08/15 00:00:00",,0.75,8.1000004,,
"SIND-040-PZ","12/20/14 00:00:00",,0.61000001,6.8499999,,
"SIND-040-PZ","01/08/15 00:00:00",,0.61000001,7.1500001,,
"SIND-PTW-21-NEW","12/20/14 00:00:00",,1,4.4499998,,
"SIND-PTW-21-NEW","01/09/15 00:00:00",,1,5,,
"SIND-002-PZ","02/08/15 00:00:00",,0.64999998,13.7,,
"SIND-002-PZ","03/23/15 00:00:00",,0.64999998,14.5,,
"SIND-PTW-01 NEW","02/08/15 00:00:00",,0.69999999,18.5,,
"SIND-PTW-01 NEW","03/22/15 00:00:00",,0.69999999,14.5,,
"SIND-003-PZ","02/08/15 00:00:00",,0.80000001,28.1,,
"SIND-003-PZ","03/22/15 00:00:00",,0.80000001,29,,
"SIND-004-A-PZ","02/08/15 00:00:00",,0.5,15.1,,
"SIND-004-A-PZ","03/23/15 00:00:00",,0.5,15.7,,
"SIND-004-B-PZ","02/08/15 00:00:00",,0.60000002,15.5,,
"SIND-004-B-PZ","03/23/15 00:00:00",,0.60000002,15.9,,
"SIND-004-C-PZ","02/08/15 00:00:00",,0.69999999,13.9,,
"SIND-004-C-PZ","03/23/15 00:00:00",,0.69999999,14.5,,
"SIND-005-PZ","02/08/15 00:00:00",,0.69999999,24,,
"SIND-005-PZ","03/23/15 00:00:00",,0.69999999,24.9,,
"SIND-006-PZ","02/06/15 00:00:00",,0.69999999,12.5,,
"SIND-006-PZ","03/23/15 00:00:00",,0.69999999,14.2,,
"SIND-PTW-07","02/06/15 00:00:00",,0.55000001,14.1,,
"SIND-PTW-07","03/23/15 00:00:00",,0.55000001,15.5,,
"SIND-008-PZ","02/07/15 00:00:00",,0.36000001,11.5,,
"SIND-008-PZ","03/24/15 00:00:00",,0.36000001,12.6,,
"SIND-009-PZ","02/07/15 00:00:00",,0.89999998,24.9,,
"SIND-009-PZ","03/24/15 00:00:00",,0.89999998,26.1,,
"SIND-010-PZ","02/07/15 00:00:00",,0.44999999,16.799999,,
"SIND-010-PZ","03/24/15 00:00:00",,0.44999999,18.25,,
"SIND-011-PZ","02/07/15 00:00:00",,0.2,16.799999,,
"SIND-011-PZ","03/24/15 00:00:00",,0.2,15.5,,
"SIND-012-PZ","02/07/15 00:00:00",,0.43000001,16.700001,,
"SIND-012-PZ","03/24/15 00:00:00",,0.43000001,18.15,,
"SIND-013-PZ","02/07/15 00:00:00",,0.73000002,16.299999,,
"SIND-013-PZ","03/24/15 00:00:00",,0.73000002,18.5,,
"SIND-014-PZ","02/07/15 00:00:00",,0.23999999,16.75,,
"SIND-014-PZ","03/24/15 00:00:00",,0.23999999,18.25,,
"SIND-015-PZ","02/07/15 00:00:00",,0.75,16.5,,
"SIND-015-PZ","03/24/15 00:00:00",,0.75,18.5,,
"SIND-016-PZ","02/07/15 00:00:00",,0.60000002,16.9,,
"SIND-016-PZ","03/24/15 00:00:00",,0.60000002,18.9,,
"SIND-017-PZ","02/07/15 00:00:00",,0.75,20,,
"SIND-017-PZ","03/24/15 00:00:00",,0.75,20.5,,
"SIND-PTW-18","02/07/15 00:00:00",,0.89999998,10.5,,
"SIND-PTW-18","03/24/15 00:00:00",,0.89999998,15.4,,
"SIND-019-A-PZ","01/09/15 00:00:00",,0.30000001,14.15,,
"SIND-019-A-PZ","02/05/15 00:00:00",,0.30000001,14.8,,
"SIND-019-A-PZ","03/25/15 00:00:00",,0.30000001,15.9,,
"SIND-019-B-PZ","02/05/15 00:00:00",,0.60000002,13,,
"SIND-019-B-PZ","03/25/15 00:00:00",,0.60000002,14.6,,
"SIND-019-C-PZ","02/05/15 00:00:00",,0.60000002,17.5,,
"SIND-019-C-PZ","03/25/15 00:00:00",,0.60000002,20.6,,
"SIND-020-PZ","02/05/15 00:00:00",,0.47999999,15.5,,
"SIND-020-PZ","03/25/15 00:00:00",,0.47999999,16.25,,
"SIND-PTW-21-NEW","02/05/15 00:00:00",,1,8.5,,
"SIND-PTW-21-NEW","03/25/15 00:00:00",,1,11,,
"SIND-022-PZ","02/05/15 00:00:00",,0.63,17,,
"SIND-022-PZ","03/25/15 00:00:00",,0.63,17.5,,
"SIND-023-PZ","02/05/15 00:00:00",,0.47,7,,
"SIND-023-PZ","03/25/15 00:00:00",,0.47,9.1999998,,
"SIND-025-PZ","02/05/15 00:00:00",,0.43000001,11.5,,
"SIND-025-PZ","03/25/15 00:00:00",,0.43000001,13.1,,
"SIND-026-PZ","02/07/15 00:00:00",,0.34,10.5,,
"SIND-026-PZ","03/24/15 00:00:00",,0.34,11.2,,
"SIND-027-PZ","02/05/15 00:00:00",,0.69999999,15.2,,
"SIND-027-PZ","03/25/15 00:00:00",,0.69999999,17.5,,
"SIND-028-PZ","02/08/15 00:00:00",,0.56,15.8,,
"SIND-028-PZ","03/23/15 00:00:00",,0.56,17.299999,,
"SIND-029-PZ","02/08/15 00:00:00",,0.44999999,16.1,,
"SIND-029-PZ","03/22/15 00:00:00",,0.44999999,19.1,,
"SIND-030-PZ","02/08/15 00:00:00",,0.85000002,11.15,,
"SIND-030-PZ","03/22/15 00:00:00",,0.85000002,11.5,,
"SIND-031-PZ","02/08/15 00:00:00",,0.51999998,29.5,,
"SIND-031-PZ","03/22/15 00:00:00",,0.51999998,30.200001,,
"SIND-032-PZ","01/06/15 00:00:00",,0.51999998,17,,
"SIND-032-PZ","02/08/15 00:00:00",,0.51999998,17.9,,
"SIND-032-PZ","03/22/15 00:00:00",,0.51999998,20.4,,
"SIND-033-PZ","02/08/15 00:00:00",,0.64999998,24.700001,,
"SIND-033-PZ","03/22/15 00:00:00",,0.64999998,25.1,,
"SIND-34-PTW-NEW","01/06/15 00:00:00",,1,15,,
"SIND-34-PTW-NEW","02/08/15 00:00:00",,1,15.8,,
"SIND-34-PTW-NEW","03/22/15 00:00:00",,1,19.200001,,
"SIND-035-NEW","01/09/15 00:00:00",,0.69999999,5.1999998,,
"SIND-035-NEW","02/05/15 00:00:00",,0.69999999,7.3499999,,
"SIND-035-NEW","03/25/15 00:00:00",,0.69999999,11.5,,
"SIND-036-PZ","02/05/15 00:00:00",,0.44999999,12.5,,
"SIND-036-PZ","03/25/15 00:00:00",,0.44999999,13.5,,
"SIND-037-PZ","02/05/15 00:00:00",,0.60000002,8.5,,
"SIND-037-PZ","03/25/15 00:00:00",,0.60000002,15.5,,
"SIND-PTW 38-PZ","02/05/15 00:00:00",,0.80000001,11.2,,
"SIND-039-A-PZ","02/07/15 00:00:00",,0.60000002,10.2,,
"SIND-039-A-PZ","03/24/15 00:00:00",,0.60000002,17.5,,
"SIND-039-B-PZ","02/07/15 00:00:00",,0.75,9.5,,
"SIND-039-B-PZ","03/24/15 00:00:00",,0.75,15.15,,
"SIND-040-PZ","02/05/15 00:00:00",,0.61000001,9,,
"SIND-040-PZ","03/25/15 00:00:00",,0.61000001,10.6,,
"SIND-PTW-01 NEW","04/21/15 00:00:00",,0.69999999,25.299999,,
"SIND-PTW-01 NEW","05/22/15 00:00:00",,0.69999999,26.4,,
"SIND-002-PZ","04/21/15 00:00:00",,0.64999998,10.2,,
"SIND-002-PZ","05/22/15 00:00:00",,0.64999998,10.35,,
"SIND-003-PZ","04/21/15 00:00:00",,0.80000001,20.1,,
"SIND-003-PZ","05/22/15 00:00:00",,0.80000001,20.299999,,
"SIND-004-A-PZ","04/21/15 00:00:00",,0.5,12.5,,
"SIND-004-A-PZ","05/22/15 00:00:00",,0.5,12.7,,
"SIND-004-B-PZ","04/21/15 00:00:00",,0.60000002,30.200001,,
"SIND-004-B-PZ","05/22/15 00:00:00",,0.60000002,32.299999,,
"SIND-004-C-PZ","04/21/15 00:00:00",,0.69999999,15.5,,
"SIND-004-C-PZ","05/22/15 00:00:00",,0.69999999,16.5,,
"SIND-005-PZ","04/21/15 00:00:00",,0.69999999,32,,
"SIND-005-PZ","05/22/15 00:00:00",,0.69999999,32.200001,,
"SIND-06-PTW","04/22/15 00:00:00",,0.60000002,14.9,,
"SIND-06-PTW","05/22/15 00:00:00",,0.60000002,15.2,,
"SIND-PTW-07","04/22/15 00:00:00",,0.55000001,31,,
"SIND-PTW-07","05/22/15 00:00:00",,0.55000001,31.75,,
"SIND-008-PZ","04/23/15 00:00:00",,0.36000001,13.9,,
"SIND-008-PZ","05/23/15 00:00:00",,0.36000001,14.04,,
"SIND-009-PZ","04/23/15 00:00:00",,0.89999998,38.5,,
"SIND-009-PZ","05/23/15 00:00:00",,0.89999998,39.299999,,
"SIND-010-PZ","04/23/15 00:00:00",,0.44999999,17.9,,
"SIND-010-PZ","05/23/15 00:00:00",,0.44999999,18.75,,
"SIND-011-PZ","04/23/15 00:00:00",,0.2,15.5,,
"SIND-011-PZ","05/23/15 00:00:00",,0.2,16,,
"SIND-012-PZ","04/23/15 00:00:00",,0.43000001,16.5,,
"SIND-012-PZ","05/23/15 00:00:00",,0.43000001,17.67,,
"SIND-013-PZ","04/23/15 00:00:00",,0.73000002,21,,
"SIND-013-PZ","05/23/15 00:00:00",,0.73000002,21.07,,
"SIND-014-PZ","04/23/15 00:00:00",,0.23999999,25.799999,,
"SIND-014-PZ","05/23/15 00:00:00",,0.23999999,26.459999,,
"SIND-015-PZ","04/23/15 00:00:00",,0.75,26.9,,
"SIND-015-PZ","05/23/15 00:00:00",,0.75,27.25,,
"SIND-016-PZ","04/23/15 00:00:00",,0.60000002,19.700001,,
"SIND-016-PZ","05/23/15 00:00:00",,0.60000002,20,,
"SIND-017-PZ","04/23/15 00:00:00",,0.75,24.5,,
"SIND-017-PZ","05/23/15 00:00:00",,0.75,25.25,,
"SIND-PTW-18","04/23/15 00:00:00",,0.89999998,13.9,,
"SIND-PTW-18","05/23/15 00:00:00",,0.89999998,14.13,,
"SIND-019-A-PZ","04/24/15 00:00:00",,0.30000001,16.950001,,
"SIND-019-A-PZ","05/21/15 00:00:00",,0.30000001,17.299999,,
"SIND-019-B-PZ","04/24/15 00:00:00",,0.60000002,16.799999,,
"SIND-019-B-PZ","05/21/15 00:00:00",,0.60000002,17.200001,,
"SIND-019-C-PZ","04/24/15 00:00:00",,0.60000002,24,,
"SIND-019-C-PZ","05/21/15 00:00:00",,0.60000002,24.700001,,
"SIND-020-PZ","04/24/15 00:00:00",,0.47999999,18.5,,
"SIND-020-PZ","05/21/15 00:00:00",,0.47999999,19.120001,,
"SIND-PTW-21-NEW","04/24/15 00:00:00",,1,11.5,,
"SIND-PTW-21-NEW","05/21/15 00:00:00",,1,11.8,,
"SIND-022-PZ","04/24/15 00:00:00",,0.63,31.799999,,
"SIND-022-PZ","05/21/15 00:00:00",,0.63,32.470001,,
"SIND-023-PZ","04/24/15 00:00:00",,0.47,13.8,,
"SIND-023-PZ","05/21/15 00:00:00",,0.47,14.03,,
"SIND-025-PZ","04/24/15 00:00:00",,0.43000001,17,,
"SIND-025-PZ","05/21/15 00:00:00",,0.43000001,17.370001,,
"SIND-026-PZ","04/24/15 00:00:00",,0.34,12.1,,
"SIND-026-PZ","05/23/15 00:00:00",,0.34,12.46,,
"SIND-027-PZ","04/24/15 00:00:00",,0.69999999,18.5,,
"SIND-027-PZ","05/21/15 00:00:00",,0.69999999,19.1,,
"SIND-028-PZ","04/21/15 00:00:00",,0.56,17,,
"SIND-028-PZ","05/22/15 00:00:00",,0.56,20.74,,
"SIND-029-PZ","04/21/15 00:00:00",,0.44999999,21.1,,
"SIND-029-PZ","05/22/15 00:00:00",,0.44999999,21.950001,,
"SIND-031-PZ","04/21/15 00:00:00",,0.51999998,30.9,,
"SIND-031-PZ","05/22/15 00:00:00",,0.51999998,31.18,,
"SIND-032-PZ","04/21/15 00:00:00",,0.51999998,18.1,,
"SIND-032-PZ","05/22/15 00:00:00",,0.51999998,18.780001,,
"SIND-033-PZ","04/21/15 00:00:00",,0.64999998,24.799999,,
"SIND-033-PZ","05/22/15 00:00:00",,0.64999998,25.18,,
"SIND-34-PTW-NEW","04/21/15 00:00:00",,1,36,,
"SIND-34-PTW-NEW","05/22/15 00:00:00",,1,36.799999,,
"SIND-035-NEW","04/24/15 00:00:00",,0.69999999,7.5,,
"SIND-035-NEW","05/21/15 00:00:00",,0.69999999,7.0500002,,
"SIND-036-PZ","04/24/15 00:00:00",,0.44999999,16,,
"SIND-036-PZ","05/21/15 00:00:00",,0.44999999,16.25,,
"SIND-037-PZ","04/24/15 00:00:00",,0.60000002,25.1,,
"SIND-037-PZ","05/25/15 00:00:00",,0.60000002,25.700001,,
"SIND-PTW 38-PZ","04/24/15 00:00:00",,0.80000001,20.1,,
"SIND-PTW 38-PZ","05/21/15 00:00:00",,0.80000001,20.5,,
"SIND-039-B-PZ","04/23/15 00:00:00",,0.75,13,,
"SIND-039-B-PZ","05/23/15 00:00:00",,0.75,13.55,,
"SIND-040-PZ","04/24/15 00:00:00",,0.61000001,11.5,,
"SIND-040-PZ","05/21/15 00:00:00",,0.61000001,11.99,,
"SIND-PTW-01 NEW","08/28/15 00:00:00",,0.69999999,1.9,,
"SIND-002-PZ","06/21/15 00:00:00",,0.64999998,21.799999,,
"SIND-002-PZ","07/22/15 00:00:00",,0.64999998,7.5,,
"SIND-002-PZ","08/28/15 00:00:00",,0.64999998,1.65,,
"SIND-003-PZ","06/21/15 00:00:00",,0.80000001,19.5,,
"SIND-003-PZ","07/22/15 00:00:00",,0.80000001,10.1,,
"SIND-003-PZ","08/28/15 00:00:00",,0.80000001,0.80000001,,
"SIND-004-A-PZ","06/21/15 00:00:00",,0.5,14.6,,
"SIND-004-A-PZ","07/22/15 00:00:00",,0.5,11.15,,
"SIND-004-A-PZ","08/27/15 00:00:00",,0.5,1.6,,
"SIND-004-B-PZ","06/21/15 00:00:00",,0.60000002,24.299999,,
"SIND-004-B-PZ","07/22/15 00:00:00",,0.60000002,10.1,,
"SIND-004-B-PZ","08/27/15 00:00:00",,0.60000002,1.3,,
"SIND-004-C-PZ","06/21/15 00:00:00",,0.69999999,14.2,,
"SIND-004-C-PZ","07/22/15 00:00:00",,0.69999999,9.1000004,,
"SIND-004-C-PZ","08/27/15 00:00:00",,0.69999999,1.1,,
"SIND-005-PZ","06/21/15 00:00:00",,0.69999999,11.25,,
"SIND-005-PZ","01/06/15 00:00:00",,0.69999999,23.299999,,
"SIND-005-PZ","07/22/15 00:00:00",,0.69999999,7.5,,
"SIND-005-PZ","08/25/15 00:00:00",,0.69999999,1.1,,
"SIND-06-PTW","06/21/15 00:00:00",,0.60000002,11,,
"SIND-06-PTW","07/23/15 00:00:00",,0.60000002,7.5500002,,
"SIND-06-PTW","08/20/15 00:00:00",,0.60000002,2.2,,
"SIND-PTW-07","06/22/15 00:00:00",,0.55000001,29.1,,
"SIND-PTW-07","07/23/15 00:00:00",,0.55000001,12.6,,
"SIND-PTW-07","08/29/15 00:00:00",,0.55000001,3.5,,
"SIND-008-PZ","06/22/15 00:00:00",,0.36000001,14.15,,
"SIND-008-PZ","07/24/15 00:00:00",,0.36000001,9.25,,
"SIND-008-PZ","08/22/15 00:00:00",,0.36000001,1.9400001,,
"SIND-009-PZ","06/23/15 00:00:00",,0.89999998,19.9,,
"SIND-009-PZ","07/24/15 00:00:00",,0.89999998,7.9000001,,
"SIND-009-PZ","08/28/15 00:00:00",,0.89999998,1.9,,
"SIND-010-PZ","06/23/15 00:00:00",,0.44999999,17,,
"SIND-010-PZ","07/24/15 00:00:00",,0.44999999,10.1,,
"SIND-010-PZ","08/22/15 00:00:00",,0.44999999,0.44999999,,
"SIND-011-PZ","06/23/15 00:00:00",,0.2,16.5,,
"SIND-011-PZ","07/24/15 00:00:00",,0.2,8.1999998,,
"SIND-011-PZ","08/23/15 00:00:00",,0.2,1.6,,
"SIND-012-PZ","06/23/15 00:00:00",,0.43000001,22.15,,
"SIND-012-PZ","07/24/15 00:00:00",,0.43000001,9,,
"SIND-012-PZ","08/23/15 00:00:00",,0.43000001,2.1700001,,
"SIND-013-PZ","06/23/15 00:00:00",,0.73000002,16.5,,
"SIND-013-PZ","07/24/15 00:00:00",,0.73000002,8.1000004,,
"SIND-013-PZ","08/16/15 00:00:00",,0.73000002,1.5700001,,
"SIND-014-PZ","06/23/15 00:00:00",,0.23999999,24.1,,
"SIND-014-PZ","07/24/15 00:00:00",,0.23999999,10.5,,
"SIND-014-PZ","08/16/15 00:00:00",,0.23999999,1.16,,
"SIND-015-PZ","06/23/15 00:00:00",,0.75,28.5,,
"SIND-015-PZ","07/24/15 00:00:00",,0.75,12.3,,
"SIND-015-PZ","08/16/15 00:00:00",,0.75,1.2,,
"SIND-016-PZ","06/23/15 00:00:00",,0.60000002,24.9,,
"SIND-016-PZ","07/24/15 00:00:00",,0.60000002,13.1,,
"SIND-016-PZ","08/16/15 00:00:00",,0.60000002,0.5,,
"SIND-017-PZ","06/23/15 00:00:00",,0.75,23.700001,,
"SIND-017-PZ","07/24/15 00:00:00",,0.75,14.1,,
"SIND-017-PZ","08/19/15 00:00:00",,0.75,3.1500001,,
"SIND-PTW-18","06/23/15 00:00:00",,0.89999998,15.4,,
"SIND-PTW-18","07/24/15 00:00:00",,0.89999998,9.1999998,,
"SIND-PTW-18","08/19/15 00:00:00",,0.89999998,1.03,,
"SIND-019-A-PZ","06/24/15 00:00:00",,0.30000001,14.95,,
"SIND-019-A-PZ","07/25/15 00:00:00",,0.30000001,8.3000002,,
"SIND-019-A-PZ","08/24/15 00:00:00",,0.30000001,1.8,,
"SIND-019-B-PZ","06/24/15 00:00:00",,0.60000002,15,,
"SIND-019-B-PZ","07/25/15 00:00:00",,0.60000002,8.1000004,,
"SIND-019-B-PZ","08/24/15 00:00:00",,0.60000002,1.7,,
"SIND-019-C-PZ","06/24/15 00:00:00",,0.60000002,24.1,,
"SIND-019-C-PZ","07/25/15 00:00:00",,0.60000002,9.5,,
"SIND-019-C-PZ","08/24/15 00:00:00",,0.60000002,1.6,,
"SIND-020-PZ","06/24/15 00:00:00",,0.47999999,21.049999,,
"SIND-020-PZ","07/25/15 00:00:00",,0.47999999,8.6999998,,
"SIND-020-PZ","08/24/15 00:00:00",,0.47999999,2.0999999,,
"SIND-PTW-21-NEW","06/24/15 00:00:00",,1,13.1,,
"SIND-PTW-21-NEW","07/25/15 00:00:00",,1,7.3000002,,
"SIND-PTW-21-NEW","08/24/15 00:00:00",,1,1.7,,
"SIND-022-PZ","06/24/15 00:00:00",,0.63,30.25,,
"SIND-022-PZ","07/25/15 00:00:00",,0.63,15.1,,
"SIND-022-PZ","08/24/15 00:00:00",,0.63,1.5,,
"SIND-023-PZ","06/24/15 00:00:00",,0.47,13.1,,
"SIND-023-PZ","07/25/15 00:00:00",,0.47,8,,
"SIND-023-PZ","08/22/15 00:00:00",,0.47,1.75,,
"SIND-025-PZ","06/24/15 00:00:00",,0.43000001,16.15,,
"SIND-025-PZ","07/25/15 00:00:00",,0.43000001,6.5,,
"SIND-025-PZ","08/25/15 00:00:00",,0.43000001,2,,
"SIND-026-PZ","06/24/15 00:00:00",,0.34,11.5,,
"SIND-026-PZ","07/25/15 00:00:00",,0.34,6.3000002,,
"SIND-026-PZ","08/25/15 00:00:00",,0.34,1.9,,
"SIND-027-PZ","06/24/15 00:00:00",,0.69999999,19.25,,
"SIND-027-PZ","07/25/15 00:00:00",,0.69999999,6.6999998,,
"SIND-027-PZ","08/21/15 00:00:00",,0.69999999,2,,
"SIND-028-PZ","06/25/15 00:00:00",,0.56,18.75,,
"SIND-028-PZ","07/26/15 00:00:00",,0.56,7.25,,
"SIND-028-PZ","08/27/15 00:00:00",,0.56,1.9,,
"SIND-029-PZ","06/25/15 00:00:00",,0.44999999,18,,
"SIND-029-PZ","07/26/15 00:00:00",,0.44999999,6.5,,
"SIND-029-PZ","08/25/15 00:00:00",,0.44999999,1.05,,
"SIND-030-PZ","06/25/15 00:00:00",,0.85000002,13.1,,
"SIND-030-PZ","04/21/15 00:00:00",,0.85000002,33.849998,"Dry",
"SIND-030-PZ","05/22/15 00:00:00",,0.85000002,33.849998,"Dry",
"SIND-030-PZ","07/26/15 00:00:00",,0.85000002,7,,
"SIND-030-PZ","08/23/15 00:00:00",,0.85000002,1,,
"SIND-031-PZ","06/25/15 00:00:00",,0.51999998,29.9,,
"SIND-031-PZ","07/26/15 00:00:00",,0.51999998,11.3,,
"SIND-031-PZ","08/23/15 00:00:00",,0.51999998,0.77999997,,
"SIND-032-PZ","06/25/15 00:00:00",,0.51999998,18.5,,
"SIND-032-PZ","07/26/15 00:00:00",,0.51999998,9.25,,
"SIND-032-PZ","08/21/15 00:00:00",,0.51999998,1.28,,
"SIND-033-PZ","06/25/15 00:00:00",,0.64999998,10.15,,
"SIND-033-PZ","07/26/15 00:00:00",,0.64999998,5,,
"SIND-033-PZ","08/12/15 00:00:00",,0.64999998,1.2,,
"SIND-34-PTW-NEW","06/25/15 00:00:00",,1,24.700001,,
"SIND-34-PTW-NEW","07/26/15 00:00:00",,1,16.1,,
"SIND-34-PTW-NEW","08/21/15 00:00:00",,1,1.8,,
"SIND-035-NEW","06/24/15 00:00:00",,0.69999999,9.5,,
"SIND-035-NEW","07/25/15 00:00:00",,0.69999999,5.0999999,,
"SIND-035-NEW","08/24/15 00:00:00",,0.69999999,1.4,,
"SIND-036-PZ","06/24/15 00:00:00",,0.44999999,15.1,,
"SIND-036-PZ","07/25/15 00:00:00",,0.44999999,6,,
"SIND-036-PZ","08/24/15 00:00:00",,0.44999999,1.5,,
"SIND-037-PZ","06/24/15 00:00:00",,0.60000002,23.299999,,
"SIND-037-PZ","07/25/15 00:00:00",,0.60000002,9.25,,
"SIND-037-PZ","08/25/15 00:00:00",,0.60000002,1.4,,
"SIND-PTW 38-PZ","06/24/15 00:00:00",,0.80000001,19.9,,
"SIND-PTW 38-PZ","07/25/15 00:00:00",,0.80000001,10.1,,
"SIND-PTW 38-PZ","08/25/15 00:00:00",,0.80000001,1.6,,
"SIND-039-A-PZ","04/23/15 00:00:00",,0.60000002,64.650002,"Dry",
"SIND-039-A-PZ","05/23/15 00:00:00",,0.60000002,64.650002,"Dry",
"SIND-039-A-PZ","06/23/15 00:00:00",,0.60000002,64.650002,"Dry",
"SIND-039-A-PZ","07/24/15 00:00:00",,0.60000002,64.650002,"Dry",
"SIND-039-A-PZ","08/23/15 00:00:00",,0.60000002,2.54,,
"SIND-039-B-PZ","06/23/15 00:00:00",,0.75,14.9,,
"SIND-039-B-PZ","07/24/15 00:00:00",,0.75,7,,
"SIND-039-B-PZ","08/23/15 00:00:00",,0.75,1.45,,
"SIND-040-PZ","06/24/15 00:00:00",,0.61000001,7.5,,
"SIND-040-PZ","07/25/15 00:00:00",,0.61000001,4.5,,
"SIND-040-PZ","08/21/15 00:00:00",,0.61000001,2.0999999,,
"SIND-001-PZ","09/20/15 00:00:00",,0.44999999,,,
"SIND-PTW-01 NEW","09/20/15 00:00:00",,0.69999999,2.6500001,,
"SIND-PTW-01 NEW","10/20/15 00:00:00",,0.69999999,13.4,,
"SIND-PTW-01 NEW","11/08/15 00:00:00",,0.69999999,13.5,,
"SIND-002-PZ","09/20/15 00:00:00",,0.64999998,2.45,,
"SIND-002-PZ","10/20/15 00:00:00",,0.64999998,11.38,,
"SIND-002-PZ","11/03/15 00:00:00",,0.64999998,11.45,,
"SIND-003-PZ","09/20/15 00:00:00",,0.80000001,2.0999999,,
"SIND-003-PZ","10/21/15 00:00:00",,0.80000001,12.4,,
"SIND-003-PZ","11/03/15 00:00:00",,0.80000001,12.4,,
"SIND-004-A-PZ","09/20/15 00:00:00",,0.5,3.4000001,,
"SIND-004-A-PZ","10/21/15 00:00:00",,0.5,12.65,,
"SIND-004-A-PZ","11/05/15 00:00:00",,0.5,12.7,,
"SIND-004-B-PZ","09/23/15 00:00:00",,0.60000002,1.7,,
"SIND-004-B-PZ","10/23/15 00:00:00",,0.60000002,5.8000002,,
"SIND-004-B-PZ","11/05/15 00:00:00",,0.60000002,5.9000001,,
"SIND-004-C-PZ","09/23/15 00:00:00",,0.69999999,1.7,,
"SIND-004-C-PZ","10/23/15 00:00:00",,0.69999999,6.5500002,,
"SIND-004-C-PZ","11/05/15 00:00:00",,0.69999999,6.5999999,,
"SIND-005-PZ","09/23/15 00:00:00",,0.69999999,1.7,,
"SIND-005-PZ","10/23/15 00:00:00",,0.69999999,15.2,,
"SIND-005-PZ","11/04/15 00:00:00",,0.69999999,15.3,,
"SIND-006-PZ","09/21/15 00:00:00",,0.69999999,3.25,,
"SIND-006-PZ","10/20/15 00:00:00",,0.69999999,8.1000004,,
"SIND-006-PZ","11/03/15 00:00:00",,0.69999999,8.1000004,,
"SIND-007-PZ","09/25/15 00:00:00",,0.5,,,
"SIND-PTW-07","09/25/15 00:00:00",,0.55000001,4.6999998,,
"SIND-PTW-07","10/20/15 00:00:00",,0.55000001,15.05,,
"SIND-PTW-07","11/03/15 00:00:00",,0.55000001,15.1,,
"SIND-008-PZ","09/22/15 00:00:00",,0.36000001,2.4400001,,
"SIND-008-PZ","10/26/15 00:00:00",,0.36000001,7.7600002,,
"SIND-008-PZ","11/06/15 00:00:00",,0.36000001,7.8400002,,
"SIND-009-PZ","09/22/15 00:00:00",,0.89999998,1.7,,
"SIND-009-PZ","10/26/15 00:00:00",,0.89999998,11.2,,
"SIND-009-PZ","11/06/15 00:00:00",,0.89999998,11.2,,
"SIND-010-PZ","09/22/15 00:00:00",,0.44999999,1.25,,
"SIND-010-PZ","10/28/15 00:00:00",,0.44999999,9.6000004,,
"SIND-010-PZ","11/06/15 00:00:00",,0.44999999,9.75,,
"SIND-011-PZ","09/22/15 00:00:00",,0.2,2.6500001,,
"SIND-011-PZ","10/28/15 00:00:00",,0.2,6.6500001,,
"SIND-011-PZ","11/06/15 00:00:00",,0.2,9.75,,
"SIND-012-PZ","09/26/15 00:00:00",,0.43000001,2.8699999,,
"SIND-012-PZ","10/28/15 00:00:00",,0.43000001,14.72,,
"SIND-012-PZ","11/06/15 00:00:00",,0.43000001,14.77,,
"SIND-013-PZ","09/26/15 00:00:00",,0.73000002,2.7,,
"SIND-013-PZ","10/29/15 00:00:00",,0.73000002,18.27,,
"SIND-013-PZ","11/07/15 00:00:00",,0.73000002,18.27,,
"SIND-014-PZ","09/24/15 00:00:00",,0.23999999,1.5599999,,
"SIND-014-PZ","10/30/15 00:00:00",,0.23999999,2.46,,
"SIND-014-PZ","11/07/15 00:00:00",,0.23999999,20.559999,,
"SIND-015-PZ","09/24/15 00:00:00",,0.75,1.65,,
"SIND-015-PZ","10/30/15 00:00:00",,0.75,23.4,,
"SIND-015-PZ","11/09/15 00:00:00",,0.75,23.469999,,
"SIND-016-PZ","09/24/15 00:00:00",,0.60000002,1.3,,
"SIND-016-PZ","10/20/15 00:00:00",,0.60000002,16.9,,
"SIND-016-PZ","11/07/15 00:00:00",,0.60000002,17,,
"SIND-017-PZ","09/21/15 00:00:00",,0.75,4.0500002,,
"SIND-017-PZ","10/30/15 00:00:00",,0.75,11.25,,
"SIND-017-PZ","11/08/15 00:00:00",,0.75,11.35,,
"SIND-PTW-18","09/21/15 00:00:00",,0.89999998,1.4299999,,
"SIND-PTW-18","10/21/15 00:00:00",,0.89999998,10.75,,
"SIND-PTW-18","11/08/15 00:00:00",,0.89999998,10.83,,
"SIND-019-A-PZ","09/24/15 00:00:00",,0.30000001,2.4000001,,
"SIND-019-A-PZ","10/20/15 00:00:00",,0.30000001,12.25,,
"SIND-019-A-PZ","11/30/15 00:00:00",,0.30000001,12.3,,
"SIND-019-B-PZ","09/24/15 00:00:00",,0.60000002,2.5999999,,
"SIND-019-B-PZ","10/20/15 00:00:00",,0.60000002,12.4,,
"SIND-019-B-PZ","11/03/15 00:00:00",,0.60000002,12.3,,
"SIND-035-NEW","09/22/15 00:00:00",,0.69999999,2,,
"SIND-035-NEW","10/28/15 00:00:00",,0.69999999,4.75,,
"SIND-035-NEW","11/04/15 00:00:00",,0.69999999,4.8000002,,
"SIND-036-PZ","09/22/15 00:00:00",,0.44999999,3.5999999,,
"SIND-036-PZ","10/28/15 00:00:00",,0.44999999,10.71,,
"SIND-036-PZ","11/08/15 00:00:00",,0.44999999,10.75,,
"SIND-037-PZ","09/22/15 00:00:00",,0.60000002,3.4000001,,
"SIND-037-PZ","10/29/15 00:00:00",,0.60000002,6.0999999,,
"SIND-037-PZ","11/09/15 00:00:00",,0.60000002,6.1999998,,
"SIND-PTW 38-PZ","09/22/15 00:00:00",,0.80000001,2.7,,
"SIND-PTW 38-PZ","10/29/15 00:00:00",,0.80000001,10.33,,
"SIND-PTW 38-PZ","11/09/15 00:00:00",,0.80000001,10.4,,
"SIND-039-A-PZ","09/23/15 00:00:00",,0.60000002,3.4400001,,
"SIND-039-A-PZ","10/30/15 00:00:00",,0.60000002,7.3899999,,
"SIND-039-A-PZ","11/06/15 00:00:00",,0.60000002,7.4400001,,
"SIND-039-B-PZ","09/23/15 00:00:00",,0.75,2.95,"well abadend",
"SIND-040-PZ","09/23/15 00:00:00",,0.61000001,2.9000001,,
"SIND-040-PZ","10/30/15 00:00:00",,0.61000001,7.29,,
"SIND-040-PZ","11/02/15 00:00:00",,0.61000001,7.29,,
"SIND-PTW-01 NEW","12/02/15 00:00:00",,0.69999999,17.299999,,
"SIND-PTW-01 NEW","01/06/16 00:00:00",,0.69999999,20.299999,,
"SIND-002-PZ","12/24/15 00:00:00",,0.64999998,17.25,,
"SIND-002-PZ","01/09/16 00:00:00",,0.64999998,22.35,,
"SIND-003-PZ","12/24/15 00:00:00",,0.80000001,17.4,,
"SIND-003-PZ","01/09/16 00:00:00",,0.80000001,24.200001,,
"SIND-004-A-PZ","12/26/15 00:00:00",,0.5,18,,
"SIND-004-A-PZ","01/09/16 00:00:00",,0.5,24,,
"SIND-004-B-PZ","12/26/15 00:00:00",,0.60000002,15.6,,
"SIND-004-B-PZ","01/09/16 00:00:00",,0.60000002,24.4,,
"SIND-004-C-PZ","12/26/15 00:00:00",,0.69999999,16.5,,
"SIND-004-C-PZ","01/09/16 00:00:00",,0.69999999,20.299999,,
"SIND-005-PZ","12/28/15 00:00:00",,0.69999999,19.799999,,
"SIND-005-PZ","01/09/16 00:00:00",,0.69999999,24.799999,,
"SIND-006-PZ","12/28/15 00:00:00",,0.69999999,10.5,,
"SIND-006-PZ","01/08/16 00:00:00",,0.69999999,15.4,,
"SIND-PTW-07","12/28/15 00:00:00",,0.55000001,18.15,,
"SIND-PTW-07","01/08/16 00:00:00",,0.55000001,23.450001,,
"SIND-008-PZ","12/21/15 00:00:00",,0.36000001,16.4,,
"SIND-008-PZ","01/07/16 00:00:00",,0.36000001,21.65,,
"SIND-009-PZ","12/22/15 00:00:00",,0.89999998,17.1,,
"SIND-009-PZ","01/07/16 00:00:00",,0.89999998,23.1,,
"SIND-010-PZ","12/21/15 00:00:00",,0.44999999,17.15,,
"SIND-010-PZ","01/09/16 00:00:00",,0.44999999,22.049999,,
"SIND-011-PZ","12/23/15 00:00:00",,0.2,17.9,,
"SIND-011-PZ","01/06/16 00:00:00",,0.2,23.799999,,
"SIND-012-PZ","12/21/15 00:00:00",,0.43000001,20.17,,
"SIND-012-PZ","01/09/16 00:00:00",,0.43000001,25.07,,
"SIND-013-PZ","12/26/15 00:00:00",,0.73000002,20.870001,,
"SIND-013-PZ","01/09/16 00:00:00",,0.73000002,25.07,,
"SIND-014-PZ","12/26/15 00:00:00",,0.23999999,24.66,,
"SIND-014-PZ","01/09/16 00:00:00",,0.23999999,28,,
"SIND-015-PZ","12/28/15 00:00:00",,0.75,24.85,,
"SIND-015-PZ","01/06/16 00:00:00",,0.75,27.25,,
"SIND-016-PZ","12/28/15 00:00:00",,0.60000002,19.6,,
"SIND-016-PZ","01/08/16 00:00:00",,0.60000002,25.4,,
"SIND-017-PZ","12/29/15 00:00:00",,0.75,18.35,,
"SIND-017-PZ","01/08/16 00:00:00",,0.75,24.35,,
"SIND-PTW-18","12/29/15 00:00:00",,0.89999998,16.629999,,
"SIND-PTW-18","01/08/16 00:00:00",,0.89999998,23.33,,
"SIND-019-A-PZ","12/21/15 00:00:00",,0.30000001,17.200001,,
"SIND-019-A-PZ","01/04/16 00:00:00",,0.30000001,21.700001,,
"SIND-019-B-PZ","12/21/15 00:00:00",,0.60000002,17.5,,
"SIND-019-B-PZ","01/04/16 00:00:00",,0.60000002,21.4,,
"SIND-019-C-PZ","12/21/15 00:00:00",,0.60000002,18.1,,
"SIND-019-C-PZ","01/04/16 00:00:00",,0.60000002,23.4,,
"SIND-020-PZ","12/23/15 00:00:00",,0.47999999,15.12,,
"SIND-020-PZ","01/04/16 00:00:00",,0.47999999,21.52,,
"SIND-PTW-21-NEW","12/23/15 00:00:00",,1,18.700001,,
"SIND-PTW-21-NEW","01/05/16 00:00:00",,1,25,,
"SIND-022-PZ","12/25/15 00:00:00",,0.63,15.97,,
"SIND-022-PZ","01/05/16 00:00:00",,0.63,24,,
"SIND-023-PZ","12/25/15 00:00:00",,0.47,5.4000001,,
"SIND-023-PZ","01/05/16 00:00:00",,0.47,16.530001,,
"SIND-025-PZ","12/21/15 00:00:00",,0.43000001,15.97,,
"SIND-025-PZ","01/01/16 00:00:00",,0.43000001,23.57,,
"SIND-026-PZ","12/28/15 00:00:00",,0.34,16.860001,,
"SIND-026-PZ","01/01/16 00:00:00",,0.34,25.66,,
"SIND-027-PZ","12/26/15 00:00:00",,0.69999999,16.4,,
"SIND-027-PZ","01/07/16 00:00:00",,0.69999999,23.299999,,
"SIND-028-PZ","12/22/15 00:00:00",,0.56,17.74,,
"SIND-028-PZ","01/07/16 00:00:00",,0.56,22.440001,,
"SIND-029-PZ","12/26/15 00:00:00",,0.44999999,19.75,,
"SIND-029-PZ","01/07/16 00:00:00",,0.44999999,25.549999,,
"SIND-030-PZ","12/22/15 00:00:00",,0.85000002,17.25,,
"SIND-030-PZ","01/07/16 00:00:00",,0.85000002,24.049999,,
"SIND-031-PZ","12/22/15 00:00:00",,0.51999998,26.18,,
"SIND-031-PZ","01/07/16 00:00:00",,0.51999998,23.48,,
"SIND-032-PZ","12/31/15 00:00:00",,0.51999998,16.58,,
"SIND-032-PZ","01/08/16 00:00:00",,0.51999998,23.48,,
"SIND-033-PZ","12/31/15 00:00:00",,0.64999998,25.85,,
"SIND-033-PZ","01/08/16 00:00:00",,0.64999998,29.35,,
"SIND-34-PTW-NEW","12/24/15 00:00:00",,1,17.6,,
"SIND-34-PTW-NEW","01/08/16 00:00:00",,1,24,,
"SIND-035-NEW","12/26/15 00:00:00",,0.69999999,15,,
"SIND-035-NEW","01/07/16 00:00:00",,0.69999999,23.4,,
"SIND-036-PZ","12/23/15 00:00:00",,0.44999999,16.799999,,
"SIND-036-PZ","01/07/16 00:00:00",,0.44999999,24.549999,,
"SIND-037-PZ","12/28/15 00:00:00",,0.60000002,16.4,,
"SIND-037-PZ","01/09/16 00:00:00",,0.60000002,23.4,,
"SIND-PTW 38-PZ","12/28/15 00:00:00",,0.80000001,16.299999,,
"SIND-PTW 38-PZ","01/09/16 00:00:00",,0.80000001,25.200001,,
"SIND-039-A-PZ","12/23/15 00:00:00",,0.60000002,17.540001,,
"SIND-039-A-PZ","01/09/16 00:00:00",,0.60000002,23.34,,
"SIND-040-PZ","12/21/15 00:00:00",,0.61000001,13.59,,
"SIND-040-PZ","01/01/16 00:00:00",,0.61000001,22.290001,,
"SIND-008-PZ","05/20/16 00:00:00",,0.36000001,25.34,,
"SIND-009-PZ","05/21/16 00:00:00",,0.89999998,31.299999,,
"SIND-010-PZ","05/20/16 00:00:00",,0.44999999,26.700001,,
"SIND-011-PZ","05/20/16 00:00:00",,0.2,29.5,,
"SIND-012-PZ","05/21/16 00:00:00",,0.43000001,28.33,,
"SIND-013-PZ","05/23/16 00:00:00",,0.73000002,26.77,,
"SIND-014-PZ","05/23/16 00:00:00",,0.23999999,33.959999,,
"SIND-015-PZ","05/23/16 00:00:00",,0.75,31.35,,
"SIND-016-PZ","05/24/16 00:00:00",,0.60000002,27.049999,,
"SIND-017-PZ","05/24/16 00:00:00",,0.75,27.15,,
"SIND-018-PZ","05/24/16 00:00:00",,0.47,,,
"SIND-039-A-PZ","05/21/16 00:00:00",,0.60000002,26.1,,
"SIND-026-PZ","05/23/16 00:00:00",,0.34,20.17,,
"SIND-PTW-01 NEW","05/20/16 00:00:00",,0.69999999,24.299999,,
"SIND-002-PZ","05/20/16 00:00:00",,0.64999998,11.45,,
"SIND-003-PZ","05/20/16 00:00:00",,0.80000001,17.200001,,
"SIND-004-A-PZ","05/22/16 00:00:00",,0.5,16.5,,
"SIND-004-B-PZ","06/21/16 00:00:00",,0.60000002,33.599998,,
"SIND-004-C-PZ","05/22/16 00:00:00",,0.69999999,13.8,,
"SIND-005-PZ","05/23/16 00:00:00",,0.69999999,11.8,,
"SIND-028-PZ","05/24/16 00:00:00",,0.56,34.34,,
"SIND-029-PZ","05/21/16 00:00:00",,0.44999999,18.9,,
"SIND-030-PZ","05/24/16 00:00:00",,0.85000002,,"       Dry",
"SIND-031-PZ","05/29/16 00:00:00",,0.51999998,29.98,,
"SIND-032-PZ","05/27/16 00:00:00",,0.51999998,18.280001,,
"SIND-033-PZ","05/27/16 00:00:00",,0.64999998,22.549999,,
"SIND-34-PTW-NEW","05/21/16 00:00:00",,1,42,,
"SIND-006-PZ","06/25/16 00:00:00",,0.69999999,27.6,,
"SIND-PTW-07","05/26/16 00:00:00",,0.55000001,33.700001,,
"SIND-019-A-PZ","05/20/16 00:00:00",,0.30000001,29.4,,
"SIND-019-B-PZ","05/20/16 00:00:00",,0.60000002,29.6,,
"SIND-019-C-PZ","05/20/16 00:00:00",,0.60000002,21.4,,
"SIND-PTW-21-NEW","05/21/16 00:00:00",,1,12.2,,
"SIND-022-PZ","05/22/16 00:00:00",,0.63,22.700001,,
"SIND-023-PZ","05/22/16 00:00:00",,0.47,19.629999,,
"SIND-025-PZ","05/23/16 00:00:00",,0.43000001,19.34,,
"SIND-027-PZ","05/24/16 00:00:00",,0.69999999,18.799999,,
"SIND-035-NEW","05/25/16 00:00:00",,0.69999999,11.3,,
"SIND-036-PZ","05/26/16 00:00:00",,0.44999999,16.049999,,
"SIND-037-PZ","05/26/16 00:00:00",,0.60000002,24.9,,
"SIND-PTW 38-PZ","05/25/16 00:00:00",,0.80000001,19.6,,
"SIND-040-PZ","05/28/16 00:00:00",,0.61000001,11.29,,
"SIND-019-A-PZ","06/21/16 00:00:00",,0.30000001,9.8999996,,
"SIND-019-A-PZ","07/22/16 00:00:00",,0.30000001,9.8999996,,
"SIND-019-A-PZ","08/20/16 00:00:00",,0.30000001,1.5,,
"SIND-019-A-PZ","09/20/16 00:00:00",,0.30000001,2.0999999,,
"SIND-019-B-PZ","06/21/16 00:00:00",,0.60000002,29.9,,
"SIND-019-B-PZ","07/22/16 00:00:00",,0.60000002,11.9,,
"SIND-019-B-PZ","08/20/16 00:00:00",,0.60000002,1.5,,
"SIND-019-B-PZ","09/20/16 00:00:00",,0.60000002,1.9,,
"SIND-019-C-PZ","06/21/16 00:00:00",,0.60000002,21.9,,
"SIND-019-C-PZ","07/22/16 00:00:00",,0.60000002,12.9,,
"SIND-019-C-PZ","08/20/16 00:00:00",,0.60000002,1.4,,
"SIND-019-C-PZ","09/21/16 00:00:00",,0.60000002,1.95,,
"SIND-PTW-21-NEW","06/23/16 00:00:00",,1,12.6,,
"SIND-PTW-21-NEW","07/24/16 00:00:00",,1,4.5999999,,
"SIND-PTW-21-NEW","08/22/16 00:00:00",,1,1.3,,
"SIND-PTW-21-NEW","09/21/16 00:00:00",,1,2.05,,
"SIND-022-PZ","06/23/16 00:00:00",,0.63,22.870001,,
"SIND-022-PZ","07/23/16 00:00:00",,0.63,11.87,,
"SIND-022-PZ","08/22/16 00:00:00",,0.63,1.2,,
"SIND-022-PZ","09/29/16 00:00:00",,0.63,1.7,,
"SIND-023-PZ","06/23/16 00:00:00",,0.47,19.93,,
"SIND-023-PZ","07/23/16 00:00:00",,0.47,9.4300003,,
"SIND-023-PZ","08/23/16 00:00:00",,0.47,1.4,,
"SIND-023-PZ","09/22/16 00:00:00",,0.47,1.7,,
"SIND-025-PZ","06/24/16 00:00:00",,0.43000001,18.469999,,
"SIND-025-PZ","07/24/16 00:00:00",,0.43000001,8.8699999,,
"SIND-025-PZ","08/29/16 00:00:00",,0.43000001,1.5,,
"SIND-025-PZ","09/26/16 00:00:00",,0.43000001,1.8,,
"SIND-027-PZ","06/25/16 00:00:00",,0.69999999,18.200001,,
"SIND-027-PZ","07/30/16 00:00:00",,0.69999999,11.2,,
"SIND-027-PZ","08/29/16 00:00:00",,0.69999999,1.4,,
"SIND-027-PZ","09/26/16 00:00:00",,0.69999999,1.7,,
"SIND-019-C-PZ","09/24/15 00:00:00",,0.60000002,2.5999999,,
"SIND-019-C-PZ","10/20/15 00:00:00",,0.60000002,12.8,,
"SIND-019-C-PZ","11/03/15 00:00:00",,0.60000002,12.8,,
"SIND-020-PZ","09/24/15 00:00:00",,0.47999999,3.2,,
"SIND-020-PZ","10/21/15 00:00:00",,0.47999999,8.1199999,,
"SIND-020-PZ","11/03/15 00:00:00",,0.47999999,8.1999998,,
"SIND-PTW-21-NEW","09/23/15 00:00:00",,1,2.5999999,,
"SIND-PTW-21-NEW","10/21/15 00:00:00",,1,4.6500001,,
"SIND-PTW-21-NEW","11/03/15 00:00:00",,1,4.6999998,,
"SIND-022-PZ","09/23/15 00:00:00",,0.63,2.7,,
"SIND-022-PZ","10/21/15 00:00:00",,0.63,7.96,,
"SIND-022-PZ","11/05/15 00:00:00",,0.63,7.9699998,,
"SIND-023-PZ","09/23/15 00:00:00",,0.47,2.8,,
"SIND-023-PZ","10/26/15 00:00:00",,0.47,3.3299999,,
"SIND-023-PZ","11/05/15 00:00:00",,0.47,3.4300001,,
"SIND-025-PZ","09/23/15 00:00:00",,0.43000001,3.0999999,,
"SIND-025-PZ","10/26/15 00:00:00",,0.43000001,9.0699997,,
"SIND-025-PZ","11/03/15 00:00:00",,0.43000001,9.6700001,,
"SIND-026-PZ","09/23/15 00:00:00",,0.34,3,,
"SIND-026-PZ","10/28/15 00:00:00",,0.34,9.0600004,,
"SIND-026-PZ","11/09/15 00:00:00",,0.34,9.1599998,,
"SIND-027-PZ","09/19/15 00:00:00",,0.69999999,2.0999999,,
"SIND-027-PZ","10/26/15 00:00:00",,0.69999999,10.1,,
"SIND-027-PZ","11/06/15 00:00:00",,0.69999999,10.1,,
"SIND-028-PZ","09/19/15 00:00:00",,0.56,1.54,,
"SIND-028-PZ","10/26/15 00:00:00",,0.56,12,,
"SIND-028-PZ","11/04/15 00:00:00",,0.56,12.04,,
"SIND-029-PZ","09/23/15 00:00:00",,0.44999999,0.44999999,,
"SIND-029-PZ","10/28/15 00:00:00",,0.44999999,12.6,,
"SIND-029-PZ","11/05/15 00:00:00",,0.44999999,12.65,,
"SIND-030-PZ","09/19/15 00:00:00",,0.85000002,1.8,,
"SIND-030-PZ","10/28/15 00:00:00",,0.85000002,11.17,,
"SIND-030-PZ","11/03/15 00:00:00",,0.85000002,11.25,,
"SIND-031-PZ","09/19/15 00:00:00",,0.51999998,1.08,,
"SIND-031-PZ","10/29/15 00:00:00",,0.51999998,10.73,,
"SIND-031-PZ","11/05/15 00:00:00",,0.51999998,10.68,,
"SIND-032-PZ","09/19/15 00:00:00",,0.51999998,1.83,,
"SIND-032-PZ","10/29/15 00:00:00",,0.51999998,10.32,,
"SIND-032-PZ","11/05/15 00:00:00",,0.51999998,10.38,,
"SIND-033-PZ","09/18/15 00:00:00",,0.64999998,2.05,,
"SIND-033-PZ","10/30/15 00:00:00",,0.64999998,10.6,,
"SIND-033-PZ","11/03/15 00:00:00",,0.64999998,10.65,,
"SIND-34-PTW-NEW","09/18/15 00:00:00",,1,2.5,,
"SIND-34-PTW-NEW","10/30/15 00:00:00",,1,9.4300003,,
"SIND-34-PTW-NEW","11/03/15 00:00:00",,1,9.5,,
"SIND-035-NEW","06/26/16 00:00:00",,0.69999999,9.8000002,,
"SIND-035-NEW","07/30/16 00:00:00",,0.69999999,4.8000002,,
"SIND-035-NEW","08/23/16 00:00:00",,0.69999999,1,,
"SIND-035-NEW","09/26/16 00:00:00",,0.69999999,1.4,,
"SIND-036-PZ","06/27/16 00:00:00",,0.44999999,15.7,,
"SIND-036-PZ","07/27/16 00:00:00",,0.44999999,12.7,,
"SIND-036-PZ","08/23/16 00:00:00",,0.44999999,1.05,,
"SIND-036-PZ","09/28/16 00:00:00",,0.44999999,1.35,,
"SIND-037-PZ","06/28/16 00:00:00",,0.60000002,23.6,,
"SIND-037-PZ","07/28/16 00:00:00",,0.60000002,14.6,,
"SIND-037-PZ","08/23/16 00:00:00",,0.60000002,1.1,,
"SIND-037-PZ","09/29/16 00:00:00",,0.60000002,1.3,,
"SIND-040-PZ","06/27/16 00:00:00",,0.61000001,9.1899996,,
"SIND-040-PZ","07/27/16 00:00:00",,0.61000001,5.1900001,,
"SIND-PTW-01 NEW","06/27/16 00:00:00",,0.69999999,24.1,,
"SIND-PTW-01 NEW","12/26/16 00:00:00",,0.69999999,3.8,,
"SIND-PTW-01 NEW","08/22/16 00:00:00",,0.69999999,0.60000002,,
"SIND-PTW-01 NEW","09/20/16 00:00:00",,0.69999999,0.69999999,,
"SIND-002-PZ","06/26/16 00:00:00",,0.64999998,11.8,,
"SIND-002-PZ","07/23/16 00:00:00",,0.64999998,9.6999998,,
"SIND-002-PZ","08/22/16 00:00:00",,0.64999998,0.80000001,,
"SIND-002-PZ","09/20/16 00:00:00",,0.64999998,0.60000002,,
"SIND-003-PZ","06/26/16 00:00:00",,0.80000001,16.9,,
"SIND-004-A-PZ","06/21/16 00:00:00",,0.5,17.1,,
"SIND-004-A-PZ","07/21/16 00:00:00",,0.5,12.2,,
"SIND-004-A-PZ","08/24/16 00:00:00",,0.5,1.1,,
"SIND-004-A-PZ","09/21/16 00:00:00",,0.5,1.3,,
"SIND-004-B-PZ","07/21/16 00:00:00",,0.60000002,16.1,,
"SIND-004-B-PZ","08/24/16 00:00:00",,0.60000002,0.89999998,,
"SIND-004-B-PZ","09/21/16 00:00:00",,0.60000002,1.1,,
"SIND-004-C-PZ","06/21/16 00:00:00",,0.69999999,15,,
"SIND-004-C-PZ","07/22/16 00:00:00",,0.69999999,10.9,,
"SIND-004-C-PZ","08/24/16 00:00:00",,0.69999999,0.69999999,,
"SIND-004-C-PZ","09/21/16 00:00:00",,0.69999999,7,,
"SIND-005-PZ","06/22/16 00:00:00",,0.69999999,12.2,,
"SIND-005-PZ","07/22/16 00:00:00",,0.69999999,9.1999998,,
"SIND-005-PZ","08/21/16 00:00:00",,0.69999999,0.40000001,,
"SIND-005-PZ","09/22/16 00:00:00",,0.69999999,0.69999999,,
"SIND-028-PZ","06/23/16 00:00:00",,0.56,34.84,,
"SIND-028-PZ","07/23/16 00:00:00",,0.56,10.74,,
"SIND-028-PZ","08/28/16 00:00:00",,0.56,1.24,,
"SIND-028-PZ","09/22/16 00:00:00",,0.56,1.24,,
"SIND-029-PZ","06/20/16 00:00:00",,0.44999999,19.5,,
"SIND-029-PZ","07/29/16 00:00:00",,0.44999999,1.4,,
"SIND-029-PZ","08/27/16 00:00:00",,0.44999999,0.64999998,,
"SIND-029-PZ","09/26/16 00:00:00",,0.44999999,0.80000001,,
"SIND-030-PZ","06/23/16 00:00:00",,0.85000002,,"dry",
"SIND-031-PZ","07/25/16 00:00:00",,0.51999998,13.58,,
"SIND-031-PZ","08/28/16 00:00:00",,0.51999998,0.47999999,,
"SIND-031-PZ","09/27/16 00:00:00",,0.51999998,0.68000001,,
"SIND-032-PZ","06/21/16 00:00:00",,0.51999998,17,,
"SIND-032-PZ","07/21/16 00:00:00",,0.51999998,11.1,,
"SIND-032-PZ","08/26/16 00:00:00",,0.51999998,0.38,,
"SIND-032-PZ","09/27/16 00:00:00",,0.51999998,0.57999998,,
"SIND-033-PZ","06/26/16 00:00:00",,0.64999998,20.35,,
"SIND-033-PZ","07/29/16 00:00:00",,0.64999998,6.5,,
"SIND-033-PZ","08/26/16 00:00:00",,0.64999998,0.55000001,,
"SIND-033-PZ","09/27/16 00:00:00",,0.64999998,0.75,,
"SIND-34-PTW-NEW","06/28/16 00:00:00",,1,36.900002,,
"SIND-34-PTW-NEW","07/30/16 00:00:00",,1,15.5,,
"SIND-34-PTW-NEW","08/30/16 00:00:00",,1,0.89999998,,
"SIND-34-PTW-NEW","09/23/16 00:00:00",,1,0.80000001,,
"SIND-008-PZ","06/22/16 00:00:00",,0.36000001,25.9,,
"SIND-008-PZ","07/25/16 00:00:00",,0.36000001,15.9,,
"SIND-008-PZ","08/26/16 00:00:00",,0.36000001,1.5599999,,
"SIND-008-PZ","09/20/16 00:00:00",,0.36000001,1.86,,
"SIND-009-PZ","06/22/16 00:00:00",,0.89999998,32.200001,,
"SIND-009-PZ","07/25/16 00:00:00",,0.89999998,12.2,,
"SIND-009-PZ","08/26/16 00:00:00",,0.89999998,0.80000001,,
"SIND-009-PZ","09/20/16 00:00:00",,0.89999998,0.89999998,,
"SIND-010-PZ","06/26/16 00:00:00",,0.44999999,27.200001,,
"SIND-010-PZ","07/23/16 00:00:00",,0.44999999,11.2,,
"SIND-010-PZ","08/26/16 00:00:00",,0.44999999,0.30000001,,
"SIND-010-PZ","09/21/16 00:00:00",,0.44999999,0.40000001,,
"SIND-011-PZ","06/23/16 00:00:00",,0.2,29.9,,
"SIND-011-PZ","07/23/16 00:00:00",,0.2,9.8999996,,
"SIND-011-PZ","08/22/16 00:00:00",,0.2,0.5,,
"SIND-011-PZ","09/21/16 00:00:00",,0.2,0.40000001,,
"SIND-012-PZ","06/24/16 00:00:00",,0.43000001,29.629999,,
"SIND-012-PZ","07/27/16 00:00:00",,0.43000001,9.6300001,,
"SIND-012-PZ","08/30/16 00:00:00",,0.43000001,1.1,,
"SIND-012-PZ","09/22/16 00:00:00",,0.43000001,0.89999998,,
"SIND-013-PZ","06/24/16 00:00:00",,0.73000002,27.370001,,
"SIND-013-PZ","07/27/16 00:00:00",,0.73000002,17.370001,,
"SIND-013-PZ","08/20/16 00:00:00",,0.73000002,0.30000001,,
"SIND-013-PZ","09/22/16 00:00:00",,0.73000002,0.5,,
"SIND-014-PZ","06/24/16 00:00:00",,0.23999999,33.66,,
"SIND-014-PZ","07/22/16 00:00:00",,0.23999999,12.96,,
"SIND-014-PZ","08/20/16 00:00:00",,0.23999999,0.66000003,,
"SIND-014-PZ","09/23/16 00:00:00",,0.23999999,0.56,,
"SIND-015-PZ","06/25/16 00:00:00",,0.75,33.150002,,
"SIND-015-PZ","07/28/16 00:00:00",,0.75,13.15,,
"SIND-015-PZ","08/22/16 00:00:00",,0.75,1.3,,
"SIND-015-PZ","09/23/16 00:00:00",,0.75,1.6,,
"SIND-016-PZ","06/26/16 00:00:00",,0.60000002,27.6,,
"SIND-016-PZ","07/28/16 00:00:00",,0.60000002,12.6,,
"SIND-016-PZ","08/24/16 00:00:00",,0.60000002,0.2,,
"SIND-016-PZ","09/26/16 00:00:00",,0.60000002,0.5,,
"SIND-017-PZ","06/26/16 00:00:00",,0.75,28.950001,,
"SIND-017-PZ","07/28/16 00:00:00",,0.75,15.95,,
"SIND-017-PZ","08/27/16 00:00:00",,0.75,2.0999999,,
"SIND-017-PZ","09/26/16 00:00:00",,0.75,2,,
"SIND-018-PZ","06/26/16 00:00:00",,0.47,,,
"SIND-018-PZ","07/28/16 00:00:00",,0.47,,,
"SIND-018-PZ","08/27/16 00:00:00",,0.47,,,
"SIND-018-PZ","09/27/16 00:00:00",,0.47,,,
"SIND-039-A-PZ","06/27/16 00:00:00",,0.60000002,26.700001,,
"SIND-039-A-PZ","07/27/16 00:00:00",,0.60000002,16.700001,,
"SIND-039-A-PZ","08/22/16 00:00:00",,0.60000002,0.23999999,,
"SIND-039-A-PZ","09/27/16 00:00:00",,0.60000002,0.44,,
"SIND-026-PZ","06/25/16 00:00:00",,0.34,23.370001,,
"SIND-026-PZ","07/31/16 00:00:00",,0.34,11.57,,
"SIND-026-PZ","08/20/16 00:00:00",,0.34,1.1,,
"SIND-026-PZ","09/28/16 00:00:00",,0.34,0.89999998,,
"SIND-06-PTW","06/25/16 00:00:00",,0.60000002,29.200001,,
"SIND-06-PTW","07/25/16 00:00:00",,0.60000002,9.25,,
"SIND-06-PTW","08/30/16 00:00:00",,0.60000002,2,,
"SIND-06-PTW","09/26/16 00:00:00",,0.60000002,2.3,,
"SIND-PTW-07","06/26/16 00:00:00",,0.55000001,34.700001,,
"SIND-PTW-07","07/27/16 00:00:00",,0.55000001,14.1,,
"SIND-PTW-07","08/31/16 00:00:00",,0.55000001,3,,
"SIND-PTW-07","09/27/16 00:00:00",,0.55000001,3.25,,
"SIND-002-PZ","02/25/16 00:00:00",,0.64999998,22.85,,
"SIND-002-PZ","03/21/16 00:00:00",,0.64999998,22.950001,,
"SIND-002-PZ","04/22/16 00:00:00",,0.64999998,22.35,,
"SIND-PTW-01 NEW","02/25/16 00:00:00",,0.69999999,20.6,,
"SIND-PTW-01 NEW","03/21/16 00:00:00",,0.69999999,21.200001,,
"SIND-PTW-01 NEW","04/22/16 00:00:00",,0.69999999,23.4,,
"SIND-PTW-01 NEW","06/27/16 00:00:00",,0.69999999,24.1,,
"SIND-PTW-01 NEW","07/22/16 00:00:00",,0.69999999,9.8999996,,
"SIND-003-PZ","02/25/16 00:00:00",,0.80000001,24.799999,,
"SIND-003-PZ","03/21/16 00:00:00",,0.80000001,25.299999,,
"SIND-003-PZ","04/22/16 00:00:00",,0.80000001,15.2,,
"SIND-004-A-PZ","04/23/16 00:00:00",,0.5,15.6,,
"SIND-004-B-PZ","06/21/16 00:00:00",,0.60000002,33.599998,,
"SIND-003-PZ","09/21/16 00:00:00",,0.80000001,0.89999998,,
"SIND-003-PZ","08/29/16 00:00:00",,0.80000001,0.69999999,,
"SIND-003-PZ","07/26/16 00:00:00",,0.80000001,11.6,,
"SIND-004-A-PZ","02/21/16 00:00:00",,0.5,24.6,,
"SIND-004-A-PZ","03/22/16 00:00:00",,0.5,25.1,,
"SIND-004-B-PZ","02/21/16 00:00:00",,0.60000002,24.6,,
"SIND-004-B-PZ","03/22/16 00:00:00",,0.60000002,25.299999,,
"SIND-004-B-PZ","04/23/16 00:00:00",,0.60000002,30.5,,
"SIND-004-C-PZ","02/21/16 00:00:00",,0.69999999,21.1,,
"SIND-004-C-PZ","03/22/16 00:00:00",,0.69999999,24.5,,
"SIND-004-C-PZ","04/23/16 00:00:00",,0.69999999,13.1,,
"SIND-005-PZ","02/23/16 00:00:00",,0.69999999,25,,
"SIND-005-PZ","03/23/16 00:00:00",,0.69999999,25.299999,,
"SIND-005-PZ","04/25/16 00:00:00",,0.69999999,11.2,,
"SIND-028-PZ","02/23/16 00:00:00",,0.56,23.040001,,
"SIND-028-PZ","03/23/16 00:00:00",,0.56,23.639999,,
"SIND-028-PZ","04/26/16 00:00:00",,0.56,30.940001,,
"SIND-029-PZ","02/24/16 00:00:00",,0.44999999,25.75,,
"SIND-029-PZ","03/29/16 00:00:00",,0.44999999,25.950001,,
"SIND-029-PZ","04/27/16 00:00:00",,0.44999999,18.450001,,
"SIND-030-PZ","02/24/16 00:00:00",,0.85000002,24.450001,,
"SIND-030-PZ","03/29/16 00:00:00",,0.85000002,24.950001,,
"SIND-030-PZ","04/20/16 00:00:00",,0.85000002,,"dry",
"SIND-030-PZ","08/30/16 00:00:00",,0.85000002,0.25,,
"SIND-030-PZ","09/26/16 00:00:00",,0.85000002,0.34999999,,
"SIND-031-PZ","02/27/16 00:00:00",,0.51999998,23.98,,
"SIND-031-PZ","03/29/16 00:00:00",,0.51999998,24.68,,
"SIND-031-PZ","04/27/16 00:00:00",,0.51999998,28.379999,,
"SIND-031-PZ","06/25/16 00:00:00",,0.51999998,27.68,,
"SIND-032-PZ","02/27/16 00:00:00",,0.51999998,24.280001,,
"SIND-032-PZ","03/29/16 00:00:00",,0.51999998,24.879999,,
"SIND-032-PZ","04/29/16 00:00:00",,0.51999998,17.58,,
"SIND-033-PZ","02/26/16 00:00:00",,0.64999998,29.549999,,
"SIND-033-PZ","03/30/16 00:00:00",,0.64999998,30.450001,,
"SIND-033-PZ","04/29/16 00:00:00",,0.64999998,21.35,,
"SIND-34-PTW-NEW","02/26/16 00:00:00",,1,24.9,,
"SIND-34-PTW-NEW","03/30/16 00:00:00",,1,25.6,,
"SIND-34-PTW-NEW","04/30/16 00:00:00",,1,36.799999,,
"SIND-019-A-PZ","02/21/16 00:00:00",,0.30000001,22.200001,,
"SIND-019-A-PZ","03/20/16 00:00:00",,0.30000001,23.200001,,
"SIND-019-A-PZ","04/20/16 00:00:00",,0.30000001,28.4,,
"SIND-019-B-PZ","02/21/16 00:00:00",,0.60000002,22.200001,,
"SIND-019-B-PZ","03/20/16 00:00:00",,0.60000002,22.9,,
"SIND-019-B-PZ","04/20/16 00:00:00",,0.60000002,28.200001,,
"SIND-019-C-PZ","02/21/16 00:00:00",,0.60000002,23.700001,,
"SIND-019-C-PZ","03/20/16 00:00:00",,0.60000002,23.9,,
"SIND-019-C-PZ","04/20/16 00:00:00",,0.60000002,20.200001,,
"SIND-020-PZ","02/22/16 00:00:00",,0.47999999,22.120001,,
"SIND-020-PZ","03/21/16 00:00:00",,0.47999999,23.1,,
"SIND-020-PZ","04/21/16 00:00:00",,0.47999999,,"dry",
"SIND-020-PZ","08/22/16 00:00:00",,0.47999999,1.6,,
"SIND-020-PZ","07/25/16 00:00:00",,0.47999999,,,
"SIND-020-PZ","06/22/16 00:00:00",,0.47999999,,,
"SIND-020-PZ","05/21/16 00:00:00",,0.47999999,,,
"SIND-020-PZ","09/21/16 00:00:00",,0.47999999,2.05,,
"SIND-PTW-21-NEW","02/22/16 00:00:00",,1,25.799999,,
"SIND-PTW-21-NEW","03/21/16 00:00:00",,1,26.200001,,
"SIND-PTW-21-NEW","04/21/16 00:00:00",,1,11.2,,
"SIND-022-PZ","02/23/16 00:00:00",,0.63,24.67,,
"SIND-022-PZ","03/21/16 00:00:00",,0.63,25.15,,
"SIND-022-PZ","04/22/16 00:00:00",,0.63,18.17,,
"SIND-023-PZ","02/23/16 00:00:00",,0.47,19.030001,,
"SIND-023-PZ","03/25/16 00:00:00",,0.47,20.24,,
"SIND-023-PZ","04/22/16 00:00:00",,0.47,14.64,,
"SIND-025-PZ","02/24/16 00:00:00",,0.43000001,24.469999,,
"SIND-025-PZ","03/25/16 00:00:00",,0.43000001,25.049999,,
"SIND-025-PZ","04/23/16 00:00:00",,0.43000001,16.27,,
"SIND-027-PZ","02/24/16 00:00:00",,0.69999999,23.799999,,
"SIND-027-PZ","03/26/16 00:00:00",,0.69999999,24.120001,,
"SIND-027-PZ","04/24/16 00:00:00",,0.69999999,17.5,,
"SIND-035-NEW","02/24/16 00:00:00",,0.69999999,23.700001,,
"SIND-035-NEW","03/26/16 00:00:00",,0.69999999,24.200001,,
"SIND-035-NEW","04/25/16 00:00:00",,0.69999999,11.2,,
"SIND-036-PZ","02/25/16 00:00:00",,0.44999999,25.549999,,
"SIND-036-PZ","03/26/16 00:00:00",,0.44999999,26.120001,,
"SIND-036-PZ","04/26/16 00:00:00",,0.44999999,14.65,,
"SIND-037-PZ","02/25/16 00:00:00",,0.60000002,23.299999,,
"SIND-037-PZ","03/30/16 00:00:00",,0.60000002,23.83,,
"SIND-037-PZ","04/26/16 00:00:00",,0.60000002,19.5,,
"SIND-PTW 38-PZ","02/26/16 00:00:00",,0.80000001,24.9,,
"SIND-PTW 38-PZ","03/29/16 00:00:00",,0.80000001,25.299999,,
"SIND-PTW 38-PZ","04/25/16 00:00:00",,0.80000001,11,,
"SIND-PTW 38-PZ","06/26/16 00:00:00",,0.80000001,17.9,,
"SIND-PTW 38-PZ","07/30/16 00:00:00",,0.80000001,9.8999996,,
"SIND-PTW 38-PZ","08/28/16 00:00:00",,0.80000001,1,,
"SIND-PTW 38-PZ","09/29/16 00:00:00",,0.80000001,1.3,,
"SIND-040-PZ","02/26/16 00:00:00",,0.61000001,23,,
"SIND-040-PZ","03/20/16 00:00:00",,0.61000001,23.940001,,
"SIND-040-PZ","04/28/16 00:00:00",,0.61000001,10.79,,
"SIND-040-PZ","08/22/16 00:00:00",,0.61000001,1.5,,
"SIND-06-PTW","10/20/15 00:00:00",,0.60000002,8.1000004,,
"SIND-06-PTW","11/03/15 00:00:00",,0.60000002,8.1000004,,
"SIND-06-PTW","12/28/15 00:00:00",,0.60000002,10.5,,
"SIND-06-PTW","01/08/16 00:00:00",,0.60000002,15.4,,
"SIND-06-PTW","02/21/16 00:00:00",,0.60000002,17.9,,
"SIND-06-PTW","03/21/16 00:00:00",,0.60000002,21.799999,,
"SIND-06-PTW","04/23/16 00:00:00",,0.60000002,25.709999,,
"SIND-06-PTW","05/25/16 00:00:00",,0.60000002,27.6,,
"SIND-06-PTW","06/25/16 00:00:00",,0.60000002,29.200001,,
"SIND-06-PTW","07/25/16 00:00:00",,0.60000002,9.25,,
"SIND-06-PTW","08/30/16 00:00:00",,0.60000002,2,,
"SIND-06-PTW","09/26/16 00:00:00",,0.60000002,2.3,,
"SIND-PTW-07","02/22/16 00:00:00",,0.55000001,24.549999,,
"SIND-PTW-07","03/29/16 00:00:00",,0.55000001,29.9,,
"SIND-PTW-07","04/24/16 00:00:00",,0.55000001,31.200001,,
"SIND-019-A-PZ","10/21/16 00:00:00",,0.30000001,9.1000004,,
"SIND-019-A-PZ","11/04/16 00:00:00",,0.30000001,9.3000002,,
"SIND-019-B-PZ","10/21/16 00:00:00",,0.60000002,9,,
"SIND-019-B-PZ","11/04/16 00:00:00",,0.60000002,9.3000002,,
"SIND-019-C-PZ","10/21/16 00:00:00",,0.60000002,8.8000002,,
"SIND-019-C-PZ","11/04/16 00:00:00",,0.60000002,8.8999996,,
"SIND-020-PZ","10/02/16 00:00:00",,0.47999999,6.5,,
"SIND-020-PZ","11/05/16 00:00:00",,0.47999999,6.3200002,,
"SIND-021-PZ","10/22/16 00:00:00",,0.51999998,3.5,,
"SIND-021-PZ","11/07/16 00:00:00",,0.51999998,3.8,,
"SIND-022-PZ","10/23/16 00:00:00",,0.63,7.6199999,,
"SIND-022-PZ","11/04/16 00:00:00",,0.63,7.8699999,,
"SIND-023-PZ","10/23/16 00:00:00",,0.47,4.1300001,,
"SIND-023-PZ","11/07/16 00:00:00",,0.47,3.3299999,,
"SIND-025-PZ","10/25/16 00:00:00",,0.43000001,7.0700002,,
"SIND-025-PZ","11/03/16 00:00:00",,0.43000001,7.1700001,,
"SIND-027-PZ","10/25/16 00:00:00",,0.69999999,7,,
"SIND-027-PZ","11/05/16 00:00:00",,0.69999999,7.3000002,,
"SIND-035-NEW","10/27/16 00:00:00",,0.69999999,3.3,,
"SIND-035-NEW","11/05/16 00:00:00",,0.69999999,3.5,,
"SIND-035-PZ","10/27/16 00:00:00",,0.54000002,8.75,,
"SIND-035-PZ","11/06/16 00:00:00",,0.54000002,9.1499996,,
"SIND-036-PZ","10/27/16 00:00:00",,0.44999999,8.75,,
"SIND-036-PZ","11/06/16 00:00:00",,0.44999999,9.1499996,,
"SIND-037-PZ","10/25/16 00:00:00",,0.60000002,4,,
"SIND-037-PZ","11/06/16 00:00:00",,0.60000002,4.5999999,,
"SIND-040-PZ","10/26/16 00:00:00",,0.61000001,5.1900001,,
"SIND-040-PZ","11/03/16 00:00:00",,0.61000001,5.4899998,,
"SIND-PTW 38-PZ","10/25/16 00:00:00",,0.80000001,4,,
"SIND-PTW 38-PZ","11/05/16 00:00:00",,0.80000001,3.9000001,,
"SIND-PTW-01 NEW","10/26/16 00:00:00",,0.69999999,2.4000001,,
"SIND-PTW-01 NEW","11/06/16 00:00:00",,0.69999999,2.5999999,,
"SIND-002-PZ","10/26/16 00:00:00",,0.64999998,2.55,,
"SIND-002-PZ","11/06/16 00:00:00",,0.64999998,3.05,,
"SIND-003-PZ","10/26/16 00:00:00",,0.80000001,2.4000001,,
"SIND-003-PZ","11/06/16 00:00:00",,0.80000001,2.8,,
"SIND-004-A-PZ","10/27/16 00:00:00",,0.5,3.5999999,,
"SIND-004-A-PZ","11/07/16 00:00:00",,0.5,4,,
"SIND-004-B-PZ","10/27/16 00:00:00",,0.60000002,2.0999999,,
"SIND-004-B-PZ","11/07/16 00:00:00",,0.60000002,2.5,,
"SIND-004-C-PZ","10/27/16 00:00:00",,0.69999999,1.4,,
"SIND-004-C-PZ","11/07/16 00:00:00",,0.69999999,1.8,,
"SIND-005-PZ","10/28/16 00:00:00",,0.69999999,2.8,,
"SIND-005-PZ","11/09/16 00:00:00",,0.69999999,3.4000001,,
"SIND-028-PZ","10/28/16 00:00:00",,0.56,4.54,,
"SIND-028-PZ","11/09/16 00:00:00",,0.56,5.3400002,,
"SIND-029-PZ","10/29/16 00:00:00",,0.44999999,5.9499998,,
"SIND-029-PZ","11/08/16 00:00:00",,0.44999999,6.75,,
"SIND-031-PZ","10/28/16 00:00:00",,0.51999998,5.1799998,,
"SIND-031-PZ","11/09/16 00:00:00",,0.51999998,5.5799999,,
"SIND-032-PZ","10/29/16 00:00:00",,0.51999998,8.4799995,,
"SIND-032-PZ","11/08/16 00:00:00",,0.51999998,8.7799997,,
"SIND-033-PZ","10/29/16 00:00:00",,0.64999998,2.1500001,,
"SIND-033-PZ","11/08/16 00:00:00",,0.64999998,2.75,,
"SIND-34-PTW-NEW","10/27/16 00:00:00",,1,3.5999999,,
"SIND-34-PTW-NEW","11/07/16 00:00:00",,1,4.4000001,,
"SIND-008-PZ","10/21/16 00:00:00",,0.36000001,13.44,,
"SIND-008-PZ","11/02/16 00:00:00",,0.36000001,13.64,,
"SIND-009-PZ","10/21/16 00:00:00",,0.89999998,9.3000002,,
"SIND-009-PZ","11/03/16 00:00:00",,0.89999998,10.3,,
"SIND-010-PZ","10/21/16 00:00:00",,0.44999999,3.45,,
"SIND-010-PZ","11/02/16 00:00:00",,0.44999999,3.55,,
"SIND-011-PZ","10/21/16 00:00:00",,0.2,1.5,,
"SIND-011-PZ","11/02/16 00:00:00",,0.2,1.8,,
"SIND-012-PZ","10/21/16 00:00:00",,0.43000001,4.77,,
"SIND-012-PZ","11/02/16 00:00:00",,0.43000001,5.3699999,,
"SIND-013-PZ","10/22/16 00:00:00",,0.73000002,7.9699998,,
"SIND-013-PZ","11/04/16 00:00:00",,0.73000002,8.6700001,,
"SIND-014-PZ","10/22/16 00:00:00",,0.23999999,9.1599998,,
"SIND-014-PZ","11/04/16 00:00:00",,0.23999999,9.46,,
"SIND-015-PZ","10/22/16 00:00:00",,0.75,7.0500002,,
"SIND-015-PZ","11/04/16 00:00:00",,0.75,7.8499999,,
"SIND-016-PZ","10/23/16 00:00:00",,0.60000002,9.6000004,,
"SIND-016-PZ","11/05/16 00:00:00",,0.60000002,10.6,,
"SIND-017-PZ","10/23/16 00:00:00",,0.75,8.25,,
"SIND-040-PZ","09/29/16 00:00:00",,0.61000001,1.8,,
"SIND-008-PZ","02/21/16 00:00:00",,0.36000001,22.440001,,
"SIND-008-PZ","03/21/16 00:00:00",,0.36000001,23.540001,,
"SIND-008-PZ","04/21/16 00:00:00",,0.36000001,24.940001,,
"SIND-009-PZ","02/22/16 00:00:00",,0.89999998,23.200001,,
"SIND-009-PZ","03/21/16 00:00:00",,0.89999998,24.9,,
"SIND-009-PZ","04/22/16 00:00:00",,0.89999998,31.1,,
"SIND-010-PZ","02/21/16 00:00:00",,0.44999999,22.450001,,
"SIND-010-PZ","03/21/16 00:00:00",,0.44999999,23.35,,
"SIND-010-PZ","04/21/16 00:00:00",,0.44999999,24.799999,,
"SIND-011-PZ","02/23/16 00:00:00",,0.2,24.6,,
"SIND-011-PZ","03/22/16 00:00:00",,0.2,25.1,,
"SIND-011-PZ","04/22/16 00:00:00",,0.2,28.9,,
"SIND-012-PZ","02/23/16 00:00:00",,0.43000001,25.17,,
"SIND-012-PZ","03/24/16 00:00:00",,0.43000001,25.469999,,
"SIND-012-PZ","04/22/16 00:00:00",,0.43000001,27.43,,
"SIND-013-PZ","02/24/16 00:00:00",,0.73000002,25.370001,,
"SIND-013-PZ","03/29/16 00:00:00",,0.73000002,25.469999,,
"SIND-013-PZ","04/23/16 00:00:00",,0.73000002,26.17,,
"SIND-014-PZ","02/24/16 00:00:00",,0.23999999,28.26,,
"SIND-014-PZ","03/29/16 00:00:00",,0.23999999,29.16,,
"SIND-014-PZ","04/23/16 00:00:00",,0.23999999,33.560001,,
"SIND-015-PZ","02/25/16 00:00:00",,0.75,27.450001,,
"SIND-015-PZ","03/30/16 00:00:00",,0.75,27.950001,,
"SIND-015-PZ","04/24/16 00:00:00",,0.75,30.549999,,
"SIND-016-PZ","02/26/16 00:00:00",,0.60000002,25.5,,
"SIND-016-PZ","03/30/16 00:00:00",,0.60000002,26.049999,,
"SIND-016-PZ","04/25/16 00:00:00",,0.60000002,26.15,,
"SIND-017-PZ","02/26/16 00:00:00",,0.75,24.65,,
"SIND-017-PZ","03/30/16 00:00:00",,0.75,24.950001,,
"SIND-017-PZ","04/25/16 00:00:00",,0.75,26.65,,
"SIND-PTW-18","02/26/16 00:00:00",,0.89999998,23.83,,
"SIND-PTW-18","03/30/16 00:00:00",,0.89999998,23.93,,
"SIND-PTW-18","04/25/16 00:00:00",,0.89999998,24.629999,,
"SIND-PTW-18","05/24/16 00:00:00",,0.89999998,25.33,,
"SIND-PTW-18","06/26/16 00:00:00",,0.89999998,25.93,,
"SIND-PTW-18","07/28/16 00:00:00",,0.89999998,13.93,,
"SIND-PTW-18","08/27/16 00:00:00",,0.89999998,0.82999998,,
"SIND-PTW-18","09/27/16 00:00:00",,0.89999998,0.73000002,,
"SIND-026-PZ","02/24/16 00:00:00",,0.34,13.46,,
"SIND-026-PZ","03/24/16 00:00:00",,0.34,15.66,,
"SIND-026-PZ","04/24/16 00:00:00",,0.34,17.559999,,
"SIND-039-A-PZ","02/23/16 00:00:00",,0.60000002,23.440001,,
"SIND-039-A-PZ","03/22/16 00:00:00",,0.60000002,23.639999,,
"SIND-039-A-PZ","04/27/16 00:00:00",,0.60000002,24.639999,,
"SIND-06-PTW","09/21/15 00:00:00",,0.60000002,3.25,,
"SIND-017-PZ","11/05/16 00:00:00",,0.75,8.8500004,,
"SIND-018-PZ","10/23/16 00:00:00",,0.47,8.6300001,,
"SIND-018-PZ","11/05/16 00:00:00",,0.47,9.2299995,,
"SIND-039-A-PZ","10/21/16 00:00:00",,0.60000002,1.4400001,,
"SIND-039-A-PZ","11/02/16 00:00:00",,0.60000002,1.84,,
"SIND-PTW-18","10/23/16 00:00:00",,0.89999998,8.6300001,,
"SIND-PTW-18","11/05/16 00:00:00",,0.89999998,9.2299995,,
"SIND-026-PZ","10/22/16 00:00:00",,0.34,2.3,,
"SIND-026-PZ","11/05/16 00:00:00",,0.34,3.1500001,,
"SIND-06-PTW","10/08/16 00:00:00",,0.60000002,10.6,,
"SIND-06-PTW","11/06/16 00:00:00",,0.60000002,12,,
"SIND-PTW-07","10/09/16 00:00:00",,0.55000001,21.549999,,
"SIND-PTW-07","11/07/16 00:00:00",,0.55000001,23.15,,
"SIND-PTW-01 NEW","12/26/16 00:00:00",,0.69999999,3.8,,
"SIND-PTW-01 NEW","01/19/17 00:00:00",,0.69999999,13,,
"SIND-002-PZ","12/26/16 00:00:00",,0.64999998,4.3000002,,
"SIND-002-PZ","01/19/17 00:00:00",,0.64999998,17.450001,,
"SIND-004-A-PZ","12/26/16 00:00:00",,0.5,4.0999999,,
"SIND-004-A-PZ","01/20/17 00:00:00",,0.5,17,,
"SIND-004-B-PZ","12/27/16 00:00:00",,0.60000002,3.5999999,,
"SIND-004-B-PZ","01/20/17 00:00:00",,0.60000002,17.5,,
"SIND-004-C-PZ","12/27/16 00:00:00",,0.69999999,3.4000001,,
"SIND-004-C-PZ","01/20/17 00:00:00",,0.69999999,14.8,,
"SIND-005-PZ","01/18/17 00:00:00",,0.69999999,13.9,,
"SIND-005-PZ","12/28/16 00:00:00",,0.69999999,5.1999998,,
"SIND-028-PZ","12/28/16 00:00:00",,0.56,7.04,,
"SIND-028-PZ","01/18/17 00:00:00",,0.56,16.4,,
"SIND-029-PZ","12/29/16 00:00:00",,0.44999999,8.25,,
"SIND-029-PZ","01/19/17 00:00:00",,0.44999999,13.75,,
"SIND-031-PZ","01/20/17 00:00:00",,0.51999998,16.58,,
"SIND-031-PZ","12/28/16 00:00:00",,0.51999998,7.2800002,,
"SIND-032-PZ","12/29/16 00:00:00",,0.51999998,9.9300003,,
"SIND-032-PZ","01/19/17 00:00:00",,0.51999998,15.68,,
"SIND-033-PZ","12/29/16 00:00:00",,0.64999998,4.1500001,,
"SIND-033-PZ","01/19/17 00:00:00",,0.64999998,14.45,,
"SIND-06-PTW","12/26/16 00:00:00",,0.60000002,13.3,,
"SIND-06-PTW","01/18/17 00:00:00",,0.60000002,15.2,,
"SIND-PTW-07","12/27/16 00:00:00",,0.55000001,24.1,,
"SIND-PTW-07","01/13/17 00:00:00",,0.55000001,25.15,,
"SIND-008-PZ","12/21/16 00:00:00",,0.36000001,14.5,,
"SIND-008-PZ","01/10/17 00:00:00",,0.36000001,19.84,,
"SIND-009-PZ","12/21/16 00:00:00",,0.89999998,11.2,,
"SIND-009-PZ","01/10/17 00:00:00",,0.89999998,18,,
"SIND-010-PZ","12/21/16 00:00:00",,0.44999999,4.9000001,,
"SIND-010-PZ","01/10/17 00:00:00",,0.44999999,14.35,,
"SIND-011-PZ","12/21/16 00:00:00",,0.2,3.2,,
"SIND-011-PZ","01/13/17 00:00:00",,0.2,12.9,,
"SIND-012-PZ","12/22/16 00:00:00",,0.43000001,6.8499999,,
"SIND-012-PZ","01/10/17 00:00:00",,0.43000001,12.47,,
"SIND-013-PZ","12/22/16 00:00:00",,0.73000002,9.3000002,,
"SIND-013-PZ","01/11/17 00:00:00",,0.73000002,12.47,,
"SIND-014-PZ","12/22/16 00:00:00",,0.23999999,10.85,,
"SIND-014-PZ","01/11/17 00:00:00",,0.23999999,18.559999,,
"SIND-015-PZ","12/23/16 00:00:00",,0.75,9.1999998,,
"SIND-015-PZ","01/11/17 00:00:00",,0.75,12.75,,
"SIND-016-PZ","12/24/16 00:00:00",,0.60000002,12.3,,
"SIND-016-PZ","01/12/17 00:00:00",,0.60000002,13.7,,
"SIND-017-PZ","12/24/16 00:00:00",,0.75,10.2,,
"SIND-017-PZ","01/12/17 00:00:00",,0.75,14.55,,
"SIND-PTW-18","12/24/16 00:00:00",,0.89999998,10.83,,
"SIND-PTW-18","01/12/17 00:00:00",,0.89999998,15.63,,
"SIND-039-A-PZ","12/21/16 00:00:00",,0.60000002,3.5999999,,
"SIND-039-A-PZ","01/13/17 00:00:00",,0.60000002,11.54,,
"SIND-026-PZ","12/23/16 00:00:00",,0.34,4.9000001,,
"SIND-026-PZ","01/11/17 00:00:00",,0.34,10.5,,
"SIND-019-A-PZ","12/21/16 00:00:00",,0.30000001,10.7,,
"SIND-019-A-PZ","01/16/17 00:00:00",,0.30000001,16.799999,,
"SIND-019-B-PZ","12/21/16 00:00:00",,0.60000002,10.8,,
"SIND-019-B-PZ","01/16/17 00:00:00",,0.60000002,16.200001,,
"SIND-019-C-PZ","12/21/16 00:00:00",,0.60000002,9.8000002,,
"SIND-019-C-PZ","01/16/17 00:00:00",,0.60000002,13.5,,
"SIND-020-PZ","12/23/16 00:00:00",,0.47999999,8.1199999,,
"SIND-020-PZ","01/13/17 00:00:00",,0.47999999,14.72,,
"SIND-021-PZ","12/27/16 00:00:00",,0.51999998,5.6999998,,
"SIND-021-PZ","01/14/17 00:00:00",,0.51999998,18.200001,,
"SIND-022-PZ","12/24/16 00:00:00",,0.63,9.6700001,,
"SIND-022-PZ","01/14/17 00:00:00",,0.63,21.57,,
"SIND-023-PZ","12/27/16 00:00:00",,0.47,5.4299998,,
"SIND-023-PZ","01/15/17 00:00:00",,0.47,14.73,,
"SIND-025-PZ","01/10/17 00:00:00",,0.43000001,16.870001,,
"SIND-025-PZ","12/23/16 00:00:00",,0.43000001,9.2700005,,
"SIND-027-PZ","12/28/16 00:00:00",,0.69999999,8.8999996,,
"SIND-027-PZ","01/11/17 00:00:00",,0.69999999,24.5,,
"SIND-035-NEW","12/28/16 00:00:00",,0.69999999,5.5999999,,
"SIND-035-NEW","01/11/17 00:00:00",,0.69999999,25.1,,
"SIND-036-PZ","12/28/16 00:00:00",,0.44999999,10.35,,
"SIND-036-PZ","01/14/17 00:00:00",,0.44999999,24.85,,
"SIND-037-PZ","12/22/16 00:00:00",,0.60000002,5.1999998,,
"SIND-037-PZ","01/14/17 00:00:00",,0.60000002,21.5,,
"SIND-PTW 38-PZ","12/22/16 00:00:00",,0.80000001,5.1999998,,
"SIND-PTW 38-PZ","01/11/17 00:00:00",,0.80000001,22.4,,
"SIND-040-PZ","01/10/17 00:00:00",,0.61000001,23.59,,
"SIND-040-PZ","12/22/16 00:00:00",,0.61000001,6.9000001,,
"SIND-003-PZ","12/26/16 00:00:00",,0.80000001,4.0999999,,
"SIND-003-PZ","01/19/17 00:00:00",,0.80000001,12.9,,
"SIND-34-PTW-NEW","12/26/16 00:00:00",,1,5.3000002,,
"SIND-34-PTW-NEW","01/20/17 00:00:00",,1,13.2,,
"SIND-PTW-21-NEW","10/22/16 00:00:00",,1,3.5,,
"SIND-PTW-21-NEW","11/07/16 00:00:00",,1,3.8,,
"SIND-PTW-21-NEW","12/27/16 00:00:00",,1,5.6999998,,
"SIND-PTW-21-NEW","01/14/17 00:00:00",,1,18.200001,,
"SIND-027-PZ","02/25/17 00:00:00",,0.69999999,25.4,,
"SIND-027-PZ","03/25/17 00:00:00",,0.69999999,26.1,,
"SIND-027-PZ","04/22/17 00:00:00",,0.69999999,26.700001,,
"SIND-027-PZ","05/27/17 00:00:00",,0.69999999,12.5,,
"SIND-019-B-PZ","02/21/17 00:00:00",,0.60000002,17.25,,
"SIND-019-B-PZ","03/21/17 00:00:00",,0.60000002,19.6,,
"SIND-019-B-PZ","04/23/17 00:00:00",,0.60000002,22.6,,
"SIND-019-B-PZ","05/20/17 00:00:00",,0.60000002,27.6,,
"SIND-019-C-PZ","02/21/17 00:00:00",,0.60000002,15.6,,
"SIND-019-C-PZ","03/23/17 00:00:00",,0.60000002,18.299999,,
"SIND-019-C-PZ","04/23/17 00:00:00",,0.60000002,19.299999,,
"SIND-019-C-PZ","05/20/17 00:00:00",,0.60000002,18.9,,
"SIND-020-PZ","02/23/17 00:00:00",,0.47999999,16.02,,
"SIND-020-PZ","03/23/17 00:00:00",,0.47999999,17.299999,,
"SIND-020-PZ","04/23/17 00:00:00",,0.47999999,19.5,,
"SIND-021-PZ","02/23/17 00:00:00",,0.51999998,19.1,,
"SIND-021-PZ","03/23/17 00:00:00",,0.51999998,20.9,,
"SIND-021-PZ","04/21/17 00:00:00",,0.51999998,21.1,,
"SIND-021-PZ","05/28/17 00:00:00",,0.51999998,12.1,,
"SIND-022-PZ","02/24/17 00:00:00",,0.63,22.620001,,
"SIND-022-PZ","03/24/17 00:00:00",,0.63,24.1,,
"SIND-022-PZ","04/24/17 00:00:00",,0.63,24.700001,,
"SIND-022-PZ","05/28/17 00:00:00",,0.63,15.63,,
"SIND-023-PZ","02/24/17 00:00:00",,0.47,15.63,,
"SIND-023-PZ","03/24/17 00:00:00",,0.47,16.83,,
"SIND-023-PZ","04/24/17 00:00:00",,0.47,17.33,,
"SIND-019-A-PZ","02/21/17 00:00:00",,0.30000001,17.75,,
"SIND-019-A-PZ","03/21/17 00:00:00",,0.30000001,19.1,,
"SIND-019-A-PZ","04/23/17 00:00:00",,0.30000001,22.299999,,
"SIND-019-A-PZ","05/20/17 00:00:00",,0.30000001,17.299999,,
"SIND-025-PZ","02/24/17 00:00:00",,0.43000001,17.719999,,
"SIND-025-PZ","03/24/17 00:00:00",,0.43000001,19.02,,
"SIND-025-PZ","04/24/17 00:00:00",,0.43000001,19.719999,,
"SIND-025-PZ","05/30/17 00:00:00",,0.43000001,18.77,,
"SIND-PTW-21-NEW","02/23/17 00:00:00",,1,19.1,,
"SIND-PTW-21-NEW","03/23/17 00:00:00",,1,20.9,,
"SIND-PTW-21-NEW","04/21/17 00:00:00",,1,21.1,,
"SIND-PTW-21-NEW","05/28/17 00:00:00",,1,12.1,,
"SIND-035-NEW","02/25/17 00:00:00",,0.69999999,25.9,,
"SIND-035-NEW","03/25/17 00:00:00",,0.69999999,27.700001,,
"SIND-035-NEW","04/22/17 00:00:00",,0.69999999,28.1,,
"SIND-035-NEW","05/23/17 00:00:00",,0.69999999,12.5,,
"SIND-036-PZ","02/26/17 00:00:00",,0.44999999,25.950001,,
"SIND-036-PZ","03/26/17 00:00:00",,0.44999999,26.700001,,
"SIND-036-PZ","04/22/17 00:00:00",,0.44999999,28.1,,
"SIND-036-PZ","05/23/17 00:00:00",,0.44999999,14.2,,
"SIND-037-PZ","02/26/17 00:00:00",,0.60000002,22.6,,
"SIND-037-PZ","03/26/17 00:00:00",,0.60000002,23.73,,
"SIND-037-PZ","04/25/17 00:00:00",,0.60000002,24.030001,,
"SIND-037-PZ","05/25/17 00:00:00",,0.60000002,23,,
"SIND-PTW 38-PZ","02/25/17 00:00:00",,0.80000001,23.299999,,
"SIND-PTW 38-PZ","03/25/17 00:00:00",,0.80000001,24.799999,,
"SIND-PTW 38-PZ","04/22/17 00:00:00",,0.80000001,25.299999,,
"SIND-PTW 38-PZ","05/23/17 00:00:00",,0.80000001,20.1,,
"SIND-040-PZ","02/27/17 00:00:00",,0.61000001,24.440001,,
"SIND-040-PZ","03/27/17 00:00:00",,0.61000001,25.040001,,
"SIND-040-PZ","04/24/17 00:00:00",,0.61000001,26.440001,,
"SIND-040-PZ","05/20/17 00:00:00",,0.61000001,11.91,,
"SIND-029-PZ","02/26/17 00:00:00",,0.44999999,18.1,,
"SIND-029-PZ","03/23/17 00:00:00",,0.44999999,19.299999,,
"SIND-029-PZ","04/21/17 00:00:00",,0.44999999,21.25,,
"SIND-029-PZ","05/29/17 00:00:00",,0.44999999,22.65,,
"SIND-002-PZ","02/28/17 00:00:00",,0.64999998,19.1,,
"SIND-002-PZ","03/21/17 00:00:00",,0.64999998,19.299999,,
"SIND-002-PZ","04/22/17 00:00:00",,0.64999998,20.15,,
"SIND-002-PZ","05/28/17 00:00:00",,0.64999998,20.450001,,
"SIND-003-PZ","02/28/17 00:00:00",,0.80000001,22.1,,
"SIND-003-PZ","03/21/17 00:00:00",,0.80000001,22.4,,
"SIND-003-PZ","04/22/17 00:00:00",,0.80000001,23.1,,
"SIND-003-PZ","05/27/17 00:00:00",,0.80000001,23.200001,,
"SIND-004-A-PZ","02/27/17 00:00:00",,0.5,19.799999,,
"SIND-004-A-PZ","03/22/17 00:00:00",,0.5,20.299999,,
"SIND-004-A-PZ","02/22/17 00:00:00",,0.5,21.1,,
"SIND-004-A-PZ","05/29/17 00:00:00",,0.5,20.9,,
"SIND-004-B-PZ","02/27/17 00:00:00",,0.60000002,20.1,,
"SIND-004-B-PZ","03/22/17 00:00:00",,0.60000002,21.1,,
"SIND-004-B-PZ","04/23/17 00:00:00",,0.60000002,21.299999,,
"SIND-004-B-PZ","05/29/17 00:00:00",,0.60000002,30.5,,
"SIND-004-C-PZ","02/27/17 00:00:00",,0.69999999,17.1,,
"SIND-004-C-PZ","03/22/17 00:00:00",,0.69999999,17.6,,
"SIND-004-C-PZ","04/23/17 00:00:00",,0.69999999,19.5,,
"SIND-004-C-PZ","05/29/17 00:00:00",,0.69999999,19.5,,
"SIND-028-PZ","02/26/17 00:00:00",,0.56,17.1,,
"SIND-028-PZ","03/23/17 00:00:00",,0.56,17.799999,,
"SIND-028-PZ","04/21/17 00:00:00",,0.56,20.139999,,
"SIND-028-PZ","05/26/17 00:00:00",,0.56,20.24,,
"SIND-34-PTW-NEW","02/27/17 00:00:00",,1,16.799999,,
"SIND-34-PTW-NEW","03/23/17 00:00:00",,1,17.1,,
"SIND-34-PTW-NEW","04/24/17 00:00:00",,1,17.5,,
"SIND-34-PTW-NEW","05/30/17 00:00:00",,1,18.1,,
"SIND-031-PZ","02/27/17 00:00:00",,0.51999998,19.5,,
"SIND-031-PZ","03/22/17 00:00:00",,0.51999998,20.43,,
"SIND-031-PZ","04/23/17 00:00:00",,0.51999998,22.129999,,
"SIND-031-PZ","05/26/17 00:00:00",,0.51999998,23.58,,
"SIND-032-PZ","02/28/17 00:00:00",,0.51999998,19.1,,
"SIND-032-PZ","03/21/17 00:00:00",,0.51999998,19.48,,
"SIND-032-PZ","04/22/17 00:00:00",,0.51999998,19.879999,,
"SIND-032-PZ","05/29/17 00:00:00",,0.51999998,19.98,,
"SIND-033-PZ","02/28/17 00:00:00",,0.64999998,20.1,,
"SIND-033-PZ","03/21/17 00:00:00",,0.64999998,20.25,,
"SIND-033-PZ","04/22/17 00:00:00",,0.64999998,20.549999,,
"SIND-033-PZ","05/27/17 00:00:00",,0.64999998,20.450001,,
"SIND-PTW-01 NEW","02/28/17 00:00:00",,0.69999999,16.200001,,
"SIND-PTW-01 NEW","03/21/17 00:00:00",,0.69999999,23.299999,,
"SIND-PTW-01 NEW","04/22/17 00:00:00",,0.69999999,24.700001,,
"SIND-PTW-01 NEW","05/28/17 00:00:00",,0.69999999,24.299999,,
"SIND-005-PZ","02/26/17 00:00:00",,0.69999999,17.299999,,
"SIND-005-PZ","03/23/17 00:00:00",,0.69999999,17.9,,
"SIND-005-PZ","04/21/17 00:00:00",,0.69999999,19.200001,,
"SIND-005-PZ","05/28/17 00:00:00",,0.69999999,24.299999,,
"SIND-PTW-18","02/23/17 00:00:00",,0.89999998,16.629999,,
"SIND-PTW-18","03/23/17 00:00:00",,0.89999998,17.43,,
"SIND-PTW-18","04/26/17 00:00:00",,0.89999998,17.83,,
"SIND-PTW-18","05/23/17 00:00:00",,0.89999998,18.83,,
"SIND-039-A-PZ","02/24/17 00:00:00",,0.60000002,13.64,,
"SIND-039-A-PZ","03/25/17 00:00:00",,0.60000002,14.04,,
"SIND-039-A-PZ","04/25/17 00:00:00",,0.60000002,14.64,,
"SIND-039-A-PZ","04/25/17 00:00:00",,0.60000002,14.64,,
"SIND-039-A-PZ","05/22/17 00:00:00",,0.60000002,18.940001,,
"SIND-026-PZ","02/22/17 00:00:00",,0.34,14.3,,
"SIND-026-PZ","03/25/17 00:00:00",,0.34,15.8,,
"SIND-026-PZ","04/26/17 00:00:00",,0.34,17.1,,
"SIND-026-PZ","05/24/17 00:00:00",,0.34,18.9,,
"SIND-017-PZ","02/23/17 00:00:00",,0.75,15.45,,
"SIND-017-PZ","03/25/17 00:00:00",,0.75,23.65,,
"SIND-017-PZ","04/26/17 00:00:00",,0.75,25.75,,
"SIND-017-PZ","05/23/17 00:00:00",,0.75,29.35,,
"SIND-016-PZ","02/23/17 00:00:00",,0.60000002,16.5,,
"SIND-016-PZ","03/25/17 00:00:00",,0.60000002,17.200001,,
"SIND-016-PZ","04/26/17 00:00:00",,0.60000002,17.5,,
"SIND-016-PZ","05/23/17 00:00:00",,0.60000002,18.6,,
"SIND-015-PZ","02/22/17 00:00:00",,0.75,15.35,,
"SIND-015-PZ","03/25/17 00:00:00",,0.75,25.549999,,
"SIND-015-PZ","04/26/17 00:00:00",,0.75,26.65,,
"SIND-015-PZ","05/22/17 00:00:00",,0.75,29.450001,,
"SIND-014-PZ","02/22/17 00:00:00",,0.23999999,19.059999,,
"SIND-014-PZ","03/25/17 00:00:00",,0.23999999,24.959999,,
"SIND-014-PZ","04/26/17 00:00:00",,0.23999999,26.860001,,
"SIND-014-PZ","05/22/17 00:00:00",,0.23999999,29.959999,,
"SIND-013-PZ","02/22/17 00:00:00",,0.73000002,14.37,,
"SIND-013-PZ","03/25/17 00:00:00",,0.73000002,24.370001,,
"SIND-013-PZ","04/26/17 00:00:00",,0.73000002,25.57,,
"SIND-013-PZ","05/22/17 00:00:00",,0.73000002,29.17,,
"SIND-013-PZ","05/22/17 00:00:00",,0.73000002,29.17,,
"SIND-012-PZ","02/21/17 00:00:00",,0.43000001,15.77,,
"SIND-012-PZ","03/26/17 00:00:00",,0.43000001,15.97,,
"SIND-012-PZ","04/24/17 00:00:00",,0.43000001,16.67,,
"SIND-011-PZ","02/24/17 00:00:00",,0.2,14.9,,
"SIND-011-PZ","03/24/17 00:00:00",,0.2,15.9,,
"SIND-011-PZ","04/25/17 00:00:00",,0.2,16.6,,
"SIND-011-PZ","05/22/17 00:00:00",,0.2,17.6,,
"SIND-010-PZ","02/21/17 00:00:00",,0.44999999,15.75,,
"SIND-010-PZ","03/26/17 00:00:00",,0.44999999,24.25,,
"SIND-010-PZ","04/24/17 00:00:00",,0.44999999,26.450001,,
"SIND-010-PZ","05/21/17 00:00:00",,0.44999999,26.450001,,
"SIND-009-PZ","02/21/17 00:00:00",,0.89999998,19.200001,,
"SIND-009-PZ","03/26/17 00:00:00",,0.89999998,20,,
"SIND-009-PZ","04/24/17 00:00:00",,0.89999998,20.799999,,
"SIND-009-PZ","05/21/17 00:00:00",,0.89999998,27.1,,
"SIND-008-PZ","02/21/17 00:00:00",,0.36000001,20.440001,,
"SIND-008-PZ","03/26/17 00:00:00",,0.36000001,21.040001,,
"SIND-008-PZ","04/24/17 00:00:00",,0.36000001,20.940001,,
"SIND-008-PZ","05/21/17 00:00:00",,0.36000001,24.040001,,
"SIND-PTW-07","02/23/17 00:00:00",,0.55000001,25.9,,
"SIND-PTW-07","03/23/17 00:00:00",,0.55000001,26.700001,,
"SIND-PTW-07","04/24/17 00:00:00",,0.55000001,27.700001,,
"SIND-PTW-07","05/23/17 00:00:00",,0.55000001,38.18,,
"SIND-06-PTW","02/28/17 00:00:00",,0.60000002,16.799999,,
"SIND-06-PTW","03/22/17 00:00:00",,0.60000002,17.799999,,
"SIND-06-PTW","04/23/17 00:00:00",,0.60000002,20.6,,
"SIND-06-PTW","05/21/17 00:00:00",,0.60000002,34.400002,,
"SIND-019-B-PZ","06/22/17 00:00:00",,0.60000002,29.299999,,
"SIND-019-B-PZ","07/28/17 00:00:00",,0.60000002,28.5,,
"SIND-019-A-PZ","07/22/17 00:00:00",,0.30000001,19.6,,
"SIND-019-A-PZ","06/24/17 00:00:00",,0.30000001,19.299999,,
"SIND-019-C-PZ","06/22/17 00:00:00",,0.60000002,21.299999,,
"SIND-019-C-PZ","07/22/17 00:00:00",,0.60000002,22.200001,,
"SIND-021-PZ","06/22/17 00:00:00",,0.51999998,15.3,,
"SIND-021-PZ","07/23/17 00:00:00",,0.51999998,14.9,,
"SIND-025-PZ","06/27/17 00:00:00",,0.43000001,12.67,,
"SIND-025-PZ","07/28/17 00:00:00",,0.43000001,13.27,,
"SIND-027-PZ","06/24/17 00:00:00",,0.69999999,13.8,,
"SIND-027-PZ","07/24/17 00:00:00",,0.69999999,14.1,,
"SIND-035-PZ","06/24/17 00:00:00",,0.54000002,14.1,,
"SIND-035-PZ","07/28/17 00:00:00",,0.54000002,14.6,,
"SIND-036-PZ","06/26/17 00:00:00",,0.44999999,15.9,,
"SIND-036-PZ","07/27/17 00:00:00",,0.44999999,14.3,,
"SIND-037-PZ","06/26/17 00:00:00",,0.60000002,26.1,,
"SIND-037-PZ","07/27/17 00:00:00",,0.60000002,24.200001,,
"SIND-PTW 38-PZ","06/27/17 00:00:00",,0.80000001,22.299999,,
"SIND-PTW 38-PZ","07/26/17 00:00:00",,0.80000001,21.1,,
"SIND-040-PZ","06/26/17 00:00:00",,0.61000001,12.9,,
"SIND-040-PZ","07/26/17 00:00:00",,0.61000001,11.3,,
"SIND-PTW-07","07/26/17 00:00:00",,0.55000001,36.200001,,
"SIND-PTW-07","07/24/17 00:00:00",,0.55000001,35,,
"SIND-06-PTW","06/24/17 00:00:00",,0.60000002,35.299999,,
"SIND-06-PTW","07/24/17 00:00:00",,0.60000002,34.299999,,
"SIND-008-PZ","06/28/17 00:00:00",,0.36000001,25.040001,,
"SIND-008-PZ","07/21/17 00:00:00",,0.36000001,23.139999,,
"SIND-009-PZ","06/28/17 00:00:00",,0.89999998,29.200001,,
"SIND-009-PZ","07/21/17 00:00:00",,0.89999998,26.200001,,
"SIND-010-PZ","06/24/17 00:00:00",,0.44999999,26.85,,
"SIND-010-PZ","07/21/17 00:00:00",,0.44999999,25.25,,
"SIND-011-PZ","06/28/17 00:00:00",,0.2,20.299999,,
"SIND-011-PZ","07/22/17 00:00:00",,0.2,18.200001,,
"SIND-013-PZ","06/27/17 00:00:00",,0.73000002,29.870001,,
"SIND-013-PZ","07/22/17 00:00:00",,0.73000002,27.27,,
"SIND-014-PZ","06/27/17 00:00:00",,0.23999999,31.16,,
"SIND-014-PZ","07/22/17 00:00:00",,0.23999999,30.26,,
"SIND-015-PZ","07/22/17 00:00:00",,0.75,27.25,,
"SIND-016-PZ","06/27/17 00:00:00",,0.60000002,20.299999,,
"SIND-016-PZ","07/23/17 00:00:00",,0.60000002,14.6,,
"SIND-017-PZ","06/29/17 00:00:00",,0.75,30.1,,
"SIND-017-PZ","07/23/17 00:00:00",,0.75,28.35,,
"SIND-PTW-18","05/08/18 00:00:00",,0.89999998,17.33,,
"SIND-PTW-18","06/29/17 00:00:00",,0.89999998,19.43,,
"SIND-039-A-PZ","06/29/17 00:00:00",,0.60000002,22.34,,
"SIND-039-A-PZ","07/22/17 00:00:00",,0.60000002,18.639999,,
"SIND-026-PZ","06/29/17 00:00:00",,0.34,19.799999,,
"SIND-026-PZ","07/24/17 00:00:00",,0.34,17.200001,,
"SIND-PTW-01 NEW","06/28/17 00:00:00",,0.69999999,24.6,,
"SIND-PTW-01 NEW","07/28/17 00:00:00",,0.69999999,22.5,,
"SIND-002-PZ","06/28/17 00:00:00",,0.64999998,20.799999,,
"SIND-002-PZ","07/28/17 00:00:00",,0.64999998,19.799999,,
"SIND-003-PZ","06/27/17 00:00:00",,0.80000001,23.6,,
"SIND-003-PZ","07/27/17 00:00:00",,0.80000001,22.1,,
"SIND-004-A-PZ","07/29/17 00:00:00",,0.5,18,,
"SIND-004-A-PZ","06/28/17 00:00:00",,0.5,21.799999,,
"SIND-004-B-PZ","06/28/17 00:00:00",,0.60000002,31.299999,,
"SIND-004-B-PZ","07/29/17 00:00:00",,0.60000002,26.200001,,
"SIND-004-C-PZ","07/29/17 00:00:00",,0.69999999,17.200001,,
"SIND-004-C-PZ","06/28/17 00:00:00",,0.69999999,21.200001,,
"SIND-028-PZ","06/30/17 00:00:00",,0.56,20.700001,,
"SIND-028-PZ","07/26/17 00:00:00",,0.56,19.34,,
"SIND-029-PZ","06/30/17 00:00:00",,0.44999999,22.85,,
"SIND-029-PZ","07/29/17 00:00:00",,0.44999999,21.35,,
"SIND-031-PZ","06/30/17 00:00:00",,0.51999998,24.08,,
"SIND-031-PZ","07/26/17 00:00:00",,0.51999998,16.780001,,
"SIND-032-PZ","07/29/17 00:00:00",,0.51999998,17.879999,,
"SIND-032-PZ","06/30/17 00:00:00",,0.51999998,20.280001,,
"SIND-033-PZ","06/30/17 00:00:00",,0.64999998,20.65,,
"SIND-033-PZ","07/27/17 00:00:00",,0.64999998,20.35,,
"SIND-34-PTW-NEW","06/30/17 00:00:00",,1,20.299999,,
"SIND-34-PTW-NEW","07/30/17 00:00:00",,1,17.799999,,
"SIND-029-PZ","08/28/17 00:00:00",,0.44999999,12.45,,
"SIND-002-PZ","08/29/17 00:00:00",,0.64999998,7.5500002,,
"SIND-003-PZ","08/29/17 00:00:00",,0.80000001,10.5,,
"SIND-004-A-PZ","08/28/17 00:00:00",,0.5,12.7,,
"SIND-004-B-PZ","08/28/17 00:00:00",,,12,,
"SIND-004-C-PZ","08/28/17 00:00:00",,0.69999999,13.2,,
"SIND-PTW-01 NEW","08/29/17 00:00:00",,0.69999999,11.5,,
"SIND-028-PZ","08/27/17 00:00:00",,0.56,9.9399996,,
"SIND-34-PTW-NEW","08/29/17 00:00:00",,1,10.4,,
"SIND-031-PZ","08/27/17 00:00:00",,0.51999998,1.98,,
"SIND-032-PZ","08/28/17 00:00:00",,0.51999998,12.08,,
"SIND-033-PZ","08/29/17 00:00:00",,0.64999998,7.5500002,,
"SIND-PTW-18","08/24/17 00:00:00",,0.89999998,19.629999,,
"SIND-039-A-PZ","08/25/17 00:00:00",,0.60000002,6.3400002,,
"SIND-026-PZ","08/30/17 00:00:00",,0.34,16.1,,
"SIND-PTW-18","08/24/17 00:00:00",,0.89999998,19.629999,,
"SIND-016-PZ","08/24/17 00:00:00",,0.60000002,12.7,,
"SIND-015-PZ","08/30/17 00:00:00",,0.75,15.25,,
"SIND-014-PZ","08/30/17 00:00:00",,0.23999999,18.059999,,
"SIND-013-PZ","08/30/17 00:00:00",,0.73000002,20.969999,,
"SIND-011-PZ","08/25/17 00:00:00",,0.2,8.6999998,,
"SIND-010-PZ","08/25/17 00:00:00",,0.44999999,11.85,,
"SIND-009-PZ","08/25/17 00:00:00",,0.89999998,16.200001,,
"SIND-008-PZ","08/25/17 00:00:00",,0.36000001,14.34,,
"SIND-027-PZ","08/23/17 00:00:00",,0.69999999,5.8000002,,
"SIND-019-B-PZ","08/23/17 00:00:00",,0.60000002,9,,
"SIND-019-C-PZ","08/23/17 00:00:00",,0.60000002,9.1999998,,
"SIND-020-PZ","08/23/17 00:00:00",,0.47999999,8.3999996,,
"SIND-021-PZ","08/20/17 00:00:00",,0.51999998,6.4000001,,
"SIND-022-PZ","07/24/17 00:00:00",,0.63,16.1,,
"SIND-022-PZ","06/27/17 00:00:00",,0.63,16.799999,,
"SIND-022-PZ","08/23/17 00:00:00",,0.63,8.8999996,,
"SIND-023-PZ","08/24/17 00:00:00",,0.47,8.5,,
"SIND-019-A-PZ","08/23/17 00:00:00",,0.30000001,9.1999998,,
"SIND-025-PZ","08/23/17 00:00:00",,0.43000001,7.0999999,,
"SIND-PTW-21-NEW","06/22/17 00:00:00",,1,15.3,,
"SIND-PTW-21-NEW","07/23/17 00:00:00",,1,14.9,,
"SIND-PTW-21-NEW","08/20/17 00:00:00",,1,6.4000001,,
"SIND-035-NEW","06/24/17 00:00:00",,0.69999999,14.1,,
"SIND-035-NEW","07/28/17 00:00:00",,0.69999999,14.6,,
"SIND-035-NEW","08/21/17 00:00:00",,0.69999999,5.4000001,,
"SIND-PTW 38-PZ","08/21/17 00:00:00",,0.80000001,6.1999998,,
"SIND-037-PZ","08/22/17 00:00:00",,0.60000002,4.9000001,,
"SIND-036-PZ","08/22/17 00:00:00",,0.44999999,4.8000002,,
"SIND-06-PTW","08/23/17 00:00:00",,0.60000002,16,,
"SIND-PTW-07","08/26/17 00:00:00",,0.55000001,21.450001,,
"SIND-019-A-PZ","09/23/17 00:00:00",,0.30000001,2.3,,
"SIND-019-A-PZ","10/26/17 00:00:00",,0.30000001,7.3000002,,
"SIND-019-B-PZ","09/23/17 00:00:00",,0.60000002,2.0999999,,
"SIND-019-B-PZ","10/26/17 00:00:00",,0.60000002,7.3000002,,
"SIND-019-C-PZ","09/23/17 00:00:00",,0.60000002,2.4000001,,
"SIND-019-C-PZ","10/26/17 00:00:00",,0.60000002,7.8000002,,
"SIND-020-PZ","09/23/17 00:00:00",,0.47999999,1.95,,
"SIND-020-PZ","10/27/17 00:00:00",,0.47999999,8.8199997,,
"SIND-021-PZ","09/20/17 00:00:00",,0.51999998,2.05,,
"SIND-021-PZ","10/27/17 00:00:00",,0.51999998,5.3000002,,
"SIND-022-PZ","09/23/17 00:00:00",,0.63,1.8,,
"SIND-022-PZ","10/27/17 00:00:00",,0.63,8.7700005,,
"SIND-023-PZ","09/24/17 00:00:00",,0.47,1.9,,
"SIND-023-PZ","10/28/17 00:00:00",,0.47,5.3299999,,
"SIND-025-PZ","09/23/17 00:00:00",,0.43000001,1.5,,
"SIND-025-PZ","10/29/17 00:00:00",,0.43000001,9.8699999,,
"SIND-027-PZ","09/23/17 00:00:00",,0.69999999,2,,
"SIND-027-PZ","10/26/17 00:00:00",,0.69999999,8.1000004,,
"SIND-035-NEW","09/21/17 00:00:00",,0.69999999,1.5,,
"SIND-035-NEW","10/28/17 00:00:00",,0.69999999,5.5999999,,
"SIND-036-PZ","09/22/17 00:00:00",,0.44999999,1.7,,
"SIND-036-PZ","10/29/17 00:00:00",,0.44999999,7.8499999,,
"SIND-037-PZ","09/22/17 00:00:00",,0.60000002,1.65,,
"SIND-037-PZ","10/29/17 00:00:00",,0.60000002,6.1999998,,
"SIND-PTW 38-PZ","09/21/17 00:00:00",,0.80000001,1.35,,
"SIND-PTW 38-PZ","10/27/17 00:00:00",,0.80000001,9,,
"SIND-040-PZ","08/22/17 00:00:00",,0.61000001,6.4000001,,
"SIND-040-PZ","09/22/17 00:00:00",,0.61000001,1.5,,
"SIND-040-PZ","10/28/17 00:00:00",,0.61000001,6.29,,
"SIND-06-PTW","09/27/17 00:00:00",,0.60000002,2.0999999,,
"SIND-06-PTW","10/28/17 00:00:00",,0.60000002,6.6999998,,
"SIND-PTW-07","09/28/17 00:00:00",,0.55000001,3,,
"SIND-PTW-07","10/29/17 00:00:00",,0.55000001,7.5500002,,
"SIND-PTW-01 NEW","09/29/17 00:00:00",,0.69999999,0.89999998,,
"SIND-PTW-01 NEW","10/26/17 00:00:00",,0.69999999,5.5999999,,
"SIND-002-PZ","09/29/17 00:00:00",,0.64999998,0.75,,
"SIND-003-PZ","09/29/17 00:00:00",,0.80000001,0.80000001,,
"SIND-003-PZ","10/26/17 00:00:00",,0.80000001,11.3,,
"SIND-002-PZ","10/26/17 00:00:00",,0.64999998,5.8499999,,
"SIND-004-A-PZ","09/28/17 00:00:00",,0.5,1.5,,
"SIND-004-A-PZ","10/27/17 00:00:00",,0.5,3.5999999,,
"SIND-004-B-PZ","09/28/17 00:00:00",,0.60000002,1.3,,
"SIND-004-B-PZ","10/27/17 00:00:00",,0.60000002,3.9000001,,
"SIND-004-C-PZ","09/28/17 00:00:00",,0.69999999,0.85000002,,
"SIND-004-C-PZ","10/28/17 00:00:00",,0.69999999,2.5999999,,
"SIND-005-PZ","06/27/17 00:00:00",,0.69999999,17.200001,,
"SIND-005-PZ","01/00/00 00:00:00",,0.69999999,16.1,,
"SIND-005-PZ","08/27/17 00:00:00",,0.69999999,8.8999996,,
"SIND-005-PZ","09/27/17 00:00:00",,0.69999999,0.89999998,,
"SIND-005-PZ","10/28/17 00:00:00",,0.69999999,2.5999999,,
"SIND-028-PZ","09/27/17 00:00:00",,0.56,1.5,,
"SIND-028-PZ","10/28/17 00:00:00",,0.56,11.54,,
"SIND-029-PZ","09/28/17 00:00:00",,0.44999999,1,,
"SIND-029-PZ","10/29/17 00:00:00",,0.44999999,7.8499999,,
"SIND-031-PZ","09/27/17 00:00:00",,0.51999998,0.80000001,,
"SIND-031-PZ","10/28/17 00:00:00",,0.51999998,11.68,,
"SIND-032-PZ","09/28/17 00:00:00",,0.51999998,0.88,,
"SIND-032-PZ","10/29/17 00:00:00",,0.51999998,8.6800003,,
"SIND-033-PZ","09/29/17 00:00:00",,0.64999998,0.60000002,,
"SIND-033-PZ","10/29/17 00:00:00",,0.64999998,11.55,,
"SIND-34-PTW-NEW","09/29/17 00:00:00",,1,0.69999999,,
"SIND-34-PTW-NEW","10/27/17 00:00:00",,1,5.8000002,,
"SIND-008-PZ","09/29/17 00:00:00",,0.36000001,1.86,,
"SIND-008-PZ","10/24/17 00:00:00",,0.36000001,8.8400002,,
"SIND-009-PZ","09/25/17 00:00:00",,0.89999998,1.9,,
"SIND-009-PZ","10/24/17 00:00:00",,0.89999998,16.4,,
"SIND-010-PZ","09/25/17 00:00:00",,0.44999999,0.5,,
"SIND-010-PZ","10/24/17 00:00:00",,0.44999999,3.45,,
"SIND-011-PZ","09/25/17 00:00:00",,0.2,0.67000002,,
"SIND-011-PZ","10/24/17 00:00:00",,0.2,11.1,,
"SIND-012-PZ","04/26/17 00:00:00",,0.43000001,17.969999,,
"SIND-013-PZ","09/30/17 00:00:00",,0.73000002,0.69999999,,
"SIND-013-PZ","10/22/17 00:00:00",,0.73000002,13.77,,
"SIND-014-PZ","09/30/17 00:00:00",,0.23999999,0.5,,
"SIND-014-PZ","10/22/17 00:00:00",,0.23999999,12.96,,
"SIND-015-PZ","09/30/17 00:00:00",,0.75,1.4,,
"SIND-015-PZ","10/22/17 00:00:00",,0.75,7.0500002,,
"SIND-016-PZ","09/24/17 00:00:00",,0.60000002,0.44999999,,
"SIND-016-PZ","10/23/17 00:00:00",,0.60000002,9.1999998,,
"SIND-017-PZ","09/23/17 00:00:00",,0.75,1.9,,
"SIND-017-PZ","10/23/17 00:00:00",,0.75,8.5500002,,
"SIND-PTW-18","09/24/17 00:00:00",,0.89999998,0.94999999,,
"SIND-PTW-18","10/23/17 00:00:00",,0.89999998,6.73,,
"SIND-039-A-PZ","09/25/17 00:00:00",,0.60000002,0.60000002,,
"SIND-039-A-PZ","10/24/17 00:00:00",,0.60000002,6.2399998,,
"SIND-026-PZ","09/30/17 00:00:00",,0.34,0.80000001,,
"SIND-026-PZ","10/22/17 00:00:00",,0.34,7.3000002,,
"SIND-019-A-PZ","11/06/17 00:00:00",,0.30000001,8.6999998,,
"SIND-019-B-PZ","11/06/17 00:00:00",,0.60000002,8.5,,
"SIND-019-C-PZ","11/06/17 00:00:00",,0.60000002,9.1999998,,
"SIND-021-PZ","11/08/17 00:00:00",,0.51999998,7.1999998,,
"SIND-022-PZ","11/08/17 00:00:00",,0.63,10.47,,
"SIND-022-PZ","11/09/17 00:00:00",,0.63,6.8299999,,
"SIND-025-PZ","11/02/17 00:00:00",,0.43000001,11.67,,
"SIND-027-PZ","11/05/17 00:00:00",,0.69999999,9.3999996,,
"SIND-035-PZ","11/05/17 00:00:00",,0.54000002,7.5,,
"SIND-036-PZ","11/05/17 00:00:00",,0.44999999,9.0500002,,
"SIND-037-PZ","11/02/17 00:00:00",,0.60000002,7.6999998,,
"SIND-038-PZ","11/02/17 00:00:00",,0.44999999,10.7,,
"SIND-040-PZ","11/05/17 00:00:00",,0.61000001,7.4899998,,
"SIND-PTW-01 NEW","11/06/17 00:00:00",,0.69999999,7.1999998,,
"SIND-002-PZ","11/06/17 00:00:00",,0.64999998,7.4499998,,
"SIND-003-PZ","11/06/17 00:00:00",,0.80000001,13.5,,
"SIND-004-A-PZ","11/08/17 00:00:00",,0.5,5.4000001,,
"SIND-004-B-PZ","11/05/17 00:00:00",,0.60000002,5.1999998,,
"SIND-004-C-PZ","11/08/17 00:00:00",,0.69999999,5.4000001,,
"SIND-005-PZ","11/09/17 00:00:00",,0.69999999,4.1999998,,
"SIND-028-PZ","11/07/17 00:00:00",,0.56,13.94,,
"SIND-029-PZ","11/08/17 00:00:00",,0.44999999,9.4499998,,
"SIND-031-PZ","11/09/17 00:00:00",,0.51999998,14.58,,
"SIND-032-PZ","11/08/17 00:00:00",,0.51999998,10.78,,
"SIND-033-PZ","11/08/17 00:00:00",,0.64999998,13.45,,
"SIND-34-PTW-NEW","11/07/17 00:00:00",,1,7.9000001,,
"SIND-008-PZ","11/02/17 00:00:00",,0.36000001,11.74,,
"SIND-009-PZ","11/03/17 00:00:00",,0.89999998,18.299999,,
"SIND-010-PZ","11/02/17 00:00:00",,0.44999999,4.6500001,,
"SIND-011-PZ","11/04/17 00:00:00",,0.2,12.6,,
"SIND-012-PZ","11/02/17 00:00:00",,0.43000001,0.43000001,,
"SIND-013-PZ","11/04/17 00:00:00",,0.73000002,16.370001,,
"SIND-014-PZ","11/02/17 00:00:00",,0.23999999,12.06,,
"SIND-015-PZ","11/02/17 00:00:00",,0.75,8.3500004,,
"SIND-016-PZ","11/05/17 00:00:00",,0.60000002,10.6,,
"SIND-017-PZ","11/05/17 00:00:00",,0.75,10.15,,
"SIND-018-PZ","11/05/17 00:00:00",,0.47,9.46,,
"SIND-039-A-PZ","11/02/17 00:00:00",,0.60000002,7.1399999,,
"SIND-026-PZ","11/05/17 00:00:00",,0.34,9.3000002,,
"SIND-06-PTW","11/02/17 00:00:00",,0.60000002,8.8000002,,
"SIND-007-PZ","11/02/17 00:00:00",,0.5,12.25,,
"SIND-008-PZ","01/10/18 00:00:00",,0.36000001,14.34,,
"SIND-009-PZ","01/10/17 00:00:00",,0.89999998,24,,
"SIND-010-PZ","01/10/17 00:00:00",,0.44999999,23.950001,,
"SIND-011-PZ","12/13/17 00:00:00",,0.2,13.7,,
"SIND-011-PZ","01/13/17 00:00:00",,0.2,14.2,,
"SIND-008-PZ","12/26/17 00:00:00",,0.36000001,13.24,,
"SIND-009-PZ","12/26/17 00:00:00",,0.89999998,21.200001,,
"SIND-010-PZ","12/26/17 00:00:00",,0.44999999,21.450001,,
"SIND-010-PZ","01/10/17 00:00:00",,0.44999999,23.950001,,
"SIND-013-PZ","12/21/17 00:00:00",,0.73000002,23.17,,
"SIND-013-PZ","01/11/17 00:00:00",,0.73000002,25.07,,
"SIND-014-PZ","12/21/17 00:00:00",,0.23999999,22.26,,
"SIND-014-PZ","01/11/17 00:00:00",,0.23999999,23.16,,
"SIND-015-PZ","12/21/17 00:00:00",,0.75,23.450001,,
"SIND-015-PZ","01/00/00 00:00:00",,0.75,25.85,,
"SIND-016-PZ","12/22/17 00:00:00",,0.60000002,14.5,,
"SIND-016-PZ","01/12/17 00:00:00",,0.60000002,15.9,,
"SIND-017-PZ","12/23/17 00:00:00",,0.75,16.049999,,
"SIND-017-PZ","01/12/17 00:00:00",,0.75,17.15,,
"SIND-018-PZ","12/23/17 00:00:00",,0.47,16.83,,
"SIND-018-PZ","01/12/17 00:00:00",,0.47,18.030001,,
"SIND-039-A-PZ","12/27/17 00:00:00",,0.60000002,12.44,,
"SIND-039-A-PZ","01/13/17 00:00:00",,0.60000002,12.94,,
"SIND-026-PZ","12/21/17 00:00:00",,0.34,10.2,,
"SIND-026-PZ","01/11/18 00:00:00",,0.34,10.4,,
"SIND-012-PZ","12/22/17 00:00:00",,0.43000001,19.4,,
"SIND-012-PZ","01/19/18 00:00:00",,0.43000001,21.200001,,
"SIND-002-PZ","12/22/17 00:00:00",,0.64999998,17.25,,
"SIND-002-PZ","01/19/18 00:00:00",,0.64999998,18.35,,
"SIND-003-PZ","12/23/17 00:00:00",,0.80000001,20.4,,
"SIND-003-PZ","01/19/18 00:00:00",,0.80000001,21.299999,,
"SIND-004-A-PZ","12/20/17 00:00:00",,0.5,12.6,,
"SIND-004-A-PZ","01/20/18 00:00:00",,0.5,13.7,,
"SIND-004-B-PZ","12/24/17 00:00:00",,0.60000002,23.6,,
"SIND-004-B-PZ","01/20/18 00:00:00",,0.60000002,26.200001,,
"SIND-004-C-PZ","12/20/17 00:00:00",,0.69999999,13.4,,
"SIND-004-C-PZ","01/20/18 00:00:00",,0.69999999,15.1,,
"SIND-005-PZ","12/21/17 00:00:00",,0.69999999,9.3999996,,
"SIND-005-PZ","01/18/18 00:00:00",,0.69999999,9.8999996,,
"SIND-028-PZ","12/21/17 00:00:00",,0.56,21.84,,
"SIND-028-PZ","01/18/18 00:00:00",,0.56,23.139999,,
"SIND-029-PZ","12/23/17 00:00:00",,0.44999999,15.25,,
"SIND-029-PZ","01/19/18 00:00:00",,0.44999999,16.15,,
"SIND-031-PZ","12/20/17 00:00:00",,0.51999998,23.780001,,
"SIND-031-PZ","01/20/18 00:00:00",,0.51999998,26.98,,
"SIND-032-PZ","12/23/17 00:00:00",,0.51999998,16.58,,
"SIND-032-PZ","01/19/18 00:00:00",,0.51999998,17.68,,
"SIND-033-PZ","12/23/17 00:00:00",,0.64999998,14.45,,
"SIND-033-PZ","01/19/18 00:00:00",,0.64999998,15.25,,
"SIND-34-PTW-NEW","12/20/17 00:00:00",,1,14.8,,
"SIND-34-PTW-NEW","01/20/18 00:00:00",,1,15.8,,
"SIND-06-PTW","12/20/17 00:00:00",,0.60000002,15.9,,
"SIND-06-PTW","01/18/18 00:00:00",,0.60000002,17.200001,,
"SIND-PTW-07","12/21/17 00:00:00",,0.55000001,22.35,,
"SIND-PTW-07","01/13/18 00:00:00",,0.55000001,26.35,,
"SIND-019-A-PZ","12/21/17 00:00:00",,0.30000001,16.6,,
"SIND-019-A-PZ","01/07/18 00:00:00",,0.30000001,17.75,,
"SIND-019-B-PZ","12/21/17 00:00:00",,0.60000002,16.200001,,
"SIND-019-B-PZ","01/07/18 00:00:00",,0.60000002,17.549999,,
"SIND-019-C-PZ","12/21/17 00:00:00",,0.60000002,15,,
"SIND-019-C-PZ","01/07/18 00:00:00",,0.60000002,15.9,,
"SIND-020-PZ","12/22/17 00:00:00",,0.47999999,14.92,,
"SIND-020-PZ","01/05/18 00:00:00",,0.47999999,16.32,,
"SIND-021-PZ","12/22/17 00:00:00",,0.51999998,18.200001,,
"SIND-021-PZ","01/05/18 00:00:00",,0.51999998,19.1,,
"SIND-022-PZ","12/22/17 00:00:00",,0.63,21.57,,
"SIND-022-PZ","01/05/18 00:00:00",,0.63,22.57,,
"SIND-023-PZ","12/22/17 00:00:00",,0.47,14.83,,
"SIND-023-PZ","01/05/18 00:00:00",,0.47,15.65,,
"SIND-025-PZ","12/23/17 00:00:00",,0.43000001,16.469999,,
"SIND-025-PZ","01/06/18 00:00:00",,0.43000001,17.67,,
"SIND-027-PZ","12/23/17 00:00:00",,0.69999999,23.5,,
"SIND-027-PZ","01/06/18 00:00:00",,0.69999999,25.450001,,
"SIND-035-NEW","12/24/17 00:00:00",,0.69999999,23.6,,
"SIND-035-NEW","01/03/18 00:00:00",,0.69999999,25.799999,,
"SIND-036-PZ","12/24/17 00:00:00",,0.44999999,24.65,,
"SIND-036-PZ","01/04/18 00:00:00",,0.44999999,25.549999,,
"SIND-037-PZ","12/24/17 00:00:00",,0.60000002,22,,
"SIND-037-PZ","01/04/18 00:00:00",,0.60000002,23.6,,
"SIND-PTW 38-PZ","12/24/17 00:00:00",,0.80000001,21.4,,
"SIND-PTW 38-PZ","01/04/18 00:00:00",,0.80000001,23.299999,,
"SIND-040-PZ","12/24/17 00:00:00",,0.61000001,23.09,,
"SIND-040-PZ","01/02/18 00:00:00",,0.61000001,24.440001,,
"SIND-019-A-PZ","02/21/18 00:00:00",,0.30000001,18.1,,
"SIND-019-A-PZ","03/23/18 00:00:00",,0.30000001,180.8,,
"SIND-019-A-PZ","04/25/18 00:00:00",,0.30000001,19.799999,,
"SIND-019-B-PZ","02/21/18 00:00:00",,0.60000002,18.299999,,
"SIND-019-B-PZ","03/23/18 00:00:00",,0.60000002,19.1,,
"SIND-019-B-PZ","04/25/18 00:00:00",,0.60000002,20.9,,
"SIND-019-C-PZ","02/21/18 00:00:00",,0.60000002,16.299999,,
"SIND-019-C-PZ","03/23/18 00:00:00",,0.60000002,16.5,,
"SIND-019-C-PZ","04/25/18 00:00:00",,0.60000002,20.200001,,
"SIND-020-PZ","02/22/18 00:00:00",,0.47999999,16.620001,,
"SIND-020-PZ","03/26/18 00:00:00",,0.47999999,17.42,,
"SIND-020-PZ","04/24/18 00:00:00",,0.47999999,19.700001,,
"SIND-021-PZ","02/22/18 00:00:00",,0.51999998,19.799999,,
"SIND-021-PZ","03/26/18 00:00:00",,0.51999998,21.1,,
"SIND-021-PZ","04/24/18 00:00:00",,0.51999998,23.4,,
"SIND-022-PZ","02/22/18 00:00:00",,0.63,23.469999,,
"SIND-022-PZ","03/26/18 00:00:00",,0.63,15.57,,
"SIND-022-PZ","04/24/18 00:00:00",,0.63,17.299999,,
"SIND-023-PZ","03/23/18 00:00:00",,0.47,16.83,,
"SIND-023-PZ","03/27/18 00:00:00",,0.47,17.93,,
"SIND-023-PZ","04/27/18 00:00:00",,0.47,19.5,,
"SIND-025-PZ","02/24/18 00:00:00",,0.43000001,18.370001,,
"SIND-025-PZ","03/28/18 00:00:00",,0.43000001,19.17,,
"SIND-025-PZ","04/29/18 00:00:00",,0.43000001,21.200001,,
"SIND-027-PZ","02/24/18 00:00:00",,0.69999999,26,,
"SIND-027-PZ","03/28/18 00:00:00",,0.69999999,26.41,,
"SIND-027-PZ","04/27/18 00:00:00",,0.69999999,29.299999,,
"SIND-035-NEW","02/25/18 00:00:00",,0.69999999,26.4,,
"SIND-035-NEW","03/23/18 00:00:00",,0.69999999,27.6,,
"SIND-035-NEW","04/22/18 00:00:00",,0.69999999,29.6,,
"SIND-036-PZ","02/26/18 00:00:00",,0.44999999,26.15,,
"SIND-036-PZ","03/29/18 00:00:00",,0.44999999,27.049999,,
"SIND-036-PZ","04/28/18 00:00:00",,0.44999999,29.1,,
"SIND-037-PZ","02/26/18 00:00:00",,0.60000002,24.200001,,
"SIND-037-PZ","03/26/18 00:00:00",,0.60000002,24.700001,,
"SIND-037-PZ","04/28/18 00:00:00",,0.60000002,28.1,,
"SIND-PTW 38-PZ","02/26/18 00:00:00",,0.80000001,24.4,,
"SIND-PTW 38-PZ","03/29/18 00:00:00",,0.80000001,,,
"SIND-PTW 38-PZ","04/28/18 00:00:00",,0.80000001,28.200001,,
"SIND-040-PZ","02/23/18 00:00:00",,0.61000001,25.49,,
"SIND-040-PZ","03/27/18 00:00:00",,0.61000001,26.49,,
"SIND-040-PZ","04/25/18 00:00:00",,0.61000001,29.1,,
"SIND-PTW-01 NEW","02/21/18 00:00:00",,0.69999999,22.1,,
"SIND-PTW-01 NEW","03/23/18 00:00:00",,0.69999999,23.299999,,
"SIND-PTW-01 NEW","04/24/18 00:00:00",,0.69999999,24.5,,
"SIND-002-PZ","02/21/18 00:00:00",,0.64999998,19.549999,,
"SIND-002-PZ","03/23/18 00:00:00",,0.64999998,20.450001,,
"SIND-002-PZ","04/24/18 00:00:00",,0.64999998,21.65,,
"SIND-003-PZ","02/21/18 00:00:00",,0.80000001,22.4,,
"SIND-003-PZ","03/23/18 00:00:00",,0.80000001,23.4,,
"SIND-003-PZ","04/24/18 00:00:00",,0.80000001,23.299999,,
"SIND-004-A-PZ","02/22/18 00:00:00",,0.5,16.200001,,
"SIND-004-A-PZ","03/26/18 00:00:00",,0.5,17,,
"SIND-004-B-PZ","02/22/18 00:00:00",,0.60000002,27.299999,,
"SIND-004-B-PZ","03/26/18 00:00:00",,0.60000002,28.200001,,
"SIND-004-B-PZ","04/25/18 00:00:00",,0.60000002,29.299999,,
"SIND-004-C-PZ","02/22/18 00:00:00",,0.69999999,15.6,,
"SIND-004-C-PZ","03/26/18 00:00:00",,0.69999999,16.5,,
"SIND-004-C-PZ","04/25/18 00:00:00",,0.69999999,17.6,,
"SIND-005-PZ","02/23/18 00:00:00",,0.69999999,11.3,,
"SIND-005-PZ","03/27/18 00:00:00",,0.69999999,12.4,,
"SIND-005-PZ","04/27/18 00:00:00",,0.69999999,14.5,,
"SIND-028-PZ","02/23/18 00:00:00",,0.56,24.540001,,
"SIND-028-PZ","03/27/18 00:00:00",,0.56,25.639999,,
"SIND-028-PZ","04/27/18 00:00:00",,0.56,26.34,,
"SIND-029-PZ","02/24/18 00:00:00",,0.44999999,17.35,,
"SIND-029-PZ","03/28/18 00:00:00",,0.44999999,18.65,,
"SIND-029-PZ","04/29/18 00:00:00",,0.44999999,19.75,,
"SIND-031-PZ","02/25/18 00:00:00",,0.51999998,28.58,,
"SIND-031-PZ","03/22/18 00:00:00",,0.51999998,29.68,,
"SIND-031-PZ","04/22/18 00:00:00",,0.51999998,30.58,,
"SIND-032-PZ","02/26/18 00:00:00",,0.51999998,19.58,,
"SIND-032-PZ","03/29/18 00:00:00",,0.51999998,20.780001,,
"SIND-032-PZ","04/28/18 00:00:00",,0.51999998,22.18,,
"SIND-033-PZ","02/26/18 00:00:00",,0.64999998,16.450001,,
"SIND-033-PZ","03/29/18 00:00:00",,0.64999998,17.65,,
"SIND-033-PZ","04/28/18 00:00:00",,0.64999998,18.450001,,
"SIND-34-PTW-NEW","04/28/18 00:00:00",,1,19.200001,,
"SIND-34-PTW-NEW","03/29/18 00:00:00",,1,18.299999,,
"SIND-34-PTW-NEW","02/26/18 00:00:00",,1,17.200001,,
"SIND-008-PZ","02/21/18 00:00:00",,0.36000001,14.94,,
"SIND-008-PZ","03/23/18 00:00:00",,0.36000001,14.74,,
"SIND-008-PZ","04/27/18 00:00:00",,0.36000001,16.34,,
"SIND-009-PZ","02/21/18 00:00:00",,0.89999998,25.299999,,
"SIND-009-PZ","03/23/18 00:00:00",,0.89999998,27.4,,
"SIND-009-PZ","04/27/18 00:00:00",,0.89999998,28.799999,,
"SIND-009-PZ","01/10/18 00:00:00",,0.89999998,24,,
"SIND-010-PZ","01/23/18 00:00:00",,0.44999999,23.950001,,
"SIND-010-PZ","02/21/18 00:00:00",,0.44999999,24.85,,
"SIND-010-PZ","03/23/18 00:00:00",,0.44999999,25.450001,,
"SIND-010-PZ","04/26/18 00:00:00",,0.44999999,26.049999,,
"SIND-011-PZ","02/22/18 00:00:00",,0.2,15.4,,
"SIND-011-PZ","01/13/18 00:00:00",,0.2,14.2,,
"SIND-011-PZ","03/26/18 00:00:00",,0.2,17,,
"SIND-011-PZ","04/25/18 00:00:00",,0.2,18.9,,
"SIND-013-PZ","01/11/18 00:00:00",,0.73000002,25.07,,
"SIND-013-PZ","02/23/18 00:00:00",,0.73000002,27.17,,
"SIND-013-PZ","03/27/18 00:00:00",,0.73000002,29.370001,,
"SIND-013-PZ","04/25/18 00:00:00",,0.73000002,31.469999,,
"SIND-014-PZ","01/11/18 00:00:00",,0.23999999,23.16,,
"SIND-014-PZ","02/23/18 00:00:00",,0.23999999,23.360001,,
"SIND-014-PZ","03/27/18 00:00:00",,0.23999999,23.559999,,
"SIND-014-PZ","04/24/18 00:00:00",,0.23999999,24.059999,,
"SIND-015-PZ","01/11/18 00:00:00",,0.75,25.85,,
"SIND-015-PZ","02/23/18 00:00:00",,0.75,26.25,,
"SIND-015-PZ","03/27/18 00:00:00",,0.75,28.25,,
"SIND-015-PZ","04/25/18 00:00:00",,0.75,28.75,,
"SIND-016-PZ","01/12/18 00:00:00",,0.60000002,15.9,,
"SIND-016-PZ","02/24/18 00:00:00",,0.60000002,16.700001,,
"SIND-016-PZ","03/28/18 00:00:00",,0.60000002,17.5,,
"SIND-016-PZ","04/22/18 00:00:00",,0.60000002,18.6,,
"SIND-017-PZ","01/12/18 00:00:00",,0.75,17.15,,
"SIND-017-PZ","02/24/18 00:00:00",,0.75,19.75,,
"SIND-017-PZ","03/28/18 00:00:00",,0.75,21.549999,,
"SIND-017-PZ","04/22/18 00:00:00",,0.75,23.549999,,
"SIND-PTW-18","01/12/18 00:00:00",,0.89999998,18.030001,,
"SIND-PTW-18","02/24/18 00:00:00",,0.89999998,20.73,,
"SIND-PTW-18","03/28/18 00:00:00",,0.89999998,27.629999,,
"SIND-PTW-18","04/22/18 00:00:00",,0.89999998,28.43,,
"SIND-039-A-PZ","01/13/18 00:00:00",,0.60000002,12.94,,
"SIND-039-A-PZ","02/26/18 00:00:00",,0.60000002,23.34,,
"SIND-039-A-PZ","03/26/18 00:00:00",,0.60000002,23.84,,
"SIND-039-A-PZ","04/25/18 00:00:00",,0.60000002,24.440001,,
"SIND-026-PZ","02/26/18 00:00:00",,0.34,11.8,,
"SIND-026-PZ","03/29/18 00:00:00",,0.34,13.2,,
"SIND-026-PZ","04/28/18 00:00:00",,0.34,14.9,,
"SIND-06-PTW","02/23/18 00:00:00",,0.60000002,17,,
"SIND-06-PTW","03/23/18 00:00:00",,0.60000002,18.299999,,
"SIND-06-PTW","04/25/18 00:00:00",,0.60000002,19.299999,,
"SIND-PTW-07","02/24/18 00:00:00",,0.55000001,26.65,,
"SIND-PTW-07","03/28/18 00:00:00",,0.55000001,27.549999,,
"SIND-PTW-07","04/27/18 00:00:00",,0.55000001,28.65,,
"SIND-06-PTW","05/08/18 00:00:00",,0.60000002,12.4,,
"SIND-PTW-07","05/08/18 00:00:00",,0.55000001,15.95,,
"SIND-008-PZ","05/05/18 00:00:00",,0.36000001,16.84,,
"SIND-009-PZ","05/05/18 00:00:00",,0.89999998,30.1,,
"SIND-010-PZ","05/05/18 00:00:00",,0.44999999,26.65,,
"SIND-011-PZ","05/04/18 00:00:00",,0.2,21,,
"SIND-013-PZ","05/07/18 00:00:00",,0.73000002,34.77,,
"SIND-014-PZ","05/07/18 00:00:00",,0.23999999,24.860001,,
"SIND-015-PZ","05/07/18 00:00:00",,0.75,29.85,,
"SIND-016-PZ","05/08/18 00:00:00",,0.60000002,19.5,,
"SIND-017-PZ","05/08/18 00:00:00",,0.75,27.75,,
"SIND-PTW-18","05/08/18 00:00:00",,0.89999998,29.030001,,
"SIND-039-A-PZ","05/04/18 00:00:00",,0.60000002,24.940001,,
"SIND-026-PZ","05/09/18 00:00:00",,0.34,16.700001,,
"SIND-019-A-PZ","05/25/18 00:00:00",,0.30000001,27.1,,
"SIND-019-B-PZ","05/25/18 00:00:00",,0.60000002,17,,
"SIND-019-C-PZ","05/25/18 00:00:00",,0.60000002,29.799999,,
"SIND-020-PZ","05/23/18 00:00:00",,0.47999999,,"Dry",
"SIND-021-PZ","05/23/18 00:00:00",,0.51999998,11.6,,
"SIND-022-PZ","05/23/18 00:00:00",,0.63,28.370001,,
"SIND-023-PZ","05/23/18 00:00:00",,0.47,14.33,,
"SIND-025-PZ","05/21/18 00:00:00",,0.43000001,18.6,,
"SIND-027-PZ","05/24/18 00:00:00",,0.69999999,18.1,,
"SIND-035-NEW","05/22/18 00:00:00",,0.69999999,12.1,,
"SIND-036-PZ","05/23/18 00:00:00",,0.44999999,14.05,,
"SIND-037-PZ","05/23/18 00:00:00",,0.60000002,11.9,,
"SIND-PTW 38-PZ","05/24/18 00:00:00",,0.80000001,19.9,,
"SIND-040-PZ","05/21/18 00:00:00",,0.61000001,12.19,,
"SIND-06-PTW","07/21/18 00:00:00",,0.60000002,5.6999998,,
"SIND-06-PTW","06/28/18 00:00:00",,0.60000002,8.8999996,,
"SIND-06-PTW","08/20/18 00:00:00",,0.60000002,4.5999999,,
"SIND-PTW-07","06/29/18 00:00:00",,0.55000001,8.9499998,,
"SIND-PTW-07","07/22/18 00:00:00",,0.55000001,6.6999998,,
"SIND-PTW-07","08/28/18 00:00:00",,0.55000001,4.6500001,,
"SIND-PTW-01 NEW","06/20/18 00:00:00",,0.69999999,26,,
"SIND-PTW-01 NEW","07/20/18 00:00:00",,0.69999999,19,"26/8",
"SIND-PTW-01 NEW","08/26/18 00:00:00",,0.69999999,14.6,,
"SIND-002-PZ","06/20/18 00:00:00",,0.64999998,12.5,,
"SIND-002-PZ","07/20/18 00:00:00",,0.64999998,10.2,,
"SIND-002-PZ","08/28/18 00:00:00",,0.64999998,14.65,,
"SIND-003-PZ","06/20/18 00:00:00",,0.80000001,21.5,,
"SIND-003-PZ","07/20/18 00:00:00",,0.80000001,18,,
"SIND-003-PZ","08/20/18 00:00:00",,0.80000001,12.1,,
"SIND-004-B-PZ","06/22/18 00:00:00",,0.60000002,23.700001,,
"SIND-004-B-PZ","07/24/18 00:00:00",,0.60000002,11.7,,
"SIND-004-B-PZ","08/28/18 00:00:00",,0.60000002,10,,
"SIND-004-C-PZ","08/28/18 00:00:00",,0.69999999,12.6,,
"SIND-004-C-PZ","06/22/18 00:00:00",,0.69999999,14.2,,
"SIND-004-C-PZ","07/22/18 00:00:00",,0.69999999,13.1,,
"SIND-005-PZ","06/22/18 00:00:00",,0.69999999,13.1,,
"SIND-005-PZ","07/24/18 00:00:00",,0.69999999,11.6,,
"SIND-005-PZ","08/30/18 00:00:00",,0.69999999,11.1,,
"SIND-028-PZ","06/24/18 00:00:00",,0.56,24.780001,,
"SIND-028-PZ","07/23/18 00:00:00",,0.56,19.48,,
"SIND-028-PZ","08/29/18 00:00:00",,0.56,24.48,,
"SIND-029-PZ","06/24/18 00:00:00",,0.44999999,19.5,,
"SIND-029-PZ","07/22/18 00:00:00",,0.44999999,17.700001,,
"SIND-029-PZ","08/28/18 00:00:00",,0.44999999,16.6,,
"SIND-031-PZ","06/25/18 00:00:00",,0.51999998,36.959999,,
"SIND-031-PZ","07/23/18 00:00:00",,0.51999998,18.559999,,
"SIND-031-PZ","08/29/18 00:00:00",,0.51999998,3.5599999,,
"SIND-032-PZ","06/25/18 00:00:00",,0.51999998,19,,
"SIND-032-PZ","07/22/18 00:00:00",,0.51999998,16.959999,,
"SIND-032-PZ","08/27/18 00:00:00",,0.51999998,14.16,,
"SIND-033-PZ","06/25/18 00:00:00",,0.64999998,15.6,,
"SIND-033-PZ","07/21/18 00:00:00",,0.64999998,10.9,,
"SIND-033-PZ","08/27/18 00:00:00",,0.64999998,7.6999998,,
"SIND-34-PTW-NEW","06/25/18 00:00:00",,1,16.15,,
"SIND-34-PTW-NEW","07/21/18 00:00:00",,1,13.4,,
"SIND-34-PTW-NEW","08/27/18 00:00:00",,1,11.1,,
"SIND-019-A-PZ","06/20/18 00:00:00",,0.30000001,26.799999,,
"SIND-019-A-PZ","07/20/18 00:00:00",,0.30000001,18,,
"SIND-019-A-PZ","08/20/18 00:00:00",,0.30000001,14.5,,
"SIND-019-B-PZ","06/20/18 00:00:00",,0.60000002,16.75,,
"SIND-019-B-PZ","07/20/18 00:00:00",,0.60000002,17.5,,
"SIND-019-B-PZ","08/20/18 00:00:00",,0.60000002,14.6,,
"SIND-019-C-PZ","06/20/18 00:00:00",,0.60000002,29.700001,,
"SIND-019-C-PZ","07/20/18 00:00:00",,0.60000002,29.1,,
"SIND-019-C-PZ","08/20/18 00:00:00",,0.60000002,26.1,,
"SIND-020-PZ","06/20/18 00:00:00",,0.47999999,,"Dry",
"SIND-020-PZ","07/21/18 00:00:00",,0.47999999,12.04,,
"SIND-020-PZ","08/25/18 00:00:00",,0.47999999,8.8400002,,
"SIND-021-PZ","06/21/18 00:00:00",,0.51999998,11.38,,
"SIND-021-PZ","07/21/18 00:00:00",,0.51999998,7.5799999,,
"SIND-010-PZ","08/28/18 00:00:00",,0.44999999,8.8000002,,
"SIND-011-PZ","07/21/18 00:00:00",,0.2,12.2,,
"SIND-011-PZ","08/24/18 00:00:00",,0.2,4.8000002,,
"SIND-013-PZ","07/27/18 00:00:00",,0.73000002,23.639999,,
"SIND-013-PZ","08/27/18 00:00:00",,0.73000002,16.540001,,
"SIND-014-PZ","07/27/18 00:00:00",,0.23999999,52.32,,
"SIND-014-PZ","08/27/18 00:00:00",,0.23999999,19.82,,
"SIND-015-PZ","07/27/18 00:00:00",,0.75,14.6,,
"SIND-015-PZ","08/30/18 00:00:00",,0.75,7.5500002,,
"SIND-016-PZ","07/28/18 00:00:00",,0.60000002,18,,
"SIND-016-PZ","08/24/18 00:00:00",,0.60000002,12.93,,
"SIND-039-A-PZ","07/21/18 00:00:00",,0.60000002,18.84,,
"SIND-039-A-PZ","08/21/18 00:00:00",,0.60000002,1.04,,
"SIND-008-PZ","08/30/18 00:00:00",,0.36000001,12.38,,
"SIND-001-PZ","05/20/18 00:00:00",,0.44999999,26.1,,
"SIND-002-PZ","05/20/18 00:00:00",,0.64999998,12.65,,
"SIND-003-PZ","05/20/18 00:00:00",,0.80000001,21.6,,
"SIND-004-B-PZ","05/23/18 00:00:00",,0.60000002,23.6,,
"SIND-004-C-PZ","05/23/18 00:00:00",,0.69999999,14.2,,
"SIND-005-PZ","05/24/18 00:00:00",,0.69999999,12.7,,
"SIND-028-PZ","05/24/18 00:00:00",,0.56,24.74,,
"SIND-029-PZ","05/23/18 00:00:00",,0.44999999,19.049999,,
"SIND-031-PZ","05/24/18 00:00:00",,0.51999998,37.48,,
"SIND-032-PZ","05/23/18 00:00:00",,0.51999998,18.68,,
"SIND-033-PZ","05/23/18 00:00:00",,0.64999998,15.45,,
"SIND-34-PTW-NEW","05/23/18 00:00:00",,1,16.200001,,
"SIND-PTW-01 NEW","08/21/18 00:00:00",,0.69999999,14.7,,
"SIND-002-PZ","09/21/18 00:00:00",,0.64999998,9.1499996,,
"SIND-003-PZ","09/21/18 00:00:00",,0.80000001,12.4,,
"SIND-004-B-PZ","08/23/18 00:00:00",,0.60000002,42.5,,
"SIND-004-C-PZ","08/23/18 00:00:00",,0.69999999,12.4,,
"SIND-005-PZ","08/24/18 00:00:00",,0.69999999,9.3999996,,
"SIND-028-PZ","09/24/18 00:00:00",,0.56,13.84,,
"SIND-029-PZ","09/25/18 00:00:00",,0.44999999,16.049999,,
"SIND-031-PZ","09/24/18 00:00:00",,0.51999998,3.78,,
"SIND-032-PZ","09/22/18 00:00:00",,0.51999998,15.18,,
"SIND-033-PZ","09/22/18 00:00:00",,0.64999998,7.6500001,,
"SIND-34-PTW-NEW","09/22/18 00:00:00",,1,13.1,,
"SIND-019-A-PZ","09/20/18 00:00:00",,0.30000001,14.7,,
"SIND-019-B-PZ","09/21/18 00:00:00",,0.60000002,14.9,,
"SIND-019-C-PZ","09/25/18 00:00:00",,0.60000002,26.6,,
"SIND-020-PZ","09/25/18 00:00:00",,0.47999999,8.4200001,,
"SIND-021-PZ","09/28/18 00:00:00",,0.51999998,5.4000001,,
"SIND-022-PZ","09/28/18 00:00:00",,0.63,9.2700005,,
"SIND-023-PZ","09/28/18 00:00:00",,0.47,8.4300003,,
"SIND-025-PZ","09/29/18 00:00:00",,0.43000001,13.27,,
"SIND-027-PZ","09/29/18 00:00:00",,0.69999999,10.4,,
"SIND-035-NEW","09/29/18 00:00:00",,0.69999999,9.4499998,,
"SIND-036-PZ","09/20/18 00:00:00",,0.44999999,6.9499998,,
"SIND-037-PZ","09/20/18 00:00:00",,0.60000002,4.5999999,,
"SIND-038-PZ","09/20/18 00:00:00",,0.44999999,10.3,,
"SIND-040-PZ","08/27/19 00:00:00",,0.61000001,8.6400003,,
"SIND-008-PZ","09/30/18 00:00:00",,0.36000001,11.54,,
"SIND-009-PZ","09/28/18 00:00:00",,0.89999998,14.7,,
"SIND-010-PZ","09/28/18 00:00:00",,0.44999999,8.4499998,,
"SIND-011-PZ","09/24/18 00:00:00",,0.2,4.6999998,,
"SIND-013-PZ","09/27/18 00:00:00",,0.73000002,15.77,,
"SIND-014-PZ","09/27/18 00:00:00",,0.23999999,17.559999,,
"SIND-015-PZ","09/30/18 00:00:00",,0.75,7.3499999,,
"SIND-016-PZ","09/28/18 00:00:00",,0.60000002,10.5,,
"SIND-017-PZ","09/28/18 00:00:00",,0.75,14.45,,
"SIND-PTW-18","09/24/18 00:00:00",,0.89999998,12.43,,
"SIND-026-PZ","09/27/18 00:00:00",,0.34,7.5999999,,
"SIND-06-PTW","09/22/18 00:00:00",,0.60000002,6.1999998,,
"SIND-PTW-07","09/22/18 00:00:00",,0.55000001,7.0999999,,
"SIND-039-A-PZ","09/21/18 00:00:00",,0.60000002,1.4400001,,
"SIND-017-PZ","07/24/18 00:00:00",,0.75,24.200001,,
"SIND-017-PZ","08/29/18 00:00:00",,0.75,17.25,,
"SIND-019-A-PZ","10/24/18 00:00:00",,0.30000001,16.200001,,
"SIND-019-A-PZ","11/01/18 00:00:00",,0.30000001,16.4,,
"SIND-019-B-PZ","10/24/18 00:00:00",,0.60000002,16.4,,
"SIND-019-B-PZ","11/01/18 00:00:00",,0.60000002,16.9,,
"SIND-019-C-PZ","10/24/18 00:00:00",,0.60000002,15.7,,
"SIND-019-C-PZ","11/01/18 00:00:00",,0.60000002,14.1,,
"SIND-020-PZ","10/26/18 00:00:00",,0.47999999,9.8199997,,
"SIND-020-PZ","11/03/18 00:00:00",,0.47999999,10.42,,
"SIND-020-PZ","10/26/18 00:00:00",,0.47999999,9.8199997,,
"SIND-020-PZ","11/03/18 00:00:00",,0.47999999,10.42,,
"SIND-021-PZ","10/26/18 00:00:00",,0.51999998,6.0999999,,
"SIND-021-PZ","11/03/18 00:00:00",,0.51999998,7.0999999,,
"SIND-022-PZ","10/23/18 00:00:00",,0.63,8.3699999,,
"SIND-022-PZ","11/04/18 00:00:00",,0.63,8.6700001,,
"SIND-023-PZ","10/23/18 00:00:00",,0.47,4.8299999,,
"SIND-023-PZ","11/04/18 00:00:00",,0.47,5.1300001,,
"SIND-025-PZ","10/21/18 00:00:00",,0.43000001,11.37,,
"SIND-025-PZ","11/01/18 00:00:00",,0.43000001,11.87,,
"SIND-027-PZ","10/22/18 00:00:00",,0.69999999,9.6000004,,
"SIND-027-PZ","11/09/18 00:00:00",,0.69999999,9.5,,
"SIND-035-NEW","10/23/18 00:00:00",,0.69999999,3.3,,
"SIND-035-NEW","11/09/18 00:00:00",,0.69999999,3.4000001,,
"SIND-021-PZ","08/25/18 00:00:00",,0.51999998,4.98,,
"SIND-022-PZ","06/22/18 00:00:00",,0.63,28.34,,
"SIND-022-PZ","07/21/18 00:00:00",,0.63,17.74,,
"SIND-022-PZ","08/28/18 00:00:00",,0.63,8.6899996,,
"SIND-023-PZ","06/22/18 00:00:00",,0.47,14.36,,
"SIND-023-PZ","07/21/18 00:00:00",,0.47,11.56,,
"SIND-023-PZ","08/28/18 00:00:00",,0.47,7.96,,
"SIND-025-PZ","06/24/18 00:00:00",,0.43000001,19.34,,
"SIND-025-PZ","07/22/18 00:00:00",,0.43000001,18.59,,
"SIND-025-PZ","08/28/18 00:00:00",,0.43000001,13.14,,
"SIND-027-PZ","06/24/18 00:00:00",,0.69999999,18.1,,
"SIND-027-PZ","07/22/18 00:00:00",,0.69999999,2.8,,
"SIND-027-PZ","08/29/18 00:00:00",,0.69999999,9.8000002,,
"SIND-035-NEW","06/25/18 00:00:00",,0.69999999,12.2,,
"SIND-035-NEW","07/22/18 00:00:00",,0.69999999,7.3000002,,
"SIND-035-NEW","08/29/18 00:00:00",,0.69999999,2,,
"SIND-036-PZ","06/29/18 00:00:00",,0.44999999,14.7,,
"SIND-036-PZ","07/24/18 00:00:00",,0.44999999,11.55,,
"SIND-036-PZ","08/25/18 00:00:00",,0.44999999,6.5999999,,
"SIND-037-PZ","06/29/18 00:00:00",,0.60000002,11.9,,
"SIND-037-PZ","07/24/18 00:00:00",,0.60000002,7.8000002,,
"SIND-037-PZ","08/25/18 00:00:00",,0.60000002,4.1999998,,
"SIND-038-PZ","06/26/18 00:00:00",,0.44999999,20.049999,,
"SIND-038-PZ","07/22/18 00:00:00",,0.44999999,14.95,,
"SIND-038-PZ","08/29/18 00:00:00",,0.44999999,9.9499998,,
"SIND-040-PZ","06/21/18 00:00:00",,0.61000001,12.08,,
"SIND-040-PZ","07/20/18 00:00:00",,0.61000001,3.28,,
"SIND-040-PZ","08/20/18 00:00:00",,0.61000001,9.0900002,,
"SIND-008-PZ","06/26/18 00:00:00",,0.36000001,19.48,,
"SIND-009-PZ","06/26/18 00:00:00",,0.89999998,31.17,,
"SIND-010-PZ","06/26/18 00:00:00",,0.44999999,28.299999,,
"SIND-011-PZ","06/24/18 00:00:00",,0.2,11.9,,
"SIND-013-PZ","06/27/18 00:00:00",,0.73000002,34.740002,,
"SIND-014-PZ","06/27/18 00:00:00",,0.23999999,28.82,,
"SIND-015-PZ","06/27/18 00:00:00",,0.75,30.700001,,
"SIND-016-PZ","06/28/18 00:00:00",,0.60000002,19.9,,
"SIND-017-PZ","06/23/18 00:00:00",,0.75,27.799999,,
"SIND-PTW-18","06/22/18 00:00:00",,0.89999998,28.93,,
"SIND-039-A-PZ","06/21/18 00:00:00",,0.60000002,29.440001,,
"SIND-026-PZ","06/27/18 00:00:00",,0.34,18.76,,
"SIND-026-PZ","07/27/18 00:00:00",,0.34,13.66,,
"SIND-026-PZ","08/27/18 00:00:00",,0.34,8.0600004,,
"SIND-008-PZ","07/25/18 00:00:00",,0.36000001,14.38,,
"SIND-009-PZ","07/25/18 00:00:00",,0.89999998,22.4,,
"SIND-009-PZ","08/28/18 00:00:00",,0.89999998,16.799999,,
"SIND-010-PZ","07/26/18 00:00:00",,0.44999999,14.4,,
"SIND-036-PZ","10/28/18 00:00:00",,0.44999999,9.3500004,,
"SIND-036-PZ","11/03/18 00:00:00",,0.44999999,10.75,,
"SIND-037-PZ","10/23/18 00:00:00",,0.60000002,4.6999998,,
"SIND-037-PZ","11/03/18 00:00:00",,0.60000002,5,,
"SIND-038-PZ","10/26/18 00:00:00",,0.44999999,4.4000001,,
"SIND-038-PZ","11/09/18 00:00:00",,0.44999999,3.5999999,,
"SIND-040-PZ","11/21/18 00:00:00",,0.61000001,5.3400002,,
"SIND-040-PZ","11/01/18 00:00:00",,0.61000001,7.4099998,,
"SIND-008-PZ","10/25/18 00:00:00",,0.36000001,12.94,,
"SIND-008-PZ","11/01/18 00:00:00",,0.36000001,13.5,,
"SIND-009-PZ","10/25/18 00:00:00",,0.89999998,16.200001,,
"SIND-009-PZ","11/01/18 00:00:00",,0.89999998,17.700001,,
"SIND-010-PZ","10/25/18 00:00:00",,0.44999999,8.8500004,,
"SIND-010-PZ","11/01/18 00:00:00",,0.44999999,9.4499998,,
"SIND-011-PZ","10/24/18 00:00:00",,0.2,5.0999999,,
"SIND-011-PZ","11/02/18 00:00:00",,0.2,5.9000001,,
"SIND-013-PZ","10/23/18 00:00:00",,0.73000002,17.07,,
"SIND-013-PZ","11/03/18 00:00:00",,0.73000002,18.700001,,
"SIND-014-PZ","10/23/18 00:00:00",,0.23999999,17.959999,,
"SIND-014-PZ","11/03/18 00:00:00",,0.23999999,18.26,,
"SIND-015-PZ","10/27/18 00:00:00",,0.75,11.55,,
"SIND-015-PZ","11/04/18 00:00:00",,0.75,12.35,,
"SIND-016-PZ","10/22/18 00:00:00",,0.60000002,12.8,,
"SIND-016-PZ","11/05/18 00:00:00",,0.60000002,13.6,,
"SIND-017-PZ","10/22/18 00:00:00",,0.75,11.45,,
"SIND-017-PZ","11/05/18 00:00:00",,0.75,11.75,,
"SIND-PTW-18","10/22/18 00:00:00",,0.89999998,12.73,,
"SIND-PTW-18","11/05/18 00:00:00",,0.89999998,13.13,,
"SIND-039-A-PZ","10/24/18 00:00:00",,0.60000002,5.6399999,,
"SIND-039-A-PZ","11/02/18 00:00:00",,0.60000002,6.8400002,,
"SIND-026-PZ","10/27/18 00:00:00",,0.34,5.4000001,,
"SIND-026-PZ","11/02/18 00:00:00",,0.34,6,,
"SIND-001-PZ","10/22/18 00:00:00",,0.44999999,7.3000002,,
"SIND-001-PZ","11/01/18 00:00:00",,0.44999999,7.4000001,,
"SIND-002-PZ","10/22/18 00:00:00",,0.64999998,7.25,,
"SIND-002-PZ","11/01/18 00:00:00",,0.64999998,7.25,,
"SIND-003-PZ","10/22/18 00:00:00",,0.80000001,15.9,,
"SIND-003-PZ","11/01/18 00:00:00",,0.80000001,16,,
"SIND-06-PTW","10/21/18 00:00:00",,0.60000002,6.5999999,,
"SIND-06-PTW","11/04/18 00:00:00",,0.60000002,6.9499998,,
"SIND-PTW-07","10/21/18 00:00:00",,0.55000001,7.3499999,,
"SIND-PTW-07","11/04/18 00:00:00",,0.55000001,7.4000001,,
"SIND-019-A-PZ","12/20/18 00:00:00",,0.30000001,15.7,,
"SIND-019-A-PZ","01/08/19 00:00:00",,0.30000001,16.4,,
"SIND-019-B-PZ","12/20/18 00:00:00",,0.60000002,16.5,,
"SIND-019-B-PZ","01/08/19 00:00:00",,0.60000002,16.9,,
"SIND-019-C-PZ","12/20/18 00:00:00",,0.60000002,14.5,,
"SIND-019-C-PZ","01/08/19 00:00:00",,0.60000002,14.8,,
"SIND-020-PZ","12/21/18 00:00:00",,0.47999999,10.72,,
"SIND-020-PZ","01/07/19 00:00:00",,0.47999999,11.42,,
"SIND-021-PZ","12/21/18 00:00:00",,0.51999998,9.3000002,,
"SIND-021-PZ","01/07/19 00:00:00",,0.51999998,9.5,,
"SIND-022-PZ","12/24/18 00:00:00",,0.63,10.07,,
"SIND-022-PZ","01/04/19 00:00:00",,0.63,10.37,,
"SIND-023-PZ","12/24/18 00:00:00",,0.47,6.73,,
"SIND-023-PZ","01/04/19 00:00:00",,0.47,7.0300002,,
"SIND-025-PZ","12/24/18 00:00:00",,0.43000001,12.62,,
"SIND-025-PZ","01/08/19 00:00:00",,0.43000001,13.47,,
"SIND-027-PZ","12/24/18 00:00:00",,0.69999999,10.7,,
"SIND-027-PZ","01/06/19 00:00:00",,0.69999999,11.3,,
"SIND-035-NEW","12/25/18 00:00:00",,0.69999999,5.4000001,,
"SIND-035-NEW","01/03/19 00:00:00",,0.69999999,5.8000002,,
"SIND-036-PZ","12/26/18 00:00:00",,0.44999999,12.15,,
"SIND-036-PZ","01/04/19 00:00:00",,0.44999999,12.55,,
"SIND-037-PZ","12/26/18 00:00:00",,0.60000002,6.5,,
"SIND-037-PZ","01/04/19 00:00:00",,0.60000002,6.6999998,,
"SIND-038-PZ","12/25/18 00:00:00",,0.44999999,7.8000002,,
"SIND-038-PZ","01/06/19 00:00:00",,0.44999999,8.3000002,,
"SIND-040-PZ","12/20/18 00:00:00",,0.61000001,6.29,,
"SIND-040-PZ","01/08/19 00:00:00",,0.61000001,6.5900002,,
"SIND-001-PZ","12/21/18 00:00:00",,0.44999999,8.6999998,,
"SIND-001-PZ","01/06/19 00:00:00",,0.44999999,10.2,,
"SIND-002-PZ","12/21/18 00:00:00",,0.64999998,7.8499999,,
"SIND-002-PZ","01/06/19 00:00:00",,0.64999998,7.75,,
"SIND-003-PZ","12/21/18 00:00:00",,0.80000001,16.200001,,
"SIND-003-PZ","01/06/19 00:00:00",,0.80000001,16.799999,,
"SIND-004-B-PZ","12/23/18 00:00:00",,0.60000002,39.799999,,
"SIND-004-B-PZ","01/08/19 00:00:00",,0.60000002,45.900002,,
"SIND-004-C-PZ","12/23/18 00:00:00",,0.69999999,12.9,,
"SIND-004-C-PZ","01/08/19 00:00:00",,0.69999999,13.8,,
"SIND-005-PZ","12/24/18 00:00:00",,0.69999999,6.5,,
"SIND-005-PZ","01/09/19 00:00:00",,0.69999999,6.3000002,,
"SIND-028-PZ","12/24/18 00:00:00",,0.56,16.040001,,
"SIND-028-PZ","01/09/19 00:00:00",,0.56,18.540001,,
"SIND-029-PZ","12/25/18 00:00:00",,0.44999999,15.25,,
"SIND-029-PZ","01/10/19 00:00:00",,0.44999999,14.65,,
"SIND-031-PZ","12/24/18 00:00:00",,0.51999998,20.879999,,
"SIND-031-PZ","01/09/19 00:00:00",,0.51999998,27.08,,
"SIND-032-PZ","12/22/18 00:00:00",,0.51999998,16.58,,
"SIND-032-PZ","01/07/19 00:00:00",,0.51999998,16.98,,
"SIND-033-PZ","12/22/18 00:00:00",,0.64999998,9.3500004,,
"SIND-033-PZ","01/07/19 00:00:00",,0.64999998,9.75,,
"SIND-34-PTW-NEW","12/22/18 00:00:00",,1,12.8,,
"SIND-34-PTW-NEW","01/07/19 00:00:00",,1,13.9,,
"SIND-PTW-01 NEW","12/21/18 00:00:00",,0.69999999,8.6999998,,
"SIND-PTW-01 NEW","01/06/19 00:00:00",,0.69999999,10.2,,
"SIND-PTW-01 NEW","10/22/18 00:00:00",,0.69999999,7.75,,
"SIND-PTW-01 NEW","11/01/18 00:00:00",,0.69999999,7.8499999,,
"SIND-06-PTW","12/20/18 00:00:00",,0.60000002,6.5999999,,
"SIND-06-PTW","01/07/19 00:00:00",,0.60000002,7.0999999,,
"SIND-PTW-07","12/22/18 00:00:00",,0.55000001,7.25,,
"SIND-PTW-07","01/08/19 00:00:00",,0.55000001,7.6500001,,
"SIND-008-PZ","01/00/00 00:00:00",,0.36000001,12.44,,
"SIND-008-PZ","01/08/19 00:00:00",,0.36000001,13.54,,
"SIND-009-PZ","12/27/18 00:00:00",,0.89999998,15.3,,
"SIND-009-PZ","01/07/19 00:00:00",,0.89999998,17.700001,,
"SIND-010-PZ","12/28/18 00:00:00",,0.44999999,8.6499996,,
"SIND-010-PZ","01/08/19 00:00:00",,0.44999999,9.4499998,,
"SIND-011-PZ","12/27/18 00:00:00",,0.2,4.6999998,,
"SIND-011-PZ","01/07/19 00:00:00",,0.2,5.9000001,,
"SIND-013-PZ","12/29/18 00:00:00",,0.73000002,15.45,,
"SIND-013-PZ","01/05/19 00:00:00",,0.73000002,18.17,,
"SIND-014-PZ","12/29/18 00:00:00",,0.23999999,16.26,,
"SIND-014-PZ","01/05/19 00:00:00",,0.23999999,18.26,,
"SIND-015-PZ","12/29/18 00:00:00",,0.75,11.05,,
"SIND-015-PZ","01/05/19 00:00:00",,0.75,12.35,,
"SIND-016-PZ","12/26/18 00:00:00",,0.60000002,11.5,,
"SIND-016-PZ","01/06/19 00:00:00",,0.60000002,13.6,,
"SIND-017-PZ","12/26/18 00:00:00",,0.75,10.45,,
"SIND-017-PZ","01/06/19 00:00:00",,0.75,11.75,,
"SIND-PTW-18","12/26/18 00:00:00",,0.89999998,11.63,,
"SIND-PTW-18","01/06/19 00:00:00",,0.89999998,11.13,,
"SIND-039-A-PZ","12/27/18 00:00:00",,0.60000002,6.04,,
"SIND-039-A-PZ","01/07/19 00:00:00",,0.60000002,6.8400002,,
"SIND-019-A-PZ","02/21/19 00:00:00",,0.30000001,18.299999,,
"SIND-019-B-PZ","02/21/19 00:00:00",,0.60000002,18.9,,
"SIND-019-C-PZ","02/21/19 00:00:00",,0.60000002,16.6,,
"SIND-020-PZ","02/22/19 00:00:00",,0.47999999,16.92,,
"SIND-021-PZ","02/22/19 00:00:00",,0.51999998,17.4,,
"SIND-022-PZ","02/22/19 00:00:00",,0.63,22.870001,,
"SIND-023-PZ","02/22/19 00:00:00",,0.47,17.73,,
"SIND-025-PZ","02/23/19 00:00:00",,0.43000001,15.67,,
"SIND-027-PZ","02/24/19 00:00:00",,0.69999999,23.1,,
"SIND-035-NEW","02/24/19 00:00:00",,0.69999999,18,,
"SIND-035-PZ","02/25/19 00:00:00",,0.54000002,25.549999,,
"SIND-037-PZ","02/25/19 00:00:00",,0.60000002,18.6,,
"SIND-038-PZ","02/24/19 00:00:00",,0.44999999,21,,
"SIND-040-PZ","02/02/19 00:00:00",,0.61000001,22.190001,,
"SIND-PTW 38-PZ","02/24/19 00:00:00",,0.80000001,21,,
"SIND-PTW-21-NEW","02/22/19 00:00:00",,1,17.4,,
"SIND-001-PZ","02/21/19 00:00:00",,0.44999999,10.9,,
"SIND-002-PZ","02/21/19 00:00:00",,0.64999998,8.6000004,,
"SIND-003-PZ","02/21/19 00:00:00",,0.80000001,17.6,,
"SIND-004-B-PZ","02/21/19 00:00:00",,0.60000002,46,,
"SIND-004-C-PZ","02/24/19 00:00:00",,0.69999999,14.5,,
"SIND-005-PZ","02/24/19 00:00:00",,0.69999999,7.3000002,,
"SIND-028-PZ","02/25/19 00:00:00",,0.56,19.200001,,
"SIND-029-PZ","02/25/19 00:00:00",,0.44999999,15,,
"SIND-031-PZ","02/24/19 00:00:00",,0.51999998,28,,
"SIND-032-PZ","02/22/19 00:00:00",,0.51999998,19.1,,
"SIND-033-PZ","02/22/19 00:00:00",,0.64999998,10.5,,
"SIND-34-PTW-NEW","02/22/19 00:00:00",,1,15.2,,
"SIND-PTW-01 NEW","02/21/19 00:00:00",,0.69999999,10.9,,
"SIND-06-PTW","02/22/19 00:00:00",,0.60000002,8.1000004,,
"SIND-PTW-07","02/22/19 00:00:00",,0.55000001,8.6999998,,
"SIND-008-PZ","02/21/19 00:00:00",,0.36000001,14.24,,
"SIND-009-PZ","02/21/19 00:00:00",,0.89999998,19.200001,,
"SIND-010-PZ","02/21/19 00:00:00",,0.44999999,11.65,,
"SIND-011-PZ","01/07/19 00:00:00",,0.2,9,,
"SIND-013-PZ","02/23/19 00:00:00",,0.73000002,19.370001,,
"SIND-014-PZ","02/23/19 00:00:00",,0.23999999,20.26,,
"SIND-015-PZ","02/23/19 00:00:00",,0.75,16.450001,,
"SIND-016-PZ","02/24/19 00:00:00",,0.60000002,14.5,,
"SIND-017-PZ","02/24/19 00:00:00",,0.75,13.15,,
"SIND-018-PZ","02/24/19 00:00:00",,0.47,14.83,,
"SIND-039-A-PZ","02/22/19 00:00:00",,0.60000002,9.6400003,,
"SIND-PTW-18","02/24/19 00:00:00",,0.89999998,14.83,,
"SIND-019-A-PZ","03/29/19 00:00:00",,0.30000001,13,,
"SIND-019-B-PZ","03/29/19 00:00:00",,0.60000002,16.4,,
"SIND-019-C-PZ","03/29/19 00:00:00",,0.60000002,29.4,,
"SIND-019-C-PZ","03/29/19 00:00:00",,0.60000002,12.9,,
"SIND-021-PZ","03/29/19 00:00:00",,0.51999998,12.2,,
"SIND-022-PZ","03/29/19 00:00:00",,0.63,26.870001,,
"SIND-023-PZ","03/29/19 00:00:00",,0.47,13.03,,
"SIND-025-PZ","03/28/19 00:00:00",,0.43000001,15.57,,
"SIND-027-PZ","03/28/19 00:00:00",,0.69999999,13.8,,
"SIND-035-NEW","03/28/19 00:00:00",,0.69999999,9.1999998,,
"SIND-035-PZ","03/28/19 00:00:00",,0.54000002,13.35,,
"SIND-037-PZ","03/28/19 00:00:00",,0.60000002,20.4,,
"SIND-038-PZ","03/28/19 00:00:00",,0.44999999,11,,
"SIND-040-PZ","03/28/19 00:00:00",,0.61000001,11.59,,
"SIND-PTW 38-PZ","03/28/19 00:00:00",,0.80000001,11,,
"SIND-PTW-21-NEW","03/29/19 00:00:00",,1,12.2,,
"SIND-001-PZ","03/26/19 00:00:00",,0.44999999,21.299999,,
"SIND-002-PZ","03/26/19 00:00:00",,0.64999998,15.6,,
"SIND-003-PZ","03/26/19 00:00:00",,0.80000001,23,,
"SIND-004-B-PZ","03/27/19 00:00:00",,0.60000002,52,,
"SIND-004-C-PZ","03/27/19 00:00:00",,0.69999999,14.3,,
"SIND-005-PZ","03/28/19 00:00:00",,0.69999999,11,,
"SIND-028-PZ","03/28/19 00:00:00",,0.56,23.5,,
"SIND-029-PZ","02/25/19 00:00:00",,0.44999999,16.049999,,
"SIND-031-PZ","03/28/19 00:00:00",,0.51999998,37.299999,,
"SIND-032-PZ","03/29/19 00:00:00",,0.51999998,18.799999,,
"SIND-033-PZ","03/29/19 00:00:00",,0.64999998,16.4,,
"SIND-34-PTW-NEW","03/29/19 00:00:00",,1,20.35,,
"SIND-PTW-01 NEW","03/26/19 00:00:00",,0.69999999,21.299999,,
"SIND-008-PZ","03/22/19 00:00:00",,0.36000001,14.64,,
"SIND-009-PZ","03/22/19 00:00:00",,0.89999998,25.799999,,
"SIND-010-PZ","03/29/19 00:00:00",,0.44999999,14.45,,
"SIND-011-PZ","03/30/19 00:00:00",,0.2,16.200001,,
"SIND-013-PZ","03/28/19 00:00:00",,0.73000002,25.469999,,
"SIND-014-PZ","03/22/19 00:00:00",,0.23999999,23.059999,,
"SIND-015-PZ","03/28/19 00:00:00",,0.75,26.549999,,
"SIND-016-PZ","03/27/19 00:00:00",,0.60000002,17.1,,
"SIND-017-PZ","03/27/19 00:00:00",,0.75,21.059999,,
"SIND-018-PZ","03/27/19 00:00:00",,0.47,26.23,,
"SIND-039-A-PZ","03/26/19 00:00:00",,0.60000002,14.14,,
"SIND-026-PZ","03/26/19 00:00:00",,0.34,15,,
"SIND-06-PTW","03/27/19 00:00:00",,0.60000002,12.4,,
"SIND-PTW-07","03/27/19 00:00:00",,0.55000001,13.25,,
"SIND-019-A-PZ","04/21/19 00:00:00",,0.30000001,30.4,,
"SIND-019-A-PZ","05/26/19 00:00:00",,0.30000001,30.700001,,
"SIND-019-B-PZ","04/21/19 00:00:00",,0.60000002,16.9,,
"SIND-019-B-PZ","05/26/19 00:00:00",,0.60000002,17.1,,
"SIND-019-C-PZ","04/21/19 00:00:00",,0.60000002,29.799999,,
"SIND-019-C-PZ","05/26/19 00:00:00",,0.60000002,30.4,,
"SIND-020-PZ","04/21/19 00:00:00",,0.47999999,,"Dry",
"SIND-020-PZ","05/26/19 00:00:00",,0.47999999,,"Dry",
"SIND-021-PZ","04/21/19 00:00:00",,0.51999998,11.6,,
"SIND-021-PZ","05/26/19 00:00:00",,0.51999998,11.8,,
"SIND-022-PZ","05/24/19 00:00:00",,0.63,27.719999,,
"SIND-022-PZ","05/26/19 00:00:00",,0.63,27.870001,,
"SIND-023-PZ","04/21/19 00:00:00",,0.47,13.53,,
"SIND-023-PZ","05/27/19 00:00:00",,0.47,13.63,,
"SIND-025-PZ","04/26/19 00:00:00",,0.43000001,18.27,,
"SIND-025-PZ","05/27/19 00:00:00",,0.43000001,19.969999,,
"SIND-027-PZ","04/26/19 00:00:00",,0.69999999,0.69999999,"Chocked",
"SIND-027-PZ","05/27/19 00:00:00",,0.69999999,0.69999999,"CHOCKED",
"SIND-035-NEW","04/27/19 00:00:00",,0.69999999,9.3000002,,
"SIND-035-NEW","05/26/19 00:00:00",,0.69999999,9.3999996,,
"SIND-036-PZ","04/28/19 00:00:00",,0.44999999,14.35,,
"SIND-036-PZ","05/26/19 00:00:00",,0.44999999,14.55,,
"SIND-037-PZ","04/28/19 00:00:00",,0.60000002,22.799999,,
"SIND-037-PZ","05/26/19 00:00:00",,0.60000002,23,,
"SIND-038-PZ","04/29/19 00:00:00",,0.44999999,19.799999,,
"SIND-038-PZ","05/26/19 00:00:00",,0.44999999,20.1,,
"SIND-040-PZ","04/29/19 00:00:00",,0.61000001,14.29,,
"SIND-040-PZ","05/27/19 00:00:00",,0.61000001,14.89,,
"SIND-PTW-01 NEW","04/21/19 00:00:00",,0.69999999,22.200001,,
"SIND-PTW-01 NEW","05/27/19 00:00:00",,0.69999999,24.5,,
"SIND-002-PZ","04/21/19 00:00:00",,0.64999998,13.15,,
"SIND-002-PZ","05/27/19 00:00:00",,0.64999998,13.2,,
"SIND-013-PZ","04/21/19 00:00:00",,0.73000002,19.299999,,
"SIND-013-PZ","05/27/19 00:00:00",,0.73000002,19.299999,,
"SIND-004-A-PZ","04/25/18 00:00:00",,0.5,18.4,"Chocked",
"SIND-004-B-PZ","04/25/19 00:00:00",,0.60000002,49.599998,,
"SIND-004-B-PZ","05/24/19 00:00:00",,0.60000002,50,,
"SIND-004-C-PZ","04/25/19 00:00:00",,0.69999999,14.7,,
"SIND-004-C-PZ","05/24/19 00:00:00",,0.69999999,14.8,,
"SIND-005-PZ","04/24/19 00:00:00",,0.69999999,8.8000002,,
"SIND-005-PZ","05/26/19 00:00:00",,0.69999999,9,,
"SIND-028-PZ","04/23/19 00:00:00",,0.56,22.700001,,
"SIND-028-PZ","05/25/19 00:00:00",,0.56,22.700001,,
"SIND-029-PZ","04/23/19 00:00:00",,0.44999999,19.15,,
"SIND-029-PZ","05/25/19 00:00:00",,0.44999999,19.4,,
"SIND-031-PZ","04/22/19 00:00:00",,0.51999998,38.080002,,
"SIND-031-PZ","05/24/19 00:00:00",,0.51999998,36,,
"SIND-032-PZ","04/22/19 00:00:00",,0.51999998,19.299999,,
"SIND-032-PZ","05/22/19 00:00:00",,0.51999998,19.299999,,
"SIND-033-PZ","04/22/19 00:00:00",,0.64999998,18.299999,,
"SIND-033-PZ","05/22/19 00:00:00",,0.64999998,18.299999,,
"SIND-34-PTW-NEW","04/22/19 00:00:00",,1,22.4,,
"SIND-34-PTW-NEW","05/22/19 00:00:00",,1,21.200001,,
"SIND-PTW 38-PZ","04/29/19 00:00:00",,0.80000001,19.799999,,
"SIND-PTW 38-PZ","05/26/19 00:00:00",,0.80000001,20.1,,
"SIND-06-PTW","05/31/19 00:00:00",,0.60000002,13.9,,
"SIND-06-PTW","04/21/19 00:00:00",,0.60000002,12.9,,
"SIND-PTW-07","04/22/19 00:00:00",,0.55000001,13.55,,
"SIND-PTW-07","05/31/19 00:00:00",,0.55000001,14.2,,
"SIND-008-PZ","04/25/19 00:00:00",,0.36000001,15.14,,
"SIND-005-PZ","06/25/19 00:00:00",,0.69999999,9.5,,
"SIND-028-PZ","06/25/19 00:00:00",,0.56,23.299999,,
"SIND-029-PZ","06/25/19 00:00:00",,0.44999999,21.1,,
"SIND-031-PZ","06/24/19 00:00:00",,0.51999998,36.099998,,
"SIND-032-PZ","06/24/19 00:00:00",,0.51999998,19.1,,
"SIND-033-PZ","06/24/19 00:00:00",,0.64999998,22.9,,
"SIND-34-PTW-NEW","06/24/19 00:00:00",,1,23,,
"SIND-06-PTW","06/21/19 00:00:00",,0.60000002,14.15,,
"SIND-PTW-07","06/22/19 00:00:00",,0.55000001,14.35,,
"SIND-008-PZ","06/21/19 00:00:00",,0.36000001,16.440001,,
"SIND-009-PZ","06/21/19 00:00:00",,0.89999998,41.5,,
"SIND-010-PZ","06/21/19 00:00:00",,0.44999999,21.85,,
"SIND-011-PZ","06/24/19 00:00:00",,0.2,23.9,,
"SIND-013-PZ","06/22/19 00:00:00",,0.73000002,29.17,,
"SIND-014-PZ","06/22/19 00:00:00",,0.23999999,24.860001,,
"SIND-015-PZ","06/22/19 00:00:00",,0.75,28.549999,,
"SIND-016-PZ","06/23/19 00:00:00",,0.60000002,18.1,,
"SIND-017-PZ","06/23/19 00:00:00",,0.75,26.15,,
"SIND-PTW-18","06/23/19 00:00:00",,0.89999998,27.129999,,
"SIND-PTW-18","05/28/19 00:00:00",,0.89999998,26.629999,,
"SIND-PTW-18","04/29/19 00:00:00",,0.89999998,26.33,,
"SIND-PTW-18","03/27/19 00:00:00",,0.89999998,26.23,,
"SIND-039-A-PZ","06/24/19 00:00:00",,0.60000002,14.75,,
"SIND-026-PZ","06/22/19 00:00:00",,0.34,27.6,,
"SIND-019-A-PZ","07/20/19 00:00:00",,0.30000001,29.85,,
"SIND-019-B-PZ","07/20/19 00:00:00",,0.60000002,15,,
"SIND-019-C-PZ","07/20/19 00:00:00",,0.60000002,27.299999,,
"SIND-021-PZ","07/21/19 00:00:00",,0.51999998,10.1,,
"SIND-022-PZ","07/21/19 00:00:00",,0.63,25.1,,
"SIND-023-PZ","07/21/19 00:00:00",,0.47,12.73,,
"SIND-025-PZ","07/22/19 00:00:00",,0.43000001,17.469999,,
"SIND-035-NEW","07/23/19 00:00:00",,0.69999999,8.5,,
"SIND-036-PZ","07/21/19 00:00:00",,0.44999999,13.05,,
"SIND-037-PZ","07/21/19 00:00:00",,0.60000002,21.1,,
"SIND-038-PZ","07/23/19 00:00:00",,0.44999999,19.299999,,
"SIND-040-PZ","07/20/19 00:00:00",,0.61000001,13.5,,
"SIND-038-PZ","07/23/19 00:00:00",,0.44999999,19.299999,,
"SIND-001-PZ","07/25/19 00:00:00",,0.44999999,19.6,,
"SIND-002-PZ","07/25/19 00:00:00",,0.64999998,13.25,,
"SIND-003-PZ","07/25/19 00:00:00",,0.80000001,18,,
"SIND-004-B-PZ","07/26/19 00:00:00",,0.60000002,48.400002,,
"SIND-004-C-PZ","07/26/19 00:00:00",,0.69999999,14.8,,
"SIND-005-PZ","07/24/19 00:00:00",,0.69999999,9,,
"SIND-028-PZ","01/00/00 00:00:00",,0.56,19.440001,,
"SIND-029-PZ","07/24/19 00:00:00",,0.44999999,19.450001,,
"SIND-031-PZ","07/24/19 00:00:00",,0.51999998,24.200001,,
"SIND-032-PZ","07/26/19 00:00:00",,0.51999998,16.58,,
"SIND-033-PZ","07/26/19 00:00:00",,0.64999998,16.549999,,
"SIND-34-PTW-NEW","07/24/19 00:00:00",,1,16.799999,,
"SIND-PTW-01 NEW","07/25/19 00:00:00",,0.69999999,19.6,,
"SIND-008-PZ","07/21/19 00:00:00",,0.36000001,16.440001,,
"SIND-009-PZ","07/21/19 00:00:00",,0.89999998,41.5,,
"SIND-010-PZ","07/21/19 00:00:00",,0.44999999,21.85,,
"SIND-011-PZ","07/24/19 00:00:00",,0.2,23.9,,
"SIND-013-PZ","07/02/19 00:00:00",,0.73000002,29.17,,
"SIND-014-PZ","07/22/19 00:00:00",,0.23999999,24.860001,,
"SIND-015-PZ","07/22/19 00:00:00",,0.75,28.549999,,
"SIND-016-PZ","07/23/19 00:00:00",,0.60000002,18.1,,
"SIND-017-PZ","07/23/19 00:00:00",,0.75,26.15,,
"SIND-018-PZ","07/23/19 00:00:00",,0.47,27.129999,,
"SIND-039-B-PZ","07/24/19 00:00:00",,0.75,14.75,,
"SIND-026-PZ","07/22/19 00:00:00",,0.34,27.6,,
"SIND-PTW-18","07/23/19 00:00:00",,0.89999998,27.129999,,
"SIND-06-PTW","07/21/19 00:00:00",,0.60000002,10.2,,
"SIND-PTW-07","07/22/19 00:00:00",,0.55000001,8.6499996,,
"SIND-019-A-PZ","08/21/19 00:00:00",,0.30000001,2.8,,
"SIND-019-B-PZ","08/21/19 00:00:00",,0.60000002,3.0999999,,
"SIND-019-C-PZ","08/21/19 00:00:00",,0.60000002,3.2,,
"SIND-020-PZ","08/21/19 00:00:00",,0.47999999,3.72,,
"SIND-021-PZ","08/24/19 00:00:00",,0.51999998,2.8,,
"SIND-022-PZ","08/21/19 00:00:00",,0.63,4.1700001,,
"SIND-023-PZ","08/21/19 00:00:00",,0.47,2.73,,
"SIND-025-PZ","08/24/19 00:00:00",,0.43000001,5.0700002,,
"SIND-035-NEW","08/25/19 00:00:00",,0.69999999,2.4000001,,
"SIND-036-PZ","08/24/19 00:00:00",,0.44999999,3.75,,
"SIND-037-PZ","08/24/19 00:00:00",,0.60000002,3.2,,
"SIND-038-PZ","08/25/19 00:00:00",,0.44999999,3.0999999,,
"SIND-040-PZ","08/21/19 00:00:00",,0.61000001,2.29,,
"SIND-PTW 38-PZ","08/25/19 00:00:00",,0.80000001,3.0999999,,
"SIND-PTW 38-PZ","08/23/19 00:00:00",,0.80000001,19.299999,,
"SIND-PTW-21-NEW","08/24/19 00:00:00",,1,2.8,,
"SIND-PTW-21-NEW","07/21/19 00:00:00",,1,10.1,,
"SIND-PTW-01 NEW","08/26/19 00:00:00",,0.69999999,4.5999999,,
"SIND-002-PZ","08/26/19 00:00:00",,0.64999998,2.4000001,,
"SIND-003-PZ","08/26/19 00:00:00",,0.80000001,8.6000004,,
"SIND-004-B-PZ","08/28/19 00:00:00",,0.60000002,10,,
"SIND-004-C-PZ","08/28/19 00:00:00",,0.69999999,2.0999999,,
"SIND-005-PZ","08/30/19 00:00:00",,0.69999999,5,,
"SIND-028-PZ","08/30/19 00:00:00",,0.56,1.9,,
"SIND-029-PZ","08/28/19 00:00:00",,0.44999999,10.4,,
"SIND-031-PZ","08/29/19 00:00:00",,0.51999998,1,,
"SIND-032-PZ","08/27/19 00:00:00",,0.51999998,7.5,,
"SIND-033-PZ","08/27/19 00:00:00",,0.64999998,2.0999999,,
"SIND-34-PTW-NEW","08/29/19 00:00:00",,1,8.1000004,,
"SIND-06-PTW","08/23/19 00:00:00",,0.60000002,0.1,,
"SIND-PTW-07","08/22/19 00:00:00",,0.55000001,1.0599999,,
"SIND-008-PZ","08/25/19 00:00:00",,0.36000001,6.4400001,,
"SIND-009-PZ","08/25/19 00:00:00",,0.89999998,7,,
"SIND-010-PZ","01/00/00 00:00:00",,0.44999999,3.3499999,,
"SIND-011-PZ","08/24/19 00:00:00",,0.2,2.7,,
"SIND-013-PZ","08/27/19 00:00:00",,0.73000002,5.5700002,,
"SIND-014-PZ","08/31/19 00:00:00",,0.23999999,5.2600002,,
"SIND-015-PZ","08/27/19 00:00:00",,0.75,4.5500002,,
"SIND-016-PZ","08/28/19 00:00:00",,0.60000002,7.5,,
"SIND-017-PZ","08/23/19 00:00:00",,0.75,7.3499999,,
"SIND-PTW-18","08/31/19 00:00:00",,0.89999998,4.6300001,,
"SIND-026-PZ","08/31/19 00:00:00",,0.34,4.5999999,,
"SIND-019-A-PZ","09/21/19 00:00:00",,0.30000001,2.5,,
"SIND-019-A-PZ","10/21/19 00:00:00",,0.30000001,2.8,,
"SIND-019-A-PZ","11/06/19 00:00:00",,0.30000001,2.9000001,,
"SIND-019-B-PZ","09/21/19 00:00:00",,0.60000002,3,,
"SIND-019-B-PZ","10/21/19 00:00:00",,0.60000002,3.3,,
"SIND-019-B-PZ","11/06/19 00:00:00",,0.60000002,3.4000001,,
"SIND-019-C-PZ","09/21/19 00:00:00",,0.60000002,2.9000001,,
"SIND-019-C-PZ","10/21/19 00:00:00",,0.60000002,3.2,,
"SIND-019-C-PZ","11/06/19 00:00:00",,0.60000002,3.3,,
"SIND-020-PZ","09/22/19 00:00:00",,0.47999999,3.5,,
"SIND-020-PZ","10/21/19 00:00:00",,0.47999999,3.52,,
"SIND-020-PZ","11/06/19 00:00:00",,0.47999999,3.72,,
"SIND-021-PZ","09/22/19 00:00:00",,0.51999998,2.5,,
"SIND-021-PZ","10/22/19 00:00:00",,0.51999998,1.6,,
"SIND-021-PZ","11/06/19 00:00:00",,0.51999998,1.6,,
"SIND-022-PZ","09/22/19 00:00:00",,0.63,3.7,,
"SIND-022-PZ","10/22/19 00:00:00",,0.63,4.5700002,,
"SIND-022-PZ","11/06/19 00:00:00",,0.63,5.77,,
"SIND-023-PZ","09/22/19 00:00:00",,0.47,2.4000001,,
"SIND-023-PZ","10/22/19 00:00:00",,0.47,0.93000001,,
"SIND-023-PZ","11/06/19 00:00:00",,0.47,0.73000002,,
"SIND-025-PZ","09/21/19 00:00:00",,0.43000001,4.6999998,,
"SIND-025-PZ","10/21/19 00:00:00",,0.43000001,2.6199999,,
"SIND-025-PZ","11/05/19 00:00:00",,0.43000001,2.6199999,,
"SIND-035-NEW","09/23/19 00:00:00",,0.69999999,2.2,,
"SIND-035-NEW","10/23/19 00:00:00",,0.69999999,1.6,,
"SIND-035-NEW","11/07/19 00:00:00",,0.69999999,1.6,,
"SIND-036-PZ","09/22/19 00:00:00",,0.44999999,3.5,,
"SIND-036-PZ","10/22/19 00:00:00",,0.44999999,3.55,,
"SIND-036-PZ","11/06/19 00:00:00",,0.44999999,3.6500001,,
"SIND-037-PZ","09/22/19 00:00:00",,0.60000002,3,,
"SIND-037-PZ","10/22/19 00:00:00",,0.60000002,3.3,,
"SIND-037-PZ","11/06/19 00:00:00",,0.60000002,3.7,,
"SIND-038-PZ","09/23/19 00:00:00",,0.44999999,2.9000001,,
"SIND-038-PZ","10/23/19 00:00:00",,0.44999999,0.2,,
"SIND-038-PZ","11/07/19 00:00:00",,0.44999999,0.2,,
"SIND-040-PZ","09/21/19 00:00:00",,0.61000001,1.5,,
"SIND-040-PZ","10/21/19 00:00:00",,0.61000001,1.59,,
"SIND-040-PZ","11/05/19 00:00:00",,0.61000001,1.89,,
"SIND-PTW-01 NEW","09/21/19 00:00:00",,0.69999999,4.1999998,,
"SIND-PTW-01 NEW","10/23/19 00:00:00",,0.69999999,3.5999999,,
"SIND-PTW-01 NEW","11/06/19 00:00:00",,0.69999999,3.3,,
"SIND-002-PZ","09/21/19 00:00:00",,0.64999998,2.3499999,,
"SIND-002-PZ","10/21/19 00:00:00",,0.64999998,3,,
"SIND-002-PZ","11/06/19 00:00:00",,0.64999998,4.6999998,,
"SIND-004-B-PZ","09/23/19 00:00:00",,0.60000002,9.3999996,,
"SIND-004-B-PZ","10/25/19 00:00:00",,0.60000002,2.0999999,,
"SIND-004-B-PZ","11/08/19 00:00:00",,0.60000002,2.0999999,,
"SIND-004-C-PZ","09/23/19 00:00:00",,0.69999999,2.0999999,,
"SIND-004-C-PZ","10/25/19 00:00:00",,0.69999999,1.9,,
"SIND-004-C-PZ","11/08/19 00:00:00",,0.69999999,1.9,,
"SIND-005-PZ","09/25/19 00:00:00",,0.69999999,4.8000002,,
"SIND-005-PZ","10/29/19 00:00:00",,0.69999999,4.5,,
"SIND-005-PZ","11/10/19 00:00:00",,0.69999999,4.5999999,,
"SIND-028-PZ","09/25/19 00:00:00",,0.56,1.74,,
"SIND-028-PZ","10/27/19 00:00:00",,0.56,1.9,,
"SIND-028-PZ","11/10/19 00:00:00",,0.56,3.0999999,,
"SIND-029-PZ","09/23/19 00:00:00",,0.44999999,10.2,,
"SIND-029-PZ","10/25/19 00:00:00",,0.44999999,10.45,,
"SIND-029-PZ","11/08/19 00:00:00",,0.44999999,10.5,,
"SIND-031-PZ","09/26/19 00:00:00",,0.51999998,0.89999998,,
"SIND-031-PZ","10/26/19 00:00:00",,0.51999998,1.4,,
"SIND-031-PZ","11/09/19 00:00:00",,0.51999998,2.5,,
"SIND-032-PZ","09/22/19 00:00:00",,0.51999998,7,,
"SIND-032-PZ","10/24/19 00:00:00",,0.51999998,2.2,,
"SIND-032-PZ","11/07/19 00:00:00",,0.51999998,2.0999999,,
"SIND-033-PZ","10/24/19 00:00:00",,0.64999998,1.8,,
"SIND-033-PZ","09/22/19 00:00:00",,0.64999998,1.9,,
"SIND-033-PZ","11/07/19 00:00:00",,0.64999998,1.5,,
"SIND-34-PTW-NEW","09/24/19 00:00:00",,1,7.5999999,,
"SIND-34-PTW-NEW","10/26/19 00:00:00",,1,7.8000002,,
"SIND-34-PTW-NEW","11/09/19 00:00:00",,1,8,,
"SIND-06-PTW","09/23/19 00:00:00",,0.60000002,0.15000001,,
"SIND-008-PZ","05/24/19 00:00:00",,0.36000001,15.84,,
"SIND-009-PZ","05/24/19 00:00:00",,0.89999998,41.099998,,
"SIND-009-PZ","04/25/19 00:00:00",,0.89999998,34.299999,,
"SIND-010-PZ","04/25/19 00:00:00",,0.44999999,17.65,,
"SIND-010-PZ","05/24/19 00:00:00",,0.44999999,21.549999,,
"SIND-011-PZ","04/26/19 00:00:00",,0.2,18.299999,,
"SIND-011-PZ","05/25/19 00:00:00",,0.2,23.6,,
"SIND-013-PZ","05/26/19 00:00:00",,0.73000002,28.870001,,
"SIND-013-PZ","04/27/19 00:00:00",,0.73000002,27.370001,,
"SIND-014-PZ","04/27/19 00:00:00",,0.23999999,23.76,,
"SIND-014-PZ","05/26/19 00:00:00",,0.23999999,24.26,,
"SIND-015-PZ","05/28/19 00:00:00",,0.75,26.75,,
"SIND-015-PZ","05/27/19 00:00:00",,0.75,28.049999,,
"SIND-016-PZ","04/29/19 00:00:00",,0.60000002,17.4,,
"SIND-016-PZ","05/28/19 00:00:00",,0.60000002,17.700001,,
"SIND-017-PZ","04/29/19 00:00:00",,0.75,23.450001,,
"SIND-017-PZ","05/28/19 00:00:00",,0.75,25.549999,,
"SIND-018-PZ","04/29/19 00:00:00",,0.47,26.33,,
"SIND-018-PZ","05/28/19 00:00:00",,0.47,26.629999,,
"SIND-039-A-PZ","04/26/19 00:00:00",,0.60000002,13.64,,
"SIND-039-A-PZ","05/25/19 00:00:00",,0.60000002,14.54,,
"SIND-026-PZ","05/27/19 00:00:00",,0.34,27.1,,
"SIND-026-PZ","04/28/19 00:00:00",,0.34,21.9,,
"SIND-019-A-PZ","06/20/19 00:00:00",,0.30000001,30.85,,
"SIND-019-B-PZ","06/20/19 00:00:00",,0.60000002,17.200001,,
"SIND-019-C-PZ","06/20/19 00:00:00",,0.60000002,30.5,,
"SIND-021-PZ","06/21/19 00:00:00",,0.51999998,12.1,,
"SIND-022-PZ","06/21/19 00:00:00",,0.63,28.07,,
"SIND-023-PZ","06/21/19 00:00:00",,0.47,13.73,,
"SIND-027-PZ","06/24/19 00:00:00",,0.69999999,,"Chocked",
"SIND-035-NEW","06/23/19 00:00:00",,0.69999999,9.5500002,,
"SIND-036-PZ","06/22/19 00:00:00",,0.44999999,15.05,,
"SIND-037-PZ","06/22/19 00:00:00",,0.60000002,23.200001,,
"SIND-038-PZ","06/23/19 00:00:00",,0.44999999,20.299999,,
"SIND-040-PZ","06/20/19 00:00:00",,0.61000001,14.89,,
"SIND-PTW 38-PZ","06/23/19 00:00:00",,0.80000001,20.299999,,
"SIND-PTW-21-NEW","06/21/19 00:00:00",,1,12.1,,
"SIND-PTW-21-NEW","01/07/19 00:00:00",,1,9.5,,
"SIND-PTW-21-NEW","04/21/19 00:00:00",,1,11.6,,
"SIND-PTW-21-NEW","05/26/19 00:00:00",,1,11.8,,
"SIND-001-PZ","06/22/19 00:00:00",,0.44999999,26,,
"SIND-002-PZ","06/22/19 00:00:00",,0.64999998,13.9,,
"SIND-003-PZ","06/22/19 00:00:00",,0.80000001,20.4,,
"SIND-004-B-PZ","06/23/19 00:00:00",,0.60000002,50.400002,,
"SIND-004-C-PZ","06/23/19 00:00:00",,0.69999999,16.1,,
"SIND-06-PTW","10/21/19 00:00:00",,0.60000002,0.2,,
"SIND-06-PTW","11/04/19 00:00:00",,0.60000002,0.30000001,,
"SIND-PTW-07","09/24/19 00:00:00",,0.55000001,0.94999999,,
"SIND-PTW-07","10/22/19 00:00:00",,0.55000001,2.95,,
"SIND-PTW-07","11/02/19 00:00:00",,0.55000001,6.9499998,,
"SIND-008-PZ","09/23/19 00:00:00",,0.36000001,2.9400001,,
"SIND-008-PZ","10/21/19 00:00:00",,0.36000001,1.74,,
"SIND-008-PZ","11/01/19 00:00:00",,0.36000001,3.5899999,,
"SIND-009-PZ","09/23/19 00:00:00",,0.89999998,2.0999999,,
"SIND-009-PZ","10/21/19 00:00:00",,0.89999998,3.9000001,,
"SIND-009-PZ","11/05/19 00:00:00",,0.89999998,6.0999999,,
"SIND-010-PZ","10/21/19 00:00:00",,0.44999999,0.85000002,,
"SIND-010-PZ","09/23/19 00:00:00",,0.44999999,0.15000001,,
"SIND-010-PZ","11/01/19 00:00:00",,0.44999999,1.7,,
"SIND-011-PZ","09/24/19 00:00:00",,0.2,0.40000001,,
"SIND-011-PZ","10/22/19 00:00:00",,0.2,0.89999998,,
"SIND-011-PZ","11/05/19 00:00:00",,0.2,1.3,,
"SIND-013-PZ","09/25/19 00:00:00",,0.73000002,1.17,,
"SIND-013-PZ","10/23/19 00:00:00",,0.73000002,1.8200001,,
"SIND-013-PZ","11/05/19 00:00:00",,0.73000002,2.0699999,,
"SIND-014-PZ","09/25/19 00:00:00",,0.23999999,1.86,,
"SIND-014-PZ","10/23/19 00:00:00",,0.23999999,4.0599999,,
"SIND-014-PZ","11/05/19 00:00:00",,0.23999999,5.2600002,,
"SIND-015-PZ","09/26/19 00:00:00",,0.75,1.75,,
"SIND-015-PZ","10/24/19 00:00:00",,0.75,2.3499999,,
"SIND-015-PZ","11/04/19 00:00:00",,0.75,2.55,,
"SIND-016-PZ","09/27/19 00:00:00",,0.60000002,2.5,,
"SIND-016-PZ","10/24/19 00:00:00",,0.60000002,2.9000001,,
"SIND-016-PZ","11/05/19 00:00:00",,0.60000002,3.2,,
"SIND-017-PZ","09/27/19 00:00:00",,0.75,1.35,,
"SIND-017-PZ","10/24/19 00:00:00",,0.75,2.3499999,,
"SIND-017-PZ","11/05/19 00:00:00",,0.75,2.6500001,,
"SIND-018-PZ","09/27/19 00:00:00",,0.47,2.4300001,,
"SIND-PTW-18","09/27/19 00:00:00",,0.89999998,2.4300001,,
"SIND-PTW-18","10/24/19 00:00:00",,0.89999998,3.4300001,,
"SIND-PTW-18","11/05/19 00:00:00",,0.89999998,3.4300001,,
"SIND-019-A-PZ","12/21/19 00:00:00",,0.30000001,9.1999998,,
"SIND-019-A-PZ","01/04/20 00:00:00",,0.30000001,9.8999996,,
"SIND-019-B-PZ","12/21/19 00:00:00",,0.60000002,8.1000004,,
"SIND-019-B-PZ","01/04/20 00:00:00",,0.60000002,9.3000002,,
"SIND-019-C-PZ","12/21/19 00:00:00",,0.60000002,10.5,,
"SIND-019-C-PZ","01/04/20 00:00:00",,0.60000002,10.6,,
"SIND-020-PZ","01/00/00 00:00:00",,0.47999999,7.3200002,,
"SIND-020-PZ","01/04/20 00:00:00",,0.47999999,7.6199999,,
"SIND-021-PZ","12/22/19 00:00:00",,0.51999998,2.9000001,,
"SIND-021-PZ","01/04/20 00:00:00",,0.51999998,3.5,,
"SIND-022-PZ","12/22/19 00:00:00",,0.63,9.1700001,,
"SIND-022-PZ","01/04/20 00:00:00",,0.63,10.57,,
"SIND-023-PZ","12/22/19 00:00:00",,0.47,3.03,,
"SIND-023-PZ","01/04/20 00:00:00",,0.47,3.23,,
"SIND-025-PZ","12/23/19 00:00:00",,0.43000001,8.0699997,,
"SIND-025-PZ","01/05/20 00:00:00",,0.43000001,9.7700005,,
"SIND-035-NEW","12/23/19 00:00:00",,0.69999999,5.6999998,,
"SIND-035-NEW","01/05/20 00:00:00",,0.69999999,5.6999998,,
"SIND-036-PZ","12/22/19 00:00:00",,0.44999999,10.05,,
"SIND-036-PZ","01/04/20 00:00:00",,0.44999999,11.25,,
"SIND-037-PZ","12/22/19 00:00:00",,0.60000002,4.8000002,,
"SIND-037-PZ","01/04/20 00:00:00",,0.60000002,5.5,,
"SIND-038-PZ","12/23/19 00:00:00",,0.44999999,4.4499998,,
"SIND-038-PZ","01/05/20 00:00:00",,0.44999999,6.3000002,,
"SIND-040-PZ","01/22/19 00:00:00",,0.61000001,3.6900001,,
"SIND-040-PZ","01/05/20 00:00:00",,0.61000001,6.6399999,,
"SIND-PTW-01 NEW","12/26/19 00:00:00",,0.69999999,3.5999999,,
"SIND-PTW-01 NEW","01/04/20 00:00:00",,0.69999999,4.5,,
"SIND-002-PZ","12/26/19 00:00:00",,0.64999998,5.0999999,,
"SIND-002-PZ","01/07/20 00:00:00",,0.64999998,5.8000002,,
"SIND-003-PZ","12/26/19 00:00:00",,0.80000001,14.4,,
"SIND-003-PZ","01/07/20 00:00:00",,0.80000001,15.1,,
"SIND-004-A-PZ","12/28/19 00:00:00",,0.5,3.5,,
"SIND-004-B-PZ","12/28/19 00:00:00",,0.60000002,3.5,,
"SIND-004-B-PZ","01/09/20 00:00:00",,0.60000002,4.5999999,,
"SIND-004-C-PZ","12/28/19 00:00:00",,0.69999999,3.2,,
"SIND-004-C-PZ","01/09/20 00:00:00",,0.69999999,5.5,,
"SIND-005-PZ","01/00/00 00:00:00",,0.69999999,5.0999999,,
"SIND-005-PZ","01/10/20 00:00:00",,0.69999999,6,,
"SIND-028-PZ","12/30/19 00:00:00",,0.56,3.5999999,,
"SIND-028-PZ","01/10/20 00:00:00",,0.56,4.4000001,,
"SIND-029-PZ","12/28/19 00:00:00",,0.44999999,10.95,,
"SIND-029-PZ","01/06/20 00:00:00",,0.44999999,11.8,,
"SIND-031-PZ","01/00/00 00:00:00",,0.51999998,3.3,,
"SIND-031-PZ","01/10/20 00:00:00",,0.51999998,3.9000001,,
"SIND-032-PZ","12/29/19 00:00:00",,0.51999998,2.9000001,,
"SIND-032-PZ","01/08/20 00:00:00",,0.51999998,3.8,,
"SIND-033-PZ","01/00/00 00:00:00",,0.64999998,1.5,,
"SIND-033-PZ","01/08/20 00:00:00",,0.64999998,2.4000001,,
"SIND-34-PTW-NEW","12/27/19 00:00:00",,1,8.3999996,,
"SIND-34-PTW-NEW","01/08/20 00:00:00",,1,8.8999996,,
"SIND-008-PZ","12/21/19 00:00:00",,0.36000001,5.21,,
"SIND-008-PZ","01/05/20 00:00:00",,0.36000001,13.1,,
"SIND-009-PZ","01/00/00 00:00:00",,0.89999998,8.1999998,,
"SIND-017-PZ","12/25/19 00:00:00",,0.75,3.45,,
"SIND-017-PZ","01/05/20 00:00:00",,0.75,4.1500001,,
"SIND-018-PZ","12/25/19 00:00:00",,0.47,4.23,,
"SIND-018-PZ","01/05/20 00:00:00",,0.47,5.3299999,,
"SIND-039-B-PZ","01/05/20 00:00:00",,0.75,7.5500002,,
"SIND-039-B-PZ","12/25/19 00:00:00",,0.75,5.4000001,,
"SIND-PTW-18","12/25/19 00:00:00",,0.89999998,4.23,,
"SIND-PTW-18","01/05/20 00:00:00",,0.89999998,5.3299999,,
"SIND-016-PZ","01/05/20 00:00:00",,0.60000002,4.5,,
"SIND-016-PZ","12/25/19 00:00:00",,0.60000002,4.3000002,,
"SIND-015-PZ","12/24/19 00:00:00",,0.75,4.3499999,,
"SIND-015-PZ","01/04/20 00:00:00",,0.75,6.75,,
"SIND-014-PZ","12/25/19 00:00:00",,0.23999999,6,,
"SIND-014-PZ","01/05/20 00:00:00",,0.23999999,7.5599999,,
"SIND-013-PZ","12/25/19 00:00:00",,0.73000002,4,,
"SIND-013-PZ","01/05/20 00:00:00",,0.73000002,5.1700001,,
"SIND-011-PZ","12/25/19 00:00:00",,0.2,4.5,,
"SIND-011-PZ","01/05/20 00:00:00",,0.2,9.8000002,,
"SIND-010-PZ","12/21/19 00:00:00",,0.44999999,4.5,,
"SIND-010-PZ","01/01/20 00:00:00",,0.44999999,5.8499999,,
"SIND-009-PZ","12/25/19 00:00:00",,0.89999998,8.1000004,,
"SIND-009-PZ","01/05/20 00:00:00",,0.89999998,13.1,,
"SIND-PTW-07","12/21/19 00:00:00",,0.55000001,7.4499998,,
"SIND-PTW-07","01/07/20 00:00:00",,0.55000001,7.75,,
"SIND-06-PTW","01/08/20 00:00:00",,0.60000002,7.25,,
"SIND-06-PTW","12/20/19 00:00:00",,0.60000002,6.9499998,,
"SIND-019-A-PZ","02/21/20 00:00:00",,0.30000001,10.4,,
"SIND-019-B-PZ","02/21/20 00:00:00",,0.60000002,9.8000002,,
"SIND-019-C-PZ","02/21/20 00:00:00",,0.60000002,11.1,,
"SIND-020-PZ","12/22/19 00:00:00",,0.47999999,7.3200002,,
"SIND-021-PZ","02/22/20 00:00:00",,0.51999998,5,,
"SIND-022-PZ","02/22/20 00:00:00",,0.63,11.57,,
"SIND-023-PZ","02/22/20 00:00:00",,0.47,4.0300002,,
"SIND-024-PZ","02/22/20 00:00:00",,0.44999999,,"Abandent",
"SIND-025-PZ","02/23/20 00:00:00",,0.43000001,11.07,,
"SIND-027-PZ","02/23/20 00:00:00",,0.69999999,,"Chocked",
"SIND-035-NEW","02/23/20 00:00:00",,0.69999999,6.4000001,,
"SIND-036-PZ","02/24/20 00:00:00",,0.44999999,11.45,,
"SIND-037-PZ","02/24/20 00:00:00",,0.60000002,6,,
"SIND-038-PZ","02/24/20 00:00:00",,0.44999999,8.3000002,,
"SIND-040-PZ","02/24/20 00:00:00",,0.61000001,5.8899999,,
"SIND-PTW-01 NEW","02/28/20 00:00:00",,0.69999999,4.8000002,,
"SIND-002-PZ","02/28/20 00:00:00",,0.64999998,6.1999998,,
"SIND-004-A-PZ","02/28/20 00:00:00",,0.5,,"Chocked",
"SIND-017-PZ","03/23/20 00:00:00",,0.75,10.95,,
"SIND-004-B-PZ","02/29/20 00:00:00",,0.60000002,15.2,,
"SIND-004-C-PZ","02/29/20 00:00:00",,0.69999999,8.3000002,,
"SIND-005-PZ","02/27/20 00:00:00",,0.69999999,6.1999998,,
"SIND-028-PZ","02/26/20 00:00:00",,0.56,6.3400002,,
"SIND-019-A-PZ","03/21/20 00:00:00",,0.30000001,12.3,,
"SIND-019-B-PZ","03/21/20 00:00:00",,0.60000002,12.1,,
"SIND-019-C-PZ","03/21/20 00:00:00",,0.60000002,12.3,,
"SIND-020-PZ","03/21/20 00:00:00",,0.47999999,9.6199999,,
"SIND-021-PZ","03/21/20 00:00:00",,0.51999998,7.0999999,,
"SIND-022-PZ","03/21/20 00:00:00",,0.63,16.57,,
"SIND-023-PZ","03/21/20 00:00:00",,0.47,14.03,,
"SIND-025-PZ","03/23/20 00:00:00",,0.43000001,15.07,,
"SIND-035-PZ","03/23/20 00:00:00",,0.54000002,7.5,,
"SIND-036-PZ","03/23/20 00:00:00",,0.44999999,12.05,,
"SIND-037-PZ","03/23/20 00:00:00",,0.60000002,15,,
"SIND-038-PZ","03/23/20 00:00:00",,0.44999999,13.1,,
"SIND-040-PZ","03/23/20 00:00:00",,0.61000001,7.29,,
"SIND-001-PZ","03/21/20 00:00:00",,0.44999999,7.4000001,,
"SIND-002-PZ","03/21/20 00:00:00",,0.64999998,7.5999999,,
"SIND-013-PZ","03/21/20 00:00:00",,0.73000002,17.5,,
"SIND-004-B-PZ","03/24/20 00:00:00",,0.60000002,20.4,,
"SIND-004-C-PZ","03/24/20 00:00:00",,0.69999999,12.4,,
"SIND-005-PZ","03/24/20 00:00:00",,0.69999999,7.5,,
"SIND-028-PZ","03/23/20 00:00:00",,0.56,8.4399996,,
"SIND-029-PZ","03/23/20 00:00:00",,0.44999999,15.45,,
"SIND-031-PZ","03/23/20 00:00:00",,0.51999998,8.3999996,,
"SIND-032-PZ","03/23/20 00:00:00",,0.51999998,7.9000001,,
"SIND-033-PZ","03/24/20 00:00:00",,0.64999998,8.1000004,,
"SIND-034-PZ","03/24/20 00:00:00",,0.41999999,,,
"SIND-34-PTW-NEW","03/24/20 00:00:00",,1,15.5,,
"SIND-06-PTW","03/20/20 00:00:00",,0.60000002,8.5,,
"SIND-PTW-07","03/21/20 00:00:00",,0.55000001,8.6499996,,
"SIND-008-PZ","03/20/20 00:00:00",,0.36000001,14.54,,
"SIND-009-PZ","03/20/20 00:00:00",,0.89999998,21.700001,,
"SIND-010-PZ","03/20/20 00:00:00",,0.44999999,15.75,,
"SIND-011-PZ","03/20/20 00:00:00",,0.2,17.1,,
"SIND-013-PZ","05/27/20 00:00:00",,0.73000002,15.37,,
"SIND-014-PZ","03/21/20 00:00:00",,0.23999999,13.06,,
"SIND-015-PZ","03/21/20 00:00:00",,0.75,11.05,,
"SIND-016-PZ","03/23/20 00:00:00",,0.60000002,8.6999998,,
"SIND-017-PZ","03/23/19 00:00:00",,0.75,10.95,,
"SIND-018-PZ","03/23/20 00:00:00",,0.47,8.7299995,,
"SIND-039-B-PZ","03/21/20 00:00:00",,0.75,11.15,,
"SIND-026-PZ","03/21/20 00:00:00",,0.34,12,,
"SIND-019-A-PZ","05/25/20 00:00:00",,0.30000001,16.1,,
"SIND-019-B-PZ","05/25/20 00:00:00",,0.60000002,15.7,,
"SIND-019-C-PZ","05/25/20 00:00:00",,0.60000002,16.9,,
"SIND-020-PZ","02/22/20 00:00:00",,0.47999999,8.6199999,,
"SIND-021-PZ","05/28/20 00:00:00",,0.51999998,10.7,,
"SIND-022-PZ","05/28/20 00:00:00",,0.63,26.799999,,
"SIND-023-PZ","05/28/20 00:00:00",,0.47,13,,
"SIND-025-PZ","05/27/20 00:00:00",,0.43000001,28.5,,
"SIND-035-NEW","05/26/20 00:00:00",,0.69999999,8.5,,
"SIND-036-PZ","05/28/20 00:00:00",,0.44999999,13.45,,
"SIND-037-PZ","05/27/20 00:00:00",,0.60000002,21.5,,
"SIND-038-PZ","06/24/20 00:00:00",,0.44999999,19.799999,,
"SIND-040-PZ","05/29/20 00:00:00",,0.61000001,9.4899998,,
"SIND-001-PZ","06/23/20 00:00:00",,0.44999999,18.5,,
"SIND-002-PZ","05/23/20 00:00:00",,0.64999998,12.6,,
"SIND-013-PZ","04/20/20 00:00:00",,0.73000002,0,,
"SIND-004-B-PZ","06/24/20 00:00:00",,0.60000002,45,,
"SIND-004-C-PZ","05/24/20 00:00:00",,0.69999999,15.1,,
"SIND-005-PZ","05/27/20 00:00:00",,0.69999999,10.2,,
"SIND-028-PZ","05/25/20 00:00:00",,0.56,20.1,,
"SIND-029-PZ","05/25/20 00:00:00",,0.44999999,19,,
"SIND-031-PZ","05/26/20 00:00:00",,0.51999998,24.799999,,
"SIND-032-PZ","05/26/20 00:00:00",,0.51999998,18.4,,
"SIND-033-PZ","05/26/20 00:00:00",,0.64999998,16.299999,,
"SIND-34-PTW-NEW","05/26/20 00:00:00",,1,17.299999,,
"SIND-06-PTW","05/27/20 00:00:00",,0.60000002,10.5,,
"SIND-PTW-07","05/26/20 00:00:00",,0.55000001,9.5,,
"SIND-008-PZ","05/24/20 00:00:00",,0.36000001,16.74,,
"SIND-009-PZ","05/24/20 00:00:00",,0.89999998,23.299999,,
"SIND-010-PZ","05/24/20 00:00:00",,0.44999999,17.65,,
"SIND-011-PZ","05/24/20 00:00:00",,0.2,18.9,,
"SIND-013-PZ","06/20/20 00:00:00",,0.73000002,0,,
"SIND-014-PZ","05/27/20 00:00:00",,0.23999999,14.96,,
"SIND-015-PZ","05/27/20 00:00:00",,0.75,13.55,,
"SIND-016-PZ","05/28/20 00:00:00",,0.60000002,11.5,,
"SIND-017-PZ","05/28/20 00:00:00",,0.75,12.45,,
"SIND-018-PZ","05/28/20 00:00:00",,0.47,10.63,,
"SIND-039-B-PZ","05/24/20 00:00:00",,0.75,13.15,,
"SIND-026-PZ","05/27/20 00:00:00",,0.34,13.9,,
"SIND-029-PZ","02/26/20 00:00:00",,0.44999999,13.35,,
"SIND-031-PZ","02/25/20 00:00:00",,0.51999998,5.1999998,,
"SIND-032-PZ","02/25/20 00:00:00",,0.51999998,6.5999999,,
"SIND-033-PZ","02/26/20 00:00:00",,0.64999998,6.3000002,,
"SIND-34-PTW-NEW","01/00/00 00:00:00",,1,12.2,,
"SIND-06-PTW","02/22/20 00:00:00",,0.60000002,7.8000002,,
"SIND-PTW-07","02/22/20 00:00:00",,0.55000001,8.3000002,,
"SIND-019-C-PZ","06/21/20 00:00:00",,0.60000002,16.6,,
"SIND-021-PZ","06/22/20 00:00:00",,0.51999998,16.6,,
"SIND-022-PZ","06/22/20 00:00:00",,0.63,26.57,,
"SIND-023-PZ","06/22/20 00:00:00",,0.47,12.93,,
"SIND-025-PZ","06/21/20 00:00:00",,0.43000001,28.07,,
"SIND-035-NEW","06/23/20 00:00:00",,0.69999999,8.3999996,,
"SIND-035-PZ","06/23/20 00:00:00",,0.54000002,13.15,,
"SIND-036-PZ","06/23/20 00:00:00",,0.44999999,13.15,,
"SIND-037-PZ","06/23/20 00:00:00",,0.60000002,21.200001,,
"SIND-040-PZ","06/24/20 00:00:00",,0.61000001,9.3900003,,
"SIND-002-PZ","06/23/20 00:00:00",,0.64999998,14.5,,
"SIND-013-PZ","06/23/20 00:00:00",,0.73000002,20.200001,,
"SIND-004-C-PZ","06/24/20 00:00:00",,0.69999999,13.3,,
"SIND-005-PZ","06/25/20 00:00:00",,0.69999999,19.299999,,
"SIND-028-PZ","06/25/20 00:00:00",,0.56,9.3000002,,
"SIND-029-PZ","06/26/20 00:00:00",,0.44999999,16.85,,
"SIND-031-PZ","06/24/20 00:00:00",,0.51999998,24.299999,,
"SIND-032-PZ","06/26/20 00:00:00",,0.51999998,18.1,,
"SIND-033-PZ","06/24/20 00:00:00",,0.64999998,14.7,,
"SIND-34-PTW-NEW","06/24/20 00:00:00",,1,16.5,,
"SIND-06-PTW","06/22/20 00:00:00",,0.60000002,11.5,,
"SIND-PTW-07","06/23/20 00:00:00",,0.55000001,9.8000002,,
"SIND-008-PZ","06/22/20 00:00:00",,0.36000001,16.440001,,
"SIND-009-PZ","06/22/20 00:00:00",,0.89999998,23.9,,
"SIND-010-PZ","06/26/20 00:00:00",,0.44999999,18.450001,,
"SIND-011-PZ","06/24/20 00:00:00",,0.2,18.1,,
"SIND-013-PZ","06/27/20 00:00:00",,0.73000002,16.77,,
"SIND-014-PZ","06/27/20 00:00:00",,0.23999999,16.059999,,
"SIND-015-PZ","06/27/20 00:00:00",,0.75,13.45,,
"SIND-016-PZ","06/28/20 00:00:00",,0.60000002,12.3,,
"SIND-017-PZ","06/28/20 00:00:00",,0.75,14.15,,
"SIND-018-PZ","06/28/20 00:00:00",,0.47,12.03,,
"SIND-039-B-PZ","06/24/20 00:00:00",,0.75,15.35,,
"SIND-026-PZ","06/27/20 00:00:00",,0.34,14.3,,
"SIND-019-A-PZ","07/21/20 00:00:00",,0.30000001,16,,
"SIND-019-B-PZ","07/21/20 00:00:00",,0.60000002,15.65,,
"SIND-019-C-PZ","07/21/20 00:00:00",,0.60000002,16.799999,,
"SIND-021-PZ","07/22/20 00:00:00",,0.51999998,10.5,,
"SIND-022-PZ","07/22/20 00:00:00",,0.63,26.77,,
"SIND-023-PZ","07/22/20 00:00:00",,0.47,7.9299998,,
"SIND-025-PZ","07/23/20 00:00:00",,0.43000001,27.17,,
"SIND-035-NEW","07/23/20 00:00:00",,0.69999999,8.1000004,,
"SIND-027-PZ","07/22/20 00:00:00",,0.69999999,0,,
"SIND-036-PZ","07/24/20 00:00:00",,0.44999999,13.05,,
"SIND-037-PZ","07/24/20 00:00:00",,0.60000002,20.9,,
"SIND-038-PZ","07/28/20 00:00:00",,0.44999999,19.799999,,
"SIND-040-PZ","07/24/20 00:00:00",,0.61000001,9.29,,
"SIND-001-PZ","07/21/20 00:00:00",,0.44999999,18,,
"SIND-002-PZ","07/21/20 00:00:00",,0.64999998,13.9,,
"SIND-013-PZ","07/21/20 00:00:00",,0.73000002,19.6,,
"SIND-004-B-PZ","07/22/20 00:00:00",,0.60000002,43.700001,,
"SIND-004-C-PZ","07/22/20 00:00:00",,0.69999999,13.9,,
"SIND-005-PZ","07/23/20 00:00:00",,0.69999999,8.8999996,,
"SIND-028-PZ","07/23/20 00:00:00",,0.56,18.9,,
"SIND-029-PZ","07/25/20 00:00:00",,0.44999999,17.549999,,
"SIND-031-PZ","07/23/20 00:00:00",,0.51999998,22.4,,
"SIND-033-PZ","07/23/20 00:00:00",,0.64999998,14.1,,
"SIND-034-PZ","07/23/20 00:00:00",,0.41999999,16.1,,
"SIND-006-PZ","07/21/20 00:00:00",,0.69999999,2.7,,
"SIND-PTW-07","07/22/20 00:00:00",,0.55000001,8.1499996,,
"SIND-008-PZ","07/21/20 00:00:00",,0.36000001,13.84,,
"SIND-009-PZ","07/22/20 00:00:00",,0.89999998,18.5,,
"SIND-010-PZ","07/23/20 00:00:00",,0.44999999,11.55,,
"SIND-011-PZ","07/24/20 00:00:00",,0.2,9.6000004,,
"SIND-013-PZ","07/29/20 00:00:00",,0.73000002,14.47,,
"SIND-014-PZ","07/29/20 00:00:00",,0.23999999,15.6,,
"SIND-015-PZ","07/29/20 00:00:00",,0.75,15.36,,
"SIND-016-PZ","07/28/20 00:00:00",,0.60000002,11.6,,
"SIND-017-PZ","07/28/20 00:00:00",,0.75,19.950001,,
"SIND-018-PZ","07/28/20 00:00:00",,0.47,12.23,,
"SIND-039-B-PZ","07/24/20 00:00:00",,0.75,5.9499998,,
"SIND-026-PZ","07/22/20 00:00:00",,0.34,12.9,,
"SIND-019-A-PZ","08/24/20 00:00:00",,0.30000001,3,,
"SIND-019-B-PZ","08/24/20 00:00:00",,0.60000002,3.2,,
"SIND-019-C-PZ","08/24/20 00:00:00",,0.60000002,3,,
"SIND-020-PZ","08/23/20 00:00:00",,0.47999999,3.8199999,,
"SIND-021-PZ","08/24/20 00:00:00",,0.51999998,3.0999999,,
"SIND-022-PZ","08/24/20 00:00:00",,0.63,4.5,,
"SIND-023-PZ","08/26/20 00:00:00",,0.47,7.1999998,,
"SIND-025-PZ","08/21/20 00:00:00",,0.43000001,5,,
"SIND-035-PZ","08/22/20 00:00:00",,0.54000002,2.5,,
"SIND-036-PZ","08/24/20 00:00:00",,0.44999999,3.8,,
"SIND-037-PZ","08/24/20 00:00:00",,0.60000002,3.0999999,,
"SIND-038-PZ","08/22/20 00:00:00",,0.44999999,3.2,,
"SIND-040-PZ","08/25/20 00:00:00",,0.61000001,2.3,,
"SIND-001-PZ","08/26/20 00:00:00",,0.44999999,4.0999999,,
"SIND-002-PZ","08/26/20 00:00:00",,0.64999998,1.3,,
"SIND-003-PZ","08/26/20 00:00:00",,0.80000001,7.1999998,,
"SIND-004-B-PZ","08/28/20 00:00:00",,0.60000002,4.4000001,,
"SIND-004-C-PZ","08/28/20 00:00:00",,0.69999999,4.1999998,,
"SIND-008-PZ","02/21/20 00:00:00",,0.36000001,10.54,,
"SIND-009-PZ","05/25/20 00:00:00",,0.89999998,15,,
"SIND-010-PZ","02/21/20 00:00:00",,0.44999999,8.1000004,,
"SIND-011-PZ","02/25/20 00:00:00",,0.2,12.1,,
"SIND-013-PZ","02/25/20 00:00:00",,0.73000002,8.8699999,,
"SIND-014-PZ","02/25/20 00:00:00",,0.23999999,9.96,,
"SIND-015-PZ","02/24/20 00:00:00",,0.75,11.35,,
"SIND-016-PZ","02/24/20 00:00:00",,0.60000002,7.6999998,,
"SIND-017-PZ","02/25/20 00:00:00",,0.75,6.8499999,,
"SIND-018-PZ","02/25/20 00:00:00",,0.47,7.8299999,,
"SIND-039-B-PZ","02/28/20 00:00:00",,0.75,8.3500004,,
"SIND-026-PZ","02/22/20 00:00:00",,0.34,9,,
"SIND-001-PZ","04/21/19 00:00:00",,0.44999999,22.200001,,
"SIND-001-PZ","05/27/19 00:00:00",,0.44999999,24.5,,
"SIND-001-PZ","09/21/19 00:00:00",,0.44999999,4.1999998,,
"SIND-001-PZ","10/23/19 00:00:00",,0.44999999,3.5999999,,
"SIND-001-PZ","11/06/19 00:00:00",,0.44999999,3.3,,
"SIND-001-PZ","12/26/19 00:00:00",,0.44999999,3.5999999,,
"SIND-001-PZ","02/28/20 00:00:00",,0.44999999,4.8000002,,
"SIND-003-PZ","04/21/19 00:00:00",,0.80000001,19.299999,,
"SIND-003-PZ","05/27/19 00:00:00",,0.80000001,19.299999,,
"SIND-003-PZ","09/21/19 00:00:00",,0.80000001,8.1999998,,
"SIND-003-PZ","10/23/19 00:00:00",,0.80000001,11.8,,
"SIND-003-PZ","11/06/19 00:00:00",,0.80000001,14,,
"SIND-003-PZ","02/28/20 00:00:00",,0.80000001,15.7,,
"SIND-003-PZ","03/21/20 00:00:00",,0.80000001,17.5,,
"SIND-005-PZ","12/27/19 00:00:00",,0.69999999,5.0999999,,
"SIND-009-PZ","02/25/20 00:00:00",,0.89999998,15,,
"SIND-010-PZ","08/21/19 00:00:00",,0.44999999,21.85,,
"SIND-018-PZ","06/23/19 00:00:00",,0.47,27.129999,,
"SIND-020-PZ","05/22/20 00:00:00",,0.47999999,8.6199999,,
"SIND-025-PZ","06/23/19 00:00:00",,0.43000001,19.469999,,
"SIND-026-PZ","09/28/19 00:00:00",,0.34,1.8,,
"SIND-026-PZ","10/24/19 00:00:00",,0.34,3.5999999,,
"SIND-026-PZ","11/01/19 00:00:00",,0.34,4.5500002,,
"SIND-026-PZ","12/01/19 00:00:00",,0.34,5.98,,
"SIND-031-PZ","12/30/19 00:00:00",,0.51999998,3.3,,
"SIND-033-PZ","12/29/19 00:00:00",,0.64999998,1.5,,
"SIND-039-B-PZ","09/24/19 00:00:00",,0.75,0.44999999,,
"SIND-039-B-PZ","10/22/19 00:00:00",,0.75,1.05,,
"SIND-039-B-PZ","11/05/19 00:00:00",,0.75,1.3,,
"SIND-040-PZ","12/22/19 00:00:00",,0.61000001,3.6900001,,
"SIND-34-PTW-NEW","02/26/20 00:00:00",,1,12.2,,
"SIND-019-A-PZ","06/21/20 00:00:00",,0.30000001,15.9,,
"SIND-019-B-PZ","06/21/20 00:00:00",,0.60000002,15.55,,
"SIND-005-PZ","08/25/20 00:00:00",,0.69999999,0.1,,
"SIND-028-PZ","08/30/20 00:00:00",,0.56,2,,
"SIND-029-PZ","08/28/20 00:00:00",,0.44999999,4.75,,
"SIND-031-PZ","08/29/20 00:00:00",,0.51999998,1,,
"SIND-032-PZ","08/27/20 00:00:00",,0.51999998,11.1,,
"SIND-033-PZ","08/27/20 00:00:00",,0.64999998,2.0999999,,
"SIND-34-PTW-NEW","08/25/20 00:00:00",,1,4.1999998,,
"SIND-06-PTW","08/24/20 00:00:00",,0.60000002,0.15000001,,
"SIND-PTW-07","08/26/20 00:00:00",,0.55000001,1.65,,
"SIND-008-PZ","08/22/20 00:00:00",,0.36000001,1.74,,
"SIND-009-PZ","08/24/20 00:00:00",,0.89999998,7.3000002,,
"SIND-010-PZ","08/24/20 00:00:00",,0.44999999,0.94999999,,
"SIND-011-PZ","08/24/20 00:00:00",,0.2,0.40000001,,
"SIND-013-PZ","08/27/20 00:00:00",,0.73000002,2.6700001,,
"SIND-014-PZ","08/27/20 00:00:00",,0.23999999,2.6600001,,
"SIND-015-PZ","08/27/20 00:00:00",,0.75,2.3499999,,
"SIND-016-PZ","08/28/20 00:00:00",,0.60000002,2.2,,
"SIND-017-PZ","08/23/20 00:00:00",,0.75,6.5500002,,
"SIND-018-PZ","08/23/20 00:00:00",,0.47,3.4300001,,
"SIND-039-B-PZ","08/25/20 00:00:00",,0.75,1.15,,
"SIND-026-PZ","08/27/20 00:00:00",,0.34,3.8,,
"SIND-020-PZ","06/01/20 00:00:00",,0.47999999,,"Dry",
"SIND-020-PZ","07/01/20 00:00:00",,0.47999999,,"Dry",
"SIND-003-PZ","06/23/20 00:00:00",,0.80000001,20.200001,,
"SIND-035-NEW","08/22/20 00:00:00",,0.69999999,2.5,,
"SIND-019-A-PZ","09/21/20 00:00:00",,0.30000001,2.8,,
"SIND-019-B-PZ","09/21/20 00:00:00",,0.60000002,2.5999999,,
"SIND-019-C-PZ","09/21/20 00:00:00",,0.60000002,2.9000001,,
"SIND-020-PZ","09/22/20 00:00:00",,0.47999999,3.5,,
"SIND-021-PZ","09/22/20 00:00:00",,0.51999998,2.8,,
"SIND-022-PZ","09/23/20 00:00:00",,0.63,4,,
"SIND-023-PZ","09/23/20 00:00:00",,0.47,1.62,,
"SIND-024-PZ","09/23/20 00:00:00",,0.44999999,,"abandent",
"SIND-025-PZ","09/21/20 00:00:00",,0.43000001,4.1999998,,
"SIND-026-PZ","09/21/20 00:00:00",,0.34,4.4000001,,
"SIND-035-NEW","09/24/20 00:00:00",,0.69999999,2.3,,
"SIND-036-PZ","09/22/20 00:00:00",,0.44999999,3.5,,
"SIND-037-PZ","09/22/20 00:00:00",,0.60000002,3,,
"SIND-038-PZ","09/24/20 00:00:00",,0.44999999,2.9000001,,
"SIND-040-PZ","09/21/20 00:00:00",,0.61000001,2,,
"SIND-PTW-01 NEW","09/26/20 00:00:00",,0.69999999,3.9000001,,
"SIND-002-PZ","09/26/20 00:00:00",,0.64999998,1.2,,
"SIND-023-PZ","09/26/20 00:00:00",,0.47,7,,
"SIND-004-B-PZ","09/28/20 00:00:00",,0.60000002,4.1999998,,
"SIND-004-C-PZ","09/28/20 00:00:00",,0.69999999,4,,
"SIND-005-PZ","09/25/20 00:00:00",,0.69999999,0.1,,
"SIND-028-PZ","09/29/20 00:00:00",,0.56,1.9,,
"SIND-029-PZ","09/28/20 00:00:00",,0.44999999,3.05,,
"SIND-031-PZ","09/29/20 00:00:00",,0.51999998,0.77999997,,
"SIND-032-PZ","09/28/20 00:00:00",,0.51999998,11,,
"SIND-033-PZ","09/28/20 00:00:00",,0.64999998,2,,
"SIND-34-PTW-NEW","09/28/20 00:00:00",,1,4,,
"SIND-06-PTW","09/25/20 00:00:00",,0.60000002,0.1,,
"SIND-PTW-07","09/26/20 00:00:00",,0.55000001,1.5,,
"SIND-008-PZ","09/20/20 00:00:00",,0.36000001,2.74,,
"SIND-009-PZ","09/20/20 00:00:00",,0.89999998,8.6000004,,
"SIND-010-PZ","09/21/20 00:00:00",,0.44999999,1.45,,
"SIND-011-PZ","09/21/20 00:00:00",,0.2,1,,
"SIND-013-PZ","09/22/20 00:00:00",,0.73000002,3.0699999,,
"SIND-014-PZ","05/26/22 00:00:00",,0.23999999,3.46,,
"SIND-015-PZ","09/23/20 00:00:00",,0.75,3.1500001,,
"SIND-016-PZ","09/24/20 00:00:00",,0.60000002,3.5,,
"SIND-017-PZ","09/24/20 00:00:00",,0.75,7.4499998,,
"SIND-018-PZ","09/24/20 00:00:00",,0.47,3.6300001,,
"SIND-039-B-PZ","09/21/20 00:00:00",,0.75,1.15,,
"SIND-019-A-PZ","10/21/20 00:00:00",,0.30000001,3.8,,
"SIND-019-B-PZ","10/21/20 00:00:00",,0.60000002,4,,
"SIND-019-C-PZ","10/21/20 00:00:00",,0.60000002,3.9000001,,
"SIND-020-PZ","10/22/20 00:00:00",,0.47999999,4.1199999,,
"SIND-021-PZ","10/22/20 00:00:00",,0.51999998,2.5,,
"SIND-022-PZ","10/22/20 00:00:00",,0.63,5.8699999,,
"SIND-023-PZ","10/22/20 00:00:00",,0.47,1.4299999,,
"SIND-025-PZ","10/24/20 00:00:00",,0.43000001,4.0700002,,
"SIND-027-PZ","10/24/20 00:00:00",,0.69999999,,"choked",
"SIND-035-NEW","10/24/20 00:00:00",,0.69999999,2.8,,
"SIND-036-PZ","10/22/20 00:00:00",,0.44999999,5.1500001,,
"SIND-037-PZ","10/22/20 00:00:00",,0.60000002,3.4000001,,
"SIND-038-PZ","10/24/20 00:00:00",,0.44999999,2.8,,
"SIND-040-PZ","10/21/20 00:00:00",,0.61000001,1.1900001,,
"SIND-PTW-01 NEW","10/26/20 00:00:00",,0.69999999,4.0999999,,
"SIND-002-PZ","10/26/20 00:00:00",,0.64999998,1.5,,
"SIND-003-PZ","10/26/20 00:00:00",,0.80000001,7.3000002,,
"SIND-004-B-PZ","10/28/20 00:00:00",,0.60000002,6.9000001,,
"SIND-004-C-PZ","10/28/20 00:00:00",,0.69999999,6.8000002,,
"SIND-005-PZ","10/25/20 00:00:00",,0.69999999,1.3,,
"SIND-028-PZ","10/29/20 00:00:00",,0.56,3,,
"SIND-029-PZ","10/28/20 00:00:00",,0.44999999,7.6500001,,
"SIND-030-PZ","10/28/20 00:00:00",,0.85000002,,"choked",
"SIND-031-PZ","10/29/20 00:00:00",,0.51999998,1.3,,
"SIND-032-PZ","10/28/20 00:00:00",,0.51999998,11.5,,
"SIND-033-PZ","10/28/20 00:00:00",,0.64999998,2.5,,
"SIND-34-PTW-NEW","10/28/20 00:00:00",,1,4.9000001,,
"SIND-06-PTW","10/21/20 00:00:00",,0.60000002,0.60000002,,
"SIND-PTW-07","10/22/20 00:00:00",,0.55000001,2.8499999,,
"SIND-008-PZ","10/26/20 00:00:00",,0.36000001,4.2399998,,
"SIND-009-PZ","10/28/20 00:00:00",,0.89999998,9.3999996,,
"SIND-010-PZ","10/28/20 00:00:00",,0.44999999,1.65,,
"SIND-011-PZ","10/29/20 00:00:00",,0.2,2.25,,
"SIND-013-PZ","10/23/20 00:00:00",,0.73000002,5.9699998,,
"SIND-014-PZ","10/23/20 00:00:00",,0.23999999,6.2600002,,
"SIND-015-PZ","10/21/20 00:00:00",,0.75,4.6500001,,
"SIND-016-PZ","10/30/20 00:00:00",,0.60000002,6.8000002,,
"SIND-017-PZ","10/22/20 00:00:00",,0.75,5.4499998,,
"SIND-018-PZ","10/22/20 00:00:00",,0.47,3.9300001,,
"SIND-039-B-PZ","10/27/20 00:00:00",,0.75,1.15,,
"SIND-026-PZ","10/25/20 00:00:00",,0.34,1.8,,
"SIND-019-A-PZ","11/02/20 00:00:00",,0.30000001,5.1999998,,
"SIND-019-B-PZ","11/02/20 00:00:00",,0.60000002,4.8000002,,
"SIND-019-C-PZ","11/02/20 00:00:00",,0.60000002,4.9000001,,
"SIND-020-PZ","11/04/20 00:00:00",,0.47999999,4.8200002,,
"SIND-021-PZ","11/04/20 00:00:00",,0.51999998,2.9000001,,
"SIND-022-PZ","11/02/20 00:00:00",,0.63,7.0700002,,
"SIND-023-PZ","11/02/20 00:00:00",,0.47,0.63,,
"SIND-025-PZ","11/06/20 00:00:00",,0.43000001,4.3699999,,
"SIND-035-NEW","11/06/20 00:00:00",,0.69999999,3,,
"SIND-036-PZ","11/04/20 00:00:00",,0.44999999,8.3500004,,
"SIND-037-PZ","11/04/20 00:00:00",,0.60000002,4,,
"SIND-038-PZ","11/06/20 00:00:00",,0.44999999,3.2,,
"SIND-040-PZ","11/02/20 00:00:00",,0.61000001,1.29,,
"SIND-001-PZ","11/02/20 00:00:00",,0.44999999,4.3000002,,
"SIND-002-PZ","11/02/20 00:00:00",,0.64999998,1.8,,
"SIND-003-PZ","11/02/20 00:00:00",,0.80000001,7.5,,
"SIND-004-B-PZ","11/04/20 00:00:00",,0.60000002,6.8000002,,
"SIND-004-C-PZ","11/04/20 00:00:00",,0.69999999,7.0999999,,
"SIND-005-PZ","11/07/20 00:00:00",,0.69999999,1.5,,
"SIND-028-PZ","11/05/20 00:00:00",,0.56,3.3,,
"SIND-029-PZ","11/07/20 00:00:00",,0.44999999,7.5500002,,
"SIND-031-PZ","11/03/20 00:00:00",,0.51999998,1.5,,
"SIND-032-PZ","11/06/20 00:00:00",,0.51999998,11.68,,
"SIND-033-PZ","11/06/20 00:00:00",,0.64999998,2.4000001,,
"SIND-034-PZ","11/03/20 00:00:00",,0.41999999,5.0999999,,
"SIND-06-PTW","11/03/20 00:00:00",,0.60000002,6.8000002,,
"SIND-008-PZ","11/08/20 00:00:00",,0.36000001,5.7399998,,
"SIND-009-PZ","11/08/20 00:00:00",,0.89999998,10.9,,
"SIND-010-PZ","11/08/20 00:00:00",,0.44999999,1.95,,
"SIND-011-PZ","11/09/20 00:00:00",,0.2,3.4000001,,
"SIND-013-PZ","11/09/20 00:00:00",,0.73000002,7.8699999,,
"SIND-014-PZ","11/09/20 00:00:00",,0.23999999,7.96,,
"SIND-015-PZ","11/09/20 00:00:00",,0.75,6.75,,
"SIND-016-PZ","11/09/20 00:00:00",,0.60000002,8.5,,
"SIND-017-PZ","11/08/20 00:00:00",,0.75,6.8499999,,
"SIND-PTW-18","11/08/20 00:00:00",,0.89999998,4.5300002,,
"SIND-039-B-PZ","11/10/20 00:00:00",,0.75,2.25,,
"SIND-026-PZ","11/09/20 00:00:00",,0.34,2.1500001,,
"SIND-019-A-PZ","12/25/20 00:00:00",,0.30000001,9,,
"SIND-019-A-PZ","01/04/21 00:00:00",,0.30000001,11.2,,
"SIND-019-B-PZ","12/25/20 00:00:00",,0.60000002,9.6999998,,
"SIND-019-B-PZ","01/04/21 00:00:00",,0.60000002,11.3,,
"SIND-019-C-PZ","12/25/20 00:00:00",,0.60000002,10,,
"SIND-019-C-PZ","01/04/21 00:00:00",,0.60000002,11.1,,
"SIND-020-PZ","12/25/20 00:00:00",,0.47999999,7.1999998,,
"SIND-020-PZ","02/21/21 00:00:00",,0.47999999,8.0200005,,
"SIND-021-PZ","12/25/20 00:00:00",,0.51999998,2.8,,
"SIND-021-PZ","01/04/21 00:00:00",,0.51999998,5.5,,
"SIND-022-PZ","12/25/20 00:00:00",,0.63,9.5,,
"SIND-022-PZ","01/04/21 00:00:00",,0.63,10.7,,
"SIND-023-PZ","12/25/20 00:00:00",,0.47,1.1900001,,
"SIND-023-PZ","01/04/21 00:00:00",,0.47,1.1900001,,
"SIND-025-PZ","12/26/20 00:00:00",,0.43000001,8,,
"SIND-025-PZ","01/05/21 00:00:00",,0.43000001,9.1700001,,
"SIND-035-NEW","12/26/20 00:00:00",,0.69999999,4.5999999,,
"SIND-035-NEW","01/05/21 00:00:00",,0.69999999,5.1999998,,
"SIND-036-PZ","12/25/20 00:00:00",,0.44999999,9.8999996,,
"SIND-036-PZ","01/04/21 00:00:00",,0.44999999,8.3500004,,
"SIND-037-PZ","12/25/20 00:00:00",,0.60000002,4.6500001,,
"SIND-037-PZ","01/04/21 00:00:00",,0.60000002,12.3,,
"SIND-038-PZ","12/26/20 00:00:00",,0.44999999,5.4499998,,
"SIND-038-PZ","01/05/21 00:00:00",,0.44999999,5.3000002,,
"SIND-040-PZ","12/25/20 00:00:00",,0.61000001,3.6900001,,
"SIND-040-PZ","01/04/21 00:00:00",,0.61000001,4.8899999,,
"SIND-PTW-01 NEW","12/21/20 00:00:00",,0.69999999,4.5,,
"SIND-PTW-01 NEW","01/06/21 00:00:00",,0.69999999,6.3000002,,
"SIND-002-PZ","12/21/20 00:00:00",,0.64999998,2.9000001,,
"SIND-002-PZ","01/06/21 00:00:00",,0.64999998,8.75,,
"SIND-013-PZ","12/21/20 00:00:00",,0.73000002,7.8000002,,
"SIND-013-PZ","01/07/21 00:00:00",,0.73000002,13.2,,
"SIND-004-B-PZ","12/22/20 00:00:00",,0.60000002,7.5,,
"SIND-004-B-PZ","01/07/21 00:00:00",,0.60000002,7.1999998,,
"SIND-004-C-PZ","12/22/20 00:00:00",,0.69999999,8.5,,
"SIND-004-C-PZ","01/07/21 00:00:00",,0.69999999,8,,
"SIND-005-PZ","12/25/20 00:00:00",,0.69999999,3,,
"SIND-005-PZ","01/07/21 00:00:00",,0.69999999,6.1999998,,
"SIND-028-PZ","12/23/20 00:00:00",,0.56,5.4000001,,
"SIND-028-PZ","01/07/21 00:00:00",,0.56,11.94,,
"SIND-029-PZ","12/23/20 00:00:00",,0.44999999,9.1499996,,
"SIND-029-PZ","01/07/21 00:00:00",,0.44999999,12.5,,
"SIND-031-PZ","12/25/20 00:00:00",,0.51999998,2.0999999,,
"SIND-031-PZ","01/07/21 00:00:00",,0.51999998,16.879999,,
"SIND-032-PZ","12/25/20 00:00:00",,0.51999998,11.8,,
"SIND-032-PZ","01/06/21 00:00:00",,0.51999998,13.98,,
"SIND-033-PZ","12/25/20 00:00:00",,0.64999998,1.5,,
"SIND-033-PZ","01/07/21 00:00:00",,0.64999998,7.1500001,,
"SIND-34-PTW-NEW","12/25/20 00:00:00",,1,6.6999998,,
"SIND-34-PTW-NEW","01/07/21 00:00:00",,1,5,,
"SIND-06-PTW","12/21/20 00:00:00",,0.60000002,8.1999998,,
"SIND-06-PTW","01/03/21 00:00:00",,0.60000002,8.5500002,,
"SIND-PTW-07","12/22/20 00:00:00",,0.55000001,7.4499998,,
"SIND-PTW-07","01/02/21 00:00:00",,0.55000001,9.75,,
"SIND-008-PZ","12/29/20 00:00:00",,0.36000001,8.29,,
"SIND-008-PZ","01/08/21 00:00:00",,0.36000001,9.9399996,,
"SIND-009-PZ","12/29/20 00:00:00",,0.89999998,14.4,,
"SIND-009-PZ","01/08/21 00:00:00",,0.89999998,16.5,,
"SIND-010-PZ","12/29/20 00:00:00",,0.44999999,6.0500002,,
"SIND-010-PZ","01/08/21 00:00:00",,0.44999999,8.6999998,,
"SIND-011-PZ","12/21/20 00:00:00",,0.2,8.5,,
"SIND-011-PZ","01/09/21 00:00:00",,0.2,11.4,,
"SIND-013-PZ","12/28/20 00:00:00",,0.73000002,11.07,,
"SIND-013-PZ","01/08/21 00:00:00",,0.73000002,13.07,,
"SIND-014-PZ","12/28/20 00:00:00",,0.23999999,11.16,,
"SIND-014-PZ","01/08/21 00:00:00",,0.23999999,13.06,,
"SIND-015-PZ","12/31/20 00:00:00",,0.75,14.95,,
"SIND-015-PZ","01/08/21 00:00:00",,0.75,21.549999,,
"SIND-016-PZ","12/26/20 00:00:00",,0.60000002,11.8,,
"SIND-016-PZ","01/09/21 00:00:00",,0.60000002,14.1,,
"SIND-017-PZ","12/21/20 00:00:00",,0.75,13.55,"55",
"SIND-017-PZ","01/09/21 00:00:00",,0.75,15.65,,
"SIND-018-PZ","12/21/20 00:00:00",,0.47,7.6799998,,
"SIND-018-PZ","01/09/21 00:00:00",,0.47,9.7299995,,
"SIND-039-B-PZ","12/30/20 00:00:00",,0.75,9.5699997,,
"SIND-039-B-PZ","01/08/21 00:00:00",,0.75,8.9200001,,
"SIND-026-PZ","12/27/20 00:00:00",,0.34,3.3,,
"SIND-026-PZ","01/09/21 00:00:00",,0.34,4.4000001,,
"SIND-019-A-PZ","02/21/21 00:00:00",,0.30000001,11.5,,
"SIND-019-B-PZ","02/21/21 00:00:00",,0.60000002,11.45,,
"SIND-019-C-PZ","02/21/21 00:00:00",,0.60000002,8.0200005,,
"SIND-021-PZ","02/21/21 00:00:00",,0.51999998,5.9000001,,
"SIND-022-PZ","02/21/21 00:00:00",,0.63,10.27,,
"SIND-023-PZ","02/21/21 00:00:00",,0.47,1.1900001,,
"SIND-025-PZ","02/21/21 00:00:00",,0.43000001,9.6700001,,
"SIND-035-NEW","02/21/21 00:00:00",,0.69999999,5.8000002,,
"SIND-036-PZ","02/21/21 00:00:00",,,8.6499996,,
"SIND-037-PZ","02/21/21 00:00:00",,0.60000002,12.9,,
"SIND-038-PZ","02/21/21 00:00:00",,0.44999999,6.3000002,,
"SIND-040-PZ","02/21/21 00:00:00",,0.61000001,5.29,,
"SIND-001-PZ","02/24/21 00:00:00",,0.44999999,7.0999999,,
"SIND-002-PZ","02/24/21 00:00:00",,0.64999998,9.3000002,,
"SIND-003-PZ","02/24/21 00:00:00",,0.80000001,13,,
"SIND-004-B-PZ","02/24/21 00:00:00",,0.60000002,7.9000001,,
"SIND-004-C-PZ","02/24/21 00:00:00",,0.69999999,850,,
"SIND-005-PZ","02/25/21 00:00:00",,0.69999999,6,,
"SIND-028-PZ","02/25/21 00:00:00",,0.56,11.1,,
"SIND-029-PZ","02/24/21 00:00:00",,0.44999999,12.7,,
"SIND-031-PZ","02/25/21 00:00:00",,0.51999998,17.5,,
"SIND-032-PZ","02/24/21 00:00:00",,0.51999998,13.5,,
"SIND-033-PZ","02/24/21 00:00:00",,0.64999998,6.5,,
"SIND-034-PZ","02/24/21 00:00:00",,0.41999999,6.0999999,,
"SIND-06-PTW","02/20/21 00:00:00",,0.60000002,9.3599997,,
"SIND-PTW-07","02/21/21 00:00:00",,0.55000001,10.8,,
"SIND-008-PZ","02/21/21 00:00:00",,0.36000001,11.04,,
"SIND-009-PZ","02/21/21 00:00:00",,0.89999998,17.200001,,
"SIND-010-PZ","02/21/21 00:00:00",,0.44999999,9.75,,
"SIND-011-PZ","02/23/21 00:00:00",,0.2,12.2,,
"SIND-013-PZ","02/20/21 00:00:00",,0.73000002,14.37,,
"SIND-014-PZ","02/20/21 00:00:00",,0.23999999,14.45,,
"SIND-015-PZ","02/23/21 00:00:00",,0.75,22.35,,
"SIND-016-PZ","02/25/21 00:00:00",,0.60000002,14.9,,
"SIND-017-PZ","02/26/21 00:00:00",,0.75,16.75,,
"SIND-018-PZ","02/25/21 00:00:00",,0.47,11.03,,
"SIND-039-B-PZ","02/24/21 00:00:00",,0.75,9.0299997,,
"SIND-026-PZ","02/24/21 00:00:00",,0.34,5.0999999,,
"SIND-019-A-PZ","06/02/21 00:00:00",,0.30000001,21.1,,
"SIND-019-B-PZ","06/02/21 00:00:00",,0.60000002,16.049999,,
"SIND-019-C-PZ","06/02/21 00:00:00",,0.60000002,15.8,,
"SIND-020-PZ","06/02/21 00:00:00",,0.47999999,10.12,,
"SIND-021-PZ","06/02/21 00:00:00",,0.51999998,8.8999996,,
"SIND-022-PZ","06/02/21 00:00:00",,0.63,17.27,,
"SIND-023-PZ","06/02/21 00:00:00",,0.47,12.73,,
"SIND-025-PZ","06/03/21 00:00:00",,0.43000001,16.07,,
"SIND-035-NEW","06/03/21 00:00:00",,0.69999999,4.4000001,,
"SIND-036-PZ","06/02/21 00:00:00",,0.44999999,14.45,,
"SIND-037-PZ","06/02/21 00:00:00",,0.60000002,16.9,,
"SIND-038-PZ","06/03/21 00:00:00",,0.44999999,19.1,,
"SIND-001-PZ","06/06/21 00:00:00",,0.44999999,16.5,,
"SIND-002-PZ","06/08/21 00:00:00",,0.64999998,10.95,,
"SIND-003-PZ","06/08/21 00:00:00",,0.80000001,13.7,,
"SIND-004-C-PZ","06/08/21 00:00:00",,0.69999999,13.8,,
"SIND-005-PZ","06/09/21 00:00:00",,0.69999999,9.8000002,,
"SIND-028-PZ","06/09/21 00:00:00",,0.56,23.940001,,
"SIND-029-PZ","06/08/21 00:00:00",,0.44999999,16.549999,,
"SIND-031-PZ","06/08/21 00:00:00",,0.51999998,31.879999,,
"SIND-032-PZ","06/08/21 00:00:00",,0.51999998,18.08,,
"SIND-033-PZ","06/08/21 00:00:00",,0.64999998,10.35,,
"SIND-06-PTW","06/07/21 00:00:00",,0.60000002,9.3999996,,
"SIND-PTW-07","06/06/21 00:00:00",,0.55000001,8.75,,
"SIND-008-PZ","06/07/21 00:00:00",,0.36000001,14.24,,
"SIND-009-PZ","06/07/21 00:00:00",,0.89999998,20.5,,
"SIND-010-PZ","06/07/21 00:00:00",,0.44999999,10.65,,
"SIND-011-PZ","06/05/21 00:00:00",,0.2,18.200001,,
"SIND-013-PZ","06/03/21 00:00:00",,0.73000002,20.469999,,
"SIND-014-PZ","06/03/21 00:00:00",,0.23999999,22.860001,,
"SIND-015-PZ","06/04/21 00:00:00",,0.75,26.35,,
"SIND-016-PZ","06/08/21 00:00:00",,0.60000002,21.799999,,
"SIND-017-PZ","06/02/21 00:00:00",,0.75,24.15,,
"SIND-018-PZ","06/02/21 00:00:00",,0.47,6.3299999,,
"SIND-039-B-PZ","06/05/21 00:00:00",,0.75,10.6,,
"SIND-026-PZ","06/01/21 00:00:00",,0.34,13.75,,
"SIND-019-A-PZ","03/26/21 00:00:00",,0.30000001,20.700001,,
"SIND-019-B-PZ","03/26/21 00:00:00",,0.60000002,15.5,,
"SIND-019-C-PZ","03/26/21 00:00:00",,0.60000002,15.3,,
"SIND-021-PZ","03/26/21 00:00:00",,0.51999998,9.0200005,,
"SIND-022-PZ","03/26/21 00:00:00",,0.63,16.299999,,
"SIND-023-PZ","03/26/21 00:00:00",,0.47,11.13,,
"SIND-025-PZ","03/27/21 00:00:00",,0.43000001,14.97,,
"SIND-035-NEW","03/27/21 00:00:00",,0.69999999,4.1999998,,
"SIND-036-PZ","03/26/21 00:00:00",,0.44999999,13.8,"8",
"SIND-037-PZ","03/26/21 00:00:00",,0.60000002,15.45,,
"SIND-038-PZ","03/27/21 00:00:00",,0.44999999,18.9,,
"SIND-040-PZ","03/26/21 00:00:00",,0.61000001,7.8899999,,
"SIND-PTW-01 NEW","03/25/21 00:00:00",,0.69999999,15.3,,
"SIND-002-PZ","03/25/21 00:00:00",,0.64999998,9.25,,
"SIND-003-PZ","03/25/21 00:00:00",,0.80000001,13.4,,
"SIND-004-C-PZ","03/25/21 00:00:00",,0.69999999,12.7,,
"SIND-005-PZ","03/26/21 00:00:00",,0.69999999,10,,
"SIND-028-PZ","03/26/21 00:00:00",,0.56,23.24,,
"SIND-029-PZ","03/25/21 00:00:00",,0.44999999,14.05,,
"SIND-031-PZ","03/25/21 00:00:00",,0.51999998,33.48,,
"SIND-032-PZ","03/25/21 00:00:00",,0.51999998,17.18,,
"SIND-033-PZ","03/25/21 00:00:00",,0.64999998,9.75,,
"SIND-06-PTW","03/20/21 00:00:00",,0.60000002,9.1999998,,
"SIND-PTW-07","03/20/21 00:00:00",,0.55000001,11.05,,
"SIND-008-PZ","03/22/21 00:00:00",,0.36000001,14.34,,
"SIND-009-PZ","03/22/21 00:00:00",,0.89999998,22.299999,,
"SIND-010-PZ","03/22/21 00:00:00",,0.44999999,15.95,,
"SIND-011-PZ","03/30/21 00:00:00",,0.2,13.85,,
"SIND-013-PZ","03/20/21 00:00:00",,0.73000002,18.52,,
"SIND-014-PZ","03/20/21 00:00:00",,0.23999999,21.48,,
"SIND-015-PZ","03/21/21 00:00:00",,0.75,26.15,,
"SIND-016-PZ","03/24/21 00:00:00",,0.60000002,18,,
"SIND-017-PZ","03/23/21 00:00:00",,0.75,20.65,,
"SIND-PTW-18","03/23/21 00:00:00",,0.89999998,14.83,,
"SIND-039-B-PZ","03/27/21 00:00:00",,0.75,12.4,,
"SIND-026-PZ","03/30/21 00:00:00",,0.34,9.3999996,,
"SIND-019-A-PZ","08/21/21 00:00:00",,0.30000001,10.5,,
"SIND-019-B-PZ","08/21/21 00:00:00",,0.60000002,9.8999996,,
"SIND-019-C-PZ","08/21/21 00:00:00",,0.60000002,13.9,,
"SIND-020-PZ","08/21/21 00:00:00",,0.47999999,7.4200001,,
"SIND-021-PZ","08/21/21 00:00:00",,0.51999998,4.1999998,,
"SIND-023-PZ","08/21/21 00:00:00",,0.47,6.9299998,,
"SIND-024-PZ","08/21/21 00:00:00",,0.44999999,6.9299998,,
"SIND-022-PZ","08/21/21 00:00:00",,0.63,7.8699999,,
"SIND-025-PZ","08/31/21 00:00:00",,0.43000001,10.47,,
"SIND-035-NEW","08/31/21 00:00:00",,0.69999999,3.0999999,,
"SIND-036-PZ","08/21/21 00:00:00",,0.44999999,9.1499996,,
"SIND-037-PZ","08/21/21 00:00:00",,0.60000002,12.5,,
"SIND-038-PZ","08/21/21 00:00:00",,0.44999999,8.5,,
"SIND-040-PZ","08/21/21 00:00:00",,0.61000001,7.6900001,,
"SIND-PTW-01 NEW","08/21/21 00:00:00",,0.69999999,7.9000001,,
"SIND-002-PZ","08/21/21 00:00:00",,0.64999998,6.5500002,,
"SIND-003-PZ","08/21/21 00:00:00",,0.80000001,9.8999996,,
"SIND-004-B-PZ","08/21/21 00:00:00",,0.60000002,8.8999996,,
"SIND-004-C-PZ","08/21/21 00:00:00",,0.69999999,8.75,,
"SIND-005-PZ","08/23/21 00:00:00",,0.69999999,3.3,,
"SIND-028-PZ","08/23/21 00:00:00",,0.56,3.49,,
"SIND-029-PZ","08/23/21 00:00:00",,0.44999999,13.45,,
"SIND-031-PZ","08/21/21 00:00:00",,0.51999998,9.9300003,,
"SIND-032-PZ","08/21/21 00:00:00",,0.51999998,12.58,,
"SIND-033-PZ","08/21/21 00:00:00",,0.64999998,2.95,,
"SIND-06-PTW","08/28/21 00:00:00",,0.60000002,4.2600002,,
"SIND-PTW-07","08/28/21 00:00:00",,0.55000001,2.5799999,,
"SIND-008-PZ","08/23/21 00:00:00",,0.36000001,7.8400002,,
"SIND-009-PZ","08/23/21 00:00:00",,0.89999998,11.4,,
"SIND-010-PZ","08/23/21 00:00:00",,0.44999999,0.94999999,,
"SIND-011-PZ","08/24/21 00:00:00",,0.2,1.7,,
"SIND-013-PZ","08/21/21 00:00:00",,0.73000002,6.77,,
"SIND-014-PZ","08/21/21 00:00:00",,0.23999999,9.0600004,,
"SIND-015-PZ","08/24/21 00:00:00",,0.75,21.950001,,
"SIND-016-PZ","08/25/21 00:00:00",,0.60000002,8.1999998,,
"SIND-017-PZ","08/26/21 00:00:00",,0.75,13.85,,
"SIND-018-PZ","08/25/21 00:00:00",,0.47,7.73,,
"SIND-039-B-PZ","08/24/21 00:00:00",,0.75,1.85,,
"SIND-026-PZ","08/21/21 00:00:00",,0.34,9.5,,
"SIND-019-A-PZ","11/01/21 00:00:00",,0.30000001,2.9000001,,
"SIND-019-B-PZ","11/01/21 00:00:00",,0.60000002,2.9000001,,
"SIND-019-C-PZ","11/01/21 00:00:00",,0.60000002,4.1999998,,
"SIND-020-PZ","11/01/21 00:00:00",,0.47999999,3.6199999,,
"SIND-021-PZ","11/01/21 00:00:00",,0.51999998,2.2,,
"SIND-022-PZ","11/01/21 00:00:00",,0.63,5.27,,
"SIND-023-PZ","11/01/21 00:00:00",,0.47,1.03,,
"SIND-025-PZ","11/02/21 00:00:00",,0.43000001,3.6700001,,
"SIND-035-NEW","11/02/21 00:00:00",,0.69999999,2.7,,
"SIND-036-PZ","11/01/21 00:00:00",,0.44999999,7.6500001,,
"SIND-037-PZ","11/01/21 00:00:00",,0.60000002,1.6,,
"SIND-038-PZ","11/02/21 00:00:00",,0.44999999,6.3000002,,
"SIND-040-PZ","11/01/21 00:00:00",,0.61000001,4.79,,
"SIND-PTW-01 NEW","11/09/21 00:00:00",,0.69999999,2.95,,
"SIND-003-PZ","11/09/21 00:00:00",,0.80000001,8.6999998,,
"SIND-004-B-PZ","11/09/21 00:00:00",,0.60000002,2.8,,
"SIND-004-C-PZ","11/09/21 00:00:00",,0.69999999,2.7,,
"SIND-005-PZ","11/10/21 00:00:00",,0.69999999,1.1,,
"SIND-028-PZ","11/10/21 00:00:00",,0.56,5.04,,
"SIND-029-PZ","11/09/21 00:00:00",,0.44999999,7.5500002,,
"SIND-031-PZ","11/09/21 00:00:00",,0.51999998,14.88,,
"SIND-032-PZ","11/09/21 00:00:00",,0.51999998,6.2800002,,
"SIND-033-PZ","11/09/21 00:00:00",,0.64999998,2.1500001,,
"SIND-06-PTW","11/07/21 00:00:00",,0.60000002,3.9000001,,
"SIND-PTW-07","11/08/21 00:00:00",,0.55000001,8.3500004,,
"SIND-008-PZ","11/08/21 00:00:00",,0.36000001,4.1399999,,
"SIND-008-PZ","11/06/21 00:00:00",,0.36000001,9.1999998,,
"SIND-010-PZ","11/06/21 00:00:00",,0.44999999,0.75,,
"SIND-011-PZ","11/06/21 00:00:00",,0.2,2.0999999,,
"SIND-013-PZ","11/01/21 00:00:00",,0.73000002,7.3699999,,
"SIND-014-PZ","11/01/21 00:00:00",,0.23999999,7.6599998,,
"SIND-015-PZ","11/03/21 00:00:00",,0.75,5.4499998,,
"SIND-016-PZ","11/02/21 00:00:00",,0.60000002,7.8000002,,
"SIND-017-PZ","11/02/21 00:00:00",,0.75,6.9499998,,
"SIND-PTW-18","11/02/21 00:00:00",,0.89999998,5.3299999,,
"SIND-039-B-PZ","11/08/21 00:00:00",,0.75,2.95,,
"SIND-026-PZ","11/03/21 00:00:00",,0.34,2.2,,
"SIND-019-A-PZ","09/23/21 00:00:00",,0.30000001,7.3000002,,
"SIND-019-B-PZ","09/23/21 00:00:00",,0.60000002,6.9000001,,
"SIND-019-C-PZ","09/23/21 00:00:00",,0.60000002,12.1,,
"SIND-020-PZ","09/24/21 00:00:00",,0.47999999,4.4200001,,
"SIND-021-PZ","09/21/21 00:00:00",,0.51999998,2.9000001,,
"SIND-022-PZ","09/24/21 00:00:00",,0.63,6.4699998,,
"SIND-023-PZ","09/24/21 00:00:00",,0.47,1.8,,
"SIND-025-PZ","09/24/21 00:00:00",,0.43000001,3.47,,
"SIND-035-NEW","09/23/21 00:00:00",,0.69999999,3.0999999,,
"SIND-036-PZ","09/24/21 00:00:00",,0.44999999,8.6999998,,
"SIND-037-PZ","09/24/21 00:00:00",,0.60000002,10.4,,
"SIND-038-PZ","09/23/21 00:00:00",,0.44999999,6.6999998,,
"SIND-040-PZ","09/23/21 00:00:00",,0.61000001,4.6900001,,
"SIND-PTW-01 NEW","09/27/21 00:00:00",,0.69999999,3.0999999,,
"SIND-002-PZ","09/27/21 00:00:00",,0.64999998,2.25,,
"SIND-003-PZ","09/27/21 00:00:00",,0.80000001,4.6999998,,
"SIND-004-B-PZ","09/27/21 00:00:00",,0.60000002,5.8000002,,
"SIND-004-C-PZ","09/27/21 00:00:00",,0.69999999,5,,
"SIND-028-PZ","09/28/21 00:00:00",,0.56,5.3899999,,
"SIND-029-PZ","09/27/21 00:00:00",,0.44999999,7.6500001,,
"SIND-031-PZ","09/27/21 00:00:00",,0.51999998,0.57999998,,
"SIND-032-PZ","09/27/21 00:00:00",,0.51999998,2.48,,
"SIND-033-PZ","09/27/21 00:00:00",,0.64999998,1.05,,
"SIND-06-PTW","09/29/21 00:00:00",,0.60000002,0.15000001,,
"SIND-PTW-07","09/29/21 00:00:00",,0.55000001,1.55,,
"SIND-008-PZ","09/21/21 00:00:00",,0.36000001,7.3400002,,
"SIND-009-PZ","09/21/21 00:00:00",,0.89999998,9.8999996,,
"SIND-010-PZ","09/21/21 00:00:00",,0.44999999,0.85000002,,
"SIND-011-PZ","09/22/21 00:00:00",,0.2,1.35,,
"SIND-013-PZ","09/20/21 00:00:00",,0.73000002,5.1500001,,
"SIND-014-PZ","08/20/21 00:00:00",,0.23999999,7.3600001,,
"SIND-015-PZ","09/22/21 00:00:00",,0.75,18.450001,,
"SIND-016-PZ","09/23/21 00:00:00",,0.60000002,6.5999999,,
"SIND-017-PZ","09/23/21 00:00:00",,0.75,11.35,,
"SIND-018-PZ","09/23/21 00:00:00",,0.47,6.1300001,,
"SIND-039-B-PZ","09/22/21 00:00:00",,0.75,1.45,,
"SIND-026-PZ","09/20/21 00:00:00",,0.34,8.3999996,,
"SIND-019-A-PZ","12/26/22 00:00:00",,0.30000001,9.1999998,,
"SIND-019-A-PZ","01/05/22 00:00:00",,0.30000001,9.5,,
"SIND-019-B-PZ","12/26/21 00:00:00",,0.60000002,9.8999996,,
"SIND-019-B-PZ","01/05/22 00:00:00",,0.60000002,10.6,,
"SIND-019-C-PZ","12/26/21 00:00:00",,0.60000002,8.5,,
"SIND-019-C-PZ","01/05/22 00:00:00",,0.60000002,9.1999998,,
"SIND-020-PZ","12/26/21 00:00:00",,0.47999999,4.4200001,,
"SIND-020-PZ","01/05/22 00:00:00",,0.47999999,5.1199999,,
"SIND-021-PZ","12/26/21 00:00:00",,0.51999998,3.0999999,,
"SIND-021-PZ","01/05/22 00:00:00",,0.51999998,3.7,,
"SIND-022-PZ","12/26/21 00:00:00",,0.63,14.57,,
"SIND-022-PZ","01/05/22 00:00:00",,0.63,15.27,,
"SIND-023-PZ","12/26/21 00:00:00",,0.47,2.23,,
"SIND-023-PZ","01/05/22 00:00:00",,0.47,2.6300001,,
"SIND-025-PZ","12/27/21 00:00:00",,0.43000001,7.1700001,,
"SIND-025-PZ","01/04/22 00:00:00",,0.43000001,8.0699997,,
"SIND-035-NEW","12/27/21 00:00:00",,0.69999999,2.8,,
"SIND-035-NEW","01/04/22 00:00:00",,0.69999999,3.2,,
"SIND-036-PZ","12/26/21 00:00:00",,0.44999999,9.4499998,,
"SIND-036-PZ","01/04/22 00:00:00",,0.44999999,11.7,,
"SIND-037-PZ","12/26/21 00:00:00",,0.60000002,7.1999998,,
"SIND-037-PZ","01/05/22 00:00:00",,0.60000002,7.6999998,,
"SIND-038-PZ","12/27/21 00:00:00",,0.44999999,6.4000001,,
"SIND-038-PZ","01/04/22 00:00:00",,0.44999999,7,,
"SIND-040-PZ","12/26/21 00:00:00",,0.61000001,5.1900001,,
"SIND-040-PZ","01/05/22 00:00:00",,0.61000001,5.5900002,,
"SIND-001-PZ","12/28/21 00:00:00",,0.44999999,5.5500002,,
"SIND-001-PZ","01/03/22 00:00:00",,0.44999999,,"chocked",
"SIND-002-PZ","12/28/21 00:00:00",,0.64999998,5.0999999,,
"SIND-002-PZ","01/03/22 00:00:00",,0.64999998,5.8499999,,
"SIND-003-PZ","12/28/21 00:00:00",,0.80000001,9.6999998,,
"SIND-003-PZ","01/03/22 00:00:00",,0.80000001,10.2,,
"SIND-004-B-PZ","12/28/21 00:00:00",,0.60000002,4.5,,
"SIND-004-B-PZ","01/03/22 00:00:00",,0.60000002,5.8000002,,
"SIND-004-C-PZ","12/28/21 00:00:00",,0.69999999,4,,
"SIND-004-C-PZ","01/03/22 00:00:00",,0.69999999,5.1999998,,
"SIND-005-PZ","12/29/21 00:00:00",,0.69999999,5.23,,
"SIND-005-PZ","01/04/22 00:00:00",,0.69999999,4.77,,
"SIND-028-PZ","12/29/21 00:00:00",,0.56,7.9400001,,
"SIND-028-PZ","01/04/22 00:00:00",,0.56,10.94,,
"SIND-029-PZ","12/28/21 00:00:00",,0.44999999,12.36,,
"SIND-029-PZ","01/03/22 00:00:00",,0.44999999,12.36,,
"SIND-031-PZ","12/29/21 00:00:00",,0.51999998,15.98,,
"SIND-031-PZ","01/03/22 00:00:00",,0.51999998,16.68,,
"SIND-032-PZ","12/28/21 00:00:00",,0.51999998,8.9799995,,
"SIND-032-PZ","01/03/22 00:00:00",,0.51999998,11.18,,
"SIND-033-PZ","12/28/21 00:00:00",,0.64999998,7.4499998,,
"SIND-033-PZ","01/03/22 00:00:00",,0.64999998,11.55,,
"SIND-06-PTW","12/27/21 00:00:00",,0.60000002,3.95,,
"SIND-06-PTW","01/08/22 00:00:00",,0.60000002,4,,
"SIND-PTW-07","12/27/21 00:00:00",,0.55000001,8.4499998,,
"SIND-PTW-07","01/09/22 00:00:00",,0.55000001,8.4499998,,
"SIND-008-PZ","12/27/21 00:00:00",,0.36000001,7.7399998,,
"SIND-008-PZ","01/08/22 00:00:00",,0.36000001,9.54,,
"SIND-009-PZ","12/27/21 00:00:00",,0.89999998,12.3,,
"SIND-009-PZ","01/08/22 00:00:00",,0.89999998,13.6,,
"SIND-010-PZ","12/27/21 00:00:00",,0.44999999,4.3499999,,
"SIND-010-PZ","01/08/22 00:00:00",,0.44999999,5.0500002,,
"SIND-011-PZ","12/21/21 00:00:00",,0.2,8.1000004,,
"SIND-011-PZ","01/07/22 00:00:00",,0.2,9.6000004,,
"SIND-013-PZ","12/24/21 00:00:00",,0.73000002,10.67,,
"SIND-013-PZ","01/05/22 00:00:00",,0.73000002,13.17,,
"SIND-014-PZ","12/24/21 00:00:00",,0.23999999,12.36,,
"SIND-014-PZ","01/05/22 00:00:00",,0.23999999,14.11,,
"SIND-015-PZ","12/20/21 00:00:00",,0.75,15.55,,
"SIND-015-PZ","01/06/22 00:00:00",,0.75,23.35,,
"SIND-016-PZ","12/22/21 00:00:00",,0.60000002,11.3,,
"SIND-016-PZ","01/03/22 00:00:00",,0.60000002,13,,
"SIND-017-PZ","12/22/21 00:00:00",,0.75,13.65,,
"SIND-017-PZ","01/03/22 00:00:00",,0.75,15.4,,
"SIND-018-PZ","12/22/21 00:00:00",,0.47,7.8299999,,
"SIND-018-PZ","01/03/22 00:00:00",,0.47,10.03,,
"SIND-039-B-PZ","12/21/21 00:00:00",,0.75,7.8000002,,
"SIND-039-B-PZ","01/07/22 00:00:00",,0.75,9,,
"SIND-026-PZ","12/20/21 00:00:00",,0.34,3.8499999,,
"SIND-026-PZ","01/06/22 00:00:00",,0.34,5.1999998,,
"SIND-018-PZ","05/25/22 00:00:00",,0.47,16.9,,
"SIND-019-A-PZ","05/25/22 00:00:00",,0.30000001,16.9,,
"SIND-019-B-PZ","05/25/22 00:00:00",,0.60000002,17.4,,
"SIND-019-C-PZ","05/25/22 00:00:00",,0.60000002,18.1,,
"SIND-020-PZ","05/25/20 00:00:00",,0.47999999,11.22,,
"SIND-021-PZ","05/25/22 00:00:00",,0.51999998,8.8999996,,
"SIND-022-PZ","05/25/22 00:00:00",,0.63,27.4,,
"SIND-023-PZ","05/25/22 00:00:00",,0.47,14.65,,
"SIND-025-PZ","05/24/22 00:00:00",,0.43000001,16.969999,,
"SIND-027-PZ","05/24/22 00:00:00",,0.69999999,17.799999,,
"SIND-035-NEW","05/24/22 00:00:00",,0.69999999,5.1999998,,
"SIND-036-PZ","05/25/22 00:00:00",,0.44999999,15.4,,
"SIND-037-PZ","05/25/22 00:00:00",,0.60000002,18.5,,
"SIND-038-PZ","05/24/22 00:00:00",,0.44999999,19.299999,,
"SIND-001-PZ","05/25/22 00:00:00",,0.44999999,11.75,,
"SIND-040-PZ","05/25/22 00:00:00",,0.61000001,11.75,,
"SIND-001-PZ","05/20/22 00:00:00",,0.44999999,,"choked",
"SIND-002-PZ","05/20/22 00:00:00",,0.64999998,10.03,,
"SIND-003-PZ","05/20/22 00:00:00",,0.80000001,13,,
"SIND-004-A-PZ","05/20/22 00:00:00",,0.5,,"choked",
"SIND-004-B-PZ","05/20/22 00:00:00",,0.60000002,14.81,,
"SIND-004-C-PZ","05/20/22 00:00:00",,0.69999999,21.190001,,
"SIND-005-PZ","05/23/22 00:00:00",,0.69999999,11.36,,
"SIND-028-PZ","05/23/22 00:00:00",,0.56,23.290001,,
"SIND-029-PZ","05/20/22 00:00:00",,0.44999999,16.450001,,
"SIND-030-PZ","05/23/22 00:00:00",,0.85000002,,"choked",
"SIND-031-PZ","05/23/22 00:00:00",,0.51999998,36.130001,,
"SIND-032-PZ","05/20/22 00:00:00",,0.51999998,18.360001,,
"SIND-033-PZ","05/20/22 00:00:00",,0.64999998,11.84,,
"SIND-034-PZ","05/23/22 00:00:00",,0.41999999,,"choked",
"SIND-006-PZ","05/31/22 00:00:00",,0.69999999,10.9,,
"SIND-PTW-07","05/30/22 00:00:00",,0.55000001,27.299999,,
"SIND-008-PZ","05/26/22 00:00:00",,0.36000001,14.32,,
"SIND-009-PZ","05/26/22 00:00:00",,0.89999998,23.299999,,
"SIND-010-PZ","05/26/22 00:00:00",,0.44999999,15.92,,
"SIND-011-PZ","05/26/22 00:00:00",,0.2,14.9,,
"SIND-012-PZ","05/26/22 00:00:00",,0.43000001,,"choked",
"SIND-013-PZ","05/26/22 00:00:00",,0.73000002,17.469999,,
"SIND-015-PZ","05/26/22 00:00:00",,0.75,26.200001,,
"SIND-016-PZ","05/27/22 00:00:00",,0.60000002,24.57,,
"SIND-017-PZ","05/27/22 00:00:00",,0.75,25.5,,
"SIND-018-PZ","05/27/22 00:00:00",,0.47,14.73,,
"SIND-039-B-PZ","05/26/22 00:00:00",,0.75,13.8,,
"SIND-039-A-PZ","05/26/22 00:00:00",,0.60000002,,"choked",
"SIND-026-PZ","05/27/22 00:00:00",,0.34,15.9,,
"SIND-019-B-PZ","06/23/22 00:00:00",,0.60000002,17.719999,,
"SIND-019-C-PZ","06/23/22 00:00:00",,0.60000002,18.1,,
"SIND-020-PZ","06/23/22 00:00:00",,0.47999999,11.02,,
"SIND-021-PZ","06/23/22 00:00:00",,0.51999998,9.6499996,,
"SIND-022-PZ","06/23/22 00:00:00",,0.63,27.35,,
"SIND-023-PZ","06/23/22 00:00:00",,0.47,14.1,,
"SIND-024-PZ","06/23/22 00:00:00",,0.44999999,,"choked",
"SIND-025-PZ","06/23/22 00:00:00",,0.43000001,16.67,,
"SIND-027-PZ","06/23/22 00:00:00",,0.69999999,17.5,,
"SIND-035-NEW","06/23/22 00:00:00",,0.69999999,5.0999999,,
"SIND-036-PZ","06/23/22 00:00:00",,0.44999999,15.53,,
"SIND-037-PZ","06/23/22 00:00:00",,0.60000002,20.91,,
"SIND-038-PZ","06/23/22 00:00:00",,0.44999999,19.5,,
"SIND-040-PZ","06/23/22 00:00:00",,0.61000001,11.81,,
"SIND-019-A-PZ","07/29/22 00:00:00",,0.30000001,13.84,,
"SIND-001-PZ","06/20/22 00:00:00",,0.44999999,,"choked",
"SIND-002-PZ","06/20/22 00:00:00",,0.64999998,9.7399998,,
"SIND-003-PZ","06/20/22 00:00:00",,0.80000001,13.4,,
"SIND-004-A-PZ","06/27/22 00:00:00",,0.5,,"choked",
"SIND-004-B-PZ","06/21/22 00:00:00",,0.60000002,15.18,,
"SIND-004-C-PZ","06/21/22 00:00:00",,0.69999999,25.23,,
"SIND-005-PZ","06/21/22 00:00:00",,0.69999999,11.36,,
"SIND-028-PZ","06/21/22 00:00:00",,0.56,23.27,,
"SIND-029-PZ","06/21/22 00:00:00",,0.44999999,17.15,,
"SIND-030-PZ","06/21/22 00:00:00",,0.85000002,,"choked",
"SIND-031-PZ","06/21/22 00:00:00",,0.51999998,36.259998,,
"SIND-032-PZ","06/20/22 00:00:00",,0.51999998,18.65,,
"SIND-033-PZ","06/20/22 00:00:00",,0.64999998,10.92,,
"SIND-06-PTW","06/22/22 00:00:00",,0.60000002,7.9000001,,
"SIND-PTW-07","06/22/22 00:00:00",,0.55000001,27.200001,,
"SIND-008-PZ","06/24/22 00:00:00",,0.36000001,14.31,,
"SIND-009-PZ","06/24/22 00:00:00",,0.89999998,23.5,,
"SIND-010-PZ","06/24/22 00:00:00",,0.44999999,11.22,,
"SIND-011-PZ","06/21/22 00:00:00",,0.2,21.26,,
"SIND-012-PZ","06/21/22 00:00:00",,0.43000001,,"choked",
"SIND-013-PZ","06/23/22 00:00:00",,0.73000002,17.57,,
"SIND-014-PZ","06/23/22 00:00:00",,0.23999999,23.360001,,
"SIND-015-PZ","06/20/22 00:00:00",,0.75,26.280001,,
"SIND-016-PZ","06/22/22 00:00:00",,0.60000002,23.48,,
"SIND-017-PZ","06/22/22 00:00:00",,0.75,25.65,,
"SIND-018-PZ","06/22/22 00:00:00",,0.47,14.93,,
"SIND-039-A-PZ","06/22/22 00:00:00",,0.60000002,,"choked",
"SIND-039-B-PZ","06/21/22 00:00:00",,0.75,13.35,,
"SIND-026-PZ","06/20/22 00:00:00",,0.34,16.18,,
"SIND-019-A-PZ","08/23/22 00:00:00",,0.30000001,6.1700001,,
"SIND-019-B-PZ","07/29/22 00:00:00",,0.60000002,13.5,,
"SIND-019-B-PZ","08/23/22 00:00:00",,0.60000002,4.1999998,,
"SIND-019-C-PZ","07/29/22 00:00:00",,0.60000002,13.1,,
"SIND-019-C-PZ","08/23/22 00:00:00",,0.60000002,6.3000002,,
"SIND-020-PZ","07/29/22 00:00:00",,0.47999999,7.1999998,,
"SIND-020-PZ","08/23/22 00:00:00",,0.47999999,2.4200001,,
"SIND-021-PZ","07/29/22 00:00:00",,0.51999998,4.6399999,,
"SIND-021-PZ","08/23/22 00:00:00",,0.51999998,3.9000001,,
"SIND-022-PZ","07/29/22 00:00:00",,0.63,6.96,,
"SIND-022-PZ","08/23/22 00:00:00",,0.63,3.3599999,,
"SIND-023-PZ","07/29/22 00:00:00",,0.47,6.3299999,,
"SIND-023-PZ","08/23/22 00:00:00",,0.47,1.2,,
"SIND-025-PZ","07/30/22 00:00:00",,0.43000001,9.6700001,,
"SIND-025-PZ","08/22/22 00:00:00",,0.43000001,2.77,,
"SIND-025-PZ","07/30/22 00:00:00",,0.43000001,10.4,,
"SIND-025-PZ","08/22/22 00:00:00",,0.43000001,0.5,,
"SIND-035-NEW","07/30/22 00:00:00",,0.69999999,3,,
"SIND-035-NEW","08/22/22 00:00:00",,0.69999999,1.6,,
"SIND-036-PZ","07/29/22 00:00:00",,0.44999999,6.3000002,,
"SIND-036-PZ","08/23/22 00:00:00",,0.44999999,2.8199999,,
"SIND-037-PZ","07/29/22 00:00:00",,0.60000002,5.4000001,,
"SIND-037-PZ","08/23/22 00:00:00",,0.60000002,0.49000001,,
"SIND-038-PZ","07/30/22 00:00:00",,0.44999999,8.1999998,,
"SIND-038-PZ","08/22/22 00:00:00",,0.44999999,3.4000001,,
"SIND-040-PZ","07/29/22 00:00:00",,0.61000001,8.1800003,,
"SIND-040-PZ","08/23/22 00:00:00",,0.61000001,2.79,,
"SIND-002-PZ","07/29/22 00:00:00",,0.64999998,5.27,,
"SIND-002-PZ","08/27/22 00:00:00",,0.64999998,1.3,,
"SIND-003-PZ","07/29/22 00:00:00",,0.80000001,7.3000002,,
"SIND-003-PZ","08/27/22 00:00:00",,0.80000001,5.5,,
"SIND-004-B-PZ","07/29/22 00:00:00",,0.60000002,11.6,,
"SIND-004-B-PZ","08/27/22 00:00:00",,0.60000002,3.54,,
"SIND-004-C-PZ","07/29/22 00:00:00",,0.69999999,11.4,,
"SIND-004-C-PZ","08/27/22 00:00:00",,0.69999999,2.53,,
"SIND-005-PZ","07/28/22 00:00:00",,0.69999999,11.36,,
"SIND-005-PZ","08/28/22 00:00:00",,0.69999999,9.5,,
"SIND-028-PZ","07/28/22 00:00:00",,0.56,6.9000001,,
"SIND-028-PZ","08/28/22 00:00:00",,0.56,0,,
"SIND-029-PZ","07/29/22 00:00:00",,0.44999999,15.45,,
"SIND-029-PZ","08/27/22 00:00:00",,0.44999999,12.1,,
"SIND-031-PZ","07/29/22 00:00:00",,0.51999998,1.1799999,,
"SIND-031-PZ","08/28/22 00:00:00",,0.51999998,0,,
"SIND-032-PZ","07/29/22 00:00:00",,0.51999998,17.139999,,
"SIND-032-PZ","08/27/22 00:00:00",,0.51999998,5.23,,
"SIND-033-PZ","07/29/22 00:00:00",,0.64999998,3.0999999,,
"SIND-033-PZ","08/27/22 00:00:00",,0.64999998,1.2,,
"SIND-006-PZ","07/27/22 00:00:00",,0.69999999,3.8,,
"SIND-006-PZ","08/26/22 00:00:00",,0.69999999,0.30000001,,
"SIND-008-PZ","07/22/22 00:00:00",,0.36000001,13.5,,
"SIND-008-PZ","08/30/22 00:00:00",,0.36000001,5.0599999,,
"SIND-009-PZ","07/22/22 00:00:00",,0.89999998,17.9,,
"SIND-009-PZ","08/30/22 00:00:00",,0.89999998,7.4000001,,
"SIND-010-PZ","07/22/22 00:00:00",,0.44999999,7.4000001,,
"SIND-010-PZ","08/30/22 00:00:00",,0.44999999,0,,
"SIND-011-PZ","07/23/22 00:00:00",,0.2,11.15,,
"SIND-011-PZ","08/30/22 00:00:00",,0.2,1.61,,
"SIND-013-PZ","07/20/22 00:00:00",,0.73000002,16.370001,,
"SIND-PTW-07","02/23/24 00:00:00",,0.55000001,27.1,,
"SIND-013-PZ","08/30/22 00:00:00",,0.73000002,3.8699999,,
"SIND-014-PZ","07/20/22 00:00:00",,0.23999999,19.26,,
"SIND-014-PZ","08/30/22 00:00:00",,0.23999999,4.8499999,,
"SIND-015-PZ","07/27/22 00:00:00",,0.75,20.26,,
"SIND-015-PZ","08/30/22 00:00:00",,0.75,0,,
"SIND-016-PZ","07/21/22 00:00:00",,0.60000002,15.41,,
"SIND-016-PZ","08/31/22 00:00:00",,0.60000002,2.77,,
"SIND-017-PZ","07/21/22 00:00:00",,0.75,21.450001,,
"SIND-017-PZ","08/31/22 00:00:00",,0.75,7.6500001,,
"SIND-018-PZ","07/21/22 00:00:00",,0.47,10.83,,
"SIND-018-PZ","08/31/22 00:00:00",,0.47,4.6300001,,
"SIND-039-B-PZ","07/23/22 00:00:00",,0.75,11.5,,
"SIND-039-B-PZ","08/30/22 00:00:00",,0.75,2.1500001,,
"SIND-026-PZ","07/27/22 00:00:00",,0.34,0,,
"SIND-026-PZ","08/31/22 00:00:00",,0.34,0,,
"SIND-024-PZ","07/30/22 00:00:00",,0.44999999,,"Abondend",
"SIND-001-PZ","07/29/22 00:00:00",,0.44999999,,"choked",
"SIND-001-PZ","08/27/22 00:00:00",,0.44999999,,"choked",
"SIND-024-PZ","08/23/22 00:00:00",,0.44999999,,"Abondend",
"SIND-004-A-PZ","07/28/22 00:00:00",,0.5,,"choked",
"SIND-004-A-PZ","08/27/22 00:00:00",,0.5,,"choked",
"SIND-030-PZ","07/28/22 00:00:00",,0.85000002,,"choked",
"SIND-030-PZ","08/28/22 00:00:00",,0.85000002,,"choked",
"SIND-034-PZ","07/29/22 00:00:00",,0.41999999,,"choked",
"SIND-034-PZ","08/28/22 00:00:00",,0.41999999,,"choked",
"SIND-012-PZ","07/23/22 00:00:00",,0.43000001,,"choked",
"SIND-012-PZ","08/30/22 00:00:00",,0.43000001,,"choked",
"SIND-039-B-PZ","07/23/22 00:00:00",,0.75,,"choked",
"SIND-039-B-PZ","08/30/22 00:00:00",,0.75,,"choked",
"SIND-024-PZ","09/28/22 00:00:00",,0.44999999,,"Abondend",
"SIND-027-PZ","09/29/22 00:00:00",,0.69999999,,"chowked",
"SIND-004-A-PZ","09/27/22 00:00:00",,0.5,,"chowked",
"SIND-030-PZ","09/28/22 00:00:00",,0.85000002,,"choked",
"SIND-012-PZ","09/21/22 00:00:00",,0.43000001,,"choked",
"SIND-039-B-PZ","09/21/22 00:00:00",,0.75,,"chowked",
"SIND-019-A-PZ","09/28/22 00:00:00",,0.30000001,3.0799999,,
"SIND-019-B-PZ","09/28/22 00:00:00",,0.60000002,3.5699999,,
"SIND-019-C-PZ","09/28/22 00:00:00",,0.60000002,5.9000001,,
"SIND-020-PZ","09/28/22 00:00:00",,0.47999999,2.6199999,,
"SIND-021-PZ","09/28/22 00:00:00",,0.51999998,1.75,,
"SIND-022-PZ","09/26/22 00:00:00",,0.63,4.7399998,,
"SIND-023-PZ","09/28/22 00:00:00",,0.47,1.4299999,,
"SIND-025-PZ","09/29/22 00:00:00",,0.43000001,3.0699999,,
"SIND-035-NEW","09/29/22 00:00:00",,0.69999999,1.8,,
"SIND-036-PZ","09/28/22 00:00:00",,0.44999999,4.21,,
"SIND-037-PZ","09/28/22 00:00:00",,0.60000002,1.3200001,,
"SIND-038-PZ","09/29/22 00:00:00",,0.44999999,3.5,,
"SIND-040-PZ","09/28/22 00:00:00",,0.61000001,2.6300001,,
"SIND-001-PZ","09/27/22 00:00:00",,0.44999999,1.8,,
"SIND-002-PZ","09/27/22 00:00:00",,0.64999998,1.23,,
"SIND-003-PZ","09/27/22 00:00:00",,0.80000001,5.4000001,,
"SIND-004-B-PZ","09/27/22 00:00:00",,0.60000002,0.40000001,,
"SIND-004-C-PZ","09/27/22 00:00:00",,0.69999999,1.15,,
"SIND-005-PZ","09/28/22 00:00:00",,0.69999999,0,,
"SIND-028-PZ","09/28/22 00:00:00",,0.56,0.94,,
"SIND-029-PZ","09/27/22 00:00:00",,0.44999999,6.1500001,,
"SIND-031-PZ","09/29/22 00:00:00",,0.51999998,0.079999998,,
"SIND-032-PZ","09/27/22 00:00:00",,0.51999998,2.2,,
"SIND-033-PZ","09/27/22 00:00:00",,0.64999998,1.11,,
"SIND-034-PZ","09/28/22 00:00:00",,0.41999999,0.2,,
"SIND-06-PTW","09/23/22 00:00:00",,0.60000002,0.2,,
"SIND-PTW-07","09/23/22 00:00:00",,0.55000001,1.05,,
"SIND-008-PZ","09/23/22 00:00:00",,0.36000001,1.98,,
"SIND-009-PZ","09/23/22 00:00:00",,0.89999998,7,,
"SIND-013-PZ","09/24/22 00:00:00",,0.73000002,3.5699999,,
"SIND-014-PZ","09/24/22 00:00:00",,0.23999999,4.6599998,,
"SIND-015-PZ","09/20/22 00:00:00",,0.75,0,,
"SIND-016-PZ","09/22/22 00:00:00",,0.60000002,2.1199999,,
"SIND-017-PZ","09/22/22 00:00:00",,0.75,7.0500002,,
"SIND-018-PZ","09/22/22 00:00:00",,0.47,4.23,,
"SIND-039-B-PZ","09/21/22 00:00:00",,0.75,1.85,,
"SIND-026-PZ","09/20/22 00:00:00",,0.34,0,,
"SIND-001-PZ","10/28/22 00:00:00",,0.44999999,3.2,,
"SIND-001-PZ","11/09/22 00:00:00",,0.44999999,2.95,,
"SIND-019-A-PZ","10/29/22 00:00:00",,0.30000001,3.2,,
"SIND-019-A-PZ","11/02/22 00:00:00",,0.30000001,2.9000001,,
"SIND-019-B-PZ","10/29/22 00:00:00",,0.60000002,2.5999999,,
"SIND-019-B-PZ","11/02/22 00:00:00",,0.60000002,2.9000001,,
"SIND-019-C-PZ","10/29/22 00:00:00",,0.60000002,3.3,,
"SIND-019-C-PZ","11/02/22 00:00:00",,0.60000002,4.1999998,,
"SIND-020-PZ","10/29/22 00:00:00",,0.47999999,3.22,,
"SIND-020-PZ","11/02/22 00:00:00",,0.47999999,3.6199999,,
"SIND-021-PZ","10/29/22 00:00:00",,0.51999998,2.8,,
"SIND-021-PZ","11/02/22 00:00:00",,0.51999998,2.2,,
"SIND-022-PZ","10/29/22 00:00:00",,0.63,5.1700001,,
"SIND-022-PZ","11/02/22 00:00:00",,0.63,5.27,,
"SIND-023-PZ","10/29/22 00:00:00",,0.47,1.4299999,,
"SIND-023-PZ","11/02/22 00:00:00",,0.47,1.03,,
"SIND-024-PZ","10/29/22 00:00:00",,0.44999999,,,
"SIND-025-PZ","10/30/22 00:00:00",,0.43000001,3.6700001,,
"SIND-025-PZ","11/01/22 00:00:00",,0.43000001,3.6700001,,
"SIND-035-NEW","10/30/22 00:00:00",,0.69999999,2.7,,
"SIND-035-NEW","11/01/22 00:00:00",,0.69999999,2.7,,
"SIND-036-PZ","10/29/22 00:00:00",,0.44999999,7.4499998,,
"SIND-036-PZ","11/02/22 00:00:00",,0.44999999,3.6500001,,
"SIND-037-PZ","10/29/22 00:00:00",,0.60000002,2.2,,
"SIND-037-PZ","11/02/22 00:00:00",,0.60000002,1.6,,
"SIND-038-PZ","10/30/22 00:00:00",,0.44999999,5.6999998,,
"SIND-038-PZ","11/01/22 00:00:00",,0.44999999,6.3000002,,
"SIND-040-PZ","10/29/22 00:00:00",,0.61000001,4.48,,
"SIND-040-PZ","11/02/22 00:00:00",,0.61000001,4.79,,
"SIND-002-PZ","10/28/12 00:00:00",,0.64999998,2.8499999,,
"SIND-002-PZ","11/09/22 00:00:00",,0.64999998,3.6500001,,
"SIND-003-PZ","10/28/22 00:00:00",,0.80000001,6.5500002,,
"SIND-003-PZ","11/09/22 00:00:00",,0.80000001,8.6999998,,
"SIND-004-B-PZ","10/28/22 00:00:00",,0.60000002,3.9000001,,
"SIND-004-B-PZ","11/09/22 00:00:00",,0.60000002,2.8,,
"SIND-004-C-PZ","10/28/22 00:00:00",,0.69999999,3.9000001,,
"SIND-004-C-PZ","11/09/22 00:00:00",,0.69999999,2.7,,
"SIND-005-PZ","10/29/22 00:00:00",,0.69999999,0.5,,
"SIND-005-PZ","11/10/22 00:00:00",,0.69999999,5.04,,
"SIND-028-PZ","10/29/22 00:00:00",,0.56,5.1900001,,
"SIND-028-PZ","11/10/22 00:00:00",,0.56,5.04,,
"SIND-029-PZ","10/28/22 00:00:00",,0.44999999,7.8499999,,
"SIND-029-PZ","11/09/22 00:00:00",,0.44999999,7.5500002,,
"SIND-031-PZ","10/29/22 00:00:00",,0.51999998,8.5799999,,
"SIND-031-PZ","11/10/22 00:00:00",,0.51999998,14.88,,
"SIND-032-PZ","10/28/22 00:00:00",,0.51999998,4.5799999,,
"SIND-032-PZ","11/09/22 00:00:00",,0.51999998,6.2800002,,
"SIND-033-PZ","10/28/22 00:00:00",,0.64999998,1.5,,
"SIND-033-PZ","11/09/22 00:00:00",,0.64999998,2.1500001,,
"SIND-06-PTW","10/27/22 00:00:00",,0.60000002,0.1,,
"SIND-06-PTW","11/05/22 00:00:00",,0.60000002,3.9000001,,
"SIND-PTW-07","10/27/22 00:00:00",,0.55000001,1.65,,
"SIND-PTW-07","11/04/22 00:00:00",,0.55000001,8.3500004,,
"SIND-008-PZ","10/22/22 00:00:00",,0.36000001,4.8400002,,
"SIND-008-PZ","11/07/22 00:00:00",,0.36000001,4.1399999,,
"SIND-009-PZ","10/21/22 00:00:00",,0.89999998,9.5,,
"SIND-009-PZ","11/07/22 00:00:00",,0.89999998,9.1999998,,
"SIND-010-PZ","10/22/22 00:00:00",,0.44999999,0.80000001,,
"SIND-010-PZ","11/07/22 00:00:00",,0.44999999,0.75,,
"SIND-011-PZ","10/22/22 00:00:00",,0.2,1.6,,
"SIND-011-PZ","11/07/22 00:00:00",,0.2,2.0999999,,
"SIND-013-PZ","10/23/22 00:00:00",,0.73000002,6.4699998,,
"SIND-013-PZ","11/07/22 00:00:00",,0.73000002,7.3699999,,
"SIND-014-PZ","10/23/22 00:00:00",,0.23999999,7.5100002,,
"SIND-014-PZ","11/07/22 00:00:00",,0.23999999,7.6599998,,
"SIND-015-PZ","10/21/22 00:00:00",,0.75,6.5500002,,
"SIND-015-PZ","11/07/22 00:00:00",,0.75,5.4499998,,
"SIND-016-PZ","10/20/22 00:00:00",,0.60000002,7.3000002,,
"SIND-016-PZ","11/08/22 00:00:00",,0.60000002,7.8000002,,
"SIND-017-PZ","10/20/22 00:00:00",,0.75,7.8499999,,
"SIND-017-PZ","11/08/22 00:00:00",,0.75,6.9499998,,
"SIND-018-PZ","10/20/22 00:00:00",,0.47,5.73,,
"SIND-018-PZ","11/08/22 00:00:00",,0.47,5.3299999,,
"SIND-039-B-PZ","10/22/22 00:00:00",,0.75,1.55,,
"SIND-039-B-PZ","11/07/22 00:00:00",,0.75,2.95,,
"SIND-026-PZ","10/21/22 00:00:00",,0.34,3.0999999,,
"SIND-026-PZ","11/08/22 00:00:00",,0.34,2.2,,
"SIND-019-A-PZ","01/08/23 00:00:00",,0.30000001,11,,
"SIND-019-B-PZ","01/08/23 00:00:00",,0.60000002,3.3,,
"SIND-020-PZ","01/08/23 00:00:00",,0.47999999,7.9200001,,
"SIND-021-PZ","01/08/23 00:00:00",,0.51999998,5.9000001,,
"SIND-022-PZ","01/08/23 00:00:00",,0.63,13.67,,
"SIND-023-PZ","01/08/23 00:00:00",,0.47,4.8299999,,
"SIND-025-PZ","01/04/23 00:00:00",,0.43000001,6.3699999,,
"SIND-027-PZ","01/04/23 00:00:00",,0.69999999,5.5999999,,
"SIND-035-NEW","01/04/23 00:00:00",,0.69999999,3.8,,
"SIND-036-PZ","01/08/23 00:00:00",,0.44999999,9.75,,
"SIND-037-PZ","01/08/23 00:00:00",,0.60000002,17.4,,
"SIND-038-PZ","01/04/23 00:00:00",,0.44999999,7.6999998,,
"SIND-040-PZ","01/08/23 00:00:00",,0.61000001,3.1900001,,
"SIND-002-PZ","01/05/23 00:00:00",,0.64999998,7.7399998,,
"SIND-003-PZ","01/05/23 00:00:00",,0.80000001,12,,
"SIND-004-B-PZ","01/05/23 00:00:00",,0.60000002,6.0999999,,
"SIND-004-C-PZ","01/05/23 00:00:00",,0.69999999,6,,
"SIND-005-PZ","01/06/23 00:00:00",,0.69999999,5.6999998,,
"SIND-006-PZ","01/09/23 00:00:00",,0.69999999,,,
"SIND-028-PZ","01/06/23 00:00:00",,0.56,14.54,,
"SIND-029-PZ","01/05/23 00:00:00",,0.44999999,11.85,,
"SIND-031-PZ","01/06/23 00:00:00",,0.51999998,22.540001,,
"SIND-032-PZ","01/05/23 00:00:00",,0.51999998,16.190001,,
"SIND-033-PZ","01/05/23 00:00:00",,0.64999998,20.469999,,
"SIND-06-PTW","01/03/23 00:00:00",,0.60000002,8.4499998,,
"SIND-PTW-07","01/02/23 00:00:00",,0.55000001,26.450001,,
"SIND-008-PZ","01/07/23 00:00:00",,0.36000001,8.8199997,,
"SIND-009-PZ","01/07/23 00:00:00",,0.89999998,17.1,,
"SIND-010-PZ","01/07/23 00:00:00",,0.44999999,6.9000001,,
"SIND-011-PZ","01/07/23 00:00:00",,0.2,11.6,,
"SIND-013-PZ","01/07/23 00:00:00",,0.73000002,16.27,,
"SIND-014-PZ","01/07/23 00:00:00",,0.23999999,17.959999,,
"SIND-015-PZ","01/07/23 00:00:00",,0.75,25.200001,,
"SIND-016-PZ","01/09/23 00:00:00",,0.60000002,17.5,,
"SIND-017-PZ","01/09/23 00:00:00",,0.75,15.05,,
"SIND-018-PZ","01/09/23 00:00:00",,0.47,9.6300001,,
"SIND-039-A-PZ","01/07/23 00:00:00",,0.60000002,9.5500002,,
"SIND-026-PZ","01/09/23 00:00:00",,0.34,15.2,,
"SIND-019-A-PZ","03/22/23 00:00:00",,0.30000001,17.1,,
"SIND-019-B-PZ","03/22/23 00:00:00",,0.60000002,17.200001,,
"SIND-020-PZ","03/22/23 00:00:00",,0.47999999,17.1,,
"SIND-021-PZ","03/22/23 00:00:00",,0.51999998,9.5,,
"SIND-022-PZ","03/22/23 00:00:00",,0.63,26.799999,,
"SIND-023-PZ","03/22/23 00:00:00",,0.47,16.030001,,
"SIND-027-PZ","03/23/23 00:00:00",,0.69999999,14.7,,
"SIND-035-PZ","03/23/23 00:00:00",,0.54000002,10.8,,
"SIND-036-PZ","03/22/23 00:00:00",,0.44999999,27.049999,,
"SIND-037-PZ","03/22/23 00:00:00",,0.60000002,21.4,,
"SIND-038-PZ","03/23/23 00:00:00",,0.44999999,16.700001,,
"SIND-002-PZ","03/26/23 00:00:00",,0.64999998,9.8999996,,
"SIND-003-PZ","03/26/23 00:00:00",,0.80000001,13.3,,
"SIND-004-B-PZ","03/26/23 00:00:00",,0.60000002,14.8,,
"SIND-004-C-PZ","03/26/23 00:00:00",,0.69999999,13.5,,
"SIND-005-PZ","03/27/23 00:00:00",,0.69999999,9,,
"SIND-028-PZ","03/27/23 00:00:00",,0.56,22.540001,,
"SIND-029-PZ","03/26/23 00:00:00",,0.44999999,14.65,,
"SIND-031-PZ","03/27/23 00:00:00",,0.51999998,35.700001,,
"SIND-032-PZ","03/26/23 00:00:00",,0.51999998,18.200001,,
"SIND-033-PZ","03/26/23 00:00:00",,0.64999998,21.6,,
"SIND-06-PTW","03/25/23 00:00:00",,0.60000002,10.9,,
"SIND-PTW-07","03/24/23 00:00:00",,0.55000001,27,,
"SIND-008-PZ","03/29/23 00:00:00",,0.36000001,14.1,,
"SIND-009-PZ","03/29/23 00:00:00",,0.89999998,21.700001,,
"SIND-010-PZ","03/29/23 00:00:00",,0.44999999,13.8,,
"SIND-011-PZ","03/29/23 00:00:00",,0.2,14.9,,
"SIND-013-PZ","03/29/23 00:00:00",,0.73000002,23.27,,
"SIND-014-PZ","03/29/23 00:00:00",,0.23999999,22.860001,,
"SIND-015-PZ","03/29/23 00:00:00",,0.75,26,,
"SIND-016-PZ","03/30/23 00:00:00",,0.60000002,22.9,,
"SIND-028-PZ","02/21/23 00:00:00",,0.56,22.040001,,
"SIND-017-PZ","03/30/23 00:00:00",,0.75,20.65,,
"SIND-018-PZ","03/30/23 00:00:00",,0.47,14.63,,
"SIND-026-PZ","03/30/23 00:00:00",,0.34,10.76,,
"SIND-019-A-PZ","04/24/23 00:00:00",,0.30000001,17.6,,
"SIND-019-B-PZ","04/22/23 00:00:00",,0.60000002,16.700001,,
"SIND-020-PZ","04/22/23 00:00:00",,0.47999999,18.120001,,
"SIND-021-PZ","04/22/23 00:00:00",,0.51999998,9.8000002,,
"SIND-022-PZ","04/22/23 00:00:00",,0.63,27.370001,,
"SIND-023-PZ","04/22/23 00:00:00",,0.47,17.129999,,
"SIND-025-PZ","04/23/23 00:00:00",,0.43000001,15.17,,
"SIND-027-PZ","04/23/23 00:00:00",,0.69999999,16,,
"SIND-035-NEW","03/23/23 00:00:00",,0.69999999,10.8,,
"SIND-035-NEW","04/23/23 00:00:00",,0.69999999,11.8,,
"SIND-036-PZ","04/22/23 00:00:00",,0.44999999,28.1,,
"SIND-037-PZ","04/22/23 00:00:00",,0.60000002,23.1,,
"SIND-040-PZ","04/22/23 00:00:00",,0.61000001,17.389999,,
"SIND-038-PZ","04/23/23 00:00:00",,0.44999999,18.1,,
"SIND-002-PZ","04/26/23 00:00:00",,0.64999998,9.9300003,,
"SIND-003-PZ","04/26/23 00:00:00",,0.80000001,12.8,,
"SIND-004-B-PZ","04/26/23 00:00:00",,0.60000002,13.6,,
"SIND-004-C-PZ","04/26/23 00:00:00",,0.69999999,13.83,,
"SIND-005-PZ","04/27/23 00:00:00",,0.69999999,10.4,,
"SIND-028-PZ","04/27/23 00:00:00",,0.56,13.04,,
"SIND-029-PZ","04/28/23 00:00:00",,0.44999999,15.05,,
"SIND-031-PZ","04/27/23 00:00:00",,0.51999998,34.700001,,
"SIND-032-PZ","04/26/23 00:00:00",,0.51999998,18.43,,
"SIND-033-PZ","04/26/23 00:00:00",,0.64999998,21.67,,
"SIND-06-PTW","04/25/23 00:00:00",,0.60000002,10.7,,
"SIND-PTW-07","04/24/23 00:00:00",,0.55000001,27.299999,,
"SIND-008-PZ","04/28/23 00:00:00",,0.36000001,14.3,,
"SIND-009-PZ","04/28/23 00:00:00",,0.89999998,24.799999,,
"SIND-010-PZ","04/28/23 00:00:00",,0.44999999,23.139999,,
"SIND-011-PZ","04/28/23 00:00:00",,0.2,24.969999,,
"SIND-013-PZ","04/28/23 00:00:00",,0.73000002,24.969999,,
"SIND-014-PZ","04/28/23 00:00:00",,0.23999999,11.66,,
"SIND-015-PZ","04/28/23 00:00:00",,0.75,26.4,,
"SIND-016-PZ","04/29/23 00:00:00",,0.60000002,23.190001,,
"SIND-017-PZ","04/29/23 00:00:00",,0.75,22.950001,,
"SIND-039-B-PZ","04/29/23 00:00:00",,0.75,13.35,,
"SIND-026-PZ","04/29/23 00:00:00",,0.34,33.810001,,
"SIND-019-A-PZ","02/27/23 00:00:00",,0.30000001,16,,
"SIND-019-B-PZ","02/27/23 00:00:00",,0.60000002,15.5,,
"SIND-020-PZ","02/27/23 00:00:00",,0.47999999,13.02,,
"SIND-021-PZ","02/27/23 00:00:00",,0.51999998,9.6999998,,
"SIND-022-PZ","02/27/23 00:00:00",,0.63,27.5,,
"SIND-023-PZ","02/27/23 00:00:00",,0.47,9.5299997,,
"SIND-025-PZ","02/27/23 00:00:00",,0.43000001,9.5299997,,
"SIND-025-PZ","03/23/23 00:00:00",,0.43000001,14.27,,
"SIND-027-PZ","02/26/23 00:00:00",,0.69999999,16.200001,,
"SIND-035-NEW","02/26/23 00:00:00",,0.69999999,7.9000001,,
"SIND-036-PZ","02/27/23 00:00:00",,0.44999999,15.45,,
"SIND-037-PZ","02/27/23 00:00:00",,0.60000002,20.4,,
"SIND-038-PZ","02/27/23 00:00:00",,0.44999999,14.2,,
"SIND-040-PZ","02/27/23 00:00:00",,0.61000001,3.8,,
"SIND-040-PZ","03/22/23 00:00:00",,0.61000001,5.9899998,,
"SIND-002-PZ","02/20/23 00:00:00",,0.64999998,10.13,,
"SIND-003-PZ","02/20/23 00:00:00",,0.80000001,12.8,,
"SIND-004-B-PZ","02/20/23 00:00:00",,0.60000002,12.5,,
"SIND-004-C-PZ","02/20/23 00:00:00",,0.69999999,14.3,,
"SIND-005-PZ","02/21/23 00:00:00",,0.69999999,8.5,,
"SIND-026-PZ","02/23/23 00:00:00",,0.34,29.280001,,
"SIND-029-PZ","02/20/23 00:00:00",,0.44999999,14.05,,
"SIND-031-PZ","02/21/23 00:00:00",,0.51999998,24.780001,,
"SIND-032-PZ","02/20/23 00:00:00",,0.51999998,17.9,,
"SIND-033-PZ","02/20/23 00:00:00",,0.64999998,21.65,,
"SIND-06-PTW","02/25/23 00:00:00",,0.60000002,8.6999998,,
"SIND-PTW-07","02/25/23 00:00:00",,0.55000001,26.799999,,
"SIND-008-PZ","02/22/23 00:00:00",,0.36000001,12.38,,
"SIND-009-PZ","02/22/23 00:00:00",,0.89999998,21.299999,,
"SIND-010-PZ","02/22/23 00:00:00",,0.44999999,10.58,,
"SIND-011-PZ","02/22/23 00:00:00",,0.2,14.67,,
"SIND-013-PZ","02/22/23 00:00:00",,0.73000002,23.27,,
"SIND-014-PZ","02/22/23 00:00:00",,0.23999999,22.860001,,
"SIND-015-PZ","02/22/23 00:00:00",,0.75,25.790001,,
"SIND-016-PZ","02/23/23 00:00:00",,0.60000002,23.200001,,
"SIND-017-PZ","02/23/23 00:00:00",,0.75,20.25,,
"SIND-018-PZ","02/23/23 00:00:00",,0.47,14.03,,
"SIND-039-B-PZ","12/30/22 00:00:00",,0.75,5.8499999,,
"SIND-039-B-PZ","02/22/23 00:00:00",,0.75,13.5,,
"SIND-039-B-PZ","03/29/23 00:00:00",,0.75,13.55,,
"SIND-039-B-PZ","01/07/23 00:00:00",,0.75,9.5500002,,
"SIND-019-A-PZ","05/22/23 00:00:00",,0.30000001,17.4,,
"SIND-019-B-PZ","05/22/23 00:00:00",,0.60000002,16.5,,
"SIND-020-PZ","05/22/23 00:00:00",,0.47999999,18.620001,,
"SIND-021-PZ","05/22/23 00:00:00",,0.51999998,8.8000002,,
"SIND-022-PZ","05/22/23 00:00:00",,0.63,27.370001,,
"SIND-023-PZ","05/22/23 00:00:00",,0.47,16.35,,
"SIND-025-PZ","05/23/23 00:00:00",,0.43000001,15.37,,
"SIND-027-PZ","05/23/23 00:00:00",,0.69999999,16.200001,,
"SIND-035-NEW","09/20/24 00:00:00",,0.69999999,1.2,,
"SIND-036-PZ","05/22/23 00:00:00",,0.44999999,28.65,,
"SIND-037-PZ","05/22/23 00:00:00",,0.60000002,22.5,,
"SIND-038-PZ","05/23/23 00:00:00",,0.44999999,18.4,,
"SIND-040-PZ","05/22/23 00:00:00",,0.61000001,7.4000001,,
"SIND-002-PZ","05/27/23 00:00:00",,0.64999998,9.9399996,,
"SIND-003-PZ","05/27/23 00:00:00",,0.80000001,13.3,,
"SIND-004-B-PZ","05/27/23 00:00:00",,0.60000002,13.58,,
"SIND-004-C-PZ","05/27/23 00:00:00",,0.69999999,14.04,,
"SIND-005-PZ","05/28/23 00:00:00",,0.69999999,10.3,,
"SIND-028-PZ","05/28/23 00:00:00",,0.56,21.24,,
"SIND-029-PZ","05/27/23 00:00:00",,0.44999999,18.450001,,
"SIND-031-PZ","05/28/23 00:00:00",,0.51999998,35.509998,,
"SIND-032-PZ","05/27/23 00:00:00",,0.51999998,18.540001,,
"SIND-033-PZ","05/27/23 00:00:00",,0.64999998,17.26,,
"SIND-06-PTW","05/26/23 00:00:00",,0.60000002,10.5,,
"SIND-PTW-07","05/25/23 00:00:00",,0.55000001,27.1,,
"SIND-008-PZ","05/28/23 00:00:00",,0.36000001,14.31,,
"SIND-009-PZ","05/29/23 00:00:00",,0.89999998,25.200001,,
"SIND-010-PZ","05/29/23 00:00:00",,0.44999999,25.700001,,
"SIND-011-PZ","05/29/23 00:00:00",,0.2,25.1,,
"SIND-013-PZ","05/29/23 00:00:00",,0.73000002,24.17,,
"SIND-014-PZ","05/29/23 00:00:00",,0.23999999,23.360001,,
"SIND-015-PZ","05/29/23 00:00:00",,0.75,26.25,,
"SIND-016-PZ","05/31/23 00:00:00",,0.60000002,23.1,,
"SIND-017-PZ","05/31/23 00:00:00",,0.75,23.75,,
"SIND-039-B-PZ","05/29/23 00:00:00",,0.75,13.05,,
"SIND-026-PZ","05/31/23 00:00:00",,0.34,14.7,,
"SIND-019-A-PZ","06/22/23 00:00:00",,0.30000001,15.9,,
"SIND-019-B-PZ","06/22/23 00:00:00",,0.60000002,14.3,,
"SIND-020-PZ","06/22/23 00:00:00",,0.47999999,18.219999,,
"SIND-021-PZ","06/22/23 00:00:00",,0.51999998,8.5,,
"SIND-022-PZ","06/22/23 00:00:00",,0.63,27.27,,
"SIND-023-PZ","06/22/23 00:00:00",,0.47,14.93,,
"SIND-024-PZ","06/22/23 00:00:00",,0.44999999,,"Abunded",
"SIND-025-PZ","06/23/23 00:00:00",,0.43000001,13.77,,
"SIND-027-PZ","06/23/23 00:00:00",,0.69999999,12.5,,
"SIND-035-NEW","06/23/23 00:00:00",,0.69999999,12.5,,
"SIND-036-PZ","06/22/23 00:00:00",,0.44999999,11.7,,
"SIND-037-PZ","06/22/23 00:00:00",,0.60000002,22,,
"SIND-038-PZ","06/23/23 00:00:00",,0.44999999,16.5,,
"SIND-040-PZ","06/22/23 00:00:00",,0.61000001,7.79,,
"SIND-002-PZ","06/26/23 00:00:00",,0.64999998,8.9200001,,
"SIND-003-PZ","06/26/23 00:00:00",,0.80000001,13.1,,
"SIND-004-B-PZ","06/26/23 00:00:00",,0.60000002,13.59,,
"SIND-004-C-PZ","06/26/23 00:00:00",,0.69999999,13.79,,
"SIND-005-PZ","06/27/23 00:00:00",,0.69999999,10.25,,
"SIND-028-PZ","06/27/23 00:00:00",,0.56,22.860001,,
"SIND-029-PZ","06/26/23 00:00:00",,0.44999999,18.299999,,
"SIND-031-PZ","06/27/23 00:00:00",,0.51999998,35.299999,,
"SIND-032-PZ","06/26/23 00:00:00",,0.51999998,18.549999,,
"SIND-033-PZ","06/26/23 00:00:00",,0.64999998,13.82,,
"SIND-006-PZ","06/25/23 00:00:00",,0.69999999,6.4000001,,
"SIND-06-PTW","06/25/23 00:00:00",,0.60000002,6.4000001,,
"SIND-PTW-07","06/24/23 00:00:00",,0.55000001,24.5,,
"SIND-008-PZ","06/28/23 00:00:00",,0.36000001,14.14,,
"SIND-009-PZ","06/28/23 00:00:00",,0.89999998,25,,
"SIND-010-PZ","06/28/23 00:00:00",,0.44999999,10.63,,
"SIND-011-PZ","06/28/23 00:00:00",,0.2,15.84,,
"SIND-013-PZ","06/28/23 00:00:00",,0.73000002,24.02,,
"SIND-014-PZ","06/28/23 00:00:00",,0.23999999,23.309999,,
"SIND-015-PZ","06/28/23 00:00:00",,0.75,26.209999,,
"SIND-016-PZ","08/31/23 00:00:00",,0.60000002,7,,
"SIND-017-PZ","06/29/23 00:00:00",,0.75,23.6,,
"SIND-039-B-PZ","06/28/23 00:00:00",,0.75,12,,
"SIND-026-PZ","06/29/23 00:00:00",,0.34,16.309999,,
"SIND-019-A-PZ","08/22/23 00:00:00",,0.30000001,5.0999999,,
"SIND-019-A-PZ","09/21/23 00:00:00",,0.30000001,4.6999998,,
"SIND-019-A-PZ","10/20/23 00:00:00",,0.30000001,7.3000002,,
"SIND-019-A-PZ","11/02/23 00:00:00",,0.30000001,8,,
"SIND-019-B-PZ","08/22/23 00:00:00",,0.60000002,5.1999998,,
"SIND-019-B-PZ","09/21/23 00:00:00",,0.60000002,2,,
"SIND-019-B-PZ","10/20/23 00:00:00",,0.60000002,4.6500001,,
"SIND-019-B-PZ","11/02/23 00:00:00",,0.60000002,6.9499998,,
"SIND-019-C-PZ","08/22/23 00:00:00",,0.60000002,5.25,,
"SIND-019-C-PZ","09/21/23 00:00:00",,0.60000002,5,,
"SIND-019-C-PZ","10/20/23 00:00:00",,0.60000002,,"chocked",
"SIND-019-C-PZ","11/02/23 00:00:00",,0.60000002,,,
"SIND-020-PZ","08/22/23 00:00:00",,0.47999999,7.02,,
"SIND-020-PZ","09/21/23 00:00:00",,0.47999999,7.02,,
"SIND-020-PZ","10/20/23 00:00:00",,0.47999999,4.7199998,,
"SIND-020-PZ","11/02/23 00:00:00",,0.47999999,6.02,,
"SIND-021-PZ","08/22/23 00:00:00",,0.51999998,4,,
"SIND-021-PZ","09/21/23 00:00:00",,0.51999998,1.3,,
"SIND-021-PZ","10/20/23 00:00:00",,0.51999998,3.3,,
"SIND-021-PZ","11/02/23 00:00:00",,0.51999998,3.7,,
"SIND-022-PZ","08/22/23 00:00:00",,0.63,7,,
"SIND-022-PZ","09/21/23 00:00:00",,0.63,2.8,,
"SIND-022-PZ","10/20/23 00:00:00",,0.63,6.6999998,,
"SIND-022-PZ","11/02/23 00:00:00",,0.63,9.5,,
"SIND-023-PZ","08/22/23 00:00:00",,0.47,3.46,,
"SIND-023-PZ","09/21/23 00:00:00",,0.47,2.53,,
"SIND-023-PZ","10/20/23 00:00:00",,0.47,1.83,,
"SIND-023-PZ","11/02/23 00:00:00",,0.47,3.3299999,,
"SIND-027-PZ","08/21/23 00:00:00",,0.69999999,6.8000002,,
"SIND-027-PZ","09/20/23 00:00:00",,0.69999999,6.4000001,,
"SIND-027-PZ","10/20/23 00:00:00",,0.69999999,6.4000001,,
"SIND-027-PZ","11/01/23 00:00:00",,0.69999999,6.9000001,,
"SIND-035-NEW","08/21/23 00:00:00",,0.69999999,1.6,,
"SIND-035-NEW","09/20/23 00:00:00",,0.69999999,1,,
"SIND-035-NEW","10/20/23 00:00:00",,0.69999999,4.4000001,,
"SIND-035-NEW","11/01/23 00:00:00",,0.69999999,4.8000002,,
"SIND-036-PZ","08/22/23 00:00:00",,0.44999999,6.6999998,,
"SIND-036-PZ","09/21/23 00:00:00",,0.44999999,3.3,,
"SIND-036-PZ","10/20/23 00:00:00",,0.44999999,6.75,,
"SIND-036-PZ","11/02/23 00:00:00",,0.44999999,7.0500002,,
"SIND-037-PZ","08/22/23 00:00:00",,0.60000002,5.0999999,,
"SIND-037-PZ","09/21/23 00:00:00",,0.60000002,1.1,,
"SIND-037-PZ","10/20/23 00:00:00",,0.60000002,3.1500001,,
"SIND-037-PZ","11/02/23 00:00:00",,0.60000002,4.1350002,,
"SIND-038-PZ","08/21/23 00:00:00",,0.44999999,0.1,,
"SIND-038-PZ","09/20/23 00:00:00",,0.44999999,0.69999999,,
"SIND-038-PZ","10/20/23 00:00:00",,0.44999999,2.4000001,,
"SIND-038-PZ","11/01/23 00:00:00",,0.44999999,1.9,,
"SIND-040-PZ","08/22/23 00:00:00",,0.61000001,6.0999999,,
"SIND-040-PZ","09/21/23 00:00:00",,0.61000001,1.5,,
"SIND-040-PZ","10/20/23 00:00:00",,0.61000001,3.45,,
"SIND-040-PZ","11/02/23 00:00:00",,0.61000001,4.1500001,,
"SIND-002-PZ","08/26/23 00:00:00",,0.64999998,1.9,,
"SIND-002-PZ","10/30/23 00:00:00",,0.64999998,5.5,,
"SIND-002-PZ","11/06/23 00:00:00",,0.64999998,2.8499999,,
"SIND-003-PZ","08/26/23 00:00:00",,0.80000001,6.5999999,,
"SIND-003-PZ","09/25/23 00:00:00",,0.80000001,6,,
"SIND-003-PZ","10/30/23 00:00:00",,0.80000001,9.5,,
"SIND-003-PZ","11/06/23 00:00:00",,0.80000001,8.6999998,,
"SIND-004-B-PZ","08/26/23 00:00:00",,0.60000002,9.6999998,,
"SIND-004-B-PZ","09/25/23 00:00:00",,0.60000002,0.60000002,,
"SIND-004-B-PZ","10/30/23 00:00:00",,0.60000002,2.3499999,,
"SIND-004-B-PZ","11/06/23 00:00:00",,0.60000002,2.8499999,,
"SIND-004-C-PZ","08/26/23 00:00:00",,0.69999999,3.0999999,,
"SIND-004-C-PZ","09/25/23 00:00:00",,0.69999999,0.89999998,,
"SIND-004-C-PZ","10/30/23 00:00:00",,0.69999999,2.55,,
"SIND-004-C-PZ","11/06/23 00:00:00",,0.69999999,3.0999999,,
"SIND-005-PZ","08/28/23 00:00:00",,0.69999999,1.1,,
"SIND-005-PZ","09/26/23 00:00:00",,0.69999999,0.30000001,,
"SIND-005-PZ","10/30/23 00:00:00",,0.69999999,4.8000002,,
"SIND-005-PZ","11/07/23 00:00:00",,0.69999999,5.1999998,,
"SIND-028-PZ","08/28/23 00:00:00",,0.56,3.8,,
"SIND-028-PZ","09/26/23 00:00:00",,0.56,0.5,,
"SIND-028-PZ","10/30/23 00:00:00",,0.56,4.8000002,,
"SIND-028-PZ","11/07/23 00:00:00",,0.56,5.6500001,,
"SIND-029-PZ","08/26/23 00:00:00",,0.44999999,9.3500004,,
"SIND-029-PZ","09/25/23 00:00:00",,0.44999999,7.0500002,,
"SIND-029-PZ","10/30/23 00:00:00",,0.44999999,9.4499998,,
"SIND-029-PZ","11/06/23 00:00:00",,0.44999999,9.75,,
"SIND-031-PZ","08/28/23 00:00:00",,0.51999998,2.5,,
"SIND-031-PZ","09/26/23 00:00:00",,0.51999998,1.8,,
"SIND-031-PZ","10/30/23 00:00:00",,0.51999998,9.8000002,,
"SIND-031-PZ","11/07/23 00:00:00",,0.51999998,6.0999999,,
"SIND-032-PZ","08/26/23 00:00:00",,0.51999998,2.9000001,,
"SIND-032-PZ","09/25/23 00:00:00",,0.51999998,1.6,,
"SIND-032-PZ","10/30/23 00:00:00",,0.51999998,9.4700003,,
"SIND-032-PZ","11/06/23 00:00:00",,0.51999998,10.1,,
"SIND-033-PZ","08/26/23 00:00:00",,0.64999998,2.0999999,,
"SIND-033-PZ","09/25/23 00:00:00",,0.64999998,1.6,,
"SIND-033-PZ","10/30/23 00:00:00",,0.64999998,10.25,,
"SIND-033-PZ","11/06/23 00:00:00",,0.64999998,18.25,,
"SIND-34-PTW-NEW","08/28/23 00:00:00",,1,0.69999999,"chocked",
"SIND-34-PTW-NEW","09/26/23 00:00:00",,1,0.40000001,"chocked",
"SIND-06-PTW","08/25/23 00:00:00",,0.60000002,0.80000001,,
"SIND-06-PTW","09/24/23 00:00:00",,0.60000002,0.1,,
"SIND-06-PTW","10/22/23 00:00:00",,0.60000002,1.2,,
"SIND-06-PTW","11/05/23 00:00:00",,0.60000002,3.75,,
"SIND-PTW-07","08/24/23 00:00:00",,0.55000001,2.0999999,,
"SIND-PTW-07","09/23/23 00:00:00",,0.55000001,1.5,,
"SIND-PTW-07","10/22/23 00:00:00",,0.55000001,5.25,,
"SIND-PTW-07","11/04/23 00:00:00",,0.55000001,19.35,,
"SIND-008-PZ","08/29/23 00:00:00",,0.36000001,3.0999999,,
"SIND-008-PZ","09/28/23 00:00:00",,0.36000001,1.3,,
"SIND-008-PZ","10/31/23 00:00:00",,0.36000001,6.6500001,,
"SIND-008-PZ","11/08/23 00:00:00",,0.36000001,5.4499998,,
"SIND-009-PZ","08/29/23 00:00:00",,0.89999998,5.0999999,,
"SIND-009-PZ","09/28/23 00:00:00",,0.89999998,3.5999999,,
"SIND-009-PZ","10/31/23 00:00:00",,0.89999998,5.8000002,,
"SIND-009-PZ","11/08/23 00:00:00",,0.89999998,6.5999999,,
"SIND-010-PZ","08/29/23 00:00:00",,0.44999999,1.95,,
"SIND-010-PZ","09/28/23 00:00:00",,0.44999999,0.75,,
"SIND-010-PZ","10/31/23 00:00:00",,0.44999999,2,,
"SIND-010-PZ","11/08/23 00:00:00",,0.44999999,2.8499999,,
"SIND-011-PZ","08/29/23 00:00:00",,0.2,1.4,,
"SIND-011-PZ","09/28/23 00:00:00",,0.2,0.60000002,,
"SIND-011-PZ","10/31/23 00:00:00",,0.2,3,,
"SIND-011-PZ","11/08/23 00:00:00",,0.2,3.25,,
"SIND-013-PZ","08/29/23 00:00:00",,0.73000002,3.47,,
"SIND-013-PZ","09/28/23 00:00:00",,0.73000002,3.1700001,,
"SIND-013-PZ","10/31/23 00:00:00",,0.73000002,3.1700001,,
"SIND-013-PZ","11/08/23 00:00:00",,0.73000002,4.3699999,,
"SIND-014-PZ","08/29/23 00:00:00",,0.23999999,4.7600002,,
"SIND-014-PZ","09/28/23 00:00:00",,0.23999999,4.2600002,,
"SIND-014-PZ","10/31/23 00:00:00",,0.23999999,4.2600002,,
"SIND-014-PZ","11/08/23 00:00:00",,0.23999999,4.8600001,,
"SIND-015-PZ","08/29/23 00:00:00",,0.75,4.8000002,,
"SIND-015-PZ","09/28/23 00:00:00",,0.75,2,,
"SIND-015-PZ","10/31/23 00:00:00",,0.75,5.6999998,,
"SIND-015-PZ","11/08/23 00:00:00",,0.75,7.5,,
"SIND-016-PZ","09/29/23 00:00:00",,0.60000002,3,,
"SIND-016-PZ","10/31/23 00:00:00",,0.60000002,9.6499996,,
"SIND-016-PZ","11/09/23 00:00:00",,0.60000002,10.15,,
"SIND-017-PZ","08/31/23 00:00:00",,0.75,5.3499999,,
"SIND-017-PZ","09/29/23 00:00:00",,0.75,4.4499998,,
"SIND-017-PZ","10/31/23 00:00:00",,0.75,4.4499998,,
"SIND-017-PZ","11/09/23 00:00:00",,0.75,5.4499998,,
"SIND-039-B-PZ","08/29/23 00:00:00",,0.75,0.55000001,,
"SIND-039-B-PZ","09/28/23 00:00:00",,0.75,0.34999999,,
"SIND-039-B-PZ","10/31/23 00:00:00",,0.75,2.75,,
"SIND-039-B-PZ","11/08/23 00:00:00",,0.75,9.75,,
"SIND-026-PZ","08/31/23 00:00:00",,0.34,5.5,,
"SIND-026-PZ","09/29/23 00:00:00",,0.34,7.3000002,,
"SIND-026-PZ","10/31/23 00:00:00",,0.34,9.75,,
"SIND-026-PZ","11/09/23 00:00:00",,0.34,13.65,,
"SIND-019-A-PZ","01/02/24 00:00:00",,0.30000001,3.8599999,,
"SIND-019-B-PZ","01/02/24 00:00:00",,0.60000002,9.8999996,,
"SIND-020-PZ","01/02/24 00:00:00",,0.47999999,7.52,,
"SIND-021-PZ","01/02/24 00:00:00",,0.51999998,3.8499999,,
"SIND-022-PZ","01/02/24 00:00:00",,0.63,16.969999,,
"SIND-023-PZ","01/02/24 00:00:00",,0.47,4.6300001,,
"SIND-027-PZ","01/01/24 00:00:00",,0.69999999,7.8000002,,
"SIND-035-NEW","01/01/24 00:00:00",,0.69999999,4.5999999,,
"SIND-036-PZ","01/02/24 00:00:00",,0.44999999,6.9499998,,
"SIND-037-PZ","01/02/24 00:00:00",,0.60000002,5,,
"SIND-038-PZ","01/01/24 00:00:00",,0.44999999,4.3000002,,
"SIND-040-PZ","01/02/24 00:00:00",,0.61000001,4.8899999,,
"SIND-002-PZ","01/16/24 00:00:00",,0.64999998,6.9499998,,
"SIND-003-PZ","01/16/24 00:00:00",,0.80000001,9.6999998,,
"SIND-004-B-PZ","01/16/24 00:00:00",,0.60000002,5.3499999,,
"SIND-004-C-PZ","01/16/24 00:00:00",,0.69999999,5.5,,
"SIND-005-PZ","01/18/24 00:00:00",,0.69999999,5.5,,
"SIND-028-PZ","01/18/24 00:00:00",,0.56,6.8400002,,
"SIND-029-PZ","01/16/24 00:00:00",,0.44999999,11.15,,
"SIND-031-PZ","01/18/24 00:00:00",,0.51999998,15.88,,
"SIND-032-PZ","01/16/24 00:00:00",,0.51999998,9.3299999,,
"SIND-033-PZ","01/16/24 00:00:00",,0.64999998,14.8,,
"SIND-06-PTW","01/15/24 00:00:00",,0.60000002,6.6999998,,
"SIND-PTW-07","01/14/24 00:00:00",,0.55000001,17.700001,,
"SIND-008-PZ","01/19/24 00:00:00",,0.36000001,7.2399998,,
"SIND-009-PZ","01/19/24 00:00:00",,0.89999998,8,,
"SIND-010-PZ","01/19/24 00:00:00",,0.44999999,7.1999998,,
"SIND-011-PZ","01/19/24 00:00:00",,0.2,11.3,,
"SIND-013-PZ","01/19/24 00:00:00",,0.73000002,5.3699999,,
"SIND-014-PZ","01/19/24 00:00:00",,0.23999999,5.96,,
"SIND-015-PZ","01/19/24 00:00:00",,0.75,7.3499999,,
"SIND-016-PZ","01/20/24 00:00:00",,0.60000002,8.1499996,,
"SIND-017-PZ","01/20/24 00:00:00",,0.75,6.3499999,,
"SIND-039-A-PZ","01/19/24 00:00:00",,0.60000002,4.3499999,,
"SIND-026-PZ","01/20/24 00:00:00",,0.34,21.299999,,
"SIND-019-A-PZ","02/21/24 00:00:00",,0.30000001,7.5,,
"SIND-019-B-PZ","02/21/24 00:00:00",,0.60000002,13.05,,
"SIND-020-PZ","02/21/24 00:00:00",,0.47999999,9.7200003,,
"SIND-021-PZ","02/21/24 00:00:00",,0.51999998,8.1999998,,
"SIND-022-PZ","02/21/24 00:00:00",,0.63,21.530001,,
"SIND-023-PZ","02/21/24 00:00:00",,0.47,6.8299999,,
"SIND-027-PZ","02/20/24 00:00:00",,0.69999999,9.1000004,,
"SIND-035-NEW","02/20/24 00:00:00",,0.69999999,6.8000002,,
"SIND-036-PZ","02/21/24 00:00:00",,0.44999999,8.1999998,,
"SIND-037-PZ","02/21/24 00:00:00",,0.60000002,7.8000002,,
"SIND-038-PZ","02/20/24 00:00:00",,0.44999999,5.3000002,,
"SIND-040-PZ","02/21/24 00:00:00",,0.61000001,6.75,,
"SIND-002-PZ","02/26/24 00:00:00",,0.64999998,8.6499996,,
"SIND-003-PZ","02/26/04 00:00:00",,0.80000001,11,,
"SIND-004-B-PZ","02/26/24 00:00:00",,0.60000002,11.9,,
"SIND-004-C-PZ","02/26/24 00:00:00",,0.69999999,12.1,,
"SIND-005-PZ","02/27/24 00:00:00",,0.69999999,6.4000001,,
"SIND-028-PZ","02/27/24 00:00:00",,0.56,9.1999998,,
"SIND-029-PZ","02/26/24 00:00:00",,0.44999999,12.65,,
"SIND-031-PZ","02/27/24 00:00:00",,0.51999998,20.75,,
"SIND-032-PZ","02/26/24 00:00:00",,0.51999998,9.6999998,,
"SIND-033-PZ","02/26/24 00:00:00",,0.64999998,19.200001,,
"SIND-006-PZ","02/25/24 00:00:00",,0.69999999,9.1999998,,
"SIND-008-PZ","02/28/24 00:00:00",,0.36000001,5.0999999,,
"SIND-009-PZ","02/28/24 00:00:00",,0.89999998,9.3000002,,
"SIND-010-PZ","02/28/24 00:00:00",,0.44999999,10.4,,
"SIND-011-PZ","02/28/24 00:00:00",,0.2,12.2,,
"SIND-013-PZ","02/28/24 00:00:00",,0.73000002,7.1700001,,
"SIND-014-PZ","02/28/24 00:00:00",,0.23999999,9.8599997,,
"SIND-015-PZ","02/28/24 00:00:00",,0.75,8.1000004,,
"SIND-016-PZ","02/29/24 00:00:00",,0.60000002,9.1999998,,
"SIND-017-PZ","02/29/24 00:00:00",,0.75,8.1499996,,
"SIND-039-B-PZ","02/28/24 00:00:00",,0.75,5.1500001,,
"SIND-026-PZ","02/29/24 00:00:00",,0.34,27.700001,,
"SIND-019-A-PZ","03/21/24 00:00:00",,0.30000001,13.75,,
"SIND-019-B-PZ","03/21/24 00:00:00",,0.60000002,14.5,,
"SIND-020-PZ","03/21/24 00:00:00",,0.47999999,12.72,,
"SIND-021-PZ","01/00/00 00:00:00",,0.51999998,9.5,,
"SIND-022-PZ","03/21/24 00:00:00",,0.63,16.200001,,
"SIND-023-PZ","03/21/24 00:00:00",,0.47,11.23,,
"SIND-027-PZ","03/20/24 00:00:00",,0.69999999,12.5,,
"SIND-027-PZ","03/20/24 00:00:00",,0.69999999,12.5,,
"SIND-035-NEW","03/20/24 00:00:00",,0.69999999,9.6000004,,
"SIND-035-NEW","03/20/24 00:00:00",,0.69999999,9.6000004,,
"SIND-036-PZ","03/21/24 00:00:00",,0.44999999,6.0500002,,
"SIND-037-PZ","03/21/24 00:00:00",,0.60000002,6,,
"SIND-038-PZ","03/20/24 00:00:00",,0.44999999,10.7,,
"SIND-040-PZ","03/21/24 00:00:00",,0.61000001,8,,
"SIND-002-PZ","03/26/24 00:00:00",,0.64999998,14.5,,
"SIND-003-PZ","03/26/24 00:00:00",,0.80000001,14.5,,
"SIND-004-B-PZ","03/26/24 00:00:00",,0.60000002,12.85,,
"SIND-004-C-PZ","03/26/24 00:00:00",,0.69999999,13.05,,
"SIND-005-PZ","03/27/24 00:00:00",,0.69999999,9.3999996,,
"SIND-028-PZ","03/26/24 00:00:00",,0.56,6.4000001,,
"SIND-029-PZ","03/26/24 00:00:00",,0.44999999,15.95,,
"SIND-031-PZ","03/27/24 00:00:00",,0.51999998,22.360001,,
"SIND-032-PZ","03/26/24 00:00:00",,0.51999998,9.5500002,,
"SIND-033-PZ","03/27/24 00:00:00",,0.64999998,15.8,,
"SIND-06-PTW","03/24/24 00:00:00",,0.60000002,10,,
"SIND-PTW-07","03/23/24 00:00:00",,0.55000001,27.1,,
"SIND-008-PZ","03/28/24 00:00:00",,0.36000001,5.0999999,,
"SIND-009-PZ","03/28/24 00:00:00",,0.89999998,10.4,,
"SIND-010-PZ","03/28/24 00:00:00",,0.44999999,10.4,,
"SIND-011-PZ","03/28/24 00:00:00",,0.2,12.55,,
"SIND-013-PZ","03/28/24 00:00:00",,0.73000002,12.77,,
"SIND-014-PZ","03/28/24 00:00:00",,0.23999999,8.1000004,,
"SIND-016-PZ","03/29/24 00:00:00",,0.60000002,9.1999998,,
"SIND-017-PZ","03/29/24 00:00:00",,0.75,14.45,,
"SIND-039-B-PZ","03/28/24 00:00:00",,0.75,7.9499998,,
"SIND-026-PZ","03/29/24 00:00:00",,0.34,31.9,,
"SIND-019-A-PZ","04/23/24 00:00:00",,0.30000001,14.2,,
"SIND-019-B-PZ","04/23/24 00:00:00",,0.60000002,13.4,,
"SIND-020-PZ","04/23/24 00:00:00",,0.47999999,13.02,,
"SIND-021-PZ","04/23/24 00:00:00",,0.51999998,9.5,,
"SIND-022-PZ","04/23/24 00:00:00",,0.63,20.450001,,
"SIND-023-PZ","04/23/24 00:00:00",,0.47,12.03,,
"SIND-027-PZ","04/22/24 00:00:00",,0.69999999,14.4,,
"SIND-028-PZ","01/00/00 00:00:00",,0.56,18.9,,
"SIND-035-NEW","04/22/24 00:00:00",,0.69999999,10.2,,
"SIND-036-PZ","04/23/24 00:00:00",,0.44999999,7.4000001,,
"SIND-037-PZ","04/23/24 00:00:00",,0.60000002,6.3499999,,
"SIND-038-PZ","04/22/24 00:00:00",,0.44999999,11.6,,
"SIND-040-PZ","04/23/24 00:00:00",,0.61000001,8.5500002,,
"SIND-002-PZ","04/27/24 00:00:00",,0.64999998,8.75,,
"SIND-003-PZ","04/27/24 00:00:00",,0.80000001,8.75,,
"SIND-004-B-PZ","04/27/24 00:00:00",,0.60000002,13.25,,
"SIND-004-C-PZ","04/27/24 00:00:00",,0.69999999,13.45,,
"SIND-005-PZ","04/28/24 00:00:00",,0.69999999,10.1,,
"SIND-028-PZ","04/28/24 00:00:00",,0.56,18.9,,
"SIND-029-PZ","04/27/24 00:00:00",,0.44999999,16.450001,,
"SIND-031-PZ","04/28/24 00:00:00",,0.51999998,22.4,,
"SIND-032-PZ","04/27/24 00:00:00",,0.51999998,18.450001,,
"SIND-033-PZ","04/27/24 00:00:00",,0.64999998,21.700001,,
"SIND-06-PTW","04/26/24 00:00:00",,0.60000002,10.3,,
"SIND-PTW-07","04/25/24 00:00:00",,0.55000001,27.15,,
"SIND-008-PZ","04/29/24 00:00:00",,0.36000001,9.8999996,,
"SIND-010-PZ","04/29/24 00:00:00",,0.44999999,10.75,,
"SIND-011-PZ","04/29/24 00:00:00",,0.2,13.4,,
"SIND-013-PZ","04/29/24 00:00:00",,0.73000002,14.47,,
"SIND-014-PZ","04/29/24 00:00:00",,0.23999999,16.76,,
"SIND-015-PZ","04/29/24 00:00:00",,0.75,24.9,,
"SIND-016-PZ","04/30/24 00:00:00",,0.60000002,9,,
"SIND-039-B-PZ","04/29/24 00:00:00",,0.75,9.3500004,,
"SIND-026-PZ","04/30/24 00:00:00",,0.34,35.900002,,
"SIND-019-A-PZ","05/21/24 00:00:00",,0.30000001,14.46,,
"SIND-019-B-PZ","05/21/24 00:00:00",,0.60000002,13.6,,
"SIND-020-PZ","05/21/24 00:00:00",,0.47999999,13.62,,
"SIND-021-PZ","05/21/24 00:00:00",,0.51999998,9.5500002,,
"SIND-022-PZ","05/21/24 00:00:00",,0.63,28.1,,
"SIND-023-PZ","05/21/24 00:00:00",,0.47,12.73,,
"SIND-027-PZ","05/20/24 00:00:00",,0.69999999,16.299999,,
"SIND-035-NEW","05/20/24 00:00:00",,0.69999999,11.4,,
"SIND-036-PZ","05/21/24 00:00:00",,0.44999999,13.85,,
"SIND-037-PZ","05/21/24 00:00:00",,0.60000002,22.5,,
"SIND-038-PZ","05/20/24 00:00:00",,0.44999999,19.700001,,
"SIND-040-PZ","05/21/24 00:00:00",,0.61000001,7.5500002,,
"SIND-002-PZ","05/27/24 00:00:00",,0.64999998,9.8000002,,
"SIND-003-PZ","05/27/24 00:00:00",,0.80000001,16.5,,
"SIND-004-B-PZ","05/27/24 00:00:00",,0.60000002,13.33,,
"SIND-004-C-PZ","05/27/24 00:00:00",,0.69999999,13.6,,
"SIND-005-PZ","05/28/24 00:00:00",,0.69999999,10.8,,
"SIND-028-PZ","05/28/24 00:00:00",,0.56,23.299999,,
"SIND-029-PZ","05/27/24 00:00:00",,0.44999999,17.450001,,
"SIND-031-PZ","05/28/24 00:00:00",,0.51999998,22.35,,
"SIND-032-PZ","05/27/24 00:00:00",,0.51999998,18.5,,
"SIND-033-PZ","05/27/24 00:00:00",,0.64999998,19.1,,
"SIND-06-PTW","05/24/24 00:00:00",,0.60000002,10.25,,
"SIND-PTW-07","05/23/24 00:00:00",,0.55000001,32.200001,,
"SIND-008-PZ","05/29/24 00:00:00",,0.36000001,14.55,,
"SIND-009-PZ","05/29/24 00:00:00",,0.89999998,21.299999,,
"SIND-010-PZ","05/29/24 00:00:00",,0.44999999,14.25,,
"SIND-011-PZ","05/29/24 00:00:00",,0.2,14.25,,
"SIND-013-PZ","05/29/24 00:00:00",,0.73000002,18.370001,,
"SIND-014-PZ","05/29/24 00:00:00",,0.23999999,19.860001,,
"SIND-016-PZ","05/30/24 00:00:00",,0.60000002,24.1,,
"SIND-017-PZ","05/30/24 00:00:00",,0.75,24.35,,
"SIND-039-B-PZ","05/29/24 00:00:00",,0.75,13.45,,
"SIND-026-PZ","05/30/24 00:00:00",,0.34,38.599998,,
"SIND-019-A-PZ","08/21/24 00:00:00",,0.30000001,7.0999999,,
"SIND-019-B-PZ","08/21/24 00:00:00",,0.60000002,5,,
"SIND-019-C-PZ","08/21/24 00:00:00",,0.60000002,3.0999999,,
"SIND-020-PZ","08/21/24 00:00:00",,0.47999999,5.8200002,,
"SIND-021-PZ","08/21/24 00:00:00",,0.51999998,3.5999999,,
"SIND-022-PZ","08/21/24 00:00:00",,0.63,17.15,,
"SIND-023-PZ","08/21/24 00:00:00",,0.47,4.1300001,,
"SIND-027-PZ","08/20/24 00:00:00",,0.69999999,5.5999999,,
"SIND-035-NEW","08/20/24 00:00:00",,0.69999999,0.89999998,,
"SIND-036-PZ","08/21/24 00:00:00",,0.44999999,6.9000001,,
"SIND-037-PZ","08/21/24 00:00:00",,0.60000002,4.0999999,,
"SIND-038-PZ","08/20/24 00:00:00",,0.44999999,0.30000001,,
"SIND-040-PZ","08/21/24 00:00:00",,0.61000001,8.1999998,,
"SIND-PTW-01 NEW","08/26/24 00:00:00",,0.69999999,1.7,,
"SIND-002-PZ","08/26/24 00:00:00",,0.64999998,2.8499999,,
"SIND-003-PZ","08/26/24 00:00:00",,0.80000001,7.5999999,,
"SIND-004-B-PZ","08/26/24 00:00:00",,0.60000002,3.75,,
"SIND-004-C-PZ","08/26/24 00:00:00",,0.69999999,4.0999999,,
"SIND-005-PZ","08/27/24 00:00:00",,0.69999999,3.8,,
"SIND-028-PZ","08/27/24 00:00:00",,0.56,7.0999999,,
"SIND-019-A-PZ","07/22/24 00:00:00",,0.30000001,10.4,,
"SIND-019-B-PZ","07/22/24 00:00:00",,0.60000002,10.1,,
"SIND-019-C-PZ","07/22/24 00:00:00",,0.60000002,9.8999996,,
"SIND-020-PZ","07/22/24 00:00:00",,0.47999999,9.7200003,,
"SIND-021-PZ","07/22/24 00:00:00",,0.51999998,9.3000002,,
"SIND-022-PZ","07/22/24 00:00:00",,0.63,27.700001,,
"SIND-023-PZ","07/22/24 00:00:00",,0.47,8.9300003,,
"SIND-027-PZ","07/21/24 00:00:00",,0.69999999,10.7,,
"SIND-035-NEW","07/21/24 00:00:00",,0.69999999,7.5999999,,
"SIND-036-PZ","07/22/24 00:00:00",,0.44999999,10.2,,
"SIND-037-PZ","07/22/24 00:00:00",,0.60000002,16.9,,
"SIND-038-PZ","07/21/24 00:00:00",,0.44999999,10.3,,
"SIND-040-PZ","07/22/24 00:00:00",,0.61000001,8.1000004,,
"SIND-002-PZ","07/26/24 00:00:00",,0.64999998,6.8000002,,
"SIND-003-PZ","07/26/24 00:00:00",,0.80000001,9.3000002,,
"SIND-004-B-PZ","07/26/24 00:00:00",,0.60000002,10.2,,
"SIND-004-C-PZ","07/26/24 00:00:00",,0.69999999,10.3,,
"SIND-005-PZ","07/28/24 00:00:00",,0.69999999,8.6999998,,
"SIND-028-PZ","07/28/24 00:00:00",,0.56,15.6,,
"SIND-028-PZ","07/28/24 00:00:00",,0.56,15.6,,
"SIND-029-PZ","07/26/24 00:00:00",,0.44999999,12.05,,
"SIND-031-PZ","07/28/24 00:00:00",,0.51999998,6.6999998,,
"SIND-032-PZ","07/26/24 00:00:00",,0.51999998,17.200001,,
"SIND-06-PTW","07/25/24 00:00:00",,0.60000002,6.0999999,,
"SIND-PTW-07","07/24/24 00:00:00",,0.55000001,26.75,,
"SIND-008-PZ","07/29/24 00:00:00",,0.36000001,13.7,,
"SIND-009-PZ","07/29/24 00:00:00",,0.89999998,17.299999,,
"SIND-010-PZ","07/29/24 00:00:00",,0.44999999,10.1,,
"SIND-011-PZ","07/29/24 00:00:00",,0.2,6.3000002,,
"SIND-013-PZ","07/29/24 00:00:00",,0.73000002,12.37,,
"SIND-014-PZ","07/29/24 00:00:00",,0.23999999,15.36,,
"SIND-015-PZ","07/29/24 00:00:00",,0.75,19.200001,,
"SIND-016-PZ","07/30/24 00:00:00",,0.60000002,9.6999998,,
"SIND-017-PZ","07/30/24 00:00:00",,0.75,15.45,,
"SIND-039-B-PZ","07/29/24 00:00:00",,0.75,3.3499999,,
"SIND-026-PZ","07/30/24 00:00:00",,0.34,38.099998,,
"SIND-019-A-PZ","09/21/24 00:00:00",,0.30000001,3.3900001,,
"SIND-019-B-PZ","09/21/24 00:00:00",,0.60000002,4.4000001,,
"SIND-019-C-PZ","09/21/24 00:00:00",,0.60000002,2.7,,
"SIND-020-PZ","09/21/24 00:00:00",,0.47999999,5.3200002,,
"SIND-021-PZ","09/21/24 00:00:00",,0.51999998,4.1999998,,
"SIND-022-PZ","09/21/24 00:00:00",,0.63,6.8200002,,
"SIND-023-PZ","09/21/24 00:00:00",,0.47,3.7,,
"SIND-027-PZ","09/20/24 00:00:00",,0.69999999,5.5,,
"SIND-035-NEW","09/29/24 00:00:00",,0.69999999,1.2,,
"SIND-036-PZ","09/21/24 00:00:00",,0.44999999,4.5,,
"SIND-037-PZ","09/21/24 00:00:00",,0.60000002,1.8099999,,
"SIND-038-PZ","09/20/24 00:00:00",,0.44999999,0.69999999,,
"SIND-040-PZ","09/21/24 00:00:00",,0.61000001,7.6599998,,
"SIND-002-PZ","09/24/24 00:00:00",,0.64999998,2.1900001,,
"SIND-003-PZ","09/24/24 00:00:00",,0.80000001,8,,
"SIND-004-B-PZ","09/24/24 00:00:00",,0.60000002,2.21,,
"SIND-004-C-PZ","09/24/24 00:00:00",,0.69999999,2.52,,
"SIND-005-PZ","09/25/24 00:00:00",,0.69999999,3.55,,
"SIND-028-PZ","09/25/24 00:00:00",,0.56,1.61,,
"SIND-029-PZ","09/24/24 00:00:00",,0.44999999,9.5500002,,
"SIND-031-PZ","09/25/24 00:00:00",,0.51999998,1.73,,
"SIND-032-PZ","09/24/24 00:00:00",,0.51999998,3.47,,
"SIND-033-PZ","09/24/24 00:00:00",,0.64999998,1.16,,
"SIND-06-PTW","09/23/24 00:00:00",,0.60000002,0.68000001,,
"SIND-PTW-07","09/23/24 00:00:00",,0.55000001,1.75,,
"SIND-008-PZ","09/29/24 00:00:00",,0.36000001,2.3299999,,
"SIND-009-PZ","09/29/24 00:00:00",,0.89999998,5.5,,
"SIND-010-PZ","09/29/24 00:00:00",,0.44999999,0.029999999,,
"SIND-011-PZ","09/29/24 00:00:00",,0.2,2.27,,
"SIND-013-PZ","09/29/24 00:00:00",,0.73000002,4.0700002,,
"SIND-014-PZ","09/24/24 00:00:00",,0.23999999,5.6599998,,
"SIND-015-PZ","09/29/24 00:00:00",,0.75,7.3200002,,
"SIND-016-PZ","09/30/24 00:00:00",,0.60000002,13.74,,
"SIND-017-PZ","09/30/24 00:00:00",,0.75,4.5500002,,
"SIND-039-B-PZ","09/29/24 00:00:00",,0.75,0.94999999,,
"SIND-026-PZ","09/30/24 00:00:00",,0.34,1.5700001,,
"SIND-019-A-PZ","11/02/24 00:00:00",,0.30000001,3.04,,
"SIND-019-B-PZ","11/02/24 00:00:00",,0.60000002,3,,
"SIND-019-C-PZ","11/02/24 00:00:00",,0.60000002,3.0999999,,
"SIND-020-PZ","11/02/24 00:00:00",,0.47999999,4.2199998,,
"SIND-021-PZ","11/02/24 00:00:00",,0.51999998,3.9000001,,
"SIND-022-PZ","11/02/24 00:00:00",,0.63,7.1900001,,
"SIND-023-PZ","11/02/24 00:00:00",,0.47,1.23,,
"SIND-027-PZ","11/01/24 00:00:00",,0.69999999,1.8,,
"SIND-035-NEW","11/01/24 00:00:00",,0.69999999,3,,
"SIND-036-PZ","11/02/24 00:00:00",,0.44999999,6.1900001,,
"SIND-037-PZ","11/02/24 00:00:00",,0.60000002,3.98,,
"SIND-038-PZ","11/01/24 00:00:00",,0.44999999,1,,
"SIND-040-PZ","11/02/24 00:00:00",,0.61000001,7.1700001,,
"SIND-002-PZ","11/07/24 00:00:00",,0.64999998,4.0100002,,
"SIND-003-PZ","11/07/24 00:00:00",,0.80000001,9,,
"SIND-004-B-PZ","11/07/24 00:00:00",,0.60000002,1.5,,
"SIND-004-C-PZ","11/07/24 00:00:00",,0.69999999,1.83,,
"SIND-019-A-PZ","12/21/24 00:00:00",,0.30000001,8.8400002,,
"SIND-019-B-PZ","12/21/24 00:00:00",,0.60000002,8.6999998,,
"SIND-019-C-PZ","12/21/24 00:00:00",,0.60000002,8.75,,
"SIND-020-PZ","12/21/24 00:00:00",,0.47999999,6.7199998,,
"SIND-021-PZ","12/21/24 00:00:00",,0.51999998,5.0999999,,
"SIND-022-PZ","12/21/24 00:00:00",,0.63,16.620001,,
"SIND-023-PZ","12/21/24 00:00:00",,0.47,3.6300001,,
"SIND-027-PZ","12/20/24 00:00:00",,0.69999999,3.8,,
"SIND-035-NEW","12/20/24 00:00:00",,0.69999999,4.4000001,,
"SIND-036-PZ","12/20/24 00:00:00",,0.44999999,11.04,,
"SIND-037-PZ","12/21/24 00:00:00",,0.60000002,13.65,,
"SIND-038-PZ","12/21/24 00:00:00",,0.44999999,1.7,,
"SIND-040-PZ","12/21/24 00:00:00",,0.61000001,6.9000001,,
"SIND-002-PZ","02/26/24 00:00:00",,0.64999998,8.0200005,,
"SIND-003-PZ","12/26/24 00:00:00",,0.80000001,8.0200005,,
"SIND-004-B-PZ","12/26/24 00:00:00",,0.60000002,4.6399999,,
"SIND-004-C-PZ","12/26/24 00:00:00",,0.69999999,4.8299999,,
"SIND-005-PZ","12/27/24 00:00:00",,0.69999999,1.6,,
"SIND-028-PZ","12/27/24 00:00:00",,0.56,6.1399999,,
"SIND-029-PZ","12/26/24 00:00:00",,0.44999999,7.0500002,,
"SIND-031-PZ","12/27/24 00:00:00",,0.51999998,16.68,,
"SIND-032-PZ","12/26/24 00:00:00",,0.51999998,17.469999,,
"SIND-033-PZ","12/26/24 00:00:00",,0.64999998,23.59,,
"SIND-006-PZ","01/04/24 00:00:00",,0.69999999,6.6999998,,
"SIND-006-PZ","03/20/24 00:00:00",,0.69999999,10,,
"SIND-006-PZ","04/22/24 00:00:00",,0.69999999,10.3,,
"SIND-006-PZ","05/26/24 00:00:00",,0.69999999,10.25,,
"SIND-006-PZ","06/23/24 00:00:00",,0.69999999,9.8000002,,
"SIND-006-PZ","07/24/24 00:00:00",,0.69999999,6.0999999,,
"SIND-006-PZ","08/20/24 00:00:00",,0.69999999,0.40000001,,
"SIND-006-PZ","09/27/24 00:00:00",,0.69999999,0.079999998,,
"SIND-006-PZ","10/20/24 00:00:00",,0.69999999,0.50999999,,
"SIND-006-PZ","11/19/24 00:00:00",,0.69999999,1.49,,
"SIND-006-PZ","12/25/24 00:00:00",,0.69999999,7.2800002,,
"SIND-006-PZ","01/05/25 00:00:00",,0.69999999,8.0200005,,
"SIND-006-PZ","02/24/25 00:00:00",,0.69999999,10.92,,
"SIND-006-PZ","03/23/25 00:00:00",,0.69999999,10.99,,
"SIND-006-PZ","04/24/25 00:00:00",,0.69999999,11.23,,
"SIND-006-PZ","05/17/25 00:00:00",,0.69999999,10.85,,
"SIND-06-PTW","10/20/24 00:00:00",,0.69999999,1.11,,
"SIND-06-PTW","11/19/24 00:00:00",,0.69999999,2.0899999,,
"SIND-06-PTW","12/25/24 00:00:00",,0.69999999,7.8800001,,
"SIND-06-PTW","01/05/25 00:00:00",,0.69999999,8.6199999,,
"SIND-PTW-07","10/20/24 00:00:00",,0.69999999,3.27,,
"SIND-PTW-07","11/19/24 00:00:00",,0.69999999,7.0300002,,
"SIND-PTW-07","12/25/24 00:00:00",,0.69999999,27.48,,
"SIND-PTW-07","01/05/25 00:00:00",,0.69999999,27.469999,,
"SIND-PTW-07","02/24/25 00:00:00",,0.69999999,27.459999,,
"SIND-PTW-07","03/23/25 00:00:00",,0.69999999,27.459999,,
"SIND-008-PZ","08/26/24 00:00:00",,0.5,6.7600002,,
"SIND-008-PZ","10/29/24 00:00:00",,0.5,2.9000001,,
"SIND-008-PZ","11/09/24 00:00:00",,0.5,5.5100002,,
"SIND-008-PZ","01/09/25 00:00:00",,0.5,10.13,,
"SIND-008-PZ","02/27/25 00:00:00",,0.5,13.29,,
"SIND-008-PZ","03/27/25 00:00:00",,0.5,14.82,,
"SIND-008-PZ","04/27/25 00:00:00",,0.5,14.878,,
"SIND-008-PZ","05/19/25 00:00:00",,0.5,14.87,,
"SIND-008-PZ","12/28/24 00:00:00",,0.5,9.5,,
"SIND-06-PTW","02/24/25 00:00:00",,0.69999999,10.92,,
"SIND-06-PTW","03/23/25 00:00:00",,0.69999999,10.99,,
"SIND-06-PTW","04/24/25 00:00:00",,0.69999999,11.23,,
"SIND-06-PTW","05/17/25 00:00:00",,0.69999999,10.85,,
"SIND-PTW-07","04/24/25 00:00:00",,0.69999999,27.459999,,
"SIND-PTW-07","05/17/25 00:00:00",,0.69999999,27.459999,,
"SIND-PTW-07","06/24/24 00:00:00",,0.55000001,27.25,,
"SIND-PTW-07","08/24/25 00:00:00",,0.55000001,2.75,,
"SIND-009-PZ","04/29/24 00:00:00",,0.89999998,16.799999,,
"SIND-009-PZ","09/29/24 00:00:00",,0.89999998,5.8000002,,
"SIND-009-PZ","11/09/24 00:00:00",,0.89999998,7.4000001,,
"SIND-009-PZ","12/28/24 00:00:00",,0.89999998,8,,
"SIND-009-PZ","01/09/25 00:00:00",,0.89999998,8.6999998,,
"SIND-009-PZ","02/27/25 00:00:00",,0.89999998,10.3,,
"SIND-009-PZ","03/27/25 00:00:00",,0.89999998,11.9,,
"SIND-009-PZ","04/27/25 00:00:00",,0.89999998,14.9,,
"SIND-009-PZ","05/19/25 00:00:00",,0.89999998,26.1,,
"SIND-010-PZ","04/29/24 00:00:00",,0.44999999,10.8,,
"SIND-010-PZ","10/29/24 00:00:00",,0.44999999,0.98000002,,
"SIND-010-PZ","11/28/24 00:00:00",,0.44999999,0.94,,
"SIND-010-PZ","12/28/24 00:00:00",,0.44999999,7.2800002,,
"SIND-010-PZ","01/09/25 00:00:00",,0.44999999,8.7600002,,
"SIND-010-PZ","02/27/25 00:00:00",,0.44999999,21.25,,
"SIND-010-PZ","03/27/25 00:00:00",,0.44999999,10.59,,
"SIND-010-PZ","04/27/25 00:00:00",,0.44999999,11.15,,
"SIND-010-PZ","05/19/25 00:00:00",,0.44999999,20.790001,,
"SIND-011-PZ","06/29/24 00:00:00",,0.2,13.45,,
"SIND-011-PZ","10/29/24 00:00:00",,0.2,1.71,,
"SIND-011-PZ","11/09/24 00:00:00",,0.2,2.5799999,,
"SIND-011-PZ","12/28/24 00:00:00",,0.2,10.35,,
"SIND-011-PZ","01/09/25 00:00:00",,0.2,12.14,,
"SIND-011-PZ","02/27/25 00:00:00",,0.2,13.99,,
"SIND-011-PZ","03/27/25 00:00:00",,0.2,13.99,,
"SIND-011-PZ","04/27/25 00:00:00",,0.2,22.219999,,
"SIND-011-PZ","05/19/25 00:00:00",,0.2,18.280001,,
"SIND-013-PZ","06/29/24 00:00:00",,0.73000002,18.32,,
"SIND-013-PZ","10/29/24 00:00:00",,0.73000002,5.5999999,,
"SIND-013-PZ","11/09/24 00:00:00",,0.73000002,7.4000001,,
"SIND-013-PZ","12/28/24 00:00:00",,0.73000002,6.9699998,,
"SIND-013-PZ","01/09/25 00:00:00",,0.73000002,9.6700001,,
"SIND-013-PZ","02/27/25 00:00:00",,0.73000002,11.67,,
"SIND-013-PZ","03/27/25 00:00:00",,0.73000002,13.47,,
"SIND-013-PZ","04/27/25 00:00:00",,0.73000002,15.1,,
"SIND-013-PZ","05/19/25 00:00:00",,0.73000002,22.17,,
"SIND-014-PZ","06/29/24 00:00:00",,0.23999999,19.700001,,
"SIND-014-PZ","10/29/24 00:00:00",,0.23999999,6.0599999,,
"SIND-014-PZ","11/09/24 00:00:00",,0.23999999,6.46,,
"SIND-014-PZ","12/28/24 00:00:00",,0.23999999,9.96,,
"SIND-014-PZ","01/09/25 00:00:00",,0.23999999,15.56,,
"SIND-014-PZ","02/27/25 00:00:00",,0.23999999,14.76,,
"SIND-014-PZ","03/27/25 00:00:00",,0.23999999,16.26,,
"SIND-014-PZ","04/27/25 00:00:00",,0.23999999,22.139999,,
"SIND-014-PZ","05/19/25 00:00:00",,0.23999999,23.1,,
"SIND-015-PZ","06/29/24 00:00:00",,0.75,25.4,,
"SIND-015-PZ","10/29/24 00:00:00",,0.75,5.9000001,,
"SIND-015-PZ","11/09/24 00:00:00",,0.75,8.5,,
"SIND-015-PZ","12/28/24 00:00:00",,0.75,24.459999,,
"SIND-015-PZ","01/09/25 00:00:00",,0.75,25.34,,
"SIND-015-PZ","02/27/25 00:00:00",,0.75,24.57,,
"SIND-015-PZ","03/27/25 00:00:00",,0.75,23.450001,,
"SIND-015-PZ","04/27/25 00:00:00",,0.75,22.57,,
"SIND-015-PZ","05/19/25 00:00:00",,0.75,24.25,,
"SIND-016-PZ","06/30/24 00:00:00",,0.60000002,9.5500002,,
"SIND-016-PZ","10/30/24 00:00:00",,0.60000002,19.66,,
"SIND-016-PZ","11/10/24 00:00:00",,0.60000002,21.110001,,
"SIND-016-PZ","12/29/24 00:00:00",,0.60000002,26.17,,
"SIND-016-PZ","01/10/25 00:00:00",,0.60000002,27.639999,,
"SIND-016-PZ","02/27/25 00:00:00",,0.60000002,33.41,,
"SIND-016-PZ","03/29/25 00:00:00",,0.60000002,35.369999,,
"SIND-016-PZ","04/28/25 00:00:00",,0.60000002,37.799999,,
"SIND-016-PZ","05/19/25 00:00:00",,0.60000002,35.299999,,
"SIND-039-B-PZ","01/20/24 00:00:00",,0.75,8,,
"SIND-039-B-PZ","06/30/24 00:00:00",,0.75,9.3999996,,
"SIND-039-B-PZ","10/30/24 00:00:00",,0.75,19.51,,
"SIND-039-B-PZ","11/10/24 00:00:00",,0.75,20.959999,,
"SIND-039-B-PZ","12/29/24 00:00:00",,0.75,26.02,,
"SIND-039-B-PZ","01/10/25 00:00:00",,0.75,27.49,,
"SIND-039-B-PZ","02/27/25 00:00:00",,0.75,33.259998,,
"SIND-039-B-PZ","03/29/25 00:00:00",,0.75,35.220001,,
"SIND-039-B-PZ","04/28/25 00:00:00",,0.75,37.290001,,
"SIND-039-B-PZ","05/19/25 00:00:00",,0.75,35.150002,,
"SIND-023-PZ","03/22/25 00:00:00",,0.47,9.8299999,,
"SIND-023-PZ","04/23/25 00:00:00",,0.47,11,,
"SIND-023-PZ","05/14/25 00:00:00",,0.47,12.73,,
"SIND-027-PZ","06/21/24 00:00:00",,0.69999999,15.8,,
"SIND-027-PZ","01/01/25 00:00:00",,0.69999999,6.4000001,,
"SIND-027-PZ","02/20/25 00:00:00",,0.69999999,7.4000001,,
"SIND-027-PZ","03/21/25 00:00:00",,0.69999999,10.5,,
"SIND-027-PZ","04/20/25 00:00:00",,0.69999999,12.5,,
"SIND-027-PZ","05/13/25 00:00:00",,0.69999999,18.299999,,
"SIND-035-NEW","04/21/24 00:00:00",,0.69999999,11.7,,
"SIND-035-NEW","01/01/25 00:00:00",,0.69999999,5,,
"SIND-035-NEW","02/20/25 00:00:00",,0.69999999,5.8000002,,
"SIND-035-NEW","03/21/25 00:00:00",,0.69999999,7.5,,
"SIND-035-NEW","04/20/25 00:00:00",,0.69999999,7.5,,
"SIND-035-NEW","05/13/25 00:00:00",,0.69999999,6.4000001,,
"SIND-036-PZ","06/22/25 00:00:00",,0.44999999,14.55,,
"SIND-036-PZ","01/02/25 00:00:00",,0.44999999,11.68,,
"SIND-036-PZ","02/22/25 00:00:00",,0.44999999,13.04,,
"SIND-036-PZ","03/22/25 00:00:00",,0.44999999,13.34,,
"SIND-036-PZ","04/23/25 00:00:00",,0.44999999,13.31,,
"SIND-036-PZ","05/14/25 00:00:00",,0.44999999,13.3,,
"SIND-037-PZ","06/22/25 00:00:00",,0.60000002,22.549999,,
"SIND-037-PZ","01/02/25 00:00:00",,0.60000002,15,,
"SIND-037-PZ","02/22/25 00:00:00",,0.60000002,18.455999,,
"SIND-037-PZ","03/22/25 00:00:00",,0.60000002,19.74,,
"SIND-037-PZ","04/23/25 00:00:00",,0.60000002,22.43,,
"SIND-037-PZ","05/14/25 00:00:00",,0.60000002,21.57,,
"SIND-038-PZ","06/21/24 00:00:00",,0.44999999,20.25,,
"SIND-038-PZ","01/01/25 00:00:00",,0.44999999,3.6500001,,
"SIND-038-PZ","02/20/25 00:00:00",,0.44999999,5.4499998,,
"SIND-038-PZ","03/21/25 00:00:00",,0.44999999,7.0500002,,
"SIND-038-PZ","04/20/25 00:00:00",,0.44999999,8.5500002,,
"SIND-038-PZ","05/13/25 00:00:00",,0.44999999,19.75,,
"SIND-040-PZ","06/20/24 00:00:00",,0.61000001,7.8499999,,
"SIND-040-PZ","01/02/25 00:00:00",,0.61000001,6.8800001,,
"SIND-040-PZ","02/22/25 00:00:00",,0.61000001,6.9200001,,
"SIND-040-PZ","03/22/25 00:00:00",,0.61000001,7.04,,
"SIND-040-PZ","04/23/25 00:00:00",,0.61000001,7.25,,
"SIND-040-PZ","05/14/25 00:00:00",,0.61000001,7.3899999,,
"SIND-002-PZ","06/20/24 00:00:00",,0.64999998,9.4499998,,
"SIND-002-PZ","12/26/24 00:00:00",,0.64999998,8.0200005,,
"SIND-002-PZ","01/07/25 00:00:00",,0.64999998,8.0299997,,
"SIND-002-PZ","02/25/25 00:00:00",,0.64999998,8.5500002,,
"SIND-002-PZ","03/24/25 00:00:00",,0.64999998,8.9499998,,
"SIND-002-PZ","04/25/25 00:00:00",,0.64999998,10.77,,
"SIND-002-PZ","05/18/25 00:00:00",,0.64999998,10.7,,
"SIND-026-PZ","06/30/24 00:00:00",,0.34,39.310001,,
"SIND-026-PZ","10/30/24 00:00:00",,0.34,3.3800001,,
"SIND-026-PZ","11/10/24 00:00:00",,0.34,4.5599999,,
"SIND-026-PZ","12/29/24 00:00:00",,0.34,6.1599998,,
"SIND-026-PZ","01/10/25 00:00:00",,0.34,8.7600002,,
"SIND-026-PZ","02/27/25 00:00:00",,0.34,6.7600002,,
"SIND-026-PZ","03/29/25 00:00:00",,0.34,8.7600002,,
"SIND-026-PZ","04/28/25 00:00:00",,0.34,11.16,,
"SIND-026-PZ","05/19/25 00:00:00",,0.34,9.3299999,,
"SIND-019-A-PZ","01/02/25 00:00:00",,0.30000001,9.6000004,,
"SIND-019-A-PZ","02/22/25 00:00:00",,0.30000001,14.44,,
"SIND-019-A-PZ","03/22/25 00:00:00",,0.30000001,15.27,,
"SIND-019-A-PZ","04/23/25 00:00:00",,0.30000001,16.290001,,
"SIND-019-A-PZ","05/14/25 00:00:00",,0.30000001,16.629999,,
"SIND-019-B-PZ","06/22/24 00:00:00",,0.60000002,14,,
"SIND-019-B-PZ","01/02/25 00:00:00",,0.60000002,9.5,,
"SIND-019-B-PZ","02/22/25 00:00:00",,0.60000002,14.1,,
"SIND-019-B-PZ","03/22/25 00:00:00",,0.60000002,15.4,,
"SIND-019-B-PZ","05/14/25 00:00:00",,0.60000002,16.9,,
"SIND-019-C-PZ","01/02/25 00:00:00",,0.60000002,4.4000001,,
"SIND-019-C-PZ","02/22/25 00:00:00",,0.60000002,14,,
"SIND-019-C-PZ","03/22/25 00:00:00",,0.60000002,15.5,,
"SIND-019-C-PZ","04/23/25 00:00:00",,0.60000002,16.9,,
"SIND-019-C-PZ","05/14/25 00:00:00",,0.60000002,17.1,,
"SIND-020-PZ","06/22/24 00:00:00",,0.47999999,13.02,,
"SIND-020-PZ","01/02/25 00:00:00",,0.47999999,10.12,,
"SIND-020-PZ","02/22/25 00:00:00",,0.47999999,14.12,,
"SIND-020-PZ","03/22/25 00:00:00",,0.47999999,14.72,,
"SIND-020-PZ","04/23/25 00:00:00",,0.47999999,16.1,,
"SIND-020-PZ","05/14/25 00:00:00",,0.47999999,17.42,,
"SIND-021-PZ","05/14/25 00:00:00",,0.51999998,10.89,,
"SIND-021-PZ","06/22/24 00:00:00",,0.51999998,9.9799995,,
"SIND-021-PZ","01/02/25 00:00:00",,0.51999998,7.98,,
"SIND-021-PZ","02/22/25 00:00:00",,0.51999998,11.28,,
"SIND-021-PZ","03/22/25 00:00:00",,0.51999998,11.37,,
"SIND-021-PZ","04/23/25 00:00:00",,0.51999998,11.39,,
"SIND-022-PZ","05/14/25 00:00:00",,0.63,28.059999,,
"SIND-022-PZ","01/02/25 00:00:00",,0.63,21.879999,,
"SIND-022-PZ","02/22/25 00:00:00",,0.63,27.809999,,
"SIND-022-PZ","03/22/25 00:00:00",,0.63,27.73,,
"SIND-022-PZ","04/23/25 00:00:00",,0.63,27.67,,
"SIND-022-PZ","05/14/25 00:00:00",,0.63,28.059999,,
"SIND-023-PZ","06/22/24 00:00:00",,0.47,12.53,,
"SIND-023-PZ","01/02/25 00:00:00",,0.47,6.4299998,,
"SIND-023-PZ","02/22/25 00:00:00",,0.47,7.73,,
"SIND-003-PZ","09/26/24 00:00:00",,0.80000001,16.700001,,
"SIND-003-PZ","01/07/25 00:00:00",,0.80000001,10.1,,
"SIND-003-PZ","02/25/25 00:00:00",,0.80000001,11.7,,
"SIND-003-PZ","03/24/25 00:00:00",,0.80000001,14.1,,
"SIND-004-B-PZ","04/26/24 00:00:00",,0.60000002,13.4,,
"SIND-004-B-PZ","01/07/25 00:00:00",,0.60000002,5.1700001,,
"SIND-004-B-PZ","02/25/25 00:00:00",,0.60000002,12.12,,
"SIND-004-B-PZ","03/24/25 00:00:00",,0.60000002,12.96,,
"SIND-004-B-PZ","04/25/25 00:00:00",,0.60000002,13.25,,
"SIND-004-B-PZ","05/18/25 00:00:00",,0.60000002,13.2,,
"SIND-004-C-PZ","06/26/24 00:00:00",,0.69999999,13.6,,
"SIND-004-C-PZ","01/07/25 00:00:00",,0.69999999,5.3200002,,
"SIND-004-C-PZ","02/25/25 00:00:00",,0.69999999,12.32,,
"SIND-004-C-PZ","03/24/25 00:00:00",,0.69999999,13.15,,
"SIND-004-C-PZ","04/25/25 00:00:00",,0.69999999,13.48,,
"SIND-004-C-PZ","05/18/25 00:00:00",,0.69999999,13.45,,
"SIND-005-PZ","06/28/24 00:00:00",,0.69999999,10.4,,
"SIND-005-PZ","10/28/25 00:00:00",,0.69999999,1.5,,
"SIND-005-PZ","01/08/25 00:00:00",,0.69999999,2.8,,
"SIND-005-PZ","03/26/25 00:00:00",,0.69999999,4.5,,
"SIND-005-PZ","04/26/25 00:00:00",,0.69999999,8.8999996,,
"SIND-005-PZ","05/18/25 00:00:00",,0.69999999,7.9000001,,
"SIND-028-PZ","06/28/24 00:00:00",,0.56,16.85,,
"SIND-028-PZ","01/08/25 00:00:00",,0.56,7.4400001,,
"SIND-028-PZ","02/26/25 00:00:00",,0.56,23.23,,
"SIND-028-PZ","03/26/25 00:00:00",,0.56,13.19,,
"SIND-028-PZ","04/26/25 00:00:00",,0.56,23.129999,,
"SIND-028-PZ","05/18/25 00:00:00",,0.56,23.110001,,
"SIND-029-PZ","05/18/25 00:00:00",,0.44999999,13.75,,
"SIND-029-PZ","12/27/23 00:00:00",,0.44999999,10.75,,
"SIND-029-PZ","06/26/24 00:00:00",,0.44999999,16.85,,
"SIND-029-PZ","01/24/25 00:00:00",,0.44999999,7.9499998,,
"SIND-029-PZ","02/25/25 00:00:00",,0.44999999,9.75,,
"SIND-029-PZ","03/24/25 00:00:00",,0.44999999,12.65,,
"SIND-029-PZ","04/25/25 00:00:00",,0.44999999,14.1,,
"SIND-029-PZ","08/26/24 00:00:00",,0.44999999,10.85,,
"SIND-031-PZ","12/28/23 00:00:00",,0.51999998,11.58,,
"SIND-031-PZ","06/28/24 00:00:00",,0.51999998,22.35,,
"SIND-031-PZ","01/08/25 00:00:00",,0.51999998,19.58,,
"SIND-031-PZ","02/26/25 00:00:00",,0.51999998,20.209999,,
"SIND-031-PZ","03/26/25 00:00:00",,0.51999998,20.73,,
"SIND-031-PZ","04/26/25 00:00:00",,0.51999998,20.219999,"..",
"SIND-031-PZ","05/18/25 00:00:00",,0.51999998,19.700001,,
"SIND-032-PZ","08/20/23 00:00:00",,0.51999998,2.9000001,,
"SIND-032-PZ","12/28/23 00:00:00",,0.51999998,10.58,,
"SIND-032-PZ","06/26/24 00:00:00",,0.51999998,18.5,,
"SIND-032-PZ","01/07/25 00:00:00",,0.51999998,17.1,,
"SIND-032-PZ","02/25/25 00:00:00",,0.51999998,18,,
"SIND-032-PZ","03/24/25 00:00:00",,0.51999998,18.34,,
"SIND-032-PZ","04/25/25 00:00:00",,0.51999998,18.4,,
"SIND-032-PZ","05/18/25 00:00:00",,0.51999998,18.440001,,
"SIND-033-PZ","12/27/23 00:00:00",,0.64999998,16.9,,
"SIND-033-PZ","06/26/24 00:00:00",,0.64999998,33.849998,,
"SIND-033-PZ","07/26/24 00:00:00",,0.64999998,6.1999998,,
"SIND-033-PZ","01/01/25 00:00:00",,0.64999998,8.4200001,,
"SIND-033-PZ","02/25/25 00:00:00",,0.64999998,22.549999,,
"SIND-033-PZ","03/24/25 00:00:00",,0.64999998,11.87,,
"SIND-033-PZ","04/25/25 00:00:00",,0.64999998,13.3,,
"SIND-033-PZ","11/07/24 00:00:00",,0.64999998,10.33,,
"SIND-033-PZ","10/24/24 00:00:00",,0.64999998,1.76,,
"SIND-033-PZ","08/26/24 00:00:00",,0.64999998,1.5,,
"SIND-033-PZ","05/18/25 00:00:00",,0.64999998,13.83,,
